Step,Distillation Loss,CE Loss,Accumulated Distillation Loss,Accumulated CE Loss
1,6129.50439453125,12.493135452270508,6129.50439453125,12.493135452270508
2,3058.375,10.31358528137207,9187.87939453125,22.806720733642578
3,1964.832763671875,12.549833297729492,11152.712158203125,35.35655403137207
4,1354.220458984375,11.092034339904785,12506.9326171875,46.448588371276855
5,1531.8702392578125,12.536983489990234,14038.802856445312,58.98557186126709
6,1491.0849609375,12.451237678527832,15529.887817382812,71.43680953979492
7,1361.873046875,13.97182846069336,16891.760864257812,85.40863800048828
8,1185.444091796875,11.681784629821777,18077.204956054688,97.09042263031006
9,1262.2598876953125,10.437220573425293,19339.46484375,107.52764320373535
10,790.351806640625,10.116398811340332,20129.816650390625,117.64404201507568
11,937.8529052734375,9.942870140075684,21067.669555664062,127.58691215515137
12,1067.447998046875,9.522910118103027,22135.117553710938,137.1098222732544
13,1099.02294921875,9.500700950622559,23234.140502929688,146.61052322387695
14,1087.6934814453125,9.981918334960938,24321.833984375,156.5924415588379
15,1480.966552734375,10.036069869995117,25802.800537109375,166.628511428833
16,985.0849609375,9.425542831420898,26787.885498046875,176.0540542602539
17,634.099365234375,9.36771297454834,27421.98486328125,185.42176723480225
18,1308.19921875,10.35692310333252,28730.18408203125,195.77869033813477
19,1027.2557373046875,9.542989730834961,29757.439819335938,205.32168006896973
20,653.2039794921875,9.458751678466797,30410.643798828125,214.78043174743652
21,955.727294921875,9.544405937194824,31366.37109375,224.32483768463135
22,1013.2584228515625,8.683736801147461,32379.629516601562,233.0085744857788
23,896.29052734375,8.365189552307129,33275.92004394531,241.37376403808594
24,596.1038818359375,8.72995376586914,33872.02392578125,250.10371780395508
25,1224.599853515625,8.407546997070312,35096.623779296875,258.5112648010254
26,1133.61865234375,8.828713417053223,36230.242431640625,267.3399782180786
27,766.4718017578125,9.013920783996582,36996.71423339844,276.3538990020752
28,1172.5360107421875,8.712410926818848,38169.250244140625,285.06630992889404
29,863.6201171875,8.977347373962402,39032.870361328125,294.04365730285645
30,631.858154296875,8.742694854736328,39664.728515625,302.7863521575928
31,1157.0474853515625,9.448685646057129,40821.77600097656,312.2350378036499
32,856.7572021484375,9.106095314025879,41678.533203125,321.3411331176758
33,1005.676513671875,9.237252235412598,42684.209716796875,330.5783853530884
34,800.4957275390625,8.833365440368652,43484.70544433594,339.41175079345703
35,1154.84228515625,8.28843879699707,44639.54772949219,347.7001895904541
36,1202.533203125,8.844783782958984,45842.08093261719,356.5449733734131
37,1171.89794921875,8.575766563415527,47013.97888183594,365.1207399368286
38,1016.792724609375,8.692846298217773,48030.77160644531,373.8135862350464
39,937.8310546875,9.408589363098145,48968.60266113281,383.22217559814453
40,1024.3902587890625,9.329955101013184,49992.992919921875,392.5521306991577
41,942.8125,9.060420036315918,50935.805419921875,401.61255073547363
42,773.8242797851562,9.135826110839844,51709.62969970703,410.7483768463135
43,1023.7965698242188,8.846782684326172,52733.42626953125,419.59515953063965
44,891.28515625,8.837249755859375,53624.71142578125,428.432409286499
45,1149.332763671875,8.53813362121582,54774.044189453125,436.97054290771484
46,1358.827392578125,8.67226791381836,56132.87158203125,445.6428108215332
47,1265.3734130859375,8.303117752075195,57398.24499511719,453.9459285736084
48,961.7337646484375,8.597755432128906,58359.978759765625,462.5436840057373
49,1293.33349609375,9.747581481933594,59653.312255859375,472.2912654876709
50,1005.9374389648438,9.348332405090332,60659.24969482422,481.63959789276123
51,1561.03955078125,9.112874031066895,62220.28924560547,490.7524719238281
52,1120.7630615234375,8.599502563476562,63341.052307128906,499.3519744873047
53,620.9920654296875,8.572464942932129,63962.044372558594,507.9244394302368
54,1063.0389404296875,8.674052238464355,65025.08331298828,516.5984916687012
55,762.382568359375,8.366922378540039,65787.46588134766,524.9654140472412
56,917.2119140625,9.273372650146484,66704.67779541016,534.2387866973877
57,1269.912109375,10.050392150878906,67974.58990478516,544.2891788482666
58,1217.292724609375,9.454428672790527,69191.88262939453,553.7436075210571
59,1001.2333374023438,9.066079139709473,70193.11596679688,562.8096866607666
60,818.9843139648438,9.393977165222168,71012.10028076172,572.2036638259888
61,1082.5780029296875,9.115659713745117,72094.6782836914,581.3193235397339
62,1198.996337890625,9.50552749633789,73293.67462158203,590.8248510360718
63,717.0432739257812,9.1687650680542,74010.71789550781,599.993616104126
64,734.5946044921875,9.728450775146484,74745.3125,609.7220668792725
65,1411.31787109375,9.853699684143066,76156.63037109375,619.5757665634155
66,905.3760986328125,9.290246963500977,77062.00646972656,628.8660135269165
67,973.8646240234375,9.135068893432617,78035.87109375,638.0010824203491
68,885.223876953125,9.406240463256836,78921.09497070312,647.407322883606
69,777.5189208984375,9.472441673278809,79698.61389160156,656.8797645568848
70,859.7647705078125,9.607365608215332,80558.37866210938,666.4871301651001
71,1006.690185546875,9.428751945495605,81565.06884765625,675.9158821105957
72,919.642333984375,9.845087051391602,82484.71118164062,685.7609691619873
73,1251.626953125,9.642315864562988,83736.33813476562,695.4032850265503
74,1040.39208984375,10.200823783874512,84776.73022460938,705.6041088104248
75,670.4833984375,9.313804626464844,85447.21362304688,714.9179134368896
76,1322.510009765625,9.402131080627441,86769.7236328125,724.3200445175171
77,685.3925170898438,9.772059440612793,87455.11614990234,734.0921039581299
78,862.4391479492188,10.16293716430664,88317.55529785156,744.2550411224365
79,1008.36181640625,9.667145729064941,89325.91711425781,753.9221868515015
80,1056.784912109375,10.246288299560547,90382.70202636719,764.168475151062
81,1225.9508056640625,9.690582275390625,91608.65283203125,773.8590574264526
82,715.7987670898438,9.639494895935059,92324.4515991211,783.4985523223877
83,687.7620239257812,9.757696151733398,93012.21362304688,793.2562484741211
84,970.2813110351562,9.857990264892578,93982.49493408203,803.1142387390137
85,665.7193603515625,9.951192855834961,94648.2142944336,813.0654315948486
86,743.0895385742188,10.258889198303223,95391.30383300781,823.3243207931519
87,982.2134399414062,9.77997875213623,96373.51727294922,833.1042995452881
88,812.248291015625,9.454602241516113,97185.76556396484,842.5589017868042
89,690.6155395507812,9.636998176574707,97876.38110351562,852.1958999633789
90,954.495849609375,9.778515815734863,98830.876953125,861.9744157791138
91,831.42041015625,10.056502342224121,99662.29736328125,872.0309181213379
92,1131.4539794921875,10.275795936584473,100793.75134277344,882.3067140579224
93,836.9972534179688,9.856504440307617,101630.7485961914,892.16321849823
94,811.14990234375,9.646748542785645,102441.89849853516,901.8099670410156
95,1132.6578369140625,9.791352272033691,103574.55633544922,911.6013193130493
96,546.4892578125,9.026042938232422,104121.04559326172,920.6273622512817
97,733.45068359375,9.810087203979492,104854.49627685547,930.4374494552612
98,393.5594177246094,9.505269050598145,105248.05569458008,939.9427185058594
99,837.6119384765625,9.631568908691406,106085.66763305664,949.5742874145508
100,1032.9776611328125,9.528756141662598,107118.64529418945,959.1030435562134
101,849.9927978515625,9.842954635620117,107968.63809204102,968.9459981918335
102,716.8707275390625,9.916857719421387,108685.50881958008,978.8628559112549
103,887.1058349609375,10.059660911560059,109572.61465454102,988.9225168228149
104,969.816162109375,9.669832229614258,110542.43081665039,998.5923490524292
105,670.206787109375,9.968097686767578,111212.63760375977,1008.5604467391968
106,709.7017822265625,9.75937557220459,111922.33938598633,1018.3198223114014
107,879.5184326171875,9.685193061828613,112801.85781860352,1028.00501537323
108,1013.0297241210938,10.417734146118164,113814.88754272461,1038.4227495193481
109,417.4742431640625,9.716927528381348,114232.36178588867,1048.1396770477295
110,1143.71435546875,10.03151798248291,115376.07614135742,1058.1711950302124
111,783.8110961914062,10.616469383239746,116159.88723754883,1068.7876644134521
112,691.552978515625,9.549753189086914,116851.44021606445,1078.337417602539
113,435.943115234375,9.394979476928711,117287.38333129883,1087.7323970794678
114,630.2383422851562,10.005563735961914,117917.62167358398,1097.7379608154297
115,715.5826416015625,9.686604499816895,118633.20431518555,1107.4245653152466
116,476.787109375,9.85417366027832,119109.99142456055,1117.278738975525
117,1021.0296630859375,10.235529899597168,120131.02108764648,1127.514268875122
118,845.2601318359375,10.496689796447754,120976.28121948242,1138.0109586715698
119,765.2823486328125,10.032339096069336,121741.56356811523,1148.0432977676392
120,851.2666015625,10.340202331542969,122592.83016967773,1158.3835000991821
121,778.1847534179688,10.038409233093262,123371.0149230957,1168.4219093322754
122,663.395263671875,9.401924133300781,124034.41018676758,1177.8238334655762
123,517.1270141601562,9.594240188598633,124551.53720092773,1187.4180736541748
124,783.8656616210938,9.693379402160645,125335.40286254883,1197.1114530563354
125,561.3612060546875,10.055246353149414,125896.76406860352,1207.1666994094849
126,760.3925170898438,10.152255058288574,126657.15658569336,1217.3189544677734
127,947.9107666015625,10.485108375549316,127605.06735229492,1227.8040628433228
128,901.7427368164062,10.333924293518066,128506.81008911133,1238.1379871368408
129,963.0099487304688,9.92843246459961,129469.8200378418,1248.0664196014404
130,1045.6767578125,10.417774200439453,130515.4967956543,1258.4841938018799
131,889.1751708984375,10.628785133361816,131404.67196655273,1269.1129789352417
132,737.0675048828125,10.28569221496582,132141.73947143555,1279.3986711502075
133,720.1162719726562,10.107176780700684,132861.8557434082,1289.5058479309082
134,548.45654296875,9.70244312286377,133410.31228637695,1299.208291053772
135,589.9112548828125,9.739494323730469,134000.22354125977,1308.9477853775024
136,1105.3853759765625,9.770895004272461,135105.60891723633,1318.718680381775
137,620.086669921875,9.799139976501465,135725.6955871582,1328.5178203582764
138,896.4877319335938,10.233748435974121,136622.1833190918,1338.7515687942505
139,679.4039306640625,10.239371299743652,137301.58724975586,1348.9909400939941
140,816.5164794921875,10.112391471862793,138118.10372924805,1359.103331565857
141,904.9064331054688,9.913583755493164,139023.01016235352,1369.01691532135
142,1306.643798828125,10.075833320617676,140329.65396118164,1379.0927486419678
143,1013.3890991210938,10.647074699401855,141343.04306030273,1389.7398233413696
144,993.0762939453125,10.926297187805176,142336.11935424805,1400.6661205291748
145,723.0217895507812,10.12558650970459,143059.14114379883,1410.7917070388794
146,985.948974609375,9.680768966674805,144045.0901184082,1420.4724760055542
147,758.196533203125,9.688443183898926,144803.28665161133,1430.1609191894531
148,869.3995361328125,9.777386665344238,145672.68618774414,1439.9383058547974
149,1494.085693359375,10.195280075073242,147166.77188110352,1450.1335859298706
150,596.1231689453125,10.269691467285156,147762.89505004883,1460.4032773971558
151,588.2144775390625,9.94572639465332,148351.1095275879,1470.349003791809
152,299.9937744140625,10.026387214660645,148651.10330200195,1480.3753910064697
153,770.0213012695312,9.995448112487793,149421.12460327148,1490.3708391189575
154,879.4822998046875,10.076332092285156,150300.60690307617,1500.4471712112427
155,853.4403076171875,10.322073936462402,151154.04721069336,1510.769245147705
156,391.9512939453125,10.285171508789062,151545.99850463867,1521.0544166564941
157,1096.63818359375,11.171760559082031,152642.63668823242,1532.2261772155762
158,874.03125,10.143340110778809,153516.66793823242,1542.369517326355
159,822.0909423828125,10.174670219421387,154338.75888061523,1552.5441875457764
160,1394.99609375,9.537742614746094,155733.75497436523,1562.0819301605225
161,807.7955322265625,9.887760162353516,156541.5505065918,1571.969690322876
162,840.652099609375,10.404252052307129,157382.20260620117,1582.373942375183
163,676.298095703125,10.71786880493164,158058.5007019043,1593.0918111801147
164,778.9735107421875,10.643471717834473,158837.47421264648,1603.7352828979492
165,942.21044921875,10.060503005981445,159779.68466186523,1613.7957859039307
166,945.7283935546875,10.08236026763916,160725.41305541992,1623.8781461715698
167,1313.6041259765625,10.165818214416504,162039.01718139648,1634.0439643859863
168,652.4862060546875,10.236674308776855,162691.50338745117,1644.2806386947632
169,845.3057861328125,10.4055757522583,163536.80917358398,1654.6862144470215
170,873.9998779296875,10.599458694458008,164410.80905151367,1665.2856731414795
171,644.4116821289062,10.28734302520752,165055.22073364258,1675.573016166687
172,596.0653686523438,9.912744522094727,165651.28610229492,1685.4857606887817
173,1174.4520263671875,10.587066650390625,166825.7381286621,1696.0728273391724
174,795.942138671875,10.15461254119873,167621.68026733398,1706.227439880371
175,805.1023559570312,10.204386711120605,168426.78262329102,1716.4318265914917
176,808.4815673828125,10.66344928741455,169235.26419067383,1727.0952758789062
177,1202.279052734375,11.210131645202637,170437.5432434082,1738.305407524109
178,714.0680541992188,10.273276329040527,171151.61129760742,1748.5786838531494
179,579.045654296875,9.629847526550293,171730.6569519043,1758.2085313796997
180,752.3017578125,9.933856010437012,172482.9587097168,1768.1423873901367
181,897.43994140625,9.67737102508545,173380.39865112305,1777.8197584152222
182,621.4130249023438,10.085132598876953,174001.8116760254,1787.9048910140991
183,963.9517822265625,9.846251487731934,174965.76345825195,1797.751142501831
184,438.564697265625,9.341241836547852,175404.32815551758,1807.092384338379
185,767.9381713867188,10.204329490661621,176172.2663269043,1817.2967138290405
186,621.346435546875,10.229569435119629,176793.61276245117,1827.5262832641602
187,793.7699584960938,10.571374893188477,177587.38272094727,1838.0976581573486
188,716.5631103515625,10.038990020751953,178303.94583129883,1848.1366481781006
189,723.201904296875,9.977449417114258,179027.1477355957,1858.1140975952148
190,878.1459350585938,10.332810401916504,179905.2936706543,1868.4469079971313
191,776.8269653320312,10.636412620544434,180682.12063598633,1879.0833206176758
192,601.6304931640625,10.050100326538086,181283.7511291504,1889.1334209442139
193,572.6561279296875,10.605093955993652,181856.40725708008,1899.7385149002075
194,743.0317993164062,10.492842674255371,182599.43905639648,1910.231357574463
195,600.884033203125,9.879571914672852,183200.3230895996,1920.1109294891357
196,1055.835693359375,10.111716270446777,184256.15878295898,1930.2226457595825
197,805.4384155273438,9.886357307434082,185061.59719848633,1940.1090030670166
198,413.63909912109375,10.480170249938965,185475.23629760742,1950.5891733169556
199,740.909423828125,10.37481689453125,186216.14572143555,1960.9639902114868
200,753.1763916015625,10.508456230163574,186969.3221130371,1971.4724464416504
201,742.0067138671875,10.426287651062012,187711.3288269043,1981.8987340927124
202,869.0506591796875,9.795863151550293,188580.37948608398,1991.6945972442627
203,929.285400390625,10.006111145019531,189509.6648864746,2001.7007083892822
204,1000.1437377929688,9.989535331726074,190509.80862426758,2011.6902437210083
205,728.5532836914062,10.730923652648926,191238.36190795898,2022.4211673736572
206,808.446533203125,10.466979026794434,192046.8084411621,2032.8881464004517
207,637.634521484375,10.029525756835938,192684.44296264648,2042.9176721572876
208,1000.3565673828125,10.30422592163086,193684.7995300293,2053.2218980789185
209,858.2465209960938,9.88833999633789,194543.0460510254,2063.1102380752563
210,949.5318603515625,9.777146339416504,195492.57791137695,2072.887384414673
211,726.3515014648438,10.527961730957031,196218.9294128418,2083.41534614563
212,1138.1475830078125,10.300768852233887,197357.0769958496,2093.7161149978638
213,403.7914123535156,10.235418319702148,197760.86840820312,2103.951533317566
214,468.6668701171875,10.241345405578613,198229.5352783203,2114.1928787231445
215,681.9603271484375,10.158276557922363,198911.49560546875,2124.351155281067
216,650.479248046875,10.17102336883545,199561.97485351562,2134.5221786499023
217,959.379150390625,10.140814781188965,200521.35400390625,2144.6629934310913
218,911.126953125,10.218525886535645,201432.48095703125,2154.881519317627
219,743.9442138671875,10.015543937683105,202176.42517089844,2164.89706325531
220,580.8231201171875,10.192679405212402,202757.24829101562,2175.0897426605225
221,966.1100463867188,10.208826065063477,203723.35833740234,2185.298568725586
222,930.0584716796875,10.712560653686523,204653.41680908203,2196.0111293792725
223,674.8050537109375,10.347310066223145,205328.22186279297,2206.3584394454956
224,550.402587890625,10.144743919372559,205878.6244506836,2216.503183364868
225,890.7579345703125,10.297728538513184,206769.3823852539,2226.8009119033813
226,607.9896240234375,10.13927936553955,207377.37200927734,2236.940191268921
227,1406.4912109375,10.807743072509766,208783.86322021484,2247.7479343414307
228,712.07275390625,10.65335750579834,209495.9359741211,2258.401291847229
229,636.933349609375,10.489112854003906,210132.86932373047,2268.890404701233
230,782.5516357421875,10.335396766662598,210915.42095947266,2279.2258014678955
231,1021.4990234375,10.180307388305664,211936.91998291016,2289.406108856201
232,915.715576171875,10.367602348327637,212852.63555908203,2299.773711204529
233,568.41845703125,10.58712387084961,213421.05401611328,2310.3608350753784
234,763.7650146484375,10.408340454101562,214184.81903076172,2320.76917552948
235,1261.114501953125,10.611380577087402,215445.93353271484,2331.3805561065674
236,651.4310302734375,10.695974349975586,216097.36456298828,2342.076530456543
237,813.291015625,10.419546127319336,216910.65557861328,2352.4960765838623
238,390.8987121582031,10.204157829284668,217301.55429077148,2362.700234413147
239,694.212158203125,9.864086151123047,217995.7664489746,2372.56432056427
240,655.54443359375,10.17916202545166,218651.31088256836,2382.7434825897217
241,820.3657836914062,10.535030364990234,219471.67666625977,2393.278512954712
242,866.3902587890625,10.246041297912598,220338.06692504883,2403.5245542526245
243,621.02587890625,9.564804077148438,220959.09280395508,2413.089358329773
244,588.51953125,10.407590866088867,221547.61233520508,2423.496949195862
245,866.921142578125,10.427528381347656,222414.5334777832,2433.9244775772095
246,592.43505859375,10.149127960205078,223006.96853637695,2444.0736055374146
247,861.2254638671875,10.867291450500488,223868.19400024414,2454.940896987915
248,703.4161987304688,10.277453422546387,224571.6101989746,2465.2183504104614
249,673.223388671875,10.213064193725586,225244.83358764648,2475.431414604187
250,809.195068359375,10.097431182861328,226054.02865600586,2485.5288457870483
251,902.5584716796875,11.0364351272583,226956.58712768555,2496.5652809143066
252,752.2344970703125,10.49056339263916,227708.82162475586,2507.055844306946
253,754.0164794921875,10.060223579406738,228462.83810424805,2517.1160678863525
254,441.31488037109375,10.159137725830078,228904.15298461914,2527.2752056121826
255,937.5732421875,10.312712669372559,229841.72622680664,2537.587918281555
256,972.1522216796875,10.513449668884277,230813.87844848633,2548.1013679504395
257,1008.322265625,10.506568908691406,231822.20071411133,2558.607936859131
258,665.5119018554688,10.433707237243652,232487.7126159668,2569.0416440963745
259,656.7308349609375,10.846121788024902,233144.44345092773,2579.8877658843994
260,1025.1673583984375,10.047379493713379,234169.61080932617,2589.935145378113
261,611.3946533203125,9.87554931640625,234781.00546264648,2599.810694694519
262,711.847900390625,10.370979309082031,235492.8533630371,2610.181674003601
263,807.966064453125,10.740853309631348,236300.81942749023,2620.9225273132324
264,897.3228759765625,10.619396209716797,237198.1423034668,2631.541923522949
265,543.9411010742188,10.468783378601074,237742.08340454102,2642.0107069015503
266,862.2752685546875,10.54414176940918,238604.3586730957,2652.5548486709595
267,894.072998046875,10.398383140563965,239498.43167114258,2662.9532318115234
268,1016.0340576171875,10.45297908782959,240514.46572875977,2673.406210899353
269,770.5997314453125,10.720840454101562,241285.06546020508,2684.1270513534546
270,674.1492919921875,10.319095611572266,241959.21475219727,2694.446146965027
271,986.521484375,10.312386512756348,242945.73623657227,2704.758533477783
272,746.4681396484375,10.01723861694336,243692.2043762207,2714.7757720947266
273,756.030517578125,10.459710121154785,244448.23489379883,2725.2354822158813
274,863.314208984375,10.170616149902344,245311.5491027832,2735.4060983657837
275,992.3160400390625,10.083905220031738,246303.86514282227,2745.4900035858154
276,796.5009765625,10.523077964782715,247100.36611938477,2756.013081550598
277,869.3243408203125,10.552803993225098,247969.69046020508,2766.5658855438232
278,658.9405517578125,10.79417896270752,248628.6310119629,2777.3600645065308
279,799.740966796875,10.568138122558594,249428.37197875977,2787.9282026290894
280,780.0405883789062,10.657029151916504,250208.41256713867,2798.585231781006
281,1097.7403564453125,10.578689575195312,251306.15292358398,2809.163921356201
282,758.6441650390625,10.296627044677734,252064.79708862305,2819.460548400879
283,768.264892578125,9.931844711303711,252833.06198120117,2829.3923931121826
284,583.8001098632812,10.271689414978027,253416.86209106445,2839.6640825271606
285,607.75439453125,10.34780502319336,254024.6164855957,2850.011887550354
286,731.3512573242188,10.903353691101074,254755.96774291992,2860.915241241455
287,745.3257446289062,10.739151000976562,255501.29348754883,2871.6543922424316
288,607.4541015625,10.260171890258789,256108.74758911133,2881.9145641326904
289,626.4151611328125,10.46778678894043,256735.16275024414,2892.382350921631
290,397.65338134765625,9.587306022644043,257132.8161315918,2901.969656944275
291,871.72314453125,10.057232856750488,258004.53927612305,2912.0268898010254
292,1055.4532470703125,10.49840259552002,259059.99252319336,2922.5252923965454
293,627.1314086914062,10.177080154418945,259687.12393188477,2932.7023725509644
294,739.2637329101562,10.550409317016602,260426.38766479492,2943.252781867981
295,496.1114807128906,10.13204574584961,260922.4991455078,2953.3848276138306
296,986.5270385742188,10.790349006652832,261909.02618408203,2964.1751766204834
297,580.88525390625,10.475811958312988,262489.9114379883,2974.6509885787964
298,738.1255493164062,10.446805000305176,263228.0369873047,2985.0977935791016
299,945.64453125,10.63952350616455,264173.6815185547,2995.737317085266
300,850.679443359375,10.070027351379395,265024.36096191406,3005.8073444366455
301,660.208251953125,10.723305702209473,265684.5692138672,3016.530650138855
302,1018.6846923828125,11.308457374572754,266703.25390625,3027.8391075134277
303,338.10076904296875,10.17730712890625,267041.35467529297,3038.016414642334
304,667.9977416992188,10.215860366821289,267709.3524169922,3048.2322750091553
305,699.35546875,9.794896125793457,268408.7078857422,3058.0271711349487
306,463.6185302734375,9.748435020446777,268872.3264160156,3067.7756061553955
307,572.0604248046875,10.221390724182129,269444.3868408203,3077.9969968795776
308,744.2877807617188,10.266980171203613,270188.67462158203,3088.2639770507812
309,883.05224609375,10.277438163757324,271071.7268676758,3098.5414152145386
310,756.3094482421875,10.917616844177246,271828.03631591797,3109.459032058716
311,756.5272216796875,10.675261497497559,272584.56353759766,3120.1342935562134
312,698.03173828125,10.937342643737793,273282.5952758789,3131.071636199951
313,532.07861328125,10.6615571975708,273814.67388916016,3141.733193397522
314,430.275390625,9.874104499816895,274244.94927978516,3151.607297897339
315,946.5332641601562,10.124110221862793,275191.4825439453,3161.7314081192017
316,548.5990600585938,10.169727325439453,275740.0816040039,3171.901135444641
317,787.15576171875,10.579489707946777,276527.23736572266,3182.480625152588
318,881.4571533203125,10.827584266662598,277408.69451904297,3193.3082094192505
319,560.3779296875,10.170221328735352,277969.07244873047,3203.478430747986
320,780.9110107421875,10.759747505187988,278749.98345947266,3214.238178253174
321,693.8583984375,10.259736061096191,279443.84185791016,3224.49791431427
322,684.14306640625,10.0505952835083,280127.9849243164,3234.5485095977783
323,778.5223388671875,10.834868431091309,280906.5072631836,3245.3833780288696
324,698.7227783203125,10.314085006713867,281605.2300415039,3255.6974630355835
325,605.8270263671875,9.968710899353027,282211.0570678711,3265.6661739349365
326,864.5037841796875,10.281167984008789,283075.5608520508,3275.9473419189453
327,490.7956237792969,10.343025207519531,283566.3564758301,3286.290367126465
328,506.24359130859375,10.66384506225586,284072.6000671387,3296.9542121887207
329,751.9132080078125,10.373041152954102,284824.5132751465,3307.327253341675
330,936.64013671875,10.530735969543457,285761.15341186523,3317.8579893112183
331,452.12652587890625,10.057744979858398,286213.27993774414,3327.9157342910767
332,715.6917724609375,10.013666152954102,286928.9717102051,3337.9294004440308
333,366.282958984375,9.593685150146484,287295.25466918945,3347.5230855941772
334,604.122802734375,10.24647331237793,287899.3774719238,3357.769558906555
335,836.2769775390625,10.128539085388184,288735.6544494629,3367.8980979919434
336,552.1766967773438,9.954704284667969,289287.83114624023,3377.8528022766113
337,642.7108154296875,10.733755111694336,289930.5419616699,3388.5865573883057
338,704.1608276367188,10.405957221984863,290634.70278930664,3398.9925146102905
339,617.6193237304688,10.511487007141113,291252.3221130371,3409.5040016174316
340,778.2271118164062,10.554195404052734,292030.5492248535,3420.0581970214844
341,698.6182250976562,10.379144668579102,292729.1674499512,3430.4373416900635
342,998.3438110351562,10.613555908203125,293727.5112609863,3441.0508975982666
343,728.8631591796875,10.738303184509277,294456.374420166,3451.789200782776
344,738.3190307617188,10.235690116882324,295194.69345092773,3462.024890899658
345,650.9716796875,10.39977741241455,295845.66513061523,3472.4246683120728
346,754.5615234375,10.67891788482666,296600.22665405273,3483.1035861968994
347,301.4620361328125,10.288585662841797,296901.68869018555,3493.392171859741
348,629.284912109375,10.101012229919434,297530.9736022949,3503.4931840896606
349,565.3460083007812,10.222919464111328,298096.3196105957,3513.716103553772
350,725.7630004882812,10.112727165222168,298822.082611084,3523.828830718994
351,758.4660034179688,10.62506103515625,299580.54861450195,3534.4538917541504
352,736.10302734375,10.769975662231445,300316.6516418457,3545.223867416382
353,256.9132080078125,10.09585952758789,300573.5648498535,3555.3197269439697
354,715.87255859375,10.505017280578613,301289.43740844727,3565.8247442245483
355,701.5636596679688,10.52731990814209,301991.00106811523,3576.3520641326904
356,961.35546875,10.249251365661621,302952.35653686523,3586.601315498352
357,711.114013671875,10.750517845153809,303663.4705505371,3597.351833343506
358,707.802490234375,10.578773498535156,304371.2730407715,3607.930606842041
359,1082.08447265625,11.029077529907227,305453.35751342773,3618.9596843719482
360,739.0084838867188,10.36743450164795,306192.36599731445,3629.327118873596
361,961.92333984375,10.648595809936523,307154.2893371582,3639.9757146835327
362,869.2853393554688,10.482536315917969,308023.5746765137,3650.4582509994507
363,467.081787109375,9.968311309814453,308490.65646362305,3660.426562309265
364,757.6923828125,10.237150192260742,309248.34884643555,3670.663712501526
365,331.8773498535156,10.200848579406738,309580.22619628906,3680.8645610809326
366,699.9349365234375,11.202606201171875,310280.1611328125,3692.0671672821045
367,663.4364013671875,10.310161590576172,310943.5975341797,3702.3773288726807
368,849.47607421875,10.173506736755371,311793.07360839844,3712.550835609436
369,989.5299072265625,10.398295402526855,312782.603515625,3722.949131011963
370,255.24545288085938,9.28579330444336,313037.84896850586,3732.2349243164062
371,871.3975830078125,10.243608474731445,313909.2465515137,3742.4785327911377
372,815.9242553710938,10.407942771911621,314725.17080688477,3752.8864755630493
373,693.1646728515625,10.581035614013672,315418.3354797363,3763.467511177063
374,589.1224365234375,10.955389976501465,316007.45791625977,3774.4229011535645
375,754.9992065429688,10.805370330810547,316762.45712280273,3785.228271484375
376,643.17724609375,10.660858154296875,317405.6343688965,3795.889129638672
377,607.38525390625,10.519956588745117,318013.01962280273,3806.409086227417
378,845.5345458984375,10.725378036499023,318858.5541687012,3817.134464263916
379,598.0718994140625,10.212313652038574,319456.62606811523,3827.3467779159546
380,613.0008544921875,10.223206520080566,320069.6269226074,3837.569984436035
381,498.1366271972656,10.443635940551758,320567.7635498047,3848.013620376587
382,545.2347412109375,10.551481246948242,321112.9982910156,3858.565101623535
383,661.6531982421875,10.188480377197266,321774.6514892578,3868.7535820007324
384,557.6755981445312,10.318225860595703,322332.32708740234,3879.071807861328
385,537.040283203125,10.104153633117676,322869.36737060547,3889.175961494446
386,821.800537109375,11.12350845336914,323691.16790771484,3900.299469947815
387,758.7054443359375,10.776759147644043,324449.8733520508,3911.076229095459
388,1127.8990478515625,10.601485252380371,325577.77239990234,3921.6777143478394
389,716.94189453125,10.091350555419922,326294.7142944336,3931.7690649032593
390,963.6927490234375,10.770922660827637,327258.40704345703,3942.539987564087
391,1059.4239501953125,10.774127960205078,328317.83099365234,3953.314115524292
392,717.881103515625,10.276589393615723,329035.71209716797,3963.5907049179077
393,508.5198669433594,10.617481231689453,329544.2319641113,3974.208186149597
394,728.247802734375,10.960027694702148,330272.4797668457,3985.1682138442993
395,904.6961669921875,10.204551696777344,331177.1759338379,3995.3727655410767
396,266.511962890625,9.8787260055542,331443.6878967285,4005.251491546631
397,770.4365844726562,10.183712005615234,332214.1244812012,4015.435203552246
398,488.2314453125,10.259549140930176,332702.3559265137,4025.6947526931763
399,411.0987854003906,10.223162651062012,333113.45471191406,4035.9179153442383
400,512.1317138671875,10.422795295715332,333625.58642578125,4046.3407106399536
401,537.924072265625,10.941742897033691,334163.5104980469,4057.2824535369873
402,788.1272583007812,10.992406845092773,334951.63775634766,4068.27486038208
403,895.4368896484375,10.607108116149902,335847.0746459961,4078.88196849823
404,688.3108520507812,10.672428131103516,336535.3854980469,4089.5543966293335
405,547.8427734375,10.458416938781738,337083.2282714844,4100.012813568115
406,978.8975830078125,10.601720809936523,338062.1258544922,4110.614534378052
407,664.2100830078125,10.422737121582031,338726.3359375,4121.037271499634
408,640.9805297851562,10.317880630493164,339367.31646728516,4131.355152130127
409,743.4827880859375,10.466526985168457,340110.7992553711,4141.821679115295
410,937.0238037109375,10.490578651428223,341047.82305908203,4152.312257766724
411,634.4569091796875,10.206342697143555,341682.2799682617,4162.518600463867
412,854.8546752929688,10.600778579711914,342537.1346435547,4173.119379043579
413,645.9765625,10.368234634399414,343183.1112060547,4183.4876136779785
414,806.5728149414062,11.026253700256348,343989.6840209961,4194.513867378235
415,869.504150390625,10.719097137451172,344859.1881713867,4205.232964515686
416,600.7330322265625,10.032355308532715,345459.9212036133,4215.265319824219
417,946.16162109375,10.810901641845703,346406.08282470703,4226.076221466064
418,600.03271484375,10.626110076904297,347006.1155395508,4236.702331542969
419,989.3397216796875,10.543231010437012,347995.45526123047,4247.245562553406
420,646.42431640625,10.708746910095215,348641.8795776367,4257.954309463501
421,548.1106567382812,10.980114936828613,349189.990234375,4268.93442440033
422,501.7314453125,10.173535346984863,349691.7216796875,4279.107959747314
423,679.0245361328125,10.676536560058594,350370.7462158203,4289.784496307373
424,848.6324462890625,10.85266399383545,351219.3786621094,4300.6371603012085
425,662.0311279296875,10.147321701049805,351881.40979003906,4310.784482002258
426,849.9261474609375,10.230921745300293,352731.3359375,4321.015403747559
427,444.325927734375,10.64978313446045,353175.6618652344,4331.665186882019
428,784.4633178710938,10.683485984802246,353960.12518310547,4342.348672866821
429,745.969482421875,10.23580551147461,354706.09466552734,4352.584478378296
430,606.5264282226562,10.378348350524902,355312.62109375,4362.962826728821
431,703.5318603515625,10.35158920288086,356016.15295410156,4373.314415931702
432,818.6663208007812,10.15640640258789,356834.81927490234,4383.47082233429
433,624.1668090820312,10.513113975524902,357458.9860839844,4393.983936309814
434,1002.4097900390625,10.785758018493652,358461.39587402344,4404.769694328308
435,781.0452880859375,10.924003601074219,359242.4411621094,4415.693697929382
436,513.9331665039062,10.331361770629883,359756.3743286133,4426.025059700012
437,696.3116455078125,10.507088661193848,360452.6859741211,4436.532148361206
438,734.5505981445312,10.76115894317627,361187.2365722656,4447.293307304382
439,622.7046508789062,10.17785358428955,361809.94122314453,4457.471160888672
440,543.8724365234375,9.698922157287598,362353.81365966797,4467.1700830459595
441,546.472412109375,10.824752807617188,362900.28607177734,4477.994835853577
442,656.5404663085938,10.335766792297363,363556.82653808594,4488.330602645874
443,458.09130859375,10.336578369140625,364014.9178466797,4498.667181015015
444,615.6380615234375,10.581412315368652,364630.5559082031,4509.248593330383
445,659.9898071289062,10.49365234375,365290.54571533203,4519.742245674133
446,501.6232604980469,9.605501174926758,365792.1689758301,4529.34774684906
447,457.5789794921875,9.934255599975586,366249.74795532227,4539.282002449036
448,709.3787841796875,10.38283634185791,366959.12673950195,4549.664838790894
449,659.4488525390625,10.29124927520752,367618.575592041,4559.956088066101
450,849.3353271484375,10.639592170715332,368467.91091918945,4570.595680236816
451,644.1648559570312,10.852089881896973,369112.0757751465,4581.447770118713
452,515.2259521484375,10.581608772277832,369627.3017272949,4592.029378890991
453,602.212646484375,10.384472846984863,370229.5143737793,4602.413851737976
454,533.3082885742188,10.615155220031738,370762.8226623535,4613.029006958008
455,651.194580078125,10.564899444580078,371414.01724243164,4623.593906402588
456,529.3790283203125,10.291650772094727,371943.39627075195,4633.885557174683
457,880.4083862304688,10.413617134094238,372823.8046569824,4644.299174308777
458,814.0079345703125,10.73922061920166,373637.81259155273,4655.0383949279785
459,471.27838134765625,10.873114585876465,374109.0909729004,4665.911509513855
460,513.4793701171875,10.659295082092285,374622.5703430176,4676.570804595947
461,714.6678466796875,10.451322555541992,375337.23818969727,4687.022127151489
462,350.3153381347656,10.380585670471191,375687.55352783203,4697.40271282196
463,437.30767822265625,9.884799003601074,376124.8612060547,4707.2875118255615
464,945.75390625,10.396726608276367,377070.6151123047,4717.684238433838
465,516.1664428710938,11.017276763916016,377586.7815551758,4728.701515197754
466,690.7227783203125,11.102253913879395,378277.5043334961,4739.803769111633
467,692.4166259765625,10.416426658630371,378969.92095947266,4750.220195770264
468,684.5797119140625,11.41763973236084,379654.5006713867,4761.6378355026245
469,608.72998046875,10.151171684265137,380263.23065185547,4771.78900718689
470,553.3211669921875,10.495950698852539,380816.55181884766,4782.284957885742
471,435.8013916015625,10.275678634643555,381252.3532104492,4792.560636520386
472,701.7021484375,10.45145320892334,381954.0553588867,4803.012089729309
473,750.7677001953125,10.191873550415039,382704.82305908203,4813.203963279724
474,578.5536499023438,10.162858963012695,383283.3767089844,4823.366822242737
475,968.3257446289062,11.257670402526855,384251.7024536133,4834.624492645264
476,782.052490234375,10.448122024536133,385033.75494384766,4845.0726146698
477,566.376220703125,10.107013702392578,385600.1311645508,4855.179628372192
478,497.469482421875,9.795690536499023,386097.60064697266,4864.975318908691
479,432.89239501953125,10.15401554107666,386530.4930419922,4875.129334449768
480,544.1839599609375,9.975542068481445,387074.6770019531,4885.1048765182495
481,733.6166381835938,10.347931861877441,387808.2936401367,4895.452808380127
482,520.5951538085938,10.374883651733398,388328.8887939453,4905.82769203186
483,674.308349609375,11.049148559570312,389003.1971435547,4916.876840591431
484,734.6683959960938,10.815511703491211,389737.8655395508,4927.692352294922
485,614.119384765625,10.621685028076172,390351.9849243164,4938.314037322998
486,636.5247802734375,10.063769340515137,390988.50970458984,4948.377806663513
487,428.3406677246094,10.124258041381836,391416.85037231445,4958.502064704895
488,597.0927734375,10.251792907714844,392013.94314575195,4968.75385761261
489,519.7000122070312,9.50154972076416,392533.643157959,4978.255407333374
490,429.55780029296875,9.927270889282227,392963.20095825195,4988.182678222656
491,583.040771484375,10.245490074157715,393546.2417297363,4998.428168296814
492,617.9278564453125,11.214811325073242,394164.16958618164,5009.642979621887
493,775.27880859375,11.05162239074707,394939.4483947754,5020.694602012634
494,714.361083984375,10.568134307861328,395653.80947875977,5031.262736320496
495,754.2418823242188,10.579660415649414,396408.051361084,5041.842396736145
496,986.3339233398438,10.56931209564209,397394.3852844238,5052.411708831787
497,876.4085693359375,10.500503540039062,398270.79385375977,5062.912212371826
498,542.8421630859375,10.40929126739502,398813.6360168457,5073.321503639221
499,455.0693359375,10.779475212097168,399268.7053527832,5084.100978851318
500,621.061279296875,10.204374313354492,399889.7666320801,5094.305353164673
501,511.44891357421875,11.008831977844238,400401.2155456543,5105.314185142517
502,547.2174072265625,10.161371231079102,400948.43295288086,5115.475556373596
503,524.365966796875,10.719175338745117,401472.79891967773,5126.194731712341
504,591.4345703125,10.04760456085205,402064.23348999023,5136.242336273193
505,406.4509582519531,9.787724494934082,402470.6844482422,5146.030060768127
506,509.5393981933594,9.614277839660645,402980.22384643555,5155.644338607788
507,740.4869384765625,10.319334030151367,403720.7107849121,5165.963672637939
508,877.09521484375,10.29973030090332,404597.80599975586,5176.263402938843
509,918.287353515625,10.805313110351562,405516.0933532715,5187.068716049194
510,674.6792602539062,10.474386215209961,406190.7726135254,5197.543102264404
511,596.4330444335938,10.584451675415039,406787.205657959,5208.127553939819
512,885.2313842773438,10.833277702331543,407672.4370422363,5218.960831642151
513,430.64056396484375,10.427231788635254,408103.0776062012,5229.388063430786
514,607.4915771484375,10.899317741394043,408710.5691833496,5240.28738117218
515,766.4835815429688,10.42076587677002,409477.0527648926,5250.70814704895
516,671.1673583984375,10.477217674255371,410148.220123291,5261.185364723206
517,647.402099609375,10.805288314819336,410795.6222229004,5271.990653038025
518,617.26953125,10.643681526184082,411412.8917541504,5282.634334564209
519,564.2340087890625,10.387107849121094,411977.12576293945,5293.02144241333
520,715.6080322265625,10.817644119262695,412692.733795166,5303.839086532593
521,804.5154418945312,10.808279037475586,413497.24923706055,5314.647365570068
522,896.1890258789062,10.581526756286621,414393.43826293945,5325.228892326355
523,693.677978515625,10.425634384155273,415087.1162414551,5335.65452671051
524,505.26983642578125,10.116377830505371,415592.38607788086,5345.770904541016
525,630.0543212890625,10.51923656463623,416222.4403991699,5356.290141105652
526,363.3210144042969,10.67708683013916,416585.7614135742,5366.967227935791
527,759.070556640625,10.59646224975586,417344.83197021484,5377.563690185547
528,326.8876953125,9.849754333496094,417671.71966552734,5387.413444519043
529,753.8494873046875,10.460371971130371,418425.56915283203,5397.873816490173
530,778.0821533203125,10.35374641418457,419203.65130615234,5408.227562904358
531,501.94696044921875,9.998600959777832,419705.59826660156,5418.226163864136
532,712.2109375,10.366393089294434,420417.80920410156,5428.59255695343
533,850.0189208984375,10.347362518310547,421267.828125,5438.939919471741
534,570.2623901367188,10.297438621520996,421838.0905151367,5449.237358093262
535,767.2022094726562,10.55848503112793,422605.2927246094,5459.79584312439
536,869.188232421875,10.960275650024414,423474.48095703125,5470.756118774414
537,727.3289794921875,10.208266258239746,424201.80993652344,5480.964385032654
538,618.2229614257812,10.368513107299805,424820.0328979492,5491.332898139954
539,611.2864990234375,10.23825454711914,425431.31939697266,5501.571152687073
540,562.13916015625,10.222148895263672,425993.4585571289,5511.793301582336
541,1035.35693359375,10.654601097106934,427028.81549072266,5522.447902679443
542,392.6229248046875,10.613487243652344,427421.43841552734,5533.061389923096
543,578.7255859375,10.957159996032715,428000.16400146484,5544.018549919128
544,525.8875732421875,10.956825256347656,428526.05157470703,5554.975375175476
545,600.7076416015625,10.405619621276855,429126.7592163086,5565.380994796753
546,927.3563842773438,10.95771598815918,430054.11560058594,5576.338710784912
547,468.10321044921875,10.418160438537598,430522.21881103516,5586.75687122345
548,449.8427429199219,10.287281036376953,430972.0615539551,5597.044152259827
549,781.0452880859375,10.458578109741211,431753.106842041,5607.502730369568
550,604.9573974609375,10.758867263793945,432358.06423950195,5618.261597633362
551,452.64300537109375,10.202250480651855,432810.70724487305,5628.463848114014
552,624.83349609375,10.259960174560547,433435.5407409668,5638.723808288574
553,604.8934326171875,10.230548858642578,434040.434173584,5648.954357147217
554,789.252685546875,10.666007995605469,434829.68685913086,5659.620365142822
555,481.32720947265625,10.93862533569336,435311.0140686035,5670.558990478516
556,619.2477416992188,10.616134643554688,435930.26181030273,5681.17512512207
557,423.02764892578125,10.168355941772461,436353.2894592285,5691.343481063843
558,738.5803833007812,11.052339553833008,437091.8698425293,5702.395820617676
559,631.807373046875,10.522945404052734,437723.6772155762,5712.9187660217285
560,761.8638916015625,10.51041030883789,438485.54110717773,5723.429176330566
561,679.7952880859375,10.148837089538574,439165.3363952637,5733.578013420105
562,722.2271728515625,10.788972854614258,439887.56356811523,5744.366986274719
563,495.8684997558594,10.35319709777832,440383.4320678711,5754.720183372498
564,705.6469116210938,10.299049377441406,441089.0789794922,5765.019232749939
565,410.4577331542969,9.904616355895996,441499.5367126465,5774.923849105835
566,911.5065307617188,11.042279243469238,442411.0432434082,5785.966128349304
567,590.4547729492188,10.786073684692383,443001.4980163574,5796.752202033997
568,598.3095092773438,10.282295227050781,443599.80752563477,5807.034497261047
569,606.5525512695312,10.449358940124512,444206.3600769043,5817.483856201172
570,578.2490234375,10.211421012878418,444784.6091003418,5827.69527721405
571,620.0316162109375,9.972383499145508,445404.64071655273,5837.667660713196
572,501.82843017578125,10.541226387023926,445906.4691467285,5848.20888710022
573,418.11895751953125,10.165620803833008,446324.58810424805,5858.374507904053
574,487.5422058105469,10.680136680603027,446812.1303100586,5869.054644584656
575,685.9060668945312,10.7033109664917,447498.0363769531,5879.7579555511475
576,688.177490234375,10.986958503723145,448186.2138671875,5890.744914054871
577,355.2874755859375,10.863800048828125,448541.50134277344,5901.608714103699
578,718.956787109375,10.819330215454102,449260.4581298828,5912.428044319153
579,846.056396484375,10.714777946472168,450106.5145263672,5923.142822265625
580,397.30755615234375,10.910822868347168,450503.82208251953,5934.053645133972
581,339.37921142578125,10.192597389221191,450843.2012939453,5944.246242523193
582,532.0301513671875,10.869537353515625,451375.2314453125,5955.115779876709
583,743.1087646484375,10.791672706604004,452118.34020996094,5965.907452583313
584,684.5150146484375,10.199405670166016,452802.8552246094,5976.106858253479
585,686.354736328125,10.640641212463379,453489.2099609375,5986.747499465942
586,322.5718078613281,10.150620460510254,453811.7817687988,5996.898119926453
587,717.9820556640625,10.4877347946167,454529.7638244629,6007.385854721069
588,499.4818420410156,10.175687789916992,455029.2456665039,6017.561542510986
589,375.4045715332031,10.389918327331543,455404.6502380371,6027.951460838318
590,668.95947265625,10.263224601745605,456073.60971069336,6038.2146854400635
591,669.4404296875,10.605705261230469,456743.05014038086,6048.820390701294
592,644.2830810546875,10.451473236083984,457387.33322143555,6059.271863937378
593,505.083984375,10.168547630310059,457892.41720581055,6069.440411567688
594,724.0152587890625,11.168232917785645,458616.4324645996,6080.608644485474
595,668.0444946289062,10.712379455566406,459284.4769592285,6091.32102394104
596,543.9378662109375,10.351447105407715,459828.41482543945,6101.672471046448
597,612.4529418945312,10.480481147766113,460440.867767334,6112.152952194214
598,611.555908203125,10.432257652282715,461052.4236755371,6122.585209846497
599,767.0921630859375,10.95280933380127,461819.51583862305,6133.538019180298
600,604.595703125,10.588423728942871,462424.11154174805,6144.126442909241
601,492.364501953125,10.013520240783691,462916.4760437012,6154.139963150024
602,601.441162109375,10.650615692138672,463517.91720581055,6164.790578842163
603,583.2808227539062,10.55321979522705,464101.19802856445,6175.34379863739
604,600.51611328125,11.447803497314453,464701.7141418457,6186.791602134705
605,572.9322509765625,11.161813735961914,465274.64639282227,6197.9534158706665
606,920.1898803710938,11.12623405456543,466194.83627319336,6209.079649925232
607,528.1846923828125,10.51999282836914,466723.0209655762,6219.599642753601
608,536.8192138671875,10.474580764770508,467259.84017944336,6230.074223518372
609,311.4453125,9.721158981323242,467571.28549194336,6239.795382499695
610,395.9768371582031,9.90354061126709,467967.26232910156,6249.698923110962
611,513.394775390625,10.605960845947266,468480.6571044922,6260.304883956909
612,730.1295166015625,10.978666305541992,469210.78662109375,6271.283550262451
613,651.514892578125,10.390892028808594,469862.3015136719,6281.67444229126
614,363.82012939453125,10.534132957458496,470226.1216430664,6292.208575248718
615,560.6060791015625,10.593626976013184,470786.72772216797,6302.802202224731
616,451.8174133300781,10.223057746887207,471238.54513549805,6313.025259971619
617,645.5663452148438,10.306145668029785,471884.1114807129,6323.331405639648
618,518.3037109375,10.697112083435059,472402.4151916504,6334.0285177230835
619,394.091552734375,10.24626636505127,472796.50674438477,6344.274784088135
620,837.891845703125,10.807917594909668,473634.3985900879,6355.082701683044
621,549.9866943359375,10.282440185546875,474184.3852844238,6365.365141868591
622,663.2333374023438,10.882181167602539,474847.6186218262,6376.247323036194
623,690.38916015625,10.377967834472656,475538.0077819824,6386.6252908706665
624,674.8613891601562,10.457818984985352,476212.8691711426,6397.083109855652
625,692.0677490234375,10.348406791687012,476904.936920166,6407.431516647339
626,886.22314453125,11.139703750610352,477791.16006469727,6418.571220397949
627,594.6279907226562,11.276834487915039,478385.7880554199,6429.848054885864
628,419.2955322265625,10.37244701385498,478805.0835876465,6440.220501899719
629,471.40435791015625,9.926884651184082,479276.48794555664,6450.147386550903
630,551.0283203125,10.519874572753906,479827.51626586914,6460.667261123657
631,517.1739501953125,10.29386043548584,480344.69021606445,6470.961121559143
632,440.798583984375,10.133991241455078,480785.4888000488,6481.095112800598
633,577.609130859375,10.460684776306152,481363.0979309082,6491.555797576904
634,768.02099609375,10.615584373474121,482131.11892700195,6502.171381950378
635,704.4127197265625,10.57060432434082,482835.5316467285,6512.741986274719
636,421.83935546875,10.299599647521973,483257.37100219727,6523.041585922241
637,686.1387939453125,10.81112289428711,483943.5097961426,6533.852708816528
638,796.1989135742188,10.688632011413574,484739.7087097168,6544.541340827942
639,684.904052734375,10.359269142150879,485424.6127624512,6554.900609970093
640,657.9365844726562,10.606395721435547,486082.5493469238,6565.507005691528
641,506.8555603027344,10.11450481414795,486589.40490722656,6575.621510505676
642,651.0576782226562,10.80167007446289,487240.4625854492,6586.423180580139
643,619.0989379882812,10.620067596435547,487859.5615234375,6597.043248176575
644,553.1141967773438,10.703511238098145,488412.67572021484,6607.746759414673
645,716.814697265625,10.857274055480957,489129.49041748047,6618.604033470154
646,749.1134033203125,10.59976863861084,489878.6038208008,6629.203802108765
647,759.6492919921875,10.367910385131836,490638.25311279297,6639.5717124938965
648,585.4354248046875,10.459728240966797,491223.68853759766,6650.031440734863
649,306.8847961425781,10.465807914733887,491530.57333374023,6660.497248649597
650,919.7017822265625,11.170894622802734,492450.2751159668,6671.6681432724
651,521.1961669921875,11.191691398620605,492971.471282959,6682.8598346710205
652,755.1026611328125,11.183883666992188,493726.5739440918,6694.043718338013
653,459.4239501953125,10.567501068115234,494185.9978942871,6704.611219406128
654,492.24560546875,10.314155578613281,494678.24349975586,6714.925374984741
655,631.6507568359375,10.6671724319458,495309.8942565918,6725.592547416687
656,585.4924926757812,10.278613090515137,495895.3867492676,6735.871160507202
657,568.4011840820312,10.131187438964844,496463.7879333496,6746.002347946167
658,674.482177734375,10.346556663513184,497138.270111084,6756.34890460968
659,834.93212890625,10.44295883178711,497973.20223999023,6766.791863441467
660,798.5554809570312,10.80074405670166,498771.75772094727,6777.592607498169
661,511.5562438964844,10.557406425476074,499283.31396484375,6788.150013923645
662,604.9195556640625,10.26001262664795,499888.2335205078,6798.410026550293
663,698.59814453125,10.25584602355957,500586.83166503906,6808.6658725738525
664,623.3590087890625,10.51725959777832,501210.1906738281,6819.183132171631
665,537.67578125,10.80914306640625,501747.8664550781,6829.992275238037
666,485.2645263671875,10.340967178344727,502233.1309814453,6840.333242416382
667,540.933349609375,9.752178192138672,502774.0643310547,6850.0854206085205
668,631.984375,10.527442932128906,503406.0487060547,6860.612863540649
669,500.0836181640625,11.081870079040527,503906.13232421875,6871.69473361969
670,690.024658203125,10.357346534729004,504596.1569824219,6882.052080154419
671,564.4117431640625,10.799653053283691,505160.56872558594,6892.851733207703
672,441.8913269042969,10.706839561462402,505602.46005249023,6903.558572769165
673,738.299560546875,11.002017974853516,506340.7596130371,6914.560590744019
674,662.4581298828125,10.591357231140137,507003.2177429199,6925.151947975159
675,418.89984130859375,10.307035446166992,507422.1175842285,6935.458983421326
676,654.22314453125,10.488815307617188,508076.34072875977,6945.947798728943
677,759.5457153320312,10.750475883483887,508835.8864440918,6956.698274612427
678,562.2718505859375,10.829317092895508,509398.15829467773,6967.527591705322
679,647.1400146484375,10.753337860107422,510045.2983093262,6978.28092956543
680,610.8133544921875,10.140969276428223,510656.11166381836,6988.421898841858
681,520.8168334960938,10.361446380615234,511176.92849731445,6998.783345222473
682,534.892578125,10.65358829498291,511711.82107543945,7009.436933517456
683,557.9732666015625,11.138649940490723,512269.794342041,7020.575583457947
684,837.8363037109375,10.322978019714355,513107.63064575195,7030.898561477661
685,483.19940185546875,10.57880687713623,513590.8300476074,7041.477368354797
686,738.0429077148438,10.661017417907715,514328.87295532227,7052.138385772705
687,467.3177490234375,10.827917098999023,514796.1907043457,7062.966302871704
688,564.3173828125,10.18871784210205,515360.5080871582,7073.155020713806
689,563.25927734375,10.300104141235352,515923.76736450195,7083.4551248550415
690,633.51806640625,9.942803382873535,516557.2854309082,7093.397928237915
691,505.6789245605469,10.662420272827148,517062.96435546875,7104.060348510742
692,526.8519287109375,10.597838401794434,517589.8162841797,7114.658186912537
693,750.1154174804688,10.691843032836914,518339.93170166016,7125.3500299453735
694,456.150634765625,10.969953536987305,518796.0823364258,7136.319983482361
695,333.274658203125,10.522218704223633,519129.3569946289,7146.8422021865845
696,719.7222900390625,10.089361190795898,519849.07928466797,7156.93156337738
697,600.5709228515625,10.721975326538086,520449.65020751953,7167.6535387039185
698,618.6187133789062,10.459707260131836,521068.26892089844,7178.11324596405
699,443.03948974609375,10.372506141662598,521511.30841064453,7188.485752105713
700,667.2476196289062,10.2792387008667,522178.55603027344,7198.76499080658
701,502.88677978515625,10.666972160339355,522681.4428100586,7209.431962966919
702,669.0670166015625,10.595953941345215,523350.50982666016,7220.027916908264
703,416.25482177734375,10.644299507141113,523766.7646484375,7230.672216415405
704,524.51806640625,10.446532249450684,524291.2827148438,7241.118748664856
705,594.554443359375,10.392008781433105,524885.8371582031,7251.510757446289
706,490.03533935546875,9.973652839660645,525375.8724975586,7261.48441028595
707,650.957763671875,10.627097129821777,526026.8302612305,7272.1115074157715
708,614.2655029296875,10.60737133026123,526641.0957641602,7282.718878746033
709,543.57080078125,11.020212173461914,527184.6665649414,7293.739090919495
710,714.5977783203125,10.732009887695312,527899.2643432617,7304.47110080719
711,471.121337890625,10.436668395996094,528370.3856811523,7314.907769203186
712,511.28472900390625,10.204800605773926,528881.6704101562,7325.11256980896
713,681.6854248046875,10.494595527648926,529563.3558349609,7335.607165336609
714,688.215087890625,10.465360641479492,530251.5709228516,7346.072525978088
715,615.2744140625,10.922611236572266,530866.8453369141,7356.995137214661
716,427.7639465332031,10.518301010131836,531294.6092834473,7367.5134382247925
717,591.0125732421875,10.236186981201172,531885.6218566895,7377.749625205994
718,381.770751953125,10.751760482788086,532267.3926086426,7388.501385688782
719,426.2705078125,11.030385971069336,532693.6631164551,7399.531771659851
720,365.3085021972656,9.701921463012695,533058.9716186523,7409.233693122864
721,786.37451171875,11.334816932678223,533845.3461303711,7420.568510055542
722,660.095703125,10.977171897888184,534505.4418334961,7431.54568195343
723,424.9035949707031,10.57330322265625,534930.3454284668,7442.118985176086
724,509.71307373046875,10.590032577514648,535440.0585021973,7452.709017753601
725,315.6991882324219,10.385807991027832,535755.7576904297,7463.094825744629
726,438.76751708984375,10.244999885559082,536194.5252075195,7473.339825630188
727,537.2299194335938,10.6163330078125,536731.7551269531,7483.9561586380005
728,614.1572265625,10.768553733825684,537345.9123535156,7494.724712371826
729,614.2621459960938,10.40845775604248,537960.1744995117,7505.133170127869
730,544.38623046875,10.664795875549316,538504.5607299805,7515.797966003418
731,491.2049560546875,10.097952842712402,538995.7656860352,7525.89591884613
732,372.16021728515625,10.232609748840332,539367.9259033203,7536.128528594971
733,735.757080078125,11.93872356414795,540103.6829833984,7548.067252159119
734,392.6934814453125,10.73111343383789,540496.3764648438,7558.7983655929565
735,359.7464904785156,9.75443172454834,540856.1229553223,7568.552797317505
736,450.13812255859375,10.001154899597168,541306.2610778809,7578.553952217102
737,574.3638305664062,10.478883743286133,541880.6249084473,7589.032835960388
738,424.0606689453125,10.032469749450684,542304.6855773926,7599.065305709839
739,462.32257080078125,10.436745643615723,542767.0081481934,7609.502051353455
740,573.331298828125,10.411425590515137,543340.3394470215,7619.91347694397
741,561.5254516601562,10.24853229522705,543901.8648986816,7630.162009239197
742,828.72314453125,10.49111270904541,544730.5880432129,7640.653121948242
743,387.54754638671875,10.310020446777344,545118.1355895996,7650.9631423950195
744,676.8563842773438,10.892821311950684,545794.991973877,7661.85596370697
745,639.4845581054688,11.039650917053223,546434.4765319824,7672.895614624023
746,750.71630859375,11.061800003051758,547185.1928405762,7683.957414627075
747,498.8352966308594,10.529763221740723,547684.028137207,7694.487177848816
748,410.4599304199219,10.362055778503418,548094.488067627,7704.849233627319
749,549.6287841796875,10.13370132446289,548644.1168518066,7714.982934951782
750,624.943603515625,10.432381629943848,549269.0604553223,7725.415316581726
751,661.3630981445312,10.80111312866211,549930.4235534668,7736.216429710388
752,362.5113525390625,10.150782585144043,550292.9349060059,7746.367212295532
753,367.1460876464844,10.49914836883545,550660.0809936523,7756.866360664368
754,521.7252197265625,10.131933212280273,551181.8062133789,7766.998293876648
755,372.16162109375,10.082366943359375,551553.9678344727,7777.080660820007
756,530.6315307617188,10.997025489807129,552084.5993652344,7788.077686309814
757,661.7994384765625,10.882283210754395,552746.3988037109,7798.959969520569
758,458.45867919921875,10.859373092651367,553204.8574829102,7809.81934261322
759,485.9658203125,10.622804641723633,553690.8233032227,7820.442147254944
760,446.4068603515625,10.78501033782959,554137.2301635742,7831.227157592773
761,578.9356689453125,10.621057510375977,554716.1658325195,7841.848215103149
762,456.9623107910156,11.05409049987793,555173.1281433105,7852.902305603027
763,419.35516357421875,11.003087043762207,555592.4833068848,7863.90539264679
764,572.8438720703125,10.680146217346191,556165.3271789551,7874.585538864136
765,576.6483154296875,10.359596252441406,556741.9754943848,7884.945135116577
766,462.695068359375,10.555365562438965,557204.6705627441,7895.500500679016
767,378.03216552734375,9.999095916748047,557582.7027282715,7905.499596595764
768,352.83978271484375,10.545204162597656,557935.5425109863,7916.044800758362
769,503.3017578125,10.622597694396973,558438.8442687988,7926.667398452759
770,560.6762084960938,10.613550186157227,558999.5204772949,7937.280948638916
771,529.5250854492188,10.24320125579834,559529.0455627441,7947.524149894714
772,737.08544921875,10.445466995239258,560266.1310119629,7957.969616889954
773,594.519775390625,10.642144203186035,560860.6507873535,7968.61176109314
774,413.62005615234375,10.5851469039917,561274.2708435059,7979.196907997131
775,439.8135681152344,10.398612022399902,561714.0844116211,7989.595520019531
776,634.7948608398438,11.023619651794434,562348.8792724609,8000.619139671326
777,629.6856689453125,10.631491661071777,562978.5649414062,8011.2506313323975
778,449.4710693359375,10.607625007629395,563428.0360107422,8021.858256340027
779,565.0445556640625,10.368119239807129,563993.0805664062,8032.226375579834
780,436.2398681640625,10.5458345413208,564429.3204345703,8042.772210121155
781,299.0366516113281,10.475812911987305,564728.3570861816,8053.248023033142
782,601.7523193359375,10.874281883239746,565330.1094055176,8064.122304916382
783,663.84326171875,10.774216651916504,565993.9526672363,8074.896521568298
784,648.8607177734375,10.99948787689209,566642.8133850098,8085.89600944519
785,701.261962890625,11.179021835327148,567344.0753479004,8097.075031280518
786,502.07464599609375,11.132702827453613,567846.1499938965,8108.207734107971
787,408.508544921875,10.230928421020508,568254.6585388184,8118.438662528992
788,506.0440979003906,10.294960021972656,568760.7026367188,8128.733622550964
789,621.2086181640625,11.057716369628906,569381.9112548828,8139.791338920593
790,527.3496704101562,10.940950393676758,569909.260925293,8150.73228931427
791,533.463134765625,10.190537452697754,570442.7240600586,8160.922826766968
792,474.6820068359375,10.421832084655762,570917.4060668945,8171.3446588516235
793,511.75323486328125,10.5474271774292,571429.1593017578,8181.892086029053
794,527.4098510742188,10.118552207946777,571956.569152832,8192.010638237
795,465.81298828125,10.72331428527832,572422.3821411133,8202.733952522278
796,250.11607360839844,9.589420318603516,572672.4982147217,8212.323372840881
797,489.92742919921875,10.877700805664062,573162.4256439209,8223.201073646545
798,605.7293701171875,10.594106674194336,573768.1550140381,8233.79518032074
799,371.0630798339844,10.42221450805664,574139.2180938721,8244.217394828796
800,367.0272216796875,11.199527740478516,574506.2453155518,8255.416922569275
801,706.5308837890625,10.84791374206543,575212.7761993408,8266.26483631134
802,521.6204833984375,10.72752857208252,575734.3966827393,8276.992364883423
803,507.53887939453125,10.620298385620117,576241.9355621338,8287.612663269043
804,322.3188781738281,10.239508628845215,576564.2544403076,8297.852171897888
805,509.79974365234375,11.101481437683105,577074.05418396,8308.953653335571
806,667.2886352539062,11.019340515136719,577741.3428192139,8319.972993850708
807,516.0869750976562,10.98322868347168,578257.4297943115,8330.95622253418
808,576.53466796875,10.740532875061035,578833.9644622803,8341.69675540924
809,540.18359375,10.929466247558594,579374.1480560303,8352.6262216568
810,409.71044921875,10.894942283630371,579783.858505249,8363.52116394043
811,515.7528686523438,10.90827465057373,580299.6113739014,8374.429438591003
812,459.1143493652344,10.77420711517334,580758.7257232666,8385.203645706177
813,489.86370849609375,10.768351554870605,581248.5894317627,8395.971997261047
814,281.37615966796875,11.019801139831543,581529.9655914307,8406.991798400879
815,455.5823974609375,11.244400978088379,581985.5479888916,8418.236199378967
816,436.571533203125,10.54622745513916,582422.1195220947,8428.782426834106
817,257.2916259765625,10.330967903137207,582679.4111480713,8439.113394737244
818,761.3877563476562,10.594412803649902,583440.798904419,8449.707807540894
819,538.2119750976562,10.736629486083984,583979.0108795166,8460.444437026978
820,673.6908569335938,11.21924877166748,584652.7017364502,8471.663685798645
821,546.25048828125,10.625889778137207,585198.9522247314,8482.289575576782
822,378.5953369140625,10.696662902832031,585577.5475616455,8492.986238479614
823,263.9414367675781,10.3707914352417,585841.4889984131,8503.357029914856
824,726.9614868164062,11.005335807800293,586568.4504852295,8514.362365722656
825,452.6988830566406,11.294557571411133,587021.1493682861,8525.656923294067
826,504.43768310546875,10.615277290344238,587525.5870513916,8536.272200584412
827,676.181640625,10.31054401397705,588201.7686920166,8546.582744598389
828,633.2017822265625,10.94143009185791,588834.9704742432,8557.524174690247
829,500.9919128417969,10.726792335510254,589335.962387085,8568.250967025757
830,418.0093994140625,10.70604419708252,589753.971786499,8578.95701122284
831,729.3387451171875,10.936399459838867,590483.3105316162,8589.893410682678
832,298.8248291015625,9.654940605163574,590782.1353607178,8599.548351287842
833,715.8749389648438,11.144039154052734,591498.0102996826,8610.692390441895
834,358.9610900878906,10.993896484375,591856.9713897705,8621.68628692627
835,529.9705810546875,11.41955852508545,592386.9419708252,8633.105845451355
836,489.9659729003906,10.601590156555176,592876.9079437256,8643.70743560791
837,829.811767578125,10.583434104919434,593706.7197113037,8654.29086971283
838,537.8189086914062,10.692113876342773,594244.5386199951,8664.982983589172
839,431.4648742675781,10.326417922973633,594676.0034942627,8675.309401512146
840,452.88568115234375,10.901857376098633,595128.889175415,8686.211258888245
841,518.1600341796875,10.549561500549316,595647.0492095947,8696.760820388794
842,444.1031188964844,10.742737770080566,596091.1523284912,8707.503558158875
843,616.90966796875,10.954625129699707,596708.06199646,8718.458183288574
844,676.81201171875,10.8416748046875,597384.8740081787,8729.299858093262
845,479.8137512207031,11.234519004821777,597864.6877593994,8740.534377098083
846,622.9832763671875,10.971656799316406,598487.6710357666,8751.5060338974
847,609.02099609375,11.41411018371582,599096.6920318604,8762.920144081116
848,596.357421875,10.681367874145508,599693.0494537354,8773.601511955261
849,527.6029052734375,10.637136459350586,600220.6523590088,8784.238648414612
850,547.738525390625,10.745899200439453,600768.3908843994,8794.984547615051
851,439.394287109375,10.57636833190918,601207.7851715088,8805.56091594696
852,396.003173828125,10.569581985473633,601603.7883453369,8816.130497932434
853,695.444091796875,11.141682624816895,602299.2324371338,8827.272180557251
854,403.1524658203125,10.516894340515137,602702.3849029541,8837.789074897766
855,426.2100830078125,10.125434875488281,603128.5949859619,8847.914509773254
856,383.27783203125,10.167725563049316,603511.8728179932,8858.082235336304
857,536.7578125,10.752644538879395,604048.6306304932,8868.834879875183
858,451.6883544921875,10.512006759643555,604500.3189849854,8879.346886634827
859,468.4285888671875,11.034055709838867,604968.7475738525,8890.380942344666
860,533.9071044921875,10.705597877502441,605502.6546783447,8901.086540222168
861,389.63494873046875,9.959084510803223,605892.2896270752,8911.045624732971
862,602.3561401367188,10.53858470916748,606494.6457672119,8921.584209442139
863,424.1557312011719,10.552700996398926,606918.8014984131,8932.136910438538
864,457.788818359375,10.602228164672852,607376.5903167725,8942.73913860321
865,379.1241455078125,10.576423645019531,607755.7144622803,8953.31556224823
866,553.9991455078125,10.275003433227539,608309.7136077881,8963.590565681458
867,569.3436279296875,11.259659767150879,608879.0572357178,8974.850225448608
868,578.1752319335938,11.004197120666504,609457.2324676514,8985.854422569275
869,335.0530090332031,9.899054527282715,609792.2854766846,8995.753477096558
870,429.8079833984375,10.521364212036133,610222.093460083,9006.274841308594
871,458.458740234375,11.037182807922363,610680.5522003174,9017.312024116516
872,561.6908569335938,10.787398338317871,611242.243057251,9028.099422454834
873,363.6535339355469,10.465472221374512,611605.8965911865,9038.564894676208
874,389.5179138183594,10.34030818939209,611995.4145050049,9048.9052028656
875,565.2438354492188,10.900659561157227,612560.6583404541,9059.805862426758
876,681.4017333984375,10.629712104797363,613242.0600738525,9070.435574531555
877,480.5147705078125,10.369662284851074,613722.5748443604,9080.805236816406
878,445.60235595703125,10.596664428710938,614168.1772003174,9091.401901245117
879,288.99017333984375,10.360085487365723,614457.1673736572,9101.761986732483
880,568.7236328125,10.493653297424316,615025.8910064697,9112.255640029907
881,545.7734375,11.188465118408203,615571.6644439697,9123.444105148315
882,299.36114501953125,10.112204551696777,615871.0255889893,9133.556309700012
883,322.65631103515625,10.514042854309082,616193.6819000244,9144.070352554321
884,381.58514404296875,10.523482322692871,616575.2670440674,9154.593834877014
885,537.1256713867188,10.727697372436523,617112.3927154541,9165.32153224945
886,537.509033203125,10.632257461547852,617649.9017486572,9175.953789710999
887,259.4225158691406,10.185713768005371,617909.3242645264,9186.139503479004
888,405.5615539550781,10.9148530960083,618314.8858184814,9197.054356575012
889,648.33203125,10.885019302368164,618963.2178497314,9207.93937587738
890,570.9835205078125,10.94379997253418,619534.2013702393,9218.883175849915
891,643.8314208984375,11.35062026977539,620178.0327911377,9230.23379611969
892,442.0617980957031,10.653412818908691,620620.0945892334,9240.887208938599
893,437.62542724609375,10.123785018920898,621057.7200164795,9251.01099395752
894,446.1171875,10.457235336303711,621503.8372039795,9261.468229293823
895,469.9637145996094,10.980731964111328,621973.8009185791,9272.448961257935
896,802.5286254882812,11.169483184814453,622776.3295440674,9283.618444442749
897,401.2499694824219,10.574930191040039,623177.5795135498,9294.193374633789
898,469.20306396484375,10.828413963317871,623646.7825775146,9305.021788597107
899,328.3879699707031,10.771740913391113,623975.1705474854,9315.793529510498
900,375.17791748046875,10.619746208190918,624350.3484649658,9326.413275718689
901,542.1434326171875,11.164321899414062,624892.491897583,9337.577597618103
902,519.1434326171875,11.110283851623535,625411.6353302002,9348.687881469727
903,704.4600830078125,10.989069938659668,626116.095413208,9359.676951408386
904,535.7437744140625,10.132131576538086,626651.8391876221,9369.809082984924
905,579.60546875,10.462812423706055,627231.4446563721,9380.27189540863
906,552.96728515625,10.958494186401367,627784.4119415283,9391.230389595032
907,618.2230224609375,10.640527725219727,628402.6349639893,9401.870917320251
908,430.6492919921875,10.804306983947754,628833.2842559814,9412.6752243042
909,566.60302734375,11.09004020690918,629399.8872833252,9423.765264511108
910,668.186767578125,10.771238327026367,630068.0740509033,9434.536502838135
911,465.83447265625,10.683854103088379,630533.9085235596,9445.220356941223
912,645.3306884765625,10.81192684173584,631179.2392120361,9456.032283782959
913,431.689453125,11.31622314453125,631610.9286651611,9467.34850692749
914,502.8864440917969,10.776504516601562,632113.8151092529,9478.125011444092
915,725.64111328125,10.89252758026123,632839.4562225342,9489.017539024353
916,653.3329467773438,11.12537956237793,633492.7891693115,9500.142918586731
917,593.3133544921875,10.934734344482422,634086.1025238037,9511.077652931213
918,326.214599609375,10.113361358642578,634412.3171234131,9521.191014289856
919,544.9273681640625,10.494078636169434,634957.2444915771,9531.685092926025
920,567.36181640625,10.816075325012207,635524.6063079834,9542.501168251038
921,455.16229248046875,10.286510467529297,635979.7686004639,9552.787678718567
922,610.2364501953125,11.063474655151367,636590.0050506592,9563.851153373718
923,740.9674682617188,10.751041412353516,637330.9725189209,9574.602194786072
924,519.390625,10.303556442260742,637850.3631439209,9584.905751228333
925,375.8865966796875,10.16182804107666,638226.2497406006,9595.06757926941
926,571.2882690429688,10.448360443115234,638797.5380096436,9605.515939712524
927,573.279541015625,11.586825370788574,639370.8175506592,9617.102765083313
928,494.23388671875,10.964620590209961,639865.0514373779,9628.067385673523
929,273.91229248046875,9.978545188903809,640138.9637298584,9638.045930862427
930,391.083251953125,10.977523803710938,640530.0469818115,9649.023454666138
931,465.12786865234375,11.357707977294922,640995.1748504639,9660.381162643433
932,459.4644775390625,10.651126861572266,641454.6393280029,9671.032289505005
933,741.9640502929688,11.035816192626953,642196.6033782959,9682.068105697632
934,658.6912841796875,10.483915328979492,642855.2946624756,9692.552021026611
935,333.3695983886719,10.493202209472656,643188.6642608643,9703.045223236084
936,987.243896484375,11.179544448852539,644175.9081573486,9714.224767684937
937,598.3475341796875,11.225945472717285,644774.2556915283,9725.450713157654
938,535.014892578125,10.59135627746582,645309.2705841064,9736.04206943512
939,361.8302001953125,9.937572479248047,645671.1007843018,9745.979641914368
940,567.9483032226562,11.289604187011719,646239.0490875244,9757.26924610138
941,453.1483154296875,11.588112831115723,646692.1974029541,9768.857358932495
942,493.5918273925781,10.276432991027832,647185.7892303467,9779.133791923523
943,627.4783935546875,10.725427627563477,647813.2676239014,9789.859219551086
944,477.9387512207031,10.232481956481934,648291.2063751221,9800.091701507568
945,521.66455078125,10.876911163330078,648812.8709259033,9810.968612670898
946,611.5894775390625,10.946187973022461,649424.4604034424,9821.91480064392
947,574.0921020507812,10.778281211853027,649998.5525054932,9832.693081855774
948,603.1761474609375,10.863734245300293,650601.7286529541,9843.556816101074
949,506.2225646972656,10.95018196105957,651107.9512176514,9854.506998062134
950,462.00640869140625,10.5081148147583,651569.9576263428,9865.015112876892
951,392.5926513671875,10.53255844116211,651962.55027771,9875.547671318054
952,460.0358581542969,10.678556442260742,652422.5861358643,9886.226227760315
953,386.62744140625,10.484527587890625,652809.2135772705,9896.710755348206
954,615.0317993164062,10.275854110717773,653424.2453765869,9906.986609458923
955,382.62530517578125,10.431212425231934,653806.8706817627,9917.417821884155
956,682.4341430664062,10.488797187805176,654489.3048248291,9927.90661907196
957,583.7745361328125,10.891761779785156,655073.0793609619,9938.798380851746
958,628.2384033203125,10.902790069580078,655701.3177642822,9949.701170921326
959,654.8969116210938,11.516082763671875,656356.2146759033,9961.217253684998
960,455.8666076660156,11.638181686401367,656812.0812835693,9972.855435371399
961,404.6209411621094,10.19796371459961,657216.7022247314,9983.053399085999
962,365.98846435546875,10.678772926330566,657582.6906890869,9993.73217201233
963,420.7225341796875,10.448046684265137,658003.4132232666,10004.180218696594
964,764.3953857421875,10.69202995300293,658767.8086090088,10014.872248649597
965,771.9697265625,10.927438735961914,659539.7783355713,10025.799687385559
966,515.1823120117188,11.426779747009277,660054.960647583,10037.226467132568
967,782.4417724609375,11.474306106567383,660837.402420044,10048.700773239136
968,647.8157348632812,10.569459915161133,661485.2181549072,10059.270233154297
969,697.6170654296875,10.659134864807129,662182.8352203369,10069.929368019104
970,420.6098937988281,10.50286865234375,662603.4451141357,10080.432236671448
971,520.5105590820312,10.530125617980957,663123.9556732178,10090.962362289429
972,543.6288452148438,11.557440757751465,663667.5845184326,10102.51980304718
973,462.19488525390625,11.031478881835938,664129.7794036865,10113.551281929016
974,591.5302124023438,10.817390441894531,664721.3096160889,10124.36867237091
975,552.52392578125,10.639297485351562,665273.8335418701,10135.007969856262
976,454.9033203125,11.282318115234375,665728.7368621826,10146.290287971497
977,434.48492431640625,10.91925048828125,666163.221786499,10157.209538459778
978,639.0869140625,11.100940704345703,666802.3087005615,10168.310479164124
979,476.47607421875,10.288763999938965,667278.7847747803,10178.599243164062
980,329.32672119140625,10.833003044128418,667608.1114959717,10189.432246208191
981,350.1168212890625,10.554876327514648,667958.2283172607,10199.987122535706
982,415.044921875,10.970203399658203,668373.2732391357,10210.957325935364
983,519.7347412109375,10.388988494873047,668893.0079803467,10221.346314430237
984,481.7163391113281,10.441368103027344,669374.724319458,10231.787682533264
985,568.170654296875,11.087474822998047,669942.8949737549,10242.875157356262
986,546.7919311523438,10.390170097351074,670489.6869049072,10253.265327453613
987,614.037109375,10.553314208984375,671103.7240142822,10263.818641662598
988,557.7972412109375,10.726272583007812,671661.5212554932,10274.544914245605
989,634.3616943359375,10.882366180419922,672295.8829498291,10285.427280426025
990,563.5198974609375,10.635283470153809,672859.40284729,10296.06256389618
991,549.684326171875,10.614978790283203,673409.0871734619,10306.677542686462
992,393.10528564453125,10.332276344299316,673802.1924591064,10317.009819030762
993,447.6575622558594,10.237591743469238,674249.8500213623,10327.247410774231
994,403.11212158203125,10.585063934326172,674652.9621429443,10337.832474708557
995,677.3875122070312,11.140883445739746,675330.3496551514,10348.973358154297
996,453.19781494140625,10.72812271118164,675783.5474700928,10359.701480865479
997,556.95751953125,10.719432830810547,676340.504989624,10370.420913696289
998,569.2001953125,10.555323600769043,676909.7051849365,10380.976237297058
999,670.2352294921875,10.941822052001953,677579.9404144287,10391.91805934906
1000,471.93560791015625,10.55850601196289,678051.8760223389,10402.476565361023
1001,553.70751953125,11.040982246398926,678605.5835418701,10413.517547607422
1002,346.9512939453125,10.841181755065918,678952.5348358154,10424.358729362488
1003,311.6357421875,10.377856254577637,679264.1705780029,10434.736585617065
1004,457.7761535644531,11.022411346435547,679721.9467315674,10445.758996963501
1005,394.13812255859375,10.916558265686035,680116.084854126,10456.675555229187
1006,425.38006591796875,10.991277694702148,680541.464920044,10467.66683292389
1007,466.6555480957031,10.354486465454102,681008.1204681396,10478.021319389343
1008,378.7672119140625,10.8612642288208,681386.8876800537,10488.882583618164
1009,601.715576171875,10.783297538757324,681988.6032562256,10499.665881156921
1010,467.906005859375,10.386971473693848,682456.509262085,10510.052852630615
1011,475.8701171875,10.683835983276367,682932.3793792725,10520.736688613892
1012,648.33251953125,11.034905433654785,683580.7118988037,10531.771594047546
1013,476.04913330078125,10.523516654968262,684056.7610321045,10542.295110702515
1014,551.1973876953125,11.170658111572266,684607.9584197998,10553.465768814087
1015,550.162353515625,10.489432334899902,685158.1207733154,10563.955201148987
1016,446.6319580078125,11.370291709899902,685604.7527313232,10575.325492858887
1017,529.7373657226562,10.742547035217285,686134.4900970459,10586.068039894104
1018,392.3800048828125,10.384639739990234,686526.8701019287,10596.452679634094
1019,465.50323486328125,10.582895278930664,686992.373336792,10607.035574913025
1020,441.62554931640625,10.910470962524414,687433.9988861084,10617.94604587555
1021,582.5525512695312,10.260732650756836,688016.5514373779,10628.206778526306
1022,521.772705078125,10.696464538574219,688538.324142456,10638.90324306488
1023,457.1507263183594,10.18306827545166,688995.4748687744,10649.086311340332
1024,610.7884521484375,11.442549705505371,689606.2633209229,10660.528861045837
1025,435.181396484375,10.430363655090332,690041.4447174072,10670.959224700928
1026,611.3250732421875,10.84827995300293,690652.7697906494,10681.80750465393
1027,429.13958740234375,10.823272705078125,691081.9093780518,10692.630777359009
1028,530.7548828125,11.132841110229492,691612.6642608643,10703.763618469238
1029,343.2129211425781,10.590964317321777,691955.8771820068,10714.35458278656
1030,482.59765625,10.691610336303711,692438.4748382568,10725.046193122864
1031,469.98431396484375,10.959458351135254,692908.4591522217,10736.005651473999
1032,575.718994140625,10.724616050720215,693484.1781463623,10746.73026752472
1033,381.37054443359375,11.37282943725586,693865.5486907959,10758.103096961975
1034,428.5364074707031,10.94599437713623,694294.0850982666,10769.049091339111
1035,499.40533447265625,11.246585845947266,694793.4904327393,10780.295677185059
1036,616.4240112304688,10.673934936523438,695409.9144439697,10790.969612121582
1037,616.3583984375,10.524031639099121,696026.2728424072,10801.493643760681
1038,547.247802734375,10.237661361694336,696573.5206451416,10811.731305122375
1039,425.1927490234375,10.928055763244629,696998.713394165,10822.65936088562
1040,583.650390625,11.433382034301758,697582.36378479,10834.092742919922
1041,467.4218444824219,11.136340141296387,698049.7856292725,10845.229083061218
1042,362.49383544921875,10.95284652709961,698412.2794647217,10856.181929588318
1043,353.8294982910156,10.01615047454834,698766.1089630127,10866.198080062866
1044,513.4466552734375,11.12513256072998,699279.5556182861,10877.323212623596
1045,508.40728759765625,10.919095993041992,699787.9629058838,10888.242308616638
1046,363.52764892578125,10.907026290893555,700151.4905548096,10899.149334907532
1047,632.224609375,10.61027717590332,700783.7151641846,10909.759612083435
1048,602.37548828125,11.128303527832031,701386.0906524658,10920.887915611267
1049,453.3520202636719,10.797571182250977,701839.4426727295,10931.685486793518
1050,507.4493408203125,11.015274047851562,702346.8920135498,10942.70076084137
1051,515.9788818359375,10.419876098632812,702862.8708953857,10953.120636940002
1052,507.80206298828125,10.649565696716309,703370.672958374,10963.770202636719
1053,367.1876525878906,10.81692886352539,703737.8606109619,10974.587131500244
1054,534.9743041992188,10.572531700134277,704272.8349151611,10985.159663200378
1055,538.9893798828125,10.916427612304688,704811.824295044,10996.076090812683
1056,281.423583984375,10.117046356201172,705093.2478790283,11006.193137168884
1057,331.51788330078125,10.576925277709961,705424.7657623291,11016.770062446594
1058,399.5518798828125,10.614015579223633,705824.3176422119,11027.384078025818
1059,446.6636962890625,10.973169326782227,706270.981338501,11038.3572473526
1060,361.42181396484375,11.08669376373291,706632.4031524658,11049.443941116333
1061,527.107177734375,10.913337707519531,707159.5103302002,11060.357278823853
1062,409.63531494140625,10.453658103942871,707569.1456451416,11070.810936927795
1063,495.0379943847656,11.225336074829102,708064.1836395264,11082.036273002625
1064,526.9224243164062,10.782327651977539,708591.1060638428,11092.818600654602
1065,583.3370361328125,10.942010879516602,709174.4430999756,11103.760611534119
1066,476.249267578125,10.989843368530273,709650.6923675537,11114.750454902649
1067,429.850341796875,11.159225463867188,710080.5427093506,11125.909680366516
1068,316.789794921875,10.771227836608887,710397.3325042725,11136.680908203125
1069,433.08154296875,11.523545265197754,710830.4140472412,11148.204453468323
1070,490.678955078125,10.542892456054688,711321.0930023193,11158.747345924377
1071,518.78955078125,10.609577178955078,711839.8825531006,11169.356923103333
1072,471.25555419921875,10.888407707214355,712311.1381072998,11180.245330810547
1073,538.6351928710938,11.431960105895996,712849.7733001709,11191.677290916443
1074,439.6280517578125,10.989903450012207,713289.4013519287,11202.667194366455
1075,626.6806640625,11.271539688110352,713916.0820159912,11213.938734054565
1076,489.85321044921875,10.832019805908203,714405.9352264404,11224.770753860474
1077,591.7291870117188,11.230210304260254,714997.6644134521,11236.000964164734
1078,443.1982727050781,10.410489082336426,715440.8626861572,11246.41145324707
1079,679.2813720703125,11.828025817871094,716120.1440582275,11258.239479064941
1080,344.9337158203125,10.709272384643555,716465.0777740479,11268.948751449585
1081,360.15582275390625,10.993635177612305,716825.2335968018,11279.942386627197
1082,454.91986083984375,10.442851066589355,717280.1534576416,11290.385237693787
1083,465.52215576171875,10.735454559326172,717745.6756134033,11301.120692253113
1084,522.0018920898438,11.39401626586914,718267.6775054932,11312.514708518982
1085,483.8704833984375,11.54033088684082,718751.5479888916,11324.055039405823
1086,364.3441162109375,10.440046310424805,719115.8921051025,11334.495085716248
1087,458.3846435546875,10.642142295837402,719574.2767486572,11345.137228012085
1088,356.7491149902344,10.99276065826416,719931.0258636475,11356.12998867035
1089,394.80938720703125,10.371280670166016,720325.8352508545,11366.501269340515
1090,463.2135009765625,10.966022491455078,720789.048751831,11377.46729183197
1091,546.0172119140625,10.78922176361084,721335.0659637451,11388.256513595581
1092,462.142578125,10.414169311523438,721797.2085418701,11398.670682907104
1093,295.8210144042969,10.697701454162598,722093.0295562744,11409.368384361267
1094,386.0107421875,10.889541625976562,722479.0402984619,11420.257925987244
1095,573.1812133789062,10.819926261901855,723052.2215118408,11431.077852249146
1096,422.6751403808594,11.246484756469727,723474.8966522217,11442.324337005615
1097,407.827392578125,10.819284439086914,723882.7240447998,11453.143621444702
1098,393.29302978515625,10.570021629333496,724276.017074585,11463.713643074036
1099,637.4744873046875,11.118037223815918,724913.4915618896,11474.831680297852
1100,452.0540771484375,10.894822120666504,725365.5456390381,11485.726502418518
1101,469.15667724609375,11.458548545837402,725834.7023162842,11497.185050964355
1102,532.95166015625,10.959932327270508,726367.6539764404,11508.144983291626
1103,473.7674560546875,11.341641426086426,726841.4214324951,11519.486624717712
1104,335.02349853515625,10.116639137268066,727176.4449310303,11529.60326385498
1105,611.616455078125,10.363216400146484,727788.0613861084,11539.966480255127
1106,367.97247314453125,10.640737533569336,728156.0338592529,11550.607217788696
1107,499.70062255859375,11.144442558288574,728655.7344818115,11561.751660346985
1108,490.3492126464844,10.682723045349121,729146.083694458,11572.434383392334
1109,324.717041015625,10.797863960266113,729470.8007354736,11583.2322473526
1110,372.31585693359375,10.428800582885742,729843.1165924072,11593.661047935486
1111,471.9173278808594,11.200634002685547,730315.0339202881,11604.861681938171
1112,472.130615234375,11.090829849243164,730787.1645355225,11615.952511787415
1113,449.2069091796875,11.2789306640625,731236.3714447021,11627.231442451477
1114,479.5638427734375,10.945302963256836,731715.9352874756,11638.176745414734
1115,436.96502685546875,11.143917083740234,732152.900314331,11649.320662498474
1116,351.49639892578125,10.070998191833496,732504.3967132568,11659.391660690308
1117,315.25006103515625,10.348265647888184,732819.646774292,11669.739926338196
1118,415.4400634765625,10.775812149047852,733235.0868377686,11680.515738487244
1119,382.3157958984375,11.082624435424805,733617.402633667,11691.598362922668
1120,388.1478271484375,10.357749938964844,734005.5504608154,11701.956112861633
1121,558.678955078125,11.257399559020996,734564.2294158936,11713.213512420654
1122,488.65252685546875,11.379878997802734,735052.881942749,11724.593391418457
1123,340.470703125,10.896764755249023,735393.352645874,11735.490156173706
1124,340.1924743652344,10.202681541442871,735733.5451202393,11745.692837715149
1125,454.67987060546875,11.616996765136719,736188.2249908447,11757.309834480286
1126,424.6778564453125,10.621819496154785,736612.90284729,11767.93165397644
1127,233.51548767089844,9.520683288574219,736846.4183349609,11777.452337265015
1128,671.6251220703125,10.942978858947754,737518.0434570312,11788.395316123962
1129,488.332763671875,11.099264144897461,738006.3762207031,11799.49458026886
1130,445.4600524902344,10.761133193969727,738451.8362731934,11810.25571346283
1131,399.4020080566406,10.287612915039062,738851.23828125,11820.543326377869
1132,504.863037109375,11.661260604858398,739356.1013183594,11832.204586982727
1133,532.78564453125,11.21152114868164,739888.8869628906,11843.416108131409
1134,385.86468505859375,11.054848670959473,740274.7516479492,11854.470956802368
1135,326.2602844238281,10.251717567443848,740601.011932373,11864.722674369812
1136,422.8005065917969,10.997889518737793,741023.8124389648,11875.72056388855
1137,455.84283447265625,11.358135223388672,741479.6552734375,11887.078699111938
1138,365.20587158203125,10.356791496276855,741844.8611450195,11897.435490608215
1139,484.49957275390625,10.960124969482422,742329.3607177734,11908.395615577698
1140,402.1189270019531,10.720602989196777,742731.4796447754,11919.116218566895
1141,478.604736328125,10.883594512939453,743210.0843811035,11929.999813079834
1142,565.59033203125,11.318241119384766,743775.6747131348,11941.318054199219
1143,456.0086364746094,10.56726360321045,744231.6833496094,11951.88531780243
1144,322.61712646484375,10.797309875488281,744554.3004760742,11962.682627677917
1145,502.87481689453125,11.034628868103027,745057.1752929688,11973.71725654602
1146,523.1334228515625,10.679965019226074,745580.3087158203,11984.397221565247
1147,279.14569091796875,10.697550773620605,745859.4544067383,11995.094772338867
1148,457.13427734375,11.127860069274902,746316.588684082,12006.222632408142
1149,466.82470703125,10.633143424987793,746783.4133911133,12016.85577583313
1150,464.20697021484375,11.18310260772705,747247.6203613281,12028.038878440857
1151,753.81884765625,10.785455703735352,748001.4392089844,12038.824334144592
1152,493.1462097167969,11.136360168457031,748494.5854187012,12049.96069431305
1153,304.2319030761719,10.300191879272461,748798.8173217773,12060.260886192322
1154,488.19219970703125,10.939797401428223,749287.0095214844,12071.20068359375
1155,361.4996032714844,11.703524589538574,749648.5091247559,12082.904208183289
1156,263.49407958984375,10.276346206665039,749912.0032043457,12093.180554389954
1157,359.72491455078125,11.461753845214844,750271.7281188965,12104.642308235168
1158,437.4307861328125,11.10224437713623,750709.1589050293,12115.744552612305
1159,475.16949462890625,11.242987632751465,751184.3283996582,12126.987540245056
1160,272.370361328125,10.87556266784668,751456.6987609863,12137.863102912903
1161,429.6471862792969,10.992993354797363,751886.3459472656,12148.8560962677
1162,505.0948486328125,10.907678604125977,752391.4407958984,12159.763774871826
1163,337.613037109375,10.436020851135254,752729.0538330078,12170.199795722961
1164,361.2420349121094,10.218167304992676,753090.2958679199,12180.417963027954
1165,372.924072265625,10.724576950073242,753463.2199401855,12191.142539978027
1166,530.7049560546875,10.704676628112793,753993.9248962402,12201.84721660614
1167,535.4881591796875,10.490300178527832,754529.4130554199,12212.337516784668
1168,427.7884521484375,11.292402267456055,754957.2015075684,12223.629919052124
1169,358.7515563964844,10.639159202575684,755315.9530639648,12234.2690782547
1170,492.03863525390625,10.822139739990234,755807.9916992188,12245.09121799469
1171,638.7532958984375,10.825031280517578,756446.7449951172,12255.916249275208
1172,442.3852233886719,11.267829895019531,756889.1302185059,12267.184079170227
1173,504.2345275878906,10.552445411682129,757393.3647460938,12277.73652458191
1174,465.0689697265625,10.93759536743164,757858.4337158203,12288.67411994934
1175,487.06939697265625,10.580475807189941,758345.503112793,12299.25459575653
1176,282.14251708984375,10.853352546691895,758627.6456298828,12310.107948303223
1177,499.503662109375,10.780747413635254,759127.1492919922,12320.888695716858
1178,655.4937744140625,11.200404167175293,759782.6430664062,12332.089099884033
1179,462.0556640625,11.005226135253906,760244.6987304688,12343.094326019287
1180,564.0147094726562,10.224591255187988,760808.7134399414,12353.318917274475
1181,317.339111328125,11.296141624450684,761126.0525512695,12364.615058898926
1182,312.87158203125,10.791563034057617,761438.9241333008,12375.406621932983
1183,495.2853088378906,10.842705726623535,761934.2094421387,12386.249327659607
1184,448.9306640625,10.754279136657715,762383.1401062012,12397.003606796265
1185,484.0693664550781,10.332945823669434,762867.2094726562,12407.336552619934
1186,595.300048828125,11.206659317016602,763462.5095214844,12418.54321193695
1187,448.63348388671875,10.751161575317383,763911.1430053711,12429.294373512268
1188,476.93408203125,11.420985221862793,764388.0770874023,12440.71535873413
1189,496.91180419921875,11.384828567504883,764884.9888916016,12452.100187301636
1190,427.4677429199219,10.962323188781738,765312.4566345215,12463.062510490417
1191,349.88397216796875,10.559261322021484,765662.3406066895,12473.621771812439
1192,370.09356689453125,11.396247863769531,766032.434173584,12485.018019676208
1193,562.382080078125,10.952831268310547,766594.8162536621,12495.970850944519
1194,574.10107421875,11.134810447692871,767168.9173278809,12507.105661392212
1195,512.529541015625,10.483057022094727,767681.4468688965,12517.588718414307
1196,366.41473388671875,10.339312553405762,768047.8616027832,12527.928030967712
1197,290.65234375,10.40078353881836,768338.5139465332,12538.32881450653
1198,591.35009765625,11.42270565032959,768929.8640441895,12549.75152015686
1199,492.97344970703125,10.719712257385254,769422.8374938965,12560.471232414246
1200,526.6071166992188,10.861231803894043,769949.4446105957,12571.33246421814
1201,546.8357543945312,10.725410461425781,770496.2803649902,12582.057874679565
1202,613.736328125,11.066091537475586,771110.0166931152,12593.123966217041
1203,517.8230590820312,11.095782279968262,771627.8397521973,12604.21974849701
1204,405.8052978515625,11.787769317626953,772033.6450500488,12616.007517814636
1205,371.2191467285156,11.05295181274414,772404.8641967773,12627.06046962738
1206,426.4755859375,10.777974128723145,772831.3397827148,12637.838443756104
1207,562.8465576171875,11.230084419250488,773394.186340332,12649.068528175354
1208,425.18548583984375,10.681431770324707,773819.3718261719,12659.749959945679
1209,327.05438232421875,10.61154556274414,774146.4262084961,12670.361505508423
1210,616.5126953125,12.073274612426758,774762.9389038086,12682.43478012085
1211,335.496826171875,10.783360481262207,775098.4357299805,12693.218140602112
1212,434.66070556640625,11.583839416503906,775533.0964355469,12704.801980018616
1213,462.31658935546875,11.212543487548828,775995.4130249023,12716.014523506165
1214,354.309326171875,11.196403503417969,776349.7223510742,12727.210927009583
1215,480.1763916015625,10.651095390319824,776829.8987426758,12737.862022399902
1216,528.5991821289062,10.6788969039917,777358.4979248047,12748.540919303894
1217,329.32037353515625,10.318888664245605,777687.8182983398,12758.85980796814
1218,470.57513427734375,11.827078819274902,778158.3934326172,12770.686886787415
1219,488.45556640625,11.222288131713867,778646.8489990234,12781.909174919128
1220,473.0526123046875,10.880182266235352,779119.9016113281,12792.789357185364
1221,542.4901123046875,10.828200340270996,779662.3917236328,12803.617557525635
1222,394.64544677734375,10.815053939819336,780057.0371704102,12814.432611465454
1223,387.6973876953125,10.30996036529541,780444.7345581055,12824.74257183075
1224,458.830810546875,12.02185344696045,780903.5653686523,12836.76442527771
1225,511.1453857421875,11.393403053283691,781414.7107543945,12848.157828330994
1226,353.2200927734375,11.525272369384766,781767.930847168,12859.683100700378
1227,592.2977294921875,11.601408004760742,782360.2285766602,12871.28450870514
1228,466.73602294921875,10.611791610717773,782826.9645996094,12881.896300315857
1229,233.51806640625,10.478208541870117,783060.4826660156,12892.374508857727
1230,391.9259033203125,10.81597900390625,783452.4085693359,12903.190487861633
1231,350.4886474609375,10.594639778137207,783802.8972167969,12913.78512763977
1232,542.2857666015625,10.74455738067627,784345.1829833984,12924.529685020447
1233,503.0264892578125,11.384722709655762,784848.2094726562,12935.914407730103
1234,282.072265625,11.22700309753418,785130.2817382812,12947.141410827637
1235,493.225830078125,10.585721969604492,785623.5075683594,12957.727132797241
1236,333.6927490234375,10.051578521728516,785957.2003173828,12967.77871131897
1237,483.2177734375,10.832778930664062,786440.4180908203,12978.611490249634
1238,392.82476806640625,10.144582748413086,786833.2428588867,12988.756072998047
1239,340.0834045410156,10.437017440795898,787173.3262634277,12999.193090438843
1240,479.9488525390625,10.623919486999512,787653.2751159668,13009.817009925842
1241,437.4512939453125,11.14260482788086,788090.7264099121,13020.959614753723
1242,632.5789794921875,11.067835807800293,788723.3053894043,13032.027450561523
1243,536.24072265625,10.923306465148926,789259.5461120605,13042.950757026672
1244,414.98126220703125,11.241280555725098,789674.5273742676,13054.192037582397
1245,243.33010864257812,10.831415176391602,789917.8574829102,13065.023452758789
1246,476.157958984375,11.084458351135254,790394.0154418945,13076.107911109924
1247,333.2898254394531,10.357162475585938,790727.305267334,13086.46507358551
1248,306.21875,10.417149543762207,791033.524017334,13096.882223129272
1249,482.4889221191406,11.706853866577148,791516.0129394531,13108.58907699585
1250,425.009521484375,11.09389591217041,791941.0224609375,13119.68297290802
1251,588.349853515625,11.048855781555176,792529.3723144531,13130.731828689575
1252,355.36767578125,11.300091743469238,792884.7399902344,13142.031920433044
1253,483.91943359375,10.98473072052002,793368.6594238281,13153.016651153564
1254,445.50762939453125,10.648224830627441,793814.1670532227,13163.664875984192
1255,388.00665283203125,10.668999671936035,794202.1737060547,13174.333875656128
1256,372.321533203125,11.103148460388184,794574.4952392578,13185.437024116516
1257,328.57568359375,10.826933860778809,794903.0709228516,13196.263957977295
1258,492.34368896484375,10.89649772644043,795395.4146118164,13207.160455703735
1259,538.541015625,11.095444679260254,795933.9556274414,13218.255900382996
1260,429.12652587890625,10.673904418945312,796363.0821533203,13228.929804801941
1261,411.1060485839844,10.514272689819336,796774.1882019043,13239.44407749176
1262,353.0133972167969,10.566890716552734,797127.2015991211,13250.010968208313
1263,232.70263671875,10.394319534301758,797359.9042358398,13260.405287742615
1264,570.0844116210938,11.623725891113281,797929.9886474609,13272.029013633728
1265,379.01385498046875,10.705976486206055,798309.0025024414,13282.734990119934
1266,368.4837646484375,11.241128921508789,798677.4862670898,13293.976119041443
1267,316.1642150878906,11.247693061828613,798993.6504821777,13305.223812103271
1268,502.16387939453125,11.021815299987793,799495.8143615723,13316.24562740326
1269,483.21441650390625,11.062376976013184,799979.0287780762,13327.308004379272
1270,401.2283935546875,10.67796802520752,800380.2571716309,13337.98597240448
1271,520.18017578125,10.944493293762207,800900.4373474121,13348.930465698242
1272,485.625732421875,11.525412559509277,801386.063079834,13360.455878257751
1273,301.21063232421875,10.634220123291016,801687.2737121582,13371.090098381042
1274,278.97283935546875,10.429427146911621,801966.2465515137,13381.519525527954
1275,370.65789794921875,10.729196548461914,802336.9044494629,13392.248722076416
1276,388.34417724609375,10.599201202392578,802725.248626709,13402.847923278809
1277,286.43133544921875,11.454254150390625,803011.6799621582,13414.3021774292
1278,307.5386962890625,10.27029800415039,803319.2186584473,13424.57247543335
1279,500.35687255859375,10.899877548217773,803819.5755310059,13435.472352981567
1280,388.591552734375,11.170159339904785,804208.1670837402,13446.642512321472
1281,275.843017578125,11.611071586608887,804484.0101013184,13458.253583908081
1282,283.308837890625,10.568693161010742,804767.318939209,13468.822277069092
1283,328.4703369140625,10.7035493850708,805095.789276123,13479.525826454163
1284,378.10986328125,11.35092544555664,805473.8991394043,13490.87675189972
1285,301.6986389160156,10.234662055969238,805775.5977783203,13501.111413955688
1286,451.3600769042969,10.491312980651855,806226.9578552246,13511.60272693634
1287,586.651611328125,11.346714973449707,806813.6094665527,13522.94944190979
1288,619.1124267578125,11.043209075927734,807432.7218933105,13533.992650985718
1289,548.8369750976562,11.41657543182373,807981.5588684082,13545.409226417542
1290,548.4296264648438,11.260639190673828,808529.988494873,13556.669865608215
1291,515.552978515625,11.632551193237305,809045.5414733887,13568.302416801453
1292,346.51348876953125,10.639347076416016,809392.0549621582,13578.941763877869
1293,404.1746826171875,10.985374450683594,809796.2296447754,13589.927138328552
1294,525.3901977539062,10.823941230773926,810321.6198425293,13600.751079559326
1295,357.115234375,10.924955368041992,810678.7350769043,13611.676034927368
1296,462.00830078125,10.730636596679688,811140.7433776855,13622.406671524048
1297,273.6694030761719,10.048569679260254,811414.4127807617,13632.455241203308
1298,565.6307373046875,11.707968711853027,811980.0435180664,13644.163209915161
1299,400.9009094238281,10.901541709899902,812380.9444274902,13655.064751625061
1300,433.7814636230469,11.004120826721191,812814.7258911133,13666.068872451782
1301,475.2170104980469,10.593422889709473,813289.9429016113,13676.662295341492
1302,329.1431884765625,10.660079956054688,813619.0860900879,13687.322375297546
1303,446.13983154296875,10.568424224853516,814065.2259216309,13697.8907995224
1304,553.055908203125,10.885773658752441,814618.281829834,13708.776573181152
1305,468.38116455078125,10.908459663391113,815086.6629943848,13719.685032844543
1306,391.1745300292969,11.397069931030273,815477.8375244141,13731.082102775574
1307,373.85052490234375,11.852843284606934,815851.6880493164,13742.93494606018
1308,395.9419250488281,11.277670860290527,816247.6299743652,13754.212616920471
1309,432.9422302246094,11.1557035446167,816680.5722045898,13765.368320465088
1310,594.4209594726562,11.077136993408203,817274.9931640625,13776.445457458496
1311,265.76348876953125,10.32559585571289,817540.756652832,13786.771053314209
1312,303.8597106933594,10.904064178466797,817844.6163635254,13797.675117492676
1313,525.3945922851562,10.957284927368164,818370.0109558105,13808.632402420044
1314,326.86700439453125,11.015008926391602,818696.8779602051,13819.647411346436
1315,441.891357421875,10.66154956817627,819138.769317627,13830.308960914612
1316,387.01373291015625,11.090791702270508,819525.7830505371,13841.399752616882
1317,422.52471923828125,11.056692123413086,819948.3077697754,13852.456444740295
1318,400.3077392578125,11.045470237731934,820348.6155090332,13863.501914978027
1319,464.7644348144531,10.973560333251953,820813.3799438477,13874.47547531128
1320,365.2847595214844,10.915666580200195,821178.6647033691,13885.39114189148
1321,424.5956115722656,10.8257417678833,821603.2603149414,13896.216883659363
1322,281.2364501953125,10.484932899475098,821884.4967651367,13906.701816558838
1323,465.8721008300781,11.273228645324707,822350.3688659668,13917.975045204163
1324,522.5211181640625,11.047323226928711,822872.8899841309,13929.022368431091
1325,354.252685546875,10.27340030670166,823227.1426696777,13939.295768737793
1326,389.7436828613281,10.24112319946289,823616.8863525391,13949.536891937256
1327,425.5667419433594,10.454209327697754,824042.4530944824,13959.991101264954
1328,464.5972900390625,12.012032508850098,824507.0503845215,13972.003133773804
1329,352.3271179199219,11.189579010009766,824859.3775024414,13983.192712783813
1330,491.20196533203125,11.237676620483398,825350.5794677734,13994.430389404297
1331,363.2713928222656,10.965106964111328,825713.8508605957,14005.395496368408
1332,372.601806640625,10.868890762329102,826086.4526672363,14016.264387130737
1333,438.5195007324219,10.874446868896484,826524.9721679688,14027.138833999634
1334,467.45770263671875,10.39444351196289,826992.4298706055,14037.533277511597
1335,350.6700744628906,11.689123153686523,827343.0999450684,14049.222400665283
1336,521.25341796875,11.197311401367188,827864.3533630371,14060.41971206665
1337,414.38922119140625,10.673008918762207,828278.7425842285,14071.092720985413
1338,422.7334289550781,11.745223999023438,828701.4760131836,14082.837944984436
1339,279.0400085449219,10.565415382385254,828980.5160217285,14093.403360366821
1340,506.90972900390625,10.897761344909668,829487.4257507324,14104.301121711731
1341,462.95648193359375,10.78123664855957,829950.382232666,14115.08235836029
1342,414.7311706542969,10.225072860717773,830365.1134033203,14125.307431221008
1343,415.7695617675781,10.774025917053223,830780.8829650879,14136.081457138062
1344,375.10064697265625,11.038888931274414,831155.9836120605,14147.120346069336
1345,405.23443603515625,11.330443382263184,831561.2180480957,14158.4507894516
1346,504.9704284667969,10.757097244262695,832066.1884765625,14169.207886695862
1347,454.4183349609375,10.942456245422363,832520.6068115234,14180.150342941284
1348,431.62701416015625,10.828598976135254,832952.2338256836,14190.97894191742
1349,349.32122802734375,10.919032096862793,833301.5550537109,14201.897974014282
1350,358.337158203125,11.568129539489746,833659.8922119141,14213.466103553772
1351,390.14208984375,10.393209457397461,834050.0343017578,14223.85931301117
1352,363.1123352050781,11.160168647766113,834413.1466369629,14235.019481658936
1353,432.30029296875,10.95711898803711,834845.4469299316,14245.976600646973
1354,447.1358947753906,10.7532958984375,835292.582824707,14256.72989654541
1355,343.65582275390625,11.21171760559082,835636.2386474609,14267.941614151001
1356,294.637939453125,10.983743667602539,835930.8765869141,14278.925357818604
1357,446.67974853515625,10.277411460876465,836377.5563354492,14289.20276927948
1358,378.552490234375,11.072391510009766,836756.1088256836,14300.27516078949
1359,488.8991394042969,11.32004165649414,837245.0079650879,14311.595202445984
1360,385.6866455078125,11.192422866821289,837630.6946105957,14322.787625312805
1361,445.4354553222656,10.406847953796387,838076.130065918,14333.194473266602
1362,383.1843566894531,10.983864784240723,838459.3144226074,14344.178338050842
1363,522.2403564453125,11.946730613708496,838981.5547790527,14356.12506866455
1364,489.22003173828125,11.098509788513184,839470.774810791,14367.223578453064
1365,442.1628723144531,11.08182430267334,839912.9376831055,14378.305402755737
1366,428.4107666015625,11.483940124511719,840341.348449707,14389.789342880249
1367,582.982666015625,11.288220405578613,840924.3311157227,14401.077563285828
1368,325.73858642578125,11.161959648132324,841250.0697021484,14412.23952293396
1369,411.8450012207031,11.43034839630127,841661.9147033691,14423.669871330261
1370,428.2384338378906,11.282428741455078,842090.153137207,14434.952300071716
1371,385.33056640625,11.298282623291016,842475.4837036133,14446.250582695007
1372,406.32586669921875,11.007546424865723,842881.8095703125,14457.258129119873
1373,409.734130859375,11.03056812286377,843291.5437011719,14468.288697242737
1374,305.8471374511719,10.994593620300293,843597.390838623,14479.283290863037
1375,571.9844970703125,11.250588417053223,844169.3753356934,14490.53387928009
1376,276.40240478515625,10.820691108703613,844445.7777404785,14501.354570388794
1377,402.6024169921875,11.243865966796875,844848.3801574707,14512.59843635559
1378,422.9473876953125,11.216948509216309,845271.327545166,14523.815384864807
1379,456.22943115234375,11.501391410827637,845727.5569763184,14535.316776275635
1380,415.7262878417969,11.266253471374512,846143.2832641602,14546.58302974701
1381,460.59454345703125,11.08569049835205,846603.8778076172,14557.668720245361
1382,657.710693359375,11.40782642364502,847261.5885009766,14569.076546669006
1383,448.9559631347656,10.950629234313965,847710.5444641113,14580.02717590332
1384,521.991455078125,10.948375701904297,848232.5359191895,14590.975551605225
1385,523.5211791992188,10.931537628173828,848756.0570983887,14601.907089233398
1386,325.04632568359375,11.143966674804688,849081.1034240723,14613.051055908203
1387,602.8925170898438,11.232344627380371,849683.9959411621,14624.283400535583
1388,414.51959228515625,10.76599407196045,850098.5155334473,14635.049394607544
1389,439.0193176269531,11.540271759033203,850537.5348510742,14646.589666366577
1390,481.22576904296875,11.475698471069336,851018.7606201172,14658.065364837646
1391,550.5697021484375,11.290627479553223,851569.3303222656,14669.3559923172
1392,433.24725341796875,10.094780921936035,852002.5775756836,14679.450773239136
1393,193.83432006835938,10.674171447753906,852196.411895752,14690.12494468689
1394,357.8594055175781,11.53491497039795,852554.2713012695,14701.659859657288
1395,460.37689208984375,12.363446235656738,853014.6481933594,14714.023305892944
1396,487.17938232421875,11.10478687286377,853501.8275756836,14725.128092765808
1397,252.87728881835938,10.24547290802002,853754.704864502,14735.373565673828
1398,504.337646484375,11.015593528747559,854259.0425109863,14746.389159202576
1399,371.8177795410156,11.145657539367676,854630.8602905273,14757.534816741943
1400,468.8227844238281,11.075739860534668,855099.6830749512,14768.610556602478
1401,298.384765625,10.176477432250977,855398.0678405762,14778.787034034729
1402,388.177734375,10.836122512817383,855786.2455749512,14789.623156547546
1403,435.4831848144531,12.311406135559082,856221.7287597656,14801.934562683105
1404,429.74029541015625,11.711122512817383,856651.4690551758,14813.645685195923
1405,499.076904296875,11.591978073120117,857150.5459594727,14825.237663269043
1406,407.53375244140625,11.450482368469238,857558.0797119141,14836.688145637512
1407,571.7276611328125,10.693227767944336,858129.8073730469,14847.381373405457
1408,300.8489990234375,11.269403457641602,858430.6563720703,14858.650776863098
1409,397.7437744140625,11.038902282714844,858828.4001464844,14869.689679145813
1410,370.51055908203125,11.300674438476562,859198.9107055664,14880.99035358429
1411,375.0868225097656,11.137574195861816,859573.9975280762,14892.127927780151
1412,468.2415466308594,10.821494102478027,860042.239074707,14902.94942188263
1413,377.33441162109375,11.281998634338379,860419.5734863281,14914.231420516968
1414,429.858642578125,11.411651611328125,860849.4321289062,14925.643072128296
1415,360.7354431152344,10.821043014526367,861210.1675720215,14936.464115142822
1416,395.42010498046875,11.040489196777344,861605.587677002,14947.5046043396
1417,436.815185546875,11.156026840209961,862042.4028625488,14958.66063117981
1418,302.50628662109375,11.037212371826172,862344.9091491699,14969.697843551636
1419,396.6746826171875,10.529816627502441,862741.5838317871,14980.227660179138
1420,191.84613037109375,10.390202522277832,862933.4299621582,14990.617862701416
1421,361.5016784667969,10.564658164978027,863294.931640625,15001.182520866394
1422,450.06842041015625,11.989181518554688,863745.0000610352,15013.171702384949
1423,308.2677001953125,11.939737319946289,864053.2677612305,15025.111439704895
1424,421.0408630371094,10.931062698364258,864474.3086242676,15036.04250240326
1425,468.37835693359375,10.481003761291504,864942.6869812012,15046.52350616455
1426,392.11279296875,11.28231143951416,865334.7997741699,15057.805817604065
1427,298.8974914550781,10.35947036743164,865633.697265625,15068.165287971497
1428,411.8467102050781,10.942873001098633,866045.5439758301,15079.108160972595
1429,278.99188232421875,10.341833114624023,866324.5358581543,15089.44999408722
1430,403.81011962890625,11.02254867553711,866728.3459777832,15100.472542762756
1431,393.6039123535156,10.806325912475586,867121.9498901367,15111.278868675232
1432,378.7774963378906,11.469807624816895,867500.7273864746,15122.748676300049
1433,485.0191650390625,10.812807083129883,867985.7465515137,15133.561483383179
1434,349.1546936035156,10.618573188781738,868334.9012451172,15144.18005657196
1435,377.32562255859375,10.748525619506836,868712.2268676758,15154.928582191467
1436,213.51446533203125,10.686844825744629,868925.7413330078,15165.615427017212
1437,460.67913818359375,10.837154388427734,869386.4204711914,15176.45258140564
1438,403.07489013671875,10.565260887145996,869789.4953613281,15187.017842292786
1439,574.62646484375,11.431241989135742,870364.1218261719,15198.449084281921
1440,475.8795166015625,12.093183517456055,870840.0013427734,15210.542267799377
1441,384.20843505859375,10.698004722595215,871224.209777832,15221.240272521973
1442,400.892822265625,10.996853828430176,871625.1026000977,15232.237126350403
1443,443.0665588378906,11.0490083694458,872068.1691589355,15243.286134719849
1444,345.96343994140625,10.679214477539062,872414.132598877,15253.965349197388
1445,405.4761962890625,10.502923965454102,872819.608795166,15264.468273162842
1446,568.3672485351562,10.916715621948242,873387.9760437012,15275.38498878479
1447,371.33221435546875,11.072547912597656,873759.3082580566,15286.457536697388
1448,436.438232421875,10.868025779724121,874195.7464904785,15297.325562477112
1449,477.46014404296875,11.485169410705566,874673.2066345215,15308.810731887817
1450,286.7617492675781,10.979372024536133,874959.9683837891,15319.790103912354
1451,469.90948486328125,11.03528118133545,875429.8778686523,15330.825385093689
1452,380.92791748046875,10.624783515930176,875810.8057861328,15341.45016860962
1453,463.3770446777344,10.832179069519043,876274.1828308105,15352.282347679138
1454,396.2251892089844,10.444939613342285,876670.4080200195,15362.72728729248
1455,385.248291015625,11.02067756652832,877055.6563110352,15373.747964859009
1456,431.46783447265625,10.68873405456543,877487.1241455078,15384.436698913574
1457,486.7041015625,10.894062042236328,877973.8282470703,15395.33076095581
1458,559.6851806640625,10.796031951904297,878533.5134277344,15406.126792907715
1459,183.3687744140625,9.796182632446289,878716.8822021484,15415.922975540161
1460,453.32452392578125,11.009288787841797,879170.2067260742,15426.932264328003
1461,346.3564453125,10.034676551818848,879516.5631713867,15436.966940879822
1462,513.2593994140625,10.751402854919434,880029.8225708008,15447.718343734741
1463,503.2418212890625,11.64239501953125,880533.0643920898,15459.360738754272
1464,203.1815185546875,9.742691040039062,880736.2459106445,15469.103429794312
1465,362.8646545410156,11.484411239624023,881099.1105651855,15480.587841033936
1466,420.70941162109375,10.984971046447754,881519.8199768066,15491.572812080383
1467,268.7779541015625,10.224720001220703,881788.5979309082,15501.797532081604
1468,436.89312744140625,11.26559829711914,882225.4910583496,15513.063130378723
1469,624.029541015625,10.971436500549316,882849.5205993652,15524.034566879272
1470,345.69989013671875,10.97199535369873,883195.220489502,15535.006562232971
1471,480.00421142578125,10.804680824279785,883675.2247009277,15545.811243057251
1472,310.35662841796875,10.987054824829102,883985.5813293457,15556.79829788208
1473,340.3180847167969,10.355331420898438,884325.8994140625,15567.153629302979
1474,395.16229248046875,11.34713077545166,884721.061706543,15578.50076007843
1475,512.4615478515625,10.99002456665039,885233.5232543945,15589.49078464508
1476,335.8843078613281,9.984376907348633,885569.4075622559,15599.47516155243
1477,224.56837463378906,9.99698543548584,885793.9759368896,15609.472146987915
1478,527.0010375976562,10.189048767089844,886320.9769744873,15619.661195755005
1479,340.2383728027344,10.687925338745117,886661.21534729,15630.34912109375
1480,565.2175903320312,11.247598648071289,887226.4329376221,15641.596719741821
1481,698.864990234375,11.398019790649414,887925.2979278564,15652.99473953247
1482,659.6148681640625,11.318438529968262,888584.9127960205,15664.313178062439
1483,420.4104919433594,10.95934009552002,889005.3232879639,15675.272518157959
1484,401.2551574707031,10.933095932006836,889406.5784454346,15686.205614089966
1485,309.2749938964844,10.515313148498535,889715.853439331,15696.720927238464
1486,545.2210693359375,11.582049369812012,890261.074508667,15708.302976608276
1487,436.9289855957031,11.146687507629395,890698.0034942627,15719.449664115906
1488,465.17559814453125,12.407527923583984,891163.1790924072,15731.85719203949
1489,262.7724609375,11.112869262695312,891425.9515533447,15742.970061302185
1490,380.13250732421875,11.273982048034668,891806.084060669,15754.24404335022
1491,456.27642822265625,10.733613967895508,892262.3604888916,15764.977657318115
1492,377.5116271972656,10.829032897949219,892639.8721160889,15775.806690216064
1493,397.1084289550781,10.542119026184082,893036.980545044,15786.348809242249
1494,396.63104248046875,10.656988143920898,893433.6115875244,15797.00579738617
1495,482.1641845703125,11.059549331665039,893915.7757720947,15808.065346717834
1496,308.29736328125,10.620399475097656,894224.073135376,15818.685746192932
1497,397.49169921875,11.708992004394531,894621.5648345947,15830.394738197327
1498,277.3063659667969,10.614175796508789,894898.8712005615,15841.008913993835
1499,415.8289794921875,11.392889022827148,895314.7001800537,15852.401803016663
1500,384.87969970703125,10.623492240905762,895699.5798797607,15863.025295257568
1501,440.35247802734375,11.233724594116211,896139.9323577881,15874.259019851685
1502,338.0202331542969,10.702301979064941,896477.9525909424,15884.96132183075
1503,414.53802490234375,11.24461841583252,896892.4906158447,15896.205940246582
1504,393.7981872558594,11.907218933105469,897286.2888031006,15908.113159179688
1505,454.8454284667969,11.203527450561523,897741.1342315674,15919.316686630249
1506,285.04058837890625,11.896293640136719,898026.1748199463,15931.212980270386
1507,262.003662109375,10.337120056152344,898288.1784820557,15941.550100326538
1508,310.04913330078125,10.744612693786621,898598.2276153564,15952.294713020325
1509,306.0083923339844,11.306916236877441,898904.2360076904,15963.601629257202
1510,470.26470947265625,11.715723991394043,899374.5007171631,15975.317353248596
1511,483.097412109375,10.864568710327148,899857.5981292725,15986.181921958923
1512,287.42645263671875,11.398280143737793,900145.0245819092,15997.580202102661
1513,385.9141540527344,11.687687873840332,900530.9387359619,16009.267889976501
1514,389.4219970703125,10.931309700012207,900920.3607330322,16020.199199676514
1515,328.390869140625,11.196805000305176,901248.7516021729,16031.396004676819
1516,409.3494873046875,10.650936126708984,901658.1010894775,16042.046940803528
1517,308.69696044921875,11.205771446228027,901966.7980499268,16053.252712249756
1518,441.4735107421875,10.782967567443848,902408.271560669,16064.0356798172
1519,528.7071533203125,11.699516296386719,902936.9787139893,16075.735196113586
1520,474.4800720214844,10.821030616760254,903411.4587860107,16086.556226730347
1521,461.80242919921875,11.244354248046875,903873.26121521,16097.800580978394
1522,391.7084655761719,10.447720527648926,904264.9696807861,16108.248301506042
1523,389.8505859375,10.8986234664917,904654.8202667236,16119.146924972534
1524,324.9212951660156,11.071708679199219,904979.7415618896,16130.218633651733
1525,360.96844482421875,11.368134498596191,905340.7100067139,16141.58676815033
1526,441.6256103515625,11.69943618774414,905782.3356170654,16153.286204338074
1527,314.0364685058594,11.28548526763916,906096.3720855713,16164.571689605713
1528,390.94122314453125,11.353446960449219,906487.3133087158,16175.925136566162
1529,376.28387451171875,10.777936935424805,906863.5971832275,16186.703073501587
1530,486.8211669921875,12.052332878112793,907350.4183502197,16198.7554063797
1531,551.8092041015625,11.215359687805176,907902.2275543213,16209.970766067505
1532,255.74185180664062,10.705485343933105,908157.9694061279,16220.676251411438
1533,364.28125,10.953301429748535,908522.2506561279,16231.629552841187
1534,339.47021484375,11.092970848083496,908861.7208709717,16242.72252368927
1535,426.8046875,11.582694053649902,909288.5255584717,16254.30521774292
1536,549.9100341796875,11.39061164855957,909838.4355926514,16265.69582939148
1537,472.4639892578125,11.895354270935059,910310.8995819092,16277.591183662415
1538,306.9302062988281,10.8836669921875,910617.829788208,16288.474850654602
1539,378.463623046875,11.22066593170166,910996.2934112549,16299.695516586304
1540,379.5426025390625,11.397686004638672,911375.836013794,16311.093202590942
1541,285.833251953125,11.224045753479004,911661.6692657471,16322.317248344421
1542,290.9742431640625,10.97782039642334,911952.6435089111,16333.295068740845
1543,456.55047607421875,11.082809448242188,912409.1939849854,16344.377878189087
1544,325.475830078125,11.343000411987305,912734.6698150635,16355.720878601074
1545,432.6087341308594,10.756540298461914,913167.2785491943,16366.477418899536
1546,456.8077392578125,11.189249992370605,913624.0862884521,16377.666668891907
1547,373.80902099609375,10.637353897094727,913997.8953094482,16388.304022789
1548,323.57318115234375,10.533469200134277,914321.4684906006,16398.837491989136
1549,347.5449523925781,11.145759582519531,914669.0134429932,16409.983251571655
1550,481.24346923828125,10.94272518157959,915150.2569122314,16420.925976753235
1551,334.0643310546875,10.268219947814941,915484.3212432861,16431.19419670105
1552,426.7855224609375,11.19566822052002,915911.1067657471,16442.38986492157
1553,584.261474609375,11.568467140197754,916495.3682403564,16453.958332061768
1554,454.1299743652344,11.098677635192871,916949.4982147217,16465.05700969696
1555,328.115234375,10.951181411743164,917277.6134490967,16476.008191108704
1556,260.31365966796875,10.695527076721191,917537.9271087646,16486.703718185425
1557,383.85009765625,10.943012237548828,917921.7772064209,16497.646730422974
1558,353.4654541015625,11.021679878234863,918275.2426605225,16508.66841030121
1559,354.6676940917969,11.224706649780273,918629.9103546143,16519.89311695099
1560,473.6419372558594,11.398982048034668,919103.5522918701,16531.292098999023
1561,373.7685852050781,10.606931686401367,919477.3208770752,16541.899030685425
1562,468.45526123046875,11.5633544921875,919945.7761383057,16553.462385177612
1563,263.37945556640625,10.93041706085205,920209.1555938721,16564.392802238464
1564,391.27142333984375,10.993034362792969,920600.4270172119,16575.385836601257
1565,447.6415710449219,10.569059371948242,921048.0685882568,16585.954895973206
1566,297.2196044921875,10.891653060913086,921345.288192749,16596.84654903412
1567,358.6460266113281,11.101000785827637,921703.9342193604,16607.947549819946
1568,255.27752685546875,10.958133697509766,921959.2117462158,16618.905683517456
1569,322.0107421875,11.64857006072998,922281.2224884033,16630.554253578186
1570,298.4223937988281,11.421430587768555,922579.6448822021,16641.975684165955
1571,505.1830749511719,10.965981483459473,923084.8279571533,16652.941665649414
1572,393.0477600097656,10.564516067504883,923477.8757171631,16663.50618171692
1573,347.7294616699219,10.555848121643066,923825.605178833,16674.062029838562
1574,469.295166015625,11.2606840133667,924294.9003448486,16685.32271385193
1575,475.3299560546875,11.403403282165527,924770.2303009033,16696.726117134094
1576,541.16357421875,11.152273178100586,925311.3938751221,16707.878390312195
1577,396.9539794921875,10.922957420349121,925708.3478546143,16718.801347732544
1578,336.96453857421875,11.742279052734375,926045.3123931885,16730.54362678528
1579,368.59088134765625,11.6732759475708,926413.9032745361,16742.21690273285
1580,471.1727294921875,10.94199275970459,926885.0760040283,16753.158895492554
1581,457.81195068359375,11.068166732788086,927342.8879547119,16764.22706222534
1582,333.4031066894531,11.297403335571289,927676.2910614014,16775.524465560913
1583,402.28857421875,10.886064529418945,928078.5796356201,16786.410530090332
1584,523.377685546875,10.876365661621094,928601.957321167,16797.286895751953
1585,403.85162353515625,11.596678733825684,929005.8089447021,16808.88357448578
1586,301.0247802734375,11.629430770874023,929306.8337249756,16820.513005256653
1587,333.5194091796875,11.161369323730469,929640.3531341553,16831.674374580383
1588,466.1886291503906,12.064884185791016,930106.5417633057,16843.739258766174
1589,352.74420166015625,11.654255867004395,930459.2859649658,16855.39351463318
1590,513.7472534179688,11.169050216674805,930973.0332183838,16866.562564849854
1591,709.154052734375,11.586115837097168,931682.1872711182,16878.14868068695
1592,319.5244140625,11.138187408447266,932001.7116851807,16889.286868095398
1593,540.553955078125,11.40622615814209,932542.2656402588,16900.69309425354
1594,372.3090515136719,10.786307334899902,932914.5746917725,16911.47940158844
1595,256.86419677734375,10.32603931427002,933171.4388885498,16921.80544090271
1596,398.117431640625,11.324050903320312,933569.5563201904,16933.12949180603
1597,422.07586669921875,11.09306812286377,933991.6321868896,16944.222559928894
1598,332.730712890625,10.857460975646973,934324.3628997803,16955.08002090454
1599,267.737060546875,10.47142505645752,934592.0999603271,16965.551445961
1600,305.0318603515625,10.650960922241211,934897.1318206787,16976.20240688324
1601,318.40045166015625,10.627464294433594,935215.5322723389,16986.829871177673
1602,458.81231689453125,10.941892623901367,935674.3445892334,16997.771763801575
1603,382.95709228515625,10.870739936828613,936057.3016815186,17008.642503738403
1604,366.69927978515625,11.50704574584961,936424.0009613037,17020.149549484253
1605,327.5552673339844,10.698237419128418,936751.5562286377,17030.84778690338
1606,304.92181396484375,11.267779350280762,937056.4780426025,17042.115566253662
1607,551.0487060546875,11.506701469421387,937607.5267486572,17053.622267723083
1608,409.5453186035156,11.375861167907715,938017.0720672607,17064.99812889099
1609,431.15252685546875,10.924905776977539,938448.2245941162,17075.92303466797
1610,396.8206481933594,10.673102378845215,938845.0452423096,17086.596137046814
1611,302.5059814453125,10.5419282913208,939147.5512237549,17097.138065338135
1612,451.5777282714844,10.936251640319824,939599.1289520264,17108.074316978455
1613,278.39483642578125,11.440638542175293,939877.5237884521,17119.51495552063
1614,314.5934753417969,10.742060661315918,940192.117263794,17130.257016181946
1615,369.12567138671875,11.0913724899292,940561.2429351807,17141.348388671875
1616,520.4581298828125,11.218731880187988,941081.7010650635,17152.567120552063
1617,179.0682373046875,10.60507583618164,941260.7693023682,17163.172196388245
1618,295.6239013671875,10.64726734161377,941556.3932037354,17173.81946372986
1619,301.2397766113281,10.873845100402832,941857.6329803467,17184.69330883026
1620,303.18560791015625,11.69568157196045,942160.8185882568,17196.38899040222
1621,284.03436279296875,10.840130805969238,942444.8529510498,17207.22912120819
1622,439.82049560546875,10.94247055053711,942884.6734466553,17218.171591758728
1623,442.80615234375,10.900883674621582,943327.479598999,17229.07247543335
1624,228.87074279785156,10.694767951965332,943556.3503417969,17239.767243385315
1625,388.6009521484375,11.141447067260742,943944.9512939453,17250.908690452576
1626,408.373046875,11.433441162109375,944353.3243408203,17262.342131614685
1627,379.4480285644531,11.025793075561523,944732.7723693848,17273.367924690247
1628,338.0965270996094,11.633694648742676,945070.8688964844,17285.00161933899
1629,547.748779296875,10.825892448425293,945618.6176757812,17295.827511787415
1630,227.16966247558594,10.60671329498291,945845.7873382568,17306.434225082397
1631,416.8641357421875,12.18861198425293,946262.651473999,17318.62283706665
1632,404.2303466796875,11.186081886291504,946666.8818206787,17329.808918952942
1633,386.2175598144531,10.685815811157227,947053.0993804932,17340.4947347641
1634,369.7615966796875,11.30330753326416,947422.8609771729,17351.798042297363
1635,421.93414306640625,10.984001159667969,947844.7951202393,17362.78204345703
1636,310.3235168457031,10.632729530334473,948155.118637085,17373.414772987366
1637,419.99017333984375,11.210909843444824,948575.1088104248,17384.62568283081
1638,458.052734375,10.915654182434082,949033.1615447998,17395.541337013245
1639,446.228515625,10.773634910583496,949479.3900604248,17406.314971923828
1640,434.34527587890625,10.46745777130127,949913.7353363037,17416.78242969513
1641,364.3569641113281,10.815420150756836,950278.092300415,17427.597849845886
1642,392.6104736328125,11.908193588256836,950670.7027740479,17439.506043434143
1643,353.2926025390625,11.415265083312988,951023.9953765869,17450.921308517456
1644,257.8885192871094,10.248380661010742,951281.883895874,17461.169689178467
1645,581.2904052734375,11.136418342590332,951863.1743011475,17472.306107521057
1646,236.57000732421875,10.929654121398926,952099.7443084717,17483.235761642456
1647,460.8641357421875,10.766493797302246,952560.6084442139,17494.00225543976
1648,482.79193115234375,11.598426818847656,953043.4003753662,17505.600682258606
1649,310.2629699707031,10.788920402526855,953353.6633453369,17516.389602661133
1650,464.946044921875,11.581506729125977,953818.6093902588,17527.97110939026
1651,332.9068603515625,11.117070198059082,954151.5162506104,17539.088179588318
1652,245.162841796875,10.592180252075195,954396.6790924072,17549.680359840393
1653,330.2104797363281,11.132194519042969,954726.8895721436,17560.812554359436
1654,414.9892883300781,11.169015884399414,955141.8788604736,17571.981570243835
1655,436.9139404296875,11.118834495544434,955578.7928009033,17583.10040473938
1656,452.90838623046875,10.891983985900879,956031.7011871338,17593.99238872528
1657,437.2906494140625,10.737971305847168,956468.9918365479,17604.730360031128
1658,353.772705078125,11.13248062133789,956822.764541626,17615.862840652466
1659,354.33953857421875,10.529195785522461,957177.1040802002,17626.39203643799
1660,433.4874267578125,11.513324737548828,957610.591506958,17637.905361175537
1661,381.227294921875,11.825665473937988,957991.8188018799,17649.731026649475
1662,543.4063110351562,11.482047080993652,958535.225112915,17661.21307373047
1663,543.2249755859375,10.952719688415527,959078.450088501,17672.165793418884
1664,262.95147705078125,11.309770584106445,959341.4015655518,17683.47556400299
1665,372.8852844238281,11.349281311035156,959714.2868499756,17694.824845314026
1666,423.2239990234375,11.136005401611328,960137.510848999,17705.960850715637
1667,396.4665222167969,11.266668319702148,960533.9773712158,17717.22751903534
1668,245.6092987060547,10.125777244567871,960779.5866699219,17727.353296279907
1669,226.73944091796875,11.281768798828125,961006.3261108398,17738.635065078735
1670,469.5316467285156,10.993398666381836,961475.8577575684,17749.628463745117
1671,306.73638916015625,11.199284553527832,961782.5941467285,17760.827748298645
1672,575.675537109375,11.272435188293457,962358.2696838379,17772.10018348694
1673,509.30950927734375,11.400764465332031,962867.5791931152,17783.50094795227
1674,255.37557983398438,10.320054054260254,963122.9547729492,17793.82100200653
1675,357.33135986328125,11.243782043457031,963480.2861328125,17805.064784049988
1676,401.7900390625,10.784591674804688,963882.076171875,17815.849375724792
1677,329.47369384765625,10.968598365783691,964211.5498657227,17826.817974090576
1678,430.43682861328125,11.089231491088867,964641.9866943359,17837.907205581665
1679,509.05133056640625,10.820777893066406,965151.0380249023,17848.72798347473
1680,446.85382080078125,11.649038314819336,965597.8918457031,17860.37702178955
1681,397.56640625,10.564425468444824,965995.4582519531,17870.941447257996
1682,542.7265014648438,11.425590515136719,966538.184753418,17882.367037773132
1683,464.9306335449219,11.342982292175293,967003.1153869629,17893.710020065308
1684,180.99099731445312,10.017923355102539,967184.1063842773,17903.72794342041
1685,380.416748046875,11.619485855102539,967564.5231323242,17915.347429275513
1686,308.16546630859375,11.389791488647461,967872.6885986328,17926.73722076416
1687,401.4123229980469,11.04221248626709,968274.1009216309,17937.779433250427
1688,435.433349609375,10.829996109008789,968709.5342712402,17948.609429359436
1689,476.53070068359375,10.798921585083008,969186.0649719238,17959.40835094452
1690,283.19183349609375,10.411060333251953,969469.2568054199,17969.81941127777
1691,352.7850341796875,10.778923034667969,969822.0418395996,17980.59833431244
1692,570.3714599609375,10.7306547164917,970392.4132995605,17991.32898902893
1693,255.5753173828125,10.861193656921387,970647.9886169434,18002.190182685852
1694,442.47503662109375,11.117776870727539,971090.4636535645,18013.30795955658
1695,461.21026611328125,11.909627914428711,971551.6739196777,18025.21758747101
1696,193.97021484375,11.027843475341797,971745.6441345215,18036.24543094635
1697,374.53204345703125,11.080779075622559,972120.1761779785,18047.326210021973
1698,283.5691833496094,11.5388822555542,972403.7453613281,18058.865092277527
1699,251.08023071289062,11.726298332214355,972654.825592041,18070.59139060974
1700,258.63604736328125,10.672518730163574,972913.4616394043,18081.263909339905
1701,275.5779724121094,10.952415466308594,973189.0396118164,18092.216324806213
1702,366.808349609375,11.470271110534668,973555.8479614258,18103.686595916748
1703,335.9104309082031,11.43513298034668,973891.758392334,18115.121728897095
1704,489.64874267578125,11.191469192504883,974381.4071350098,18126.3131980896
1705,394.76593017578125,11.627907752990723,974776.1730651855,18137.94110584259
1706,374.38690185546875,11.6183443069458,975150.559967041,18149.559450149536
1707,497.9036865234375,11.317914009094238,975648.4636535645,18160.87736415863
1708,330.14892578125,11.169818878173828,975978.6125793457,18172.047183036804
1709,320.8720397949219,10.528722763061523,976299.4846191406,18182.575905799866
1710,382.75799560546875,11.158858299255371,976682.2426147461,18193.73476409912
1711,340.51177978515625,11.082051277160645,977022.7543945312,18204.81681537628
1712,388.94244384765625,10.510725021362305,977411.6968383789,18215.327540397644
1713,453.08709716796875,11.355888366699219,977864.7839355469,18226.683428764343
1714,277.00750732421875,11.21718692779541,978141.7914428711,18237.90061569214
1715,448.89288330078125,11.12037181854248,978590.6843261719,18249.02098751068
1716,237.75172424316406,10.882548332214355,978828.436050415,18259.903535842896
1717,392.11859130859375,10.957721710205078,979220.5546417236,18270.8612575531
1718,461.6158447265625,10.526165962219238,979682.1704864502,18281.38742351532
1719,473.0343322753906,10.956916809082031,980155.2048187256,18292.344340324402
1720,347.89447021484375,10.66297435760498,980503.0992889404,18303.007314682007
1721,339.634033203125,10.928059577941895,980842.7333221436,18313.93537425995
1722,311.4356384277344,10.803817749023438,981154.1689605713,18324.739192008972
1723,417.03955078125,10.697091102600098,981571.2085113525,18335.436283111572
1724,404.6576843261719,11.12592887878418,981975.8661956787,18346.562211990356
1725,261.30926513671875,11.608988761901855,982237.1754608154,18358.17120075226
1726,460.853759765625,11.810871124267578,982698.029220581,18369.982071876526
1727,374.36053466796875,11.259451866149902,983072.389755249,18381.241523742676
1728,279.8102111816406,10.45199966430664,983352.1999664307,18391.693523406982
1729,496.4923095703125,10.912796974182129,983848.692276001,18402.606320381165
1730,403.4206848144531,11.092427253723145,984252.1129608154,18413.698747634888
1731,340.7830810546875,11.082344055175781,984592.8960418701,18424.781091690063
1732,462.21209716796875,12.305729866027832,985055.1081390381,18437.08682155609
1733,408.9725646972656,11.20286750793457,985464.0807037354,18448.289689064026
1734,260.12188720703125,10.40501880645752,985724.2025909424,18458.694707870483
1735,376.9724426269531,10.909286499023438,986101.1750335693,18469.603994369507
1736,317.25048828125,11.408380508422852,986418.4255218506,18481.01237487793
1737,421.3377685546875,10.269923210144043,986839.7632904053,18491.282298088074
1738,520.1937255859375,11.000277519226074,987359.9570159912,18502.2825756073
1739,348.2513427734375,10.835902214050293,987708.2083587646,18513.11847782135
1740,399.907958984375,11.858511924743652,988108.116317749,18524.976989746094
1741,369.9879150390625,11.387649536132812,988478.1042327881,18536.364639282227
1742,433.3330078125,11.106391906738281,988911.4372406006,18547.471031188965
1743,446.6607971191406,10.74832820892334,989358.0980377197,18558.21935939789
1744,289.9055480957031,11.525968551635742,989648.0035858154,18569.745327949524
1745,275.8446350097656,10.284518241882324,989923.8482208252,18580.029846191406
1746,367.6975402832031,11.38331413269043,990291.5457611084,18591.413160324097
1747,351.4984436035156,10.923715591430664,990643.0442047119,18602.336875915527
1748,252.66363525390625,10.540972709655762,990895.7078399658,18612.877848625183
1749,477.8483581542969,11.429512977600098,991373.5561981201,18624.307361602783
1750,442.5699462890625,10.591373443603516,991816.1261444092,18634.898735046387
1751,315.9834289550781,11.411515235900879,992132.1095733643,18646.310250282288
1752,441.627197265625,11.06556224822998,992573.7367706299,18657.375812530518
1753,404.03009033203125,11.303803443908691,992977.7668609619,18668.679615974426
1754,324.03912353515625,11.019759178161621,993301.8059844971,18679.699375152588
1755,332.4635314941406,11.239373207092285,993634.2695159912,18690.93874835968
1756,167.02212524414062,9.924973487854004,993801.2916412354,18700.863721847534
1757,255.0266571044922,10.495325088500977,994056.3182983398,18711.359046936035
1758,387.82568359375,11.391719818115234,994444.1439819336,18722.75076675415
1759,376.6690673828125,11.768464088439941,994820.8130493164,18734.51923084259
1760,244.5087890625,12.039169311523438,995065.3218383789,18746.558400154114
1761,351.71405029296875,11.440410614013672,995417.0358886719,18757.998810768127
1762,320.042236328125,11.078413009643555,995737.078125,18769.07722377777
1763,423.1513366699219,11.035405158996582,996160.2294616699,18780.112628936768
1764,442.4745788574219,11.160378456115723,996602.7040405273,18791.273007392883
1765,314.76531982421875,10.96082878112793,996917.4693603516,18802.23383617401
1766,354.7110595703125,10.849157333374023,997272.1804199219,18813.082993507385
1767,368.7498474121094,10.679085731506348,997640.930267334,18823.76207923889
1768,513.81787109375,11.754849433898926,998154.7481384277,18835.51692867279
1769,366.302490234375,10.620219230651855,998521.0506286621,18846.137147903442
1770,346.67681884765625,11.50830364227295,998867.7274475098,18857.645451545715
1771,417.9400634765625,11.291692733764648,999285.6675109863,18868.93714427948
1772,336.92889404296875,10.547163009643555,999622.5964050293,18879.484307289124
1773,317.308349609375,11.33137035369873,999939.9047546387,18890.815677642822
1774,234.87637329101562,11.42255687713623,1000174.7811279297,18902.23823451996
1775,286.772705078125,10.785181999206543,1000461.5538330078,18913.023416519165
1776,356.2703552246094,10.749602317810059,1000817.8241882324,18923.773018836975
1777,362.1264953613281,10.356979370117188,1001179.9506835938,18934.129998207092
1778,472.1483154296875,11.228256225585938,1001652.0989990234,18945.35825443268
1779,355.6600341796875,11.205072402954102,1002007.7590332031,18956.563326835632
1780,252.61032104492188,10.796178817749023,1002260.369354248,18967.35950565338
1781,281.9414367675781,11.509581565856934,1002542.3107910156,18978.86908721924
1782,368.3587646484375,11.034032821655273,1002910.6695556641,18989.903120040894
1783,378.34234619140625,10.79290771484375,1003289.0119018555,19000.696027755737
1784,296.896484375,11.030911445617676,1003585.9083862305,19011.726939201355
1785,308.638671875,10.85062313079834,1003894.5470581055,19022.577562332153
1786,481.72503662109375,10.81982421875,1004376.2720947266,19033.397386550903
1787,420.6219177246094,11.48523235321045,1004796.8940124512,19044.882618904114
1788,283.0723571777344,11.575898170471191,1005079.9663696289,19056.458517074585
1789,358.5059814453125,11.30895709991455,1005438.4723510742,19067.7674741745
1790,460.8113708496094,11.358519554138184,1005899.2837219238,19079.125993728638
1791,343.2813415527344,11.179279327392578,1006242.5650634766,19090.30527305603
1792,264.82257080078125,10.663216590881348,1006507.3876342773,19100.96848964691
1793,295.578125,10.980094909667969,1006802.9657592773,19111.94858455658
1794,270.77569580078125,10.511625289916992,1007073.7414550781,19122.460209846497
1795,412.5798645019531,10.756356239318848,1007486.3213195801,19133.216566085815
1796,343.22686767578125,11.664682388305664,1007829.5481872559,19144.88124847412
1797,375.6690673828125,10.737343788146973,1008205.2172546387,19155.618592262268
1798,429.255126953125,11.520978927612305,1008634.4723815918,19167.13957118988
1799,194.93072509765625,10.437237739562988,1008829.4031066895,19177.576808929443
1800,420.2594909667969,11.064143180847168,1009249.6625976562,19188.64095211029
1801,316.7351379394531,12.113768577575684,1009566.3977355957,19200.754720687866
1802,472.14678955078125,11.093501091003418,1010038.5445251465,19211.84822177887
1803,437.66217041015625,11.391027450561523,1010476.2066955566,19223.23924922943
1804,387.35748291015625,11.576265335083008,1010863.5641784668,19234.815514564514
1805,451.51953125,10.74078369140625,1011315.0837097168,19245.55629825592
1806,365.6004638671875,10.725500106811523,1011680.684173584,19256.281798362732
1807,418.291259765625,11.007652282714844,1012098.9754333496,19267.289450645447
1808,493.4767150878906,10.90106201171875,1012592.4521484375,19278.190512657166
1809,484.4473876953125,11.811388969421387,1013076.8995361328,19290.001901626587
1810,507.90875244140625,11.8743257522583,1013584.8082885742,19301.876227378845
1811,327.00323486328125,11.16370677947998,1013911.8115234375,19313.039934158325
1812,476.14776611328125,11.33612060546875,1014387.9592895508,19324.376054763794
1813,254.03704833984375,10.783102989196777,1014641.9963378906,19335.15915775299
1814,401.545654296875,10.724611282348633,1015043.5419921875,19345.88376903534
1815,358.0794677734375,11.161354064941406,1015401.6214599609,19357.04512310028
1816,436.8731994628906,11.254337310791016,1015838.4946594238,19368.29946041107
1817,307.5552673339844,11.400705337524414,1016146.0499267578,19379.700165748596
1818,332.00701904296875,11.19271469116211,1016478.0569458008,19390.89288043976
1819,431.3270568847656,11.545793533325195,1016909.3840026855,19402.438673973083
1820,426.4605712890625,10.804661750793457,1017335.8445739746,19413.243335723877
1821,320.3051452636719,10.80551815032959,1017656.1497192383,19424.048853874207
1822,371.295166015625,10.757695198059082,1018027.4448852539,19434.806549072266
1823,481.54541015625,11.448107719421387,1018508.9902954102,19446.254656791687
1824,473.2723083496094,11.099495887756348,1018982.2626037598,19457.354152679443
1825,290.4627685546875,11.104653358459473,1019272.7253723145,19468.458806037903
1826,371.96405029296875,11.506915092468262,1019644.6894226074,19479.96572113037
1827,264.77154541015625,10.415141105651855,1019909.4609680176,19490.380862236023
1828,409.728759765625,11.152740478515625,1020319.1897277832,19501.53360271454
1829,401.8077392578125,11.167583465576172,1020720.997467041,19512.701186180115
1830,350.70684814453125,10.982720375061035,1021071.7043151855,19523.683906555176
1831,309.472412109375,11.222010612487793,1021381.1767272949,19534.905917167664
1832,309.19775390625,11.687607765197754,1021690.3744812012,19546.59352493286
1833,266.9308166503906,11.764388084411621,1021957.3052978516,19558.357913017273
1834,188.76336669921875,10.827807426452637,1022146.0686645508,19569.185720443726
1835,397.90045166015625,11.034415245056152,1022543.9691162109,19580.22013568878
1836,412.457275390625,10.941752433776855,1022956.4263916016,19591.16188812256
1837,314.60296630859375,10.725704193115234,1023271.0293579102,19601.887592315674
1838,281.57958984375,11.067611694335938,1023552.6089477539,19612.95520401001
1839,247.32403564453125,10.942463874816895,1023799.9329833984,19623.897667884827
1840,230.423583984375,11.276703834533691,1024030.3565673828,19635.17437171936
1841,359.10174560546875,11.3670654296875,1024389.4583129883,19646.541437149048
1842,377.1715087890625,11.183911323547363,1024766.6298217773,19657.725348472595
1843,291.80242919921875,10.825738906860352,1025058.4322509766,19668.551087379456
1844,448.32684326171875,11.616804122924805,1025506.7590942383,19680.16789150238
1845,415.4216003417969,11.174720764160156,1025922.1806945801,19691.34261226654
1846,216.95962524414062,11.092325210571289,1026139.1403198242,19702.43493747711
1847,313.81634521484375,11.804546356201172,1026452.9566650391,19714.239483833313
1848,316.956787109375,11.04922103881836,1026769.9134521484,19725.28870487213
1849,370.72344970703125,11.512008666992188,1027140.6369018555,19736.800713539124
1850,188.42791748046875,10.569769859313965,1027329.0648193359,19747.370483398438
1851,474.0521240234375,11.27393627166748,1027803.1169433594,19758.644419670105
1852,356.7779541015625,10.93320369720459,1028159.8948974609,19769.57762336731
1853,487.54437255859375,11.33047866821289,1028647.4392700195,19780.908102035522
1854,393.8279724121094,10.593586921691895,1029041.2672424316,19791.501688957214
1855,362.371826171875,12.119980812072754,1029403.6390686035,19803.621669769287
1856,317.2452392578125,11.10964298248291,1029720.8843078613,19814.73131275177
1857,451.47979736328125,10.835573196411133,1030172.3641052246,19825.56688594818
1858,351.2697448730469,10.935808181762695,1030523.6338500977,19836.502694129944
1859,292.49261474609375,10.67191219329834,1030816.1264648438,19847.174606323242
1860,307.75701904296875,11.3043851852417,1031123.8834838867,19858.478991508484
1861,361.39361572265625,10.989517211914062,1031485.2770996094,19869.468508720398
1862,366.36981201171875,11.1492338180542,1031851.6469116211,19880.617742538452
1863,305.8230895996094,10.7664213180542,1032157.4700012207,19891.384163856506
1864,378.71612548828125,11.779669761657715,1032536.186126709,19903.163833618164
1865,355.6849365234375,11.657524108886719,1032891.8710632324,19914.82135772705
1866,272.1741638183594,10.869380950927734,1033164.0452270508,19925.69073867798
1867,337.494140625,11.06667709350586,1033501.5393676758,19936.757415771484
1868,330.94122314453125,11.421606063842773,1033832.4805908203,19948.179021835327
1869,386.8923645019531,10.780926704406738,1034219.3729553223,19958.959948539734
1870,473.9869689941406,11.745988845825195,1034693.3599243164,19970.70593738556
1871,379.4084167480469,11.351889610290527,1035072.7683410645,19982.05782699585
1872,370.71563720703125,10.801248550415039,1035443.4839782715,19992.859075546265
1873,455.92987060546875,11.019951820373535,1035899.413848877,20003.87902736664
1874,383.587646484375,10.541848182678223,1036283.0014953613,20014.420875549316
1875,424.6230163574219,11.165505409240723,1036707.6245117188,20025.586380958557
1876,335.6889343261719,11.816814422607422,1037043.3134460449,20037.403195381165
1877,327.1761474609375,11.804779052734375,1037370.4895935059,20049.2079744339
1878,325.3111572265625,11.367058753967285,1037695.8007507324,20060.575033187866
1879,342.1141052246094,10.207547187805176,1038037.914855957,20070.78258037567
1880,352.89031982421875,10.827513694763184,1038390.8051757812,20081.610094070435
1881,345.10125732421875,10.747088432312012,1038735.9064331055,20092.357182502747
1882,251.02745056152344,11.30082893371582,1038986.933883667,20103.658011436462
1883,402.94580078125,11.323911666870117,1039389.8796844482,20114.981923103333
1884,330.2586669921875,11.340475082397461,1039720.1383514404,20126.32239818573
1885,377.9640808105469,11.141352653503418,1040098.102432251,20137.463750839233
1886,425.68243408203125,11.160937309265137,1040523.784866333,20148.6246881485
1887,395.77490234375,11.310271263122559,1040919.5597686768,20159.93495941162
1888,293.36114501953125,10.898446083068848,1041212.9209136963,20170.83340549469
1889,318.70379638671875,10.525778770446777,1041531.624710083,20181.359184265137
1890,302.0070495605469,11.233559608459473,1041833.6317596436,20192.592743873596
1891,310.1449279785156,11.142340660095215,1042143.7766876221,20203.73508453369
1892,362.71588134765625,11.612377166748047,1042506.4925689697,20215.34746170044
1893,423.826416015625,11.209623336791992,1042930.3189849854,20226.55708503723
1894,393.7832336425781,10.919449806213379,1043324.1022186279,20237.476534843445
1895,177.87318420410156,10.198477745056152,1043501.975402832,20247.6750125885
1896,326.1373291015625,10.90172290802002,1043828.1127319336,20258.57673549652
1897,268.14617919921875,10.870946884155273,1044096.2589111328,20269.447682380676
1898,485.98907470703125,11.021471977233887,1044582.2479858398,20280.46915435791
1899,294.61798095703125,11.287697792053223,1044876.8659667969,20291.756852149963
1900,241.3002471923828,10.229310035705566,1045118.1662139893,20301.98616218567
1901,433.9757080078125,11.089449882507324,1045552.1419219971,20313.075612068176
1902,304.4936218261719,11.906946182250977,1045856.6355438232,20324.982558250427
1903,350.6036376953125,10.630420684814453,1046207.2391815186,20335.61297893524
1904,380.02239990234375,11.033031463623047,1046587.2615814209,20346.646010398865
1905,285.6495666503906,11.337390899658203,1046872.9111480713,20357.983401298523
1906,424.644287109375,10.818305015563965,1047297.5554351807,20368.801706314087
1907,386.769287109375,12.202960014343262,1047684.32472229,20381.00466632843
1908,411.1910705566406,11.198887825012207,1048095.5157928467,20392.203554153442
1909,281.40240478515625,11.224525451660156,1048376.9181976318,20403.428079605103
1910,219.0633544921875,11.266824722290039,1048595.981552124,20414.694904327393
1911,328.58343505859375,10.77929401397705,1048924.5649871826,20425.47419834137
1912,431.81494140625,11.904927253723145,1049356.3799285889,20437.379125595093
1913,353.239990234375,11.120620727539062,1049709.6199188232,20448.499746322632
1914,323.0558776855469,11.7083158493042,1050032.6757965088,20460.208062171936
1915,345.13720703125,11.257654190063477,1050377.81300354,20471.465716362
1916,329.36114501953125,10.644251823425293,1050707.1741485596,20482.109968185425
1917,383.0132751464844,11.971274375915527,1051090.187423706,20494.08124256134
1918,344.8966064453125,11.70051383972168,1051435.0840301514,20505.781756401062
1919,339.905029296875,10.893057823181152,1051774.9890594482,20516.674814224243
1920,277.9642028808594,10.771186828613281,1052052.953262329,20527.446001052856
1921,336.9415283203125,11.557225227355957,1052389.8947906494,20539.003226280212
1922,420.3647766113281,11.101261138916016,1052810.2595672607,20550.10448741913
1923,408.4198913574219,11.314990043640137,1053218.6794586182,20561.41947746277
1924,299.71893310546875,10.902924537658691,1053518.3983917236,20572.322402000427
1925,449.139892578125,11.86737060546875,1053967.5382843018,20584.189772605896
1926,266.91058349609375,10.921710014343262,1054234.4488677979,20595.11148262024
1927,419.1039733886719,10.602997779846191,1054653.5528411865,20605.714480400085
1928,493.20697021484375,10.657696723937988,1055146.7598114014,20616.372177124023
1929,463.1173095703125,11.472695350646973,1055609.8771209717,20627.84487247467
1930,332.3996276855469,11.725212097167969,1055942.2767486572,20639.57008457184
1931,367.0687255859375,11.262686729431152,1056309.3454742432,20650.83277130127
1932,268.7708740234375,11.169229507446289,1056578.1163482666,20662.002000808716
1933,351.36456298828125,11.182889938354492,1056929.4809112549,20673.18489074707
1934,304.6925964355469,10.65242862701416,1057234.1735076904,20683.837319374084
1935,398.9674072265625,10.865772247314453,1057633.140914917,20694.7030916214
1936,360.49609375,11.742812156677246,1057993.637008667,20706.445903778076
1937,322.87078857421875,11.3353853225708,1058316.5077972412,20717.781289100647
1938,528.919677734375,10.697775840759277,1058845.4274749756,20728.479064941406
1939,339.7193603515625,11.477051734924316,1059185.1468353271,20739.95611667633
1940,447.70941162109375,11.458368301391602,1059632.8562469482,20751.414484977722
1941,348.3175048828125,11.674176216125488,1059981.173751831,20763.088661193848
1942,301.12744140625,11.924765586853027,1060282.3011932373,20775.0134267807
1943,296.90338134765625,10.727448463439941,1060579.204574585,20785.74087524414
1944,413.2215270996094,11.287564277648926,1060992.4261016846,20797.02843952179
1945,388.06072998046875,10.581008911132812,1061380.486831665,20807.609448432922
1946,446.981689453125,11.306431770324707,1061827.4685211182,20818.915880203247
1947,467.89947509765625,11.799071311950684,1062295.3679962158,20830.714951515198
1948,266.02935791015625,10.634162902832031,1062561.397354126,20841.34911441803
1949,313.03350830078125,9.97009563446045,1062874.4308624268,20851.31921005249
1950,459.54400634765625,11.307957649230957,1063333.9748687744,20862.62716770172
1951,407.3094482421875,12.055801391601562,1063741.2843170166,20874.682969093323
1952,277.14453125,10.447897911071777,1064018.4288482666,20885.130867004395
1953,444.5423583984375,12.027237892150879,1064462.971206665,20897.158104896545
1954,345.526123046875,11.122565269470215,1064808.497329712,20908.280670166016
1955,366.2317199707031,11.761674880981445,1065174.7290496826,20920.042345046997
1956,390.91522216796875,11.213825225830078,1065565.6442718506,20931.256170272827
1957,316.9069519042969,10.410984992980957,1065882.5512237549,20941.667155265808
1958,440.36236572265625,11.346315383911133,1066322.9135894775,20953.01347064972
1959,329.3714599609375,10.74328899383545,1066652.2850494385,20963.756759643555
1960,376.1771240234375,11.343364715576172,1067028.462173462,20975.10012435913
1961,261.8927307128906,11.130820274353027,1067290.3549041748,20986.230944633484
1962,384.4996337890625,10.997817039489746,1067674.8545379639,20997.228761672974
1963,451.650390625,11.306156158447266,1068126.5049285889,21008.53491783142
1964,446.15228271484375,11.295292854309082,1068572.6572113037,21019.83021068573
1965,305.9263916015625,11.51669979095459,1068878.5836029053,21031.346910476685
1966,426.7928161621094,11.39132022857666,1069305.3764190674,21042.73823070526
1967,467.22998046875,11.759806632995605,1069772.6063995361,21054.498037338257
1968,369.72564697265625,11.182313919067383,1070142.3320465088,21065.680351257324
1969,295.0736083984375,10.98217487335205,1070437.4056549072,21076.662526130676
1970,352.84210205078125,10.647899627685547,1070790.247756958,21087.31042575836
1971,324.47222900390625,11.308695793151855,1071114.719985962,21098.619121551514
1972,309.886474609375,11.151786804199219,1071424.6064605713,21109.770908355713
1973,265.9697265625,10.94317626953125,1071690.5761871338,21120.714084625244
1974,319.9398193359375,12.332026481628418,1072010.5160064697,21133.046111106873
1975,343.2357482910156,11.641276359558105,1072353.7517547607,21144.68738746643
1976,482.1798095703125,11.894152641296387,1072835.931564331,21156.581540107727
1977,365.46746826171875,10.856319427490234,1073201.3990325928,21167.437859535217
1978,336.4326171875,10.974580764770508,1073537.8316497803,21178.412440299988
1979,325.47125244140625,11.578557968139648,1073863.3029022217,21189.990998268127
1980,353.2919616699219,11.295430183410645,1074216.5948638916,21201.286428451538
1981,240.38824462890625,10.463027000427246,1074456.9831085205,21211.749455451965
1982,498.1388854980469,11.986732482910156,1074955.1219940186,21223.736187934875
1983,440.5792541503906,10.912125587463379,1075395.701248169,21234.64831352234
1984,283.8446044921875,10.970935821533203,1075679.5458526611,21245.619249343872
1985,380.06671142578125,11.98130989074707,1076059.612564087,21257.60055923462
1986,386.99212646484375,11.70168685913086,1076446.6046905518,21269.30224609375
1987,401.51007080078125,10.839105606079102,1076848.1147613525,21280.14135169983
1988,386.46917724609375,10.27476692199707,1077234.5839385986,21290.416118621826
1989,425.333251953125,11.34001636505127,1077659.9171905518,21301.756134986877
1990,304.8420104980469,10.849578857421875,1077964.7592010498,21312.6057138443
1991,420.5996398925781,11.285503387451172,1078385.3588409424,21323.89121723175
1992,364.90557861328125,10.815677642822266,1078750.2644195557,21334.706894874573
1993,391.0232849121094,11.225143432617188,1079141.2877044678,21345.93203830719
1994,344.5379943847656,11.120601654052734,1079485.8256988525,21357.052639961243
1995,488.1890869140625,11.474413871765137,1079974.0147857666,21368.527053833008
1996,310.55999755859375,10.231014251708984,1080284.5747833252,21378.758068084717
1997,377.72845458984375,11.341924667358398,1080662.303237915,21390.099992752075
1998,406.3775329589844,11.2291898727417,1081068.680770874,21401.329182624817
1999,442.017333984375,11.689886093139648,1081510.6981048584,21413.019068717957
2000,281.561279296875,11.722185134887695,1081792.2593841553,21424.741253852844
2001,252.98155212402344,11.825207710266113,1082045.2409362793,21436.56646156311
2002,438.90643310546875,12.301239967346191,1082484.1473693848,21448.867701530457
2003,226.5139923095703,11.129934310913086,1082710.6613616943,21459.99763584137
2004,478.2532043457031,11.587804794311523,1083188.91456604,21471.58544063568
2005,366.89715576171875,11.332064628601074,1083555.8117218018,21482.917505264282
2006,319.2785339355469,11.30164623260498,1083875.0902557373,21494.219151496887
2007,381.9539489746094,11.281094551086426,1084257.044204712,21505.500246047974
2008,356.3006591796875,10.636320114135742,1084613.3448638916,21516.13656616211
2009,313.7852783203125,10.501818656921387,1084927.130142212,21526.63838481903
2010,392.9076843261719,11.921525955200195,1085320.037826538,21538.55991077423
2011,337.3031005859375,11.022899627685547,1085657.340927124,21549.582810401917
2012,387.39508056640625,11.128508567810059,1086044.7360076904,21560.711318969727
2013,280.8049621582031,11.250333786010742,1086325.5409698486,21571.961652755737
2014,254.24688720703125,11.344592094421387,1086579.7878570557,21583.30624485016
2015,423.83941650390625,10.96191120147705,1087003.6272735596,21594.268156051636
2016,399.98260498046875,10.956960678100586,1087403.60987854,21605.225116729736
2017,373.173828125,11.483211517333984,1087776.783706665,21616.70832824707
2018,438.326904296875,11.641347885131836,1088215.110610962,21628.349676132202
2019,332.751220703125,11.040364265441895,1088547.861831665,21639.390040397644
2020,459.3031005859375,11.617298126220703,1089007.164932251,21651.007338523865
2021,439.8279113769531,12.155915260314941,1089446.992843628,21663.16325378418
2022,360.47344970703125,11.271196365356445,1089807.466293335,21674.434450149536
2023,254.7164306640625,10.663466453552246,1090062.182723999,21685.09791660309
2024,264.6980895996094,11.013521194458008,1090326.8808135986,21696.111437797546
2025,368.5350646972656,10.865340232849121,1090695.415878296,21706.976778030396
2026,215.59613037109375,10.634026527404785,1090911.012008667,21717.6108045578
2027,333.199462890625,10.437045097351074,1091244.2114715576,21728.04784965515
2028,322.2973327636719,11.507868766784668,1091566.5088043213,21739.555718421936
2029,515.30419921875,11.179646492004395,1092081.81300354,21750.73536491394
2030,341.3387756347656,11.38386344909668,1092423.1517791748,21762.119228363037
2031,265.07421875,10.921040534973145,1092688.2259979248,21773.04026889801
2032,227.94296264648438,11.242876052856445,1092916.1689605713,21784.283144950867
2033,205.09475708007812,11.741405487060547,1093121.2637176514,21796.024550437927
2034,218.95538330078125,11.25804328918457,1093340.2191009521,21807.28259372711
2035,359.5146789550781,10.972976684570312,1093699.7337799072,21818.255570411682
2036,269.4411926269531,10.493087768554688,1093969.1749725342,21828.748658180237
2037,402.177490234375,10.797590255737305,1094371.3524627686,21839.546248435974
2038,180.5162353515625,11.3218994140625,1094551.8686981201,21850.868147850037
2039,342.92608642578125,11.416688919067383,1094894.794784546,21862.284836769104
2040,383.773193359375,11.721659660339355,1095278.5679779053,21874.006496429443
2041,365.44854736328125,11.496485710144043,1095644.0165252686,21885.502982139587
2042,339.6199645996094,11.209822654724121,1095983.6364898682,21896.71280479431
2043,403.0379943847656,11.934579849243164,1096386.674484253,21908.647384643555
2044,378.8516845703125,11.068171501159668,1096765.5261688232,21919.715556144714
2045,434.2017517089844,11.608770370483398,1097199.7279205322,21931.324326515198
2046,339.90911865234375,11.371027946472168,1097539.6370391846,21942.69535446167
2047,316.4014892578125,11.397115707397461,1097856.0385284424,21954.092470169067
2048,237.72552490234375,11.43957233428955,1098093.7640533447,21965.532042503357
2049,329.98944091796875,12.162912368774414,1098423.7534942627,21977.69495487213
2050,314.02093505859375,11.850526809692383,1098737.7744293213,21989.545481681824
2051,376.93145751953125,11.180051803588867,1099114.7058868408,22000.725533485413
2052,342.31787109375,10.679693222045898,1099457.0237579346,22011.40522670746
2053,305.6882629394531,10.4819917678833,1099762.712020874,22021.88721847534
2054,272.9721374511719,10.723933219909668,1100035.6841583252,22032.61115169525
2055,234.51229858398438,10.618630409240723,1100270.1964569092,22043.229782104492
2056,293.39215087890625,11.483745574951172,1100563.588607788,22054.713527679443
2057,400.202880859375,10.798906326293945,1100963.7914886475,22065.512434005737
2058,175.20687866210938,9.87747573852539,1101138.9983673096,22075.389909744263
2059,298.62945556640625,10.070145606994629,1101437.627822876,22085.460055351257
2060,362.9903564453125,11.247974395751953,1101800.6181793213,22096.70802974701
2061,352.50469970703125,11.028796195983887,1102153.1228790283,22107.736825942993
2062,357.16876220703125,10.66031265258789,1102510.2916412354,22118.39713859558
2063,388.75897216796875,11.73342514038086,1102899.0506134033,22130.130563735962
2064,485.6368713378906,11.520991325378418,1103384.6874847412,22141.65155506134
2065,315.98602294921875,11.272538185119629,1103700.6735076904,22152.92409324646
2066,310.2150573730469,10.627452850341797,1104010.8885650635,22163.5515460968
2067,294.6767578125,11.014076232910156,1104305.565322876,22174.565622329712
2068,454.1385498046875,11.184340476989746,1104759.7038726807,22185.7499628067
2069,395.28662109375,10.989246368408203,1105154.9904937744,22196.73920917511
2070,327.70684814453125,11.649014472961426,1105482.697341919,22208.38822364807
2071,433.74407958984375,12.221899032592773,1105916.4414215088,22220.610122680664
2072,290.6990966796875,10.788179397583008,1106207.1405181885,22231.398302078247
2073,306.1456298828125,11.128203392028809,1106513.2861480713,22242.526505470276
2074,329.3931579589844,11.233500480651855,1106842.6793060303,22253.760005950928
2075,338.01361083984375,11.364828109741211,1107180.6929168701,22265.12483406067
2076,461.307373046875,11.566117286682129,1107642.000289917,22276.69095134735
2077,322.08416748046875,10.974273681640625,1107964.0844573975,22287.66522502899
2078,470.589111328125,12.15533447265625,1108434.6735687256,22299.820559501648
2079,266.65728759765625,10.62005615234375,1108701.3308563232,22310.44061565399
2080,303.3565673828125,10.562736511230469,1109004.687423706,22321.003352165222
2081,240.19992065429688,12.015137672424316,1109244.8873443604,22333.018489837646
2082,359.055908203125,11.720285415649414,1109603.9432525635,22344.738775253296
2083,314.696044921875,11.475519180297852,1109918.6392974854,22356.214294433594
2084,351.5584716796875,11.213029861450195,1110270.197769165,22367.427324295044
2085,380.385498046875,11.406347274780273,1110650.583267212,22378.833671569824
2086,292.0107421875,11.289519309997559,1110942.5940093994,22390.12319087982
2087,328.6457214355469,11.2816801071167,1111271.239730835,22401.40487098694
2088,307.560302734375,10.560523986816406,1111578.8000335693,22411.965394973755
2089,387.2803039550781,10.997613906860352,1111966.0803375244,22422.963008880615
2090,322.21124267578125,10.672155380249023,1112288.2915802002,22433.635164260864
2091,330.117431640625,11.238899230957031,1112618.4090118408,22444.87406349182
2092,301.5578918457031,11.373528480529785,1112919.9669036865,22456.24759197235
2093,313.0402526855469,11.098557472229004,1113233.007156372,22467.34614944458
2094,315.94415283203125,11.007997512817383,1113548.951309204,22478.354146957397
2095,470.12811279296875,11.434225082397461,1114019.079421997,22489.788372039795
2096,395.9794006347656,11.752574920654297,1114415.0588226318,22501.54094696045
2097,408.35247802734375,11.113266944885254,1114823.4113006592,22512.654213905334
2098,347.91448974609375,10.78746223449707,1115171.3257904053,22523.44167613983
2099,414.6320495605469,10.902408599853516,1115585.9578399658,22534.344084739685
2100,422.478515625,11.370147705078125,1116008.4363555908,22545.714232444763
2101,396.304443359375,11.23767375946045,1116404.7407989502,22556.951906204224
2102,429.1875915527344,11.286497116088867,1116833.928390503,22568.238403320312
2103,438.8273010253906,11.928814888000488,1117272.7556915283,22580.167218208313
2104,387.9208068847656,11.868585586547852,1117660.676498413,22592.03580379486
2105,325.97650146484375,11.743265151977539,1117986.652999878,22603.77906894684
2106,378.109375,11.985219955444336,1118364.762374878,22615.764288902283
2107,318.33184814453125,11.033546447753906,1118683.0942230225,22626.797835350037
2108,348.8136901855469,11.235974311828613,1119031.907913208,22638.033809661865
2109,280.38592529296875,11.484783172607422,1119312.293838501,22649.518592834473
2110,260.383544921875,11.730388641357422,1119572.6773834229,22661.24898147583
2111,322.52850341796875,11.549943923950195,1119895.2058868408,22672.79892539978
2112,289.263916015625,11.196130752563477,1120184.4698028564,22683.995056152344
2113,481.70648193359375,11.505387306213379,1120666.17628479,22695.500443458557
2114,283.321044921875,10.449536323547363,1120949.497329712,22705.949979782104
2115,394.67730712890625,11.440556526184082,1121344.1746368408,22717.39053630829
2116,349.78619384765625,10.750316619873047,1121693.9608306885,22728.14085292816
2117,256.69384765625,11.759385108947754,1121950.6546783447,22739.90023803711
2118,249.59210205078125,11.812355041503906,1122200.2467803955,22751.712593078613
2119,311.8201904296875,10.61841106414795,1122512.0669708252,22762.33100414276
2120,377.725341796875,11.471186637878418,1122889.792312622,22773.80219078064
2121,317.0814208984375,11.388326644897461,1123206.8737335205,22785.190517425537
2122,181.0345001220703,11.08142375946045,1123387.9082336426,22796.271941184998
2123,405.4098815917969,11.164868354797363,1123793.3181152344,22807.436809539795
2124,217.33099365234375,10.7836275100708,1124010.6491088867,22818.220437049866
2125,349.935302734375,11.087763786315918,1124360.584411621,22829.30820083618
2126,202.21554565429688,10.685754776000977,1124562.7999572754,22839.993955612183
2127,287.0286865234375,11.716015815734863,1124849.8286437988,22851.709971427917
2128,236.4657745361328,11.64144229888916,1125086.294418335,22863.351413726807
2129,397.3923645019531,11.002556800842285,1125483.686782837,22874.35397052765
2130,390.7030334472656,11.26744556427002,1125874.3898162842,22885.62141609192
2131,255.4807891845703,11.243841171264648,1126129.8706054688,22896.865257263184
2132,348.65185546875,11.217642784118652,1126478.5224609375,22908.082900047302
2133,340.30853271484375,11.400726318359375,1126818.8309936523,22919.48362636566
2134,347.00933837890625,11.527840614318848,1127165.8403320312,22931.01146697998
2135,377.19488525390625,11.456743240356445,1127543.0352172852,22942.468210220337
2136,299.6637268066406,10.714341163635254,1127842.6989440918,22953.182551383972
2137,366.76953125,10.928638458251953,1128209.4684753418,22964.111189842224
2138,350.14727783203125,11.56058120727539,1128559.6157531738,22975.6717710495
2139,312.4779968261719,11.178722381591797,1128872.09375,22986.85049343109
2140,311.345458984375,10.457561492919922,1129183.4392089844,22997.30805492401
2141,395.5522766113281,10.861921310424805,1129578.9914855957,23008.169976234436
2142,380.8525390625,11.451285362243652,1129959.8440246582,23019.62126159668
2143,364.45947265625,11.618327140808105,1130324.3034973145,23031.239588737488
2144,191.64581298828125,11.031845092773438,1130515.9493103027,23042.27143383026
2145,384.07977294921875,11.146224975585938,1130900.029083252,23053.417658805847
2146,319.0455322265625,11.255069732666016,1131219.0746154785,23064.672728538513
2147,339.15533447265625,10.975727081298828,1131558.2299499512,23075.648455619812
2148,419.710693359375,11.11152458190918,1131977.9406433105,23086.75998020172
2149,297.448486328125,11.105914115905762,1132275.3891296387,23097.865894317627
2150,272.8211364746094,11.270877838134766,1132548.2102661133,23109.13677215576
2151,292.536376953125,10.57791519165039,1132840.7466430664,23119.714687347412
2152,370.82916259765625,11.598664283752441,1133211.575805664,23131.313351631165
2153,359.42083740234375,10.882746696472168,1133570.9966430664,23142.196098327637
2154,341.9069519042969,11.63626480102539,1133912.9035949707,23153.832363128662
2155,346.8388671875,10.615897178649902,1134259.7424621582,23164.448260307312
2156,232.3842010498047,11.442914009094238,1134492.126663208,23175.891174316406
2157,392.4560852050781,11.800994873046875,1134884.582748413,23187.692169189453
2158,349.19403076171875,10.43062686920166,1135233.7767791748,23198.122796058655
2159,283.14324951171875,11.028095245361328,1135516.9200286865,23209.150891304016
2160,272.6902160644531,11.132229804992676,1135789.610244751,23220.28312110901
2161,338.398193359375,11.348658561706543,1136128.0084381104,23231.631779670715
2162,395.357421875,10.627022743225098,1136523.3658599854,23242.25880241394
2163,231.7262725830078,10.809085845947266,1136755.0921325684,23253.067888259888
2164,332.5001220703125,11.738149642944336,1137087.5922546387,23264.806037902832
2165,331.46307373046875,11.082119941711426,1137419.0553283691,23275.888157844543
2166,302.4021911621094,10.94429874420166,1137721.4575195312,23286.832456588745
2167,337.80743408203125,10.664616584777832,1138059.2649536133,23297.497073173523
2168,246.74928283691406,11.430242538452148,1138306.0142364502,23308.927315711975
2169,221.85260009765625,11.156285285949707,1138527.8668365479,23320.083600997925
2170,317.6181640625,11.450050354003906,1138845.4850006104,23331.53365135193
2171,310.73480224609375,11.828787803649902,1139156.2198028564,23343.36243915558
2172,415.38897705078125,11.208322525024414,1139571.6087799072,23354.570761680603
2173,264.3280334472656,10.81252384185791,1139835.9368133545,23365.38328552246
2174,357.9417724609375,11.36981201171875,1140193.8785858154,23376.75309753418
2175,388.4627685546875,11.247711181640625,1140582.3413543701,23388.00080871582
2176,367.7177734375,11.133281707763672,1140950.0591278076,23399.134090423584
2177,244.1758575439453,11.16164493560791,1141194.2349853516,23410.295735359192
2178,299.5060729980469,10.764991760253906,1141493.7410583496,23421.060727119446
2179,279.7157287597656,10.761231422424316,1141773.4567871094,23431.82195854187
2180,355.39447021484375,11.230993270874023,1142128.8512573242,23443.052951812744
2181,363.13446044921875,11.636101722717285,1142491.9857177734,23454.68905353546
2182,406.03448486328125,11.38086223602295,1142898.0202026367,23466.069915771484
2183,321.8104248046875,11.309627532958984,1143219.8306274414,23477.379543304443
2184,338.8428955078125,10.856261253356934,1143558.6735229492,23488.2358045578
2185,302.7879943847656,11.68708610534668,1143861.461517334,23499.922890663147
2186,343.78082275390625,10.762798309326172,1144205.242340088,23510.685688972473
2187,270.5209655761719,10.916016578674316,1144475.763305664,23521.601705551147
2188,226.52870178222656,10.755034446716309,1144702.2920074463,23532.356739997864
2189,272.8348693847656,10.791378021240234,1144975.126876831,23543.148118019104
2190,289.11737060546875,10.617697715759277,1145264.2442474365,23553.765815734863
2191,365.04522705078125,11.528989791870117,1145629.2894744873,23565.294805526733
2192,429.0501708984375,11.88058090209961,1146058.3396453857,23577.175386428833
2193,262.82745361328125,10.851184844970703,1146321.167098999,23588.026571273804
2194,336.47027587890625,11.817214965820312,1146657.637374878,23599.843786239624
2195,412.1198425292969,11.236593246459961,1147069.7572174072,23611.080379486084
2196,407.9065856933594,11.483220100402832,1147477.6638031006,23622.563599586487
2197,262.22149658203125,10.968449592590332,1147739.8852996826,23633.532049179077
2198,266.2605285644531,10.778547286987305,1148006.145828247,23644.310596466064
2199,370.57623291015625,11.018479347229004,1148376.7220611572,23655.329075813293
2200,399.8428649902344,12.070455551147461,1148776.5649261475,23667.39953136444
2201,358.5596618652344,10.95034122467041,1149135.1245880127,23678.34987258911
2202,247.79734802246094,10.759806632995605,1149382.9219360352,23689.109679222107
2203,254.5343780517578,10.842835426330566,1149637.456314087,23699.952514648438
2204,394.872802734375,11.02221393585205,1150032.3291168213,23710.97472858429
2205,321.49932861328125,11.054614067077637,1150353.8284454346,23722.029342651367
2206,431.69573974609375,10.837687492370605,1150785.5241851807,23732.867030143738
2207,321.33013916015625,11.12151050567627,1151106.8543243408,23743.988540649414
2208,188.92254638671875,9.808134078979492,1151295.7768707275,23753.796674728394
2209,555.2465209960938,12.050127983093262,1151851.0233917236,23765.846802711487
2210,263.02001953125,10.914068222045898,1152114.0434112549,23776.760870933533
2211,373.3565673828125,11.479914665222168,1152487.3999786377,23788.240785598755
2212,367.8033752441406,10.910035133361816,1152855.2033538818,23799.150820732117
2213,326.26800537109375,11.520804405212402,1153181.471359253,23810.67162513733
2214,216.3363037109375,10.831597328186035,1153397.8076629639,23821.503222465515
2215,444.9976806640625,12.129414558410645,1153842.805343628,23833.632637023926
2216,480.0685119628906,11.31928539276123,1154322.8738555908,23844.951922416687
2217,390.1820068359375,11.254319190979004,1154713.0558624268,23856.206241607666
2218,244.5909423828125,10.642741203308105,1154957.6468048096,23866.848982810974
2219,399.42877197265625,11.836708068847656,1155357.0755767822,23878.68569087982
2220,423.40533447265625,12.14351749420166,1155780.4809112549,23890.829208374023
2221,308.09515380859375,11.714921951293945,1156088.5760650635,23902.544130325317
2222,510.9334411621094,11.422067642211914,1156599.5095062256,23913.96619796753
2223,357.35040283203125,11.687827110290527,1156956.8599090576,23925.65402507782
2224,391.314208984375,10.992359161376953,1157348.174118042,23936.646384239197
2225,380.1961669921875,10.914258003234863,1157728.3702850342,23947.56064224243
2226,503.68603515625,11.440051078796387,1158232.0563201904,23959.000693321228
2227,395.9637145996094,11.627938270568848,1158628.02003479,23970.628631591797
2228,301.33514404296875,11.488164901733398,1158929.355178833,23982.11679649353
2229,291.60382080078125,10.728343963623047,1159220.9589996338,23992.845140457153
2230,323.88043212890625,11.14935302734375,1159544.8394317627,24003.994493484497
2231,273.5860290527344,11.323613166809082,1159818.4254608154,24015.318106651306
2232,223.12603759765625,11.233344078063965,1160041.551498413,24026.55145072937
2233,327.4034423828125,11.787103652954102,1160368.954940796,24038.338554382324
2234,518.6100463867188,12.332897186279297,1160887.5649871826,24050.671451568604
2235,422.2967834472656,10.966278076171875,1161309.8617706299,24061.637729644775
2236,301.90087890625,11.42898178100586,1161611.7626495361,24073.06671142578
2237,480.2551574707031,11.681696891784668,1162092.0178070068,24084.748408317566
2238,328.94256591796875,11.874031066894531,1162420.9603729248,24096.62243938446
2239,393.0550537109375,12.037972450256348,1162814.0154266357,24108.660411834717
2240,284.6117858886719,10.58891487121582,1163098.6272125244,24119.249326705933
2241,393.85321044921875,10.955561637878418,1163492.4804229736,24130.20488834381
2242,403.44244384765625,10.993508338928223,1163895.9228668213,24141.19839668274
2243,404.90447998046875,11.40577507019043,1164300.8273468018,24152.60417175293
2244,424.75341796875,10.9371976852417,1164725.5807647705,24163.54136943817
2245,252.22418212890625,11.540138244628906,1164977.8049468994,24175.0815076828
2246,415.50946044921875,11.737178802490234,1165393.3144073486,24186.81868648529
2247,285.1102294921875,10.906972885131836,1165678.4246368408,24197.725659370422
2248,244.59292602539062,10.468449592590332,1165923.0175628662,24208.194108963013
2249,236.59022521972656,10.687824249267578,1166159.607788086,24218.88193321228
2250,320.04681396484375,10.733892440795898,1166479.6546020508,24229.615825653076
2251,316.2391357421875,10.513537406921387,1166795.893737793,24240.129363059998
2252,420.8994140625,11.277161598205566,1167216.7931518555,24251.406524658203
2253,331.183837890625,11.399052619934082,1167547.976989746,24262.805577278137
2254,251.23471069335938,11.59570598602295,1167799.2117004395,24274.40128326416
2255,445.42108154296875,11.367403984069824,1168244.6327819824,24285.76868724823
2256,132.59963989257812,10.663829803466797,1168377.232421875,24296.432517051697
2257,218.15313720703125,10.695563316345215,1168595.385559082,24307.128080368042
2258,473.6933898925781,12.447244644165039,1169069.0789489746,24319.575325012207
2259,270.38458251953125,11.620019912719727,1169339.4635314941,24331.195344924927
2260,220.0727081298828,10.418599128723145,1169559.536239624,24341.61394405365
2261,328.76300048828125,10.88822078704834,1169888.2992401123,24352.5021648407
2262,292.05364990234375,11.068425178527832,1170180.3528900146,24363.570590019226
2263,205.82383728027344,10.895816802978516,1170386.176727295,24374.466406822205
2264,440.5228271484375,11.5641450881958,1170826.6995544434,24386.0305519104
2265,297.2888488769531,10.599968910217285,1171123.9884033203,24396.630520820618
2266,312.3059997558594,11.521430969238281,1171436.2944030762,24408.151951789856
2267,332.14385986328125,10.8702392578125,1171768.4382629395,24419.02219104767
2268,221.18478393554688,11.284067153930664,1171989.623046875,24430.3062582016
2269,206.95968627929688,10.957691192626953,1172196.5827331543,24441.263949394226
2270,328.426513671875,11.064973831176758,1172525.0092468262,24452.328923225403
2271,384.85797119140625,11.330577850341797,1172909.8672180176,24463.659501075745
2272,292.4363708496094,11.438799858093262,1173202.3035888672,24475.098300933838
2273,311.15252685546875,10.724041938781738,1173513.4561157227,24485.82234287262
2274,353.2374572753906,11.499648094177246,1173866.693572998,24497.321990966797
2275,410.7055358886719,11.652338027954102,1174277.3991088867,24508.97432899475
2276,422.8338623046875,11.215350151062012,1174700.2329711914,24520.189679145813
2277,312.833251953125,11.157116889953613,1175013.0662231445,24531.346796035767
2278,337.44171142578125,11.265435218811035,1175350.5079345703,24542.612231254578
2279,269.625244140625,11.175129890441895,1175620.133178711,24553.78736114502
2280,239.3264617919922,12.077667236328125,1175859.459640503,24565.865028381348
2281,250.7089080810547,11.817681312561035,1176110.168548584,24577.68270969391
2282,276.4078369140625,11.761784553527832,1176386.576385498,24589.444494247437
2283,376.4659118652344,10.496536254882812,1176763.0422973633,24599.94103050232
2284,364.82012939453125,11.30252456665039,1177127.8624267578,24611.24355506897
2285,245.09246826171875,11.878823280334473,1177372.9548950195,24623.122378349304
2286,405.59161376953125,10.495509147644043,1177778.546508789,24633.61788749695
2287,331.0064697265625,11.358728408813477,1178109.5529785156,24644.97661590576
2288,258.6783447265625,11.181819915771484,1178368.2313232422,24656.158435821533
2289,449.66839599609375,11.97562313079834,1178817.8997192383,24668.13405895233
2290,317.50262451171875,10.93885326385498,1179135.40234375,24679.072912216187
2291,270.416748046875,10.690394401550293,1179405.8190917969,24689.763306617737
2292,301.73150634765625,11.596746444702148,1179707.5505981445,24701.36005306244
2293,261.1707763671875,10.709524154663086,1179968.7213745117,24712.069577217102
2294,420.47576904296875,12.04086685180664,1180389.1971435547,24724.11044406891
2295,317.48699951171875,12.105518341064453,1180706.6841430664,24736.215962409973
2296,319.3456115722656,11.427841186523438,1181026.0297546387,24747.643803596497
2297,283.78936767578125,10.814652442932129,1181309.8191223145,24758.45845603943
2298,244.77651977539062,11.846845626831055,1181554.5956420898,24770.30530166626
2299,181.28500366210938,10.712806701660156,1181735.880645752,24781.01810836792
2300,323.2630615234375,11.454673767089844,1182059.1437072754,24792.47278213501
2301,357.5054931640625,11.472423553466797,1182416.6492004395,24803.945205688477
2302,285.19622802734375,11.480281829833984,1182701.8454284668,24815.42548751831
2303,323.0284729003906,11.23422622680664,1183024.8739013672,24826.659713745117
2304,407.598876953125,11.599273681640625,1183432.4727783203,24838.258987426758
2305,325.60491943359375,11.838159561157227,1183758.077697754,24850.097146987915
2306,253.37994384765625,10.030839920043945,1184011.4576416016,24860.12798690796
2307,479.21026611328125,11.670680046081543,1184490.6679077148,24871.79866695404
2308,295.0811767578125,11.05161190032959,1184785.7490844727,24882.85027885437
2309,286.326904296875,10.404025077819824,1185072.0759887695,24893.25430393219
2310,305.41717529296875,12.032161712646484,1185377.4931640625,24905.286465644836
2311,363.44378662109375,11.133027076721191,1185740.9369506836,24916.419492721558
2312,453.81500244140625,11.138092994689941,1186194.751953125,24927.557585716248
2313,399.05706787109375,11.644107818603516,1186593.809020996,24939.20169353485
2314,329.16656494140625,11.557659149169922,1186922.9755859375,24950.75935268402
2315,267.8448486328125,11.280522346496582,1187190.8204345703,24962.039875030518
2316,225.4990997314453,11.003368377685547,1187416.3195343018,24973.043243408203
2317,395.48101806640625,11.15198802947998,1187811.8005523682,24984.195231437683
2318,324.6177062988281,11.308572769165039,1188136.418258667,24995.503804206848
2319,464.69622802734375,11.204986572265625,1188601.1144866943,25006.708790779114
2320,355.48333740234375,11.213743209838867,1188956.5978240967,25017.922533988953
2321,219.20655822753906,10.17442512512207,1189175.8043823242,25028.096959114075
2322,334.0531005859375,11.215577125549316,1189509.8574829102,25039.312536239624
2323,355.05108642578125,11.41153621673584,1189864.908569336,25050.72407245636
2324,439.4117736816406,11.181241035461426,1190304.3203430176,25061.90531349182
2325,310.3946533203125,11.146749496459961,1190614.714996338,25073.05206298828
2326,253.59115600585938,11.347796440124512,1190868.3061523438,25084.399859428406
2327,296.07244873046875,10.66107177734375,1191164.3786010742,25095.06093120575
2328,227.71987915039062,11.372856140136719,1191392.0984802246,25106.433787345886
2329,297.268798828125,11.316479682922363,1191689.3672790527,25117.75026702881
2330,395.794677734375,10.829014778137207,1192085.161956787,25128.579281806946
2331,287.9154052734375,11.756333351135254,1192373.0773620605,25140.33561515808
2332,228.22024536132812,10.313178062438965,1192601.2976074219,25150.64879322052
2333,315.7086181640625,10.683801651000977,1192917.006225586,25161.33259487152
2334,272.43389892578125,10.77098560333252,1193189.4401245117,25172.103580474854
2335,371.76800537109375,11.234024047851562,1193561.2081298828,25183.337604522705
2336,339.3404846191406,12.551493644714355,1193900.548614502,25195.88909816742
2337,308.83056640625,11.430877685546875,1194209.3791809082,25207.319975852966
2338,268.42181396484375,11.255683898925781,1194477.800994873,25218.575659751892
2339,414.1015625,11.32214641571045,1194891.902557373,25229.897806167603
2340,281.5853576660156,11.439586639404297,1195173.487915039,25241.337392807007
2341,216.82115173339844,13.289326667785645,1195390.3090667725,25254.626719474792
2342,315.5499267578125,11.327042579650879,1195705.8589935303,25265.953762054443
2343,285.13446044921875,11.399401664733887,1195990.9934539795,25277.353163719177
2344,355.41632080078125,11.179213523864746,1196346.4097747803,25288.532377243042
2345,347.3772277832031,11.494470596313477,1196693.7870025635,25300.026847839355
2346,349.0816345214844,11.587841987609863,1197042.868637085,25311.614689826965
2347,408.523681640625,11.396554946899414,1197451.3923187256,25323.011244773865
2348,324.498046875,11.015427589416504,1197775.8903656006,25334.02667236328
2349,300.41998291015625,11.772076606750488,1198076.3103485107,25345.79874897003
2350,310.2911376953125,11.392520904541016,1198386.601486206,25357.191269874573
2351,330.2506103515625,11.454344749450684,1198716.8520965576,25368.645614624023
2352,299.5096740722656,11.123873710632324,1199016.3617706299,25379.769488334656
2353,325.68695068359375,11.830672264099121,1199342.0487213135,25391.600160598755
2354,383.656005859375,11.807634353637695,1199725.7047271729,25403.407794952393
2355,353.6280517578125,11.182705879211426,1200079.3327789307,25414.590500831604
2356,383.9432678222656,11.351736068725586,1200463.276046753,25425.94223690033
2357,319.8687438964844,10.981087684631348,1200783.1447906494,25436.92332458496
2358,272.6422424316406,10.880818367004395,1201055.787033081,25447.804142951965
2359,294.0260009765625,11.10246467590332,1201349.8130340576,25458.90660762787
2360,482.1358947753906,11.032217979431152,1201831.948928833,25469.9388256073
2361,337.7225646972656,11.618985176086426,1202169.6714935303,25481.557810783386
2362,316.35791015625,12.007580757141113,1202486.0294036865,25493.565391540527
2363,371.345458984375,10.797378540039062,1202857.374862671,25504.362770080566
2364,456.43865966796875,11.635879516601562,1203313.8135223389,25515.998649597168
2365,211.50355529785156,10.812376976013184,1203525.3170776367,25526.81102657318
2366,249.43685913085938,11.170950889587402,1203774.7539367676,25537.98197746277
2367,359.9913330078125,11.71308422088623,1204134.7452697754,25549.695061683655
2368,277.04132080078125,11.352638244628906,1204411.7865905762,25561.047699928284
2369,414.3823547363281,11.611885070800781,1204826.1689453125,25572.659584999084
2370,234.18264770507812,10.947603225708008,1205060.3515930176,25583.607188224792
2371,380.82379150390625,11.323934555053711,1205441.1753845215,25594.931122779846
2372,246.51683044433594,11.393485069274902,1205687.6922149658,25606.32460784912
2373,374.287353515625,11.727132797241211,1206061.9795684814,25618.051740646362
2374,295.2442626953125,11.4578275680542,1206357.2238311768,25629.509568214417
2375,281.64691162109375,11.531072616577148,1206638.8707427979,25641.040640830994
2376,378.3318786621094,11.57599925994873,1207017.20262146,25652.616640090942
2377,326.818603515625,11.453990936279297,1207344.0212249756,25664.07063102722
2378,360.5677490234375,11.03391170501709,1207704.588973999,25675.10454273224
2379,396.9967041015625,10.756803512573242,1208101.5856781006,25685.861346244812
2380,272.2244873046875,10.837055206298828,1208373.8101654053,25696.69840145111
2381,294.4736022949219,11.107586860656738,1208668.2837677002,25707.805988311768
2382,409.23553466796875,11.416114807128906,1209077.5193023682,25719.222103118896
2383,438.98675537109375,11.72713565826416,1209516.5060577393,25730.94923877716
2384,315.74041748046875,10.512109756469727,1209832.2464752197,25741.46134853363
2385,292.2174987792969,11.0272216796875,1210124.463973999,25752.488570213318
2386,297.8057861328125,10.957172393798828,1210422.2697601318,25763.445742607117
2387,314.5120849609375,10.724771499633789,1210736.7818450928,25774.17051410675
2388,307.1195983886719,10.983370780944824,1211043.9014434814,25785.153884887695
2389,396.986572265625,12.268881797790527,1211440.888015747,25797.422766685486
2390,259.88897705078125,11.725290298461914,1211700.7769927979,25809.148056983948
2391,248.9296875,11.458419799804688,1211949.7066802979,25820.606476783752
2392,268.0598449707031,10.917515754699707,1212217.7665252686,25831.523992538452
2393,317.026611328125,11.889984130859375,1212534.7931365967,25843.41397666931
2394,212.07269287109375,10.63890552520752,1212746.8658294678,25854.05288219452
2395,311.5784606933594,10.751861572265625,1213058.4442901611,25864.804743766785
2396,318.8648681640625,10.75114917755127,1213377.3091583252,25875.555892944336
2397,312.5536193847656,11.950037956237793,1213689.86277771,25887.505930900574
2398,467.39129638671875,11.676898956298828,1214157.2540740967,25899.182829856873
2399,278.3061218261719,10.97752571105957,1214435.5601959229,25910.160355567932
2400,195.13214111328125,10.626720428466797,1214630.6923370361,25920.7870759964
2401,332.5838317871094,10.979043960571289,1214963.2761688232,25931.76611995697
2402,240.84457397460938,11.272045135498047,1215204.1207427979,25943.03816509247
2403,372.43634033203125,11.5064697265625,1215576.5570831299,25954.54463481903
2404,403.5723876953125,11.261964797973633,1215980.1294708252,25965.806599617004
2405,295.02490234375,10.585381507873535,1216275.154373169,25976.391981124878
2406,216.84999084472656,11.388042449951172,1216492.0043640137,25987.78002357483
2407,500.81903076171875,12.429954528808594,1216992.8233947754,26000.209978103638
2408,312.4052429199219,11.119793891906738,1217305.2286376953,26011.329771995544
2409,345.97113037109375,11.477009773254395,1217651.1997680664,26022.8067817688
2410,243.41787719726562,10.686070442199707,1217894.6176452637,26033.492852211
2411,319.8151550292969,11.603026390075684,1218214.432800293,26045.095878601074
2412,450.3063659667969,11.408464431762695,1218664.7391662598,26056.504343032837
2413,235.3313751220703,11.159022331237793,1218900.0705413818,26067.663365364075
2414,347.8578186035156,11.119830131530762,1219247.9283599854,26078.783195495605
2415,384.6260986328125,11.452780723571777,1219632.5544586182,26090.235976219177
2416,256.8149108886719,10.506172180175781,1219889.3693695068,26100.742148399353
2417,301.7130126953125,11.4570894241333,1220191.0823822021,26112.199237823486
2418,404.35736083984375,11.217241287231445,1220595.439743042,26123.416479110718
2419,349.83966064453125,10.956916809082031,1220945.2794036865,26134.3733959198
2420,340.7826232910156,11.310168266296387,1221286.0620269775,26145.683564186096
2421,428.38037109375,10.852981567382812,1221714.4423980713,26156.53654575348
2422,378.2328796386719,11.34515380859375,1222092.67527771,26167.881699562073
2423,151.55032348632812,10.710491180419922,1222244.2256011963,26178.592190742493
2424,455.7225341796875,11.307018280029297,1222699.948135376,26189.899209022522
2425,445.9875183105469,11.707917213439941,1223145.9356536865,26201.607126235962
2426,378.5067138671875,10.580706596374512,1223524.4423675537,26212.187832832336
2427,448.84027099609375,11.564478874206543,1223973.2826385498,26223.752311706543
2428,459.43084716796875,11.507193565368652,1224432.7134857178,26235.25950527191
2429,242.4438018798828,11.31522274017334,1224675.1572875977,26246.574728012085
2430,268.565673828125,12.380675315856934,1224943.7229614258,26258.955403327942
2431,294.6082763671875,11.569640159606934,1225238.331237793,26270.52504348755
2432,349.2159423828125,11.404979705810547,1225587.5471801758,26281.93002319336
2433,242.31729125976562,11.488933563232422,1225829.8644714355,26293.41895675659
2434,371.397216796875,11.00877571105957,1226201.2616882324,26304.42773246765
2435,269.24127197265625,11.050223350524902,1226470.502960205,26315.477955818176
2436,262.5882873535156,10.938319206237793,1226733.0912475586,26326.416275024414
2437,326.05670166015625,10.731966972351074,1227059.1479492188,26337.148241996765
2438,390.1394958496094,10.442439079284668,1227449.2874450684,26347.59068107605
2439,362.37322998046875,11.832721710205078,1227811.6606750488,26359.423402786255
2440,407.48455810546875,10.751919746398926,1228219.1452331543,26370.175322532654
2441,310.5491943359375,11.437087059020996,1228529.6944274902,26381.612409591675
2442,385.0859375,11.54960823059082,1228914.7803649902,26393.162017822266
2443,435.6784973144531,11.945171356201172,1229350.4588623047,26405.107189178467
2444,314.97998046875,11.036076545715332,1229665.4388427734,26416.143265724182
2445,306.28582763671875,10.723329544067383,1229971.7246704102,26426.86659526825
2446,390.7842102050781,11.79680347442627,1230362.5088806152,26438.663398742676
2447,204.05316162109375,10.959236145019531,1230566.5620422363,26449.622634887695
2448,311.9419250488281,11.16220474243164,1230878.5039672852,26460.784839630127
2449,253.89666748046875,11.336503982543945,1231132.4006347656,26472.12134361267
2450,340.694580078125,11.470500946044922,1231473.0952148438,26483.591844558716
2451,231.77352905273438,10.874223709106445,1231704.8687438965,26494.466068267822
2452,289.5220642089844,11.734553337097168,1231994.3908081055,26506.20062160492
2453,348.0491027832031,10.492195129394531,1232342.4399108887,26516.692816734314
2454,333.935302734375,10.832510948181152,1232676.375213623,26527.525327682495
2455,302.6591796875,11.643413543701172,1232979.0343933105,26539.168741226196
2456,403.4671936035156,12.812259674072266,1233382.501586914,26551.98100090027
2457,369.5374755859375,11.436779022216797,1233752.0390625,26563.417779922485
2458,232.22886657714844,10.898432731628418,1233984.2679290771,26574.316212654114
2459,309.3855285644531,11.455636024475098,1234293.6534576416,26585.77184867859
2460,283.973388671875,11.299031257629395,1234577.6268463135,26597.07087993622
2461,316.09759521484375,10.64765453338623,1234893.7244415283,26607.718534469604
2462,389.833740234375,10.999162673950195,1235283.5581817627,26618.717697143555
2463,309.1856994628906,11.846084594726562,1235592.7438812256,26630.56378173828
2464,288.063720703125,11.306242942810059,1235880.8076019287,26641.87002468109
2465,368.263427734375,11.586956024169922,1236249.071029663,26653.45698070526
2466,296.2166442871094,11.066466331481934,1236545.2876739502,26664.523447036743
2467,397.2341003417969,11.705838203430176,1236942.521774292,26676.229285240173
2468,314.033203125,11.502135276794434,1237256.554977417,26687.731420516968
2469,326.9595947265625,11.15932846069336,1237583.5145721436,26698.89074897766
2470,296.9138488769531,10.990004539489746,1237880.4284210205,26709.88075351715
2471,267.0785827636719,11.115361213684082,1238147.5070037842,26720.996114730835
2472,284.83697509765625,10.851061820983887,1238432.3439788818,26731.84717655182
2473,284.14739990234375,11.547121047973633,1238716.4913787842,26743.394297599792
2474,247.67263793945312,12.002674102783203,1238964.1640167236,26755.396971702576
2475,418.539794921875,11.717485427856445,1239382.7038116455,26767.114457130432
2476,335.1846923828125,11.429789543151855,1239717.8885040283,26778.544246673584
2477,256.2796325683594,10.688983917236328,1239974.1681365967,26789.23323059082
2478,332.77947998046875,11.247907638549805,1240306.9476165771,26800.48113822937
2479,331.7683410644531,11.372129440307617,1240638.7159576416,26811.853267669678
2480,270.7442932128906,10.98340892791748,1240909.4602508545,26822.836676597595
2481,384.0962829589844,11.090407371520996,1241293.5565338135,26833.927083969116
2482,307.86029052734375,11.6121244430542,1241601.4168243408,26845.53920841217
2483,229.64344787597656,12.68404769897461,1241831.0602722168,26858.223256111145
2484,197.74264526367188,10.524192810058594,1242028.8029174805,26868.747448921204
2485,276.5618591308594,11.59615421295166,1242305.3647766113,26880.343603134155
2486,289.64605712890625,10.421212196350098,1242595.0108337402,26890.764815330505
2487,311.71685791015625,11.763493537902832,1242906.7276916504,26902.52830886841
2488,314.6004638671875,11.655254364013672,1243221.3281555176,26914.183563232422
2489,306.1434631347656,10.331735610961914,1243527.4716186523,26924.515298843384
2490,375.95587158203125,11.393503189086914,1243903.4274902344,26935.90880203247
2491,244.3177490234375,10.783530235290527,1244147.7452392578,26946.69233226776
2492,481.60577392578125,11.765679359436035,1244629.3510131836,26958.458011627197
2493,307.81787109375,10.264717102050781,1244937.1688842773,26968.722728729248
2494,299.23016357421875,11.10574722290039,1245236.3990478516,26979.82847595215
2495,338.38604736328125,11.0723876953125,1245574.7850952148,26990.90086364746
2496,255.99110412597656,11.20842456817627,1245830.7761993408,27002.109288215637
2497,362.5346374511719,12.371503829956055,1246193.310836792,27014.480792045593
2498,341.16473388671875,11.492522239685059,1246534.4755706787,27025.97331428528
2499,249.43380737304688,11.095773696899414,1246783.9093780518,27037.069087982178
2500,140.3717498779297,10.709936141967773,1246924.2811279297,27047.779024124146
2501,242.06610107421875,11.38494873046875,1247166.347229004,27059.163972854614
2502,317.9586181640625,10.592658996582031,1247484.305847168,27069.756631851196
2503,416.00726318359375,13.176656723022461,1247900.3131103516,27082.93328857422
2504,235.52975463867188,10.761665344238281,1248135.8428649902,27093.694953918457
2505,272.2717590332031,12.039586067199707,1248408.1146240234,27105.734539985657
2506,393.6410217285156,11.415725708007812,1248801.755645752,27117.150265693665
2507,217.94442749023438,10.754515647888184,1249019.7000732422,27127.904781341553
2508,321.543212890625,11.01569938659668,1249341.2432861328,27138.92048072815
2509,283.8189697265625,11.162732124328613,1249625.0622558594,27150.083212852478
2510,315.57269287109375,11.545060157775879,1249940.6349487305,27161.628273010254
2511,353.03460693359375,11.142743110656738,1250293.669555664,27172.77101612091
2512,308.8277587890625,11.438039779663086,1250602.4973144531,27184.209055900574
2513,340.337646484375,10.944730758666992,1250942.8349609375,27195.15378665924
2514,342.7640075683594,12.266777038574219,1251285.5989685059,27207.420563697815
2515,253.22271728515625,12.26333999633789,1251538.821685791,27219.683903694153
2516,341.49749755859375,11.38139533996582,1251880.3191833496,27231.06529903412
2517,259.02374267578125,10.872437477111816,1252139.3429260254,27241.93773651123
2518,298.89654541015625,11.43397045135498,1252438.2394714355,27253.371706962585
2519,240.79116821289062,11.208843231201172,1252679.0306396484,27264.580550193787
2520,252.85487365722656,10.720812797546387,1252931.8855133057,27275.301362991333
2521,375.861572265625,11.582588195800781,1253307.7470855713,27286.883951187134
2522,270.3972473144531,10.900252342224121,1253578.1443328857,27297.784203529358
2523,357.5157470703125,11.966975212097168,1253935.660079956,27309.751178741455
2524,260.81634521484375,11.118339538574219,1254196.476425171,27320.86951828003
2525,247.78717041015625,11.302833557128906,1254444.263595581,27332.17235183716
2526,391.29541015625,11.957077026367188,1254835.5590057373,27344.129428863525
2527,268.6455993652344,11.07154369354248,1255104.2046051025,27355.200972557068
2528,257.3880615234375,11.095131874084473,1255361.592666626,27366.296104431152
2529,266.7342529296875,11.460104942321777,1255628.3269195557,27377.756209373474
2530,362.3648681640625,11.727099418640137,1255990.6917877197,27389.483308792114
2531,292.2322692871094,11.627763748168945,1256282.9240570068,27401.111072540283
2532,323.51312255859375,11.202022552490234,1256606.4371795654,27412.313095092773
2533,244.8056640625,11.002547264099121,1256851.242843628,27423.315642356873
2534,299.6671142578125,11.015679359436035,1257150.9099578857,27434.33132171631
2535,342.071044921875,11.428236961364746,1257492.9810028076,27445.759558677673
2536,265.1882629394531,11.865447998046875,1257758.169265747,27457.62500667572
2537,338.7867431640625,11.42457389831543,1258096.9560089111,27469.049580574036
2538,351.0787353515625,11.875326156616211,1258448.0347442627,27480.924906730652
2539,269.37530517578125,11.243017196655273,1258717.4100494385,27492.167923927307
2540,135.6858367919922,10.759875297546387,1258853.0958862305,27502.927799224854
2541,387.0391845703125,10.98181438446045,1259240.1350708008,27513.909613609314
2542,273.9366455078125,11.374592781066895,1259514.0717163086,27525.28420639038
2543,352.61993408203125,11.62729263305664,1259866.6916503906,27536.911499023438
2544,337.11749267578125,11.482637405395508,1260203.8091430664,27548.394136428833
2545,335.83477783203125,11.274540901184082,1260539.6439208984,27559.668677330017
2546,262.2431945800781,11.890485763549805,1260801.8871154785,27571.559163093567
2547,269.24920654296875,10.328659057617188,1261071.1363220215,27581.887822151184
2548,207.60659790039062,11.278496742248535,1261278.7429199219,27593.166318893433
2549,298.58929443359375,10.755803108215332,1261577.3322143555,27603.922122001648
2550,235.54220581054688,11.253839492797852,1261812.874420166,27615.175961494446
2551,356.62713623046875,12.26608943939209,1262169.5015563965,27627.442050933838
2552,221.4052734375,11.652929306030273,1262390.906829834,27639.094980239868
2553,315.1213073730469,11.056863784790039,1262706.028137207,27650.15184402466
2554,353.8427429199219,11.025518417358398,1263059.870880127,27661.177362442017
2555,301.09320068359375,11.857065200805664,1263360.9640808105,27673.034427642822
2556,438.324462890625,11.857586860656738,1263799.2885437012,27684.89201450348
2557,317.69879150390625,11.9241304397583,1264116.987335205,27696.816144943237
2558,299.98602294921875,11.402068138122559,1264416.9733581543,27708.21821308136
2559,370.53594970703125,12.333943367004395,1264787.5093078613,27720.552156448364
2560,309.744384765625,10.818222045898438,1265097.253692627,27731.370378494263
2561,411.14019775390625,11.153731346130371,1265508.3938903809,27742.524109840393
2562,303.5182800292969,11.714448928833008,1265811.9121704102,27754.238558769226
2563,284.9435729980469,11.581512451171875,1266096.8557434082,27765.820071220398
2564,196.5132293701172,10.666092872619629,1266293.3689727783,27776.486164093018
2565,272.3404541015625,10.821556091308594,1266565.7094268799,27787.307720184326
2566,309.97271728515625,12.664660453796387,1266875.682144165,27799.972380638123
2567,288.24407958984375,11.249495506286621,1267163.9262237549,27811.22187614441
2568,247.2808837890625,11.303279876708984,1267411.207107544,27822.525156021118
2569,273.06329345703125,11.755369186401367,1267684.270401001,27834.28052520752
2570,280.34478759765625,11.667007446289062,1267964.6151885986,27845.94753265381
2571,265.8757629394531,11.09541130065918,1268230.490951538,27857.042943954468
2572,297.343017578125,11.317880630493164,1268527.8339691162,27868.36082458496
2573,234.00216674804688,11.289873123168945,1268761.8361358643,27879.65069770813
2574,242.42071533203125,10.826330184936523,1269004.2568511963,27890.477027893066
2575,313.8489990234375,11.49146556854248,1269318.1058502197,27901.96849346161
2576,224.89781188964844,10.403083801269531,1269543.0036621094,27912.37157726288
2577,333.2909240722656,11.704669952392578,1269876.2945861816,27924.07624721527
2578,270.18743896484375,11.379651069641113,1270146.4820251465,27935.455898284912
2579,253.291748046875,12.444502830505371,1270399.7737731934,27947.900401115417
2580,224.73388671875,10.959817886352539,1270624.507659912,27958.86021900177
2581,338.19012451171875,11.299981117248535,1270962.6977844238,27970.16020011902
2582,325.02252197265625,11.34722900390625,1271287.7203063965,27981.507429122925
2583,401.64129638671875,11.537282943725586,1271689.3616027832,27993.04471206665
2584,400.37939453125,11.952648162841797,1272089.7409973145,28004.997360229492
2585,286.67120361328125,11.273073196411133,1272376.4122009277,28016.270433425903
2586,298.35791015625,11.885268211364746,1272674.770111084,28028.155701637268
2587,337.06494140625,11.6451416015625,1273011.8350524902,28039.80084323883
2588,278.1678466796875,11.595479965209961,1273290.00289917,28051.39632320404
2589,361.19122314453125,11.56107234954834,1273651.1941223145,28062.95739555359
2590,316.3619384765625,10.7957763671875,1273967.556060791,28073.753171920776
2591,217.3404998779297,10.960627555847168,1274184.896560669,28084.713799476624
2592,424.9114074707031,11.928441047668457,1274609.8079681396,28096.642240524292
2593,364.9959716796875,11.867443084716797,1274974.8039398193,28108.50968360901
2594,335.308837890625,11.602376937866211,1275310.11277771,28120.112060546875
2595,361.7188720703125,11.543617248535156,1275671.8316497803,28131.65567779541
2596,296.0548095703125,10.661459922790527,1275967.8864593506,28142.3171377182
2597,327.9308776855469,11.041587829589844,1276295.8173370361,28153.35872554779
2598,310.56317138671875,11.152463912963867,1276606.3805084229,28164.511189460754
2599,397.40087890625,11.153401374816895,1277003.781387329,28175.66459083557
2600,269.56689453125,11.026928901672363,1277273.3482818604,28186.691519737244
2601,195.47117614746094,11.454952239990234,1277468.8194580078,28198.146471977234
2602,321.553466796875,11.745330810546875,1277790.3729248047,28209.89180278778
2603,352.92730712890625,11.108497619628906,1278143.3002319336,28221.00030040741
2604,293.1543273925781,10.565696716308594,1278436.4545593262,28231.56599712372
2605,269.0283203125,11.471315383911133,1278705.4828796387,28243.03731250763
2606,345.66644287109375,11.772751808166504,1279051.1493225098,28254.810064315796
2607,262.85528564453125,11.168009757995605,1279314.0046081543,28265.97807407379
2608,398.7278137207031,10.568089485168457,1279712.732421875,28276.54616355896
2609,349.2935791015625,11.826699256896973,1280062.0260009766,28288.372862815857
2610,396.23974609375,11.74780559539795,1280458.2657470703,28300.120668411255
2611,201.90542602539062,10.62392807006836,1280660.1711730957,28310.744596481323
2612,336.38763427734375,11.612598419189453,1280996.558807373,28322.357194900513
2613,244.86831665039062,11.468096733093262,1281241.4271240234,28333.825291633606
2614,222.43951416015625,11.635639190673828,1281463.8666381836,28345.46093082428
2615,300.3067626953125,11.227441787719727,1281764.173400879,28356.688372612
2616,391.7690124511719,11.59872055053711,1282155.94241333,28368.287093162537
2617,384.1025390625,11.479138374328613,1282540.0449523926,28379.766231536865
2618,335.5271911621094,10.753162384033203,1282875.5721435547,28390.5193939209
2619,316.6319580078125,11.059016227722168,1283192.2041015625,28401.57841014862
2620,327.4898681640625,12.16746997833252,1283519.6939697266,28413.745880126953
2621,309.47918701171875,10.930098533630371,1283829.1731567383,28424.675978660583
2622,372.1275329589844,11.147817611694336,1284201.3006896973,28435.823796272278
2623,314.0696716308594,11.316187858581543,1284515.3703613281,28447.13998413086
2624,295.14849853515625,11.659168243408203,1284810.5188598633,28458.799152374268
2625,341.8721008300781,11.242690086364746,1285152.3909606934,28470.041842460632
2626,309.90740966796875,11.54262638092041,1285462.2983703613,28481.584468841553
2627,178.30197143554688,10.575299263000488,1285640.6003417969,28492.159768104553
2628,370.6347961425781,11.592652320861816,1286011.2351379395,28503.752420425415
2629,362.5240478515625,11.141088485717773,1286373.759185791,28514.893508911133
2630,277.2705078125,10.944889068603516,1286651.0296936035,28525.838397979736
2631,287.76947021484375,11.142765998840332,1286938.7991638184,28536.981163978577
2632,373.8170166015625,11.042745590209961,1287312.61618042,28548.023909568787
2633,332.6759033203125,11.538419723510742,1287645.2920837402,28559.562329292297
2634,289.9995422363281,12.216890335083008,1287935.2916259766,28571.77921962738
2635,205.84043884277344,10.641608238220215,1288141.1320648193,28582.4208278656
2636,289.3872985839844,11.769007682800293,1288430.5193634033,28594.1898355484
2637,363.9056396484375,12.249897003173828,1288794.4250030518,28606.439732551575
2638,310.87152099609375,11.185151100158691,1289105.2965240479,28617.624883651733
2639,307.6588134765625,11.087063789367676,1289412.9553375244,28628.7119474411
2640,326.40032958984375,11.455656051635742,1289739.3556671143,28640.167603492737
2641,341.298095703125,10.67716121673584,1290080.6537628174,28650.844764709473
2642,406.5701904296875,11.449773788452148,1290487.223953247,28662.294538497925
2643,350.3086853027344,11.55764389038086,1290837.5326385498,28673.852182388306
2644,354.7305908203125,11.612863540649414,1291192.2632293701,28685.465045928955
2645,219.30905151367188,10.635407447814941,1291411.5722808838,28696.10045337677
2646,331.8924560546875,11.750296592712402,1291743.4647369385,28707.850749969482
2647,368.02642822265625,12.073087692260742,1292111.4911651611,28719.923837661743
2648,429.5335693359375,12.330150604248047,1292541.024734497,28732.25398826599
2649,355.18603515625,10.926692962646484,1292896.2107696533,28743.180681228638
2650,287.2225646972656,11.271324157714844,1293183.4333343506,28754.452005386353
2651,393.80194091796875,12.058640480041504,1293577.2352752686,28766.510645866394
2652,255.56893920898438,11.189881324768066,1293832.8042144775,28777.700527191162
2653,304.995361328125,11.46287727355957,1294137.7995758057,28789.16340446472
2654,402.6359558105469,11.708258628845215,1294540.4355316162,28800.871663093567
2655,247.79098510742188,10.91118049621582,1294788.2265167236,28811.782843589783
2656,224.34481811523438,11.240973472595215,1295012.5713348389,28823.023817062378
2657,358.6733703613281,11.220019340515137,1295371.2447052002,28834.243836402893
2658,304.9732666015625,11.536480903625488,1295676.2179718018,28845.78031730652
2659,326.9860534667969,11.12226676940918,1296003.2040252686,28856.902584075928
2660,323.3385009765625,11.403654098510742,1296326.5425262451,28868.30623817444
2661,349.6644287109375,10.662750244140625,1296676.206954956,28878.96898841858
2662,424.4082946777344,11.351000785827637,1297100.6152496338,28890.319989204407
2663,276.4417724609375,11.147107124328613,1297377.0570220947,28901.467096328735
2664,408.4428405761719,11.362667083740234,1297785.499862671,28912.829763412476
2665,387.93414306640625,11.525287628173828,1298173.4340057373,28924.35505104065
2666,245.51010131835938,11.250940322875977,1298418.9441070557,28935.605991363525
2667,265.6082458496094,11.244656562805176,1298684.5523529053,28946.85064792633
2668,378.22882080078125,11.496066093444824,1299062.781173706,28958.346714019775
2669,451.3331298828125,12.024393081665039,1299514.1143035889,28970.37110710144
2670,193.44239807128906,10.873915672302246,1299707.5567016602,28981.245022773743
2671,205.5423126220703,10.673646926879883,1299913.0990142822,28991.918669700623
2672,286.7618713378906,10.431085586547852,1300199.8608856201,29002.34975528717
2673,229.63787841796875,11.022065162658691,1300429.498764038,29013.37182044983
2674,343.33056640625,12.109219551086426,1300772.8293304443,29025.481040000916
2675,301.5279235839844,11.508606910705566,1301074.3572540283,29036.98964691162
2676,376.5065612792969,10.810694694519043,1301450.8638153076,29047.80034160614
2677,217.77484130859375,9.962494850158691,1301668.6386566162,29057.7628364563
2678,331.58160400390625,11.56233024597168,1302000.2202606201,29069.32516670227
2679,360.9910583496094,11.763701438903809,1302361.2113189697,29081.088868141174
2680,331.40716552734375,11.555696487426758,1302692.618484497,29092.6445646286
2681,259.6724853515625,10.825098991394043,1302952.2909698486,29103.469663619995
2682,236.94647216796875,11.517763137817383,1303189.2374420166,29114.987426757812
2683,286.01727294921875,11.38977336883545,1303475.2547149658,29126.377200126648
2684,414.0374450683594,11.599752426147461,1303889.2921600342,29137.976952552795
2685,391.8602600097656,11.49698543548584,1304281.152420044,29149.47393798828
2686,316.46612548828125,10.730867385864258,1304597.6185455322,29160.204805374146
2687,344.3644714355469,11.889028549194336,1304941.9830169678,29172.09383392334
2688,331.4855041503906,11.726120948791504,1305273.4685211182,29183.81995487213
2689,357.759033203125,11.308615684509277,1305631.2275543213,29195.12857055664
2690,263.3001708984375,10.52586555480957,1305894.5277252197,29205.65443611145
2691,265.3389587402344,11.233450889587402,1306159.86668396,29216.887887001038
2692,311.29974365234375,10.809736251831055,1306471.1664276123,29227.69762325287
2693,307.923095703125,11.588258743286133,1306779.0895233154,29239.285881996155
2694,311.40948486328125,11.479296684265137,1307090.4990081787,29250.76517868042
2695,278.9497985839844,12.242358207702637,1307369.4488067627,29263.007536888123
2696,313.52764892578125,10.815742492675781,1307682.9764556885,29273.8232793808
2697,349.700439453125,11.518993377685547,1308032.6768951416,29285.342272758484
2698,228.53262329101562,11.10777473449707,1308261.2095184326,29296.45004749298
2699,341.21636962890625,11.372615814208984,1308602.4258880615,29307.82266330719
2700,425.7896423339844,12.19538402557373,1309028.2155303955,29320.018047332764
2701,230.39480590820312,10.596529960632324,1309258.6103363037,29330.614577293396
2702,378.51141357421875,11.746603965759277,1309637.121749878,29342.361181259155
2703,357.47210693359375,11.086234092712402,1309994.5938568115,29353.447415351868
2704,313.86065673828125,11.669675827026367,1310308.4545135498,29365.117091178894
2705,298.63714599609375,10.850530624389648,1310607.091659546,29375.967621803284
2706,359.797607421875,11.303679466247559,1310966.8892669678,29387.27130126953
2707,254.26583862304688,11.528573036193848,1311221.1551055908,29398.799874305725
2708,226.9595489501953,10.981724739074707,1311448.114654541,29409.7815990448
2709,355.47015380859375,12.234185218811035,1311803.5848083496,29422.01578426361
2710,318.01953125,11.497479438781738,1312121.6043395996,29433.513263702393
2711,406.15753173828125,11.249380111694336,1312527.761871338,29444.762643814087
2712,354.0520935058594,11.70956039428711,1312881.8139648438,29456.472204208374
2713,265.642333984375,10.768478393554688,1313147.4562988281,29467.24068260193
2714,332.29425048828125,11.70213508605957,1313479.7505493164,29478.94281768799
2715,264.88336181640625,11.18212604522705,1313744.6339111328,29490.124943733215
2716,342.5729675292969,10.886085510253906,1314087.206878662,29501.01102924347
2717,427.1228332519531,11.307723999023438,1314514.329711914,29512.318753242493
2718,296.7077941894531,11.8209810256958,1314811.0375061035,29524.13973426819
2719,304.1392822265625,11.328444480895996,1315115.17678833,29535.468178749084
2720,311.1394348144531,11.858867645263672,1315426.3162231445,29547.327046394348
2721,304.6407165527344,11.723441123962402,1315730.9569396973,29559.05048751831
2722,205.39263916015625,11.072265625,1315936.3495788574,29570.12275314331
2723,202.4234619140625,10.342034339904785,1316138.7730407715,29580.464787483215
2724,201.6057891845703,10.429738998413086,1316340.378829956,29590.89452648163
2725,335.6692199707031,10.868237495422363,1316676.0480499268,29601.76276397705
2726,210.3725128173828,10.641631126403809,1316886.4205627441,29612.404395103455
2727,330.79290771484375,10.825279235839844,1317217.213470459,29623.229674339294
2728,245.2470703125,11.125665664672852,1317462.4605407715,29634.355340003967
2729,308.8558654785156,10.949189186096191,1317771.31640625,29645.304529190063
2730,264.11944580078125,10.938518524169922,1318035.4358520508,29656.243047714233
2731,265.2096862792969,11.08219051361084,1318300.64553833,29667.325238227844
2732,321.4966125488281,11.2418212890625,1318622.142150879,29678.567059516907
2733,223.93295288085938,11.953636169433594,1318846.0751037598,29690.52069568634
2734,363.78533935546875,11.099528312683105,1319209.8604431152,29701.620223999023
2735,307.9793701171875,10.610505104064941,1319517.8398132324,29712.23072910309
2736,244.3173828125,10.684030532836914,1319762.157196045,29722.914759635925
2737,235.38766479492188,10.701805114746094,1319997.5448608398,29733.61656475067
2738,267.177978515625,10.737955093383789,1320264.7228393555,29744.354519844055
2739,216.50579833984375,11.258243560791016,1320481.2286376953,29755.612763404846
2740,255.98861694335938,11.315555572509766,1320737.2172546387,29766.928318977356
2741,190.77713012695312,10.998520851135254,1320927.9943847656,29777.92683982849
2742,338.9783935546875,10.574250221252441,1321266.9727783203,29788.501090049744
2743,354.5437316894531,11.060100555419922,1321621.5165100098,29799.561190605164
2744,363.63763427734375,11.466486930847168,1321985.154144287,29811.02767753601
2745,301.6942443847656,11.62779712677002,1322286.8483886719,29822.65547466278
2746,304.8818054199219,11.702275276184082,1322591.7301940918,29834.357749938965
2747,287.3103942871094,11.208528518676758,1322879.040588379,29845.56627845764
2748,332.28179931640625,10.93031120300293,1323211.3223876953,29856.496589660645
2749,208.07223510742188,11.203618049621582,1323419.3946228027,29867.700207710266
2750,272.203857421875,11.382216453552246,1323691.5984802246,29879.08242416382
2751,280.84454345703125,11.279806137084961,1323972.4430236816,29890.362230300903
2752,287.36907958984375,12.201559066772461,1324259.8121032715,29902.563789367676
2753,259.03314208984375,10.87978458404541,1324518.8452453613,29913.44357395172
2754,220.05117797851562,12.017167091369629,1324738.8964233398,29925.46074104309
2755,289.39263916015625,11.45671558380127,1325028.2890625,29936.917456626892
2756,294.9605712890625,12.139031410217285,1325323.249633789,29949.05648803711
2757,306.92071533203125,12.963643074035645,1325630.170349121,29962.020131111145
2758,286.785888671875,10.973153114318848,1325916.956237793,29972.993284225464
2759,228.00978088378906,11.265904426574707,1326144.9660186768,29984.25918865204
2760,249.9314422607422,10.825387954711914,1326394.8974609375,29995.08457660675
2761,331.4442443847656,11.15658950805664,1326726.3417053223,30006.241166114807
2762,300.7674560546875,11.381418228149414,1327027.109161377,30017.622584342957
2763,337.395751953125,11.528952598571777,1327364.50491333,30029.15153694153
2764,214.06324768066406,11.170818328857422,1327578.5681610107,30040.322355270386
2765,330.431396484375,11.756098747253418,1327908.9995574951,30052.07845401764
2766,320.0722351074219,11.212580680847168,1328229.0717926025,30063.291034698486
2767,363.64898681640625,10.94752025604248,1328592.720779419,30074.23855495453
2768,256.4392395019531,10.734786033630371,1328849.160018921,30084.97334098816
2769,377.91448974609375,11.383414268493652,1329227.074508667,30096.356755256653
2770,314.6595764160156,11.48045825958252,1329541.734085083,30107.837213516235
2771,347.4896240234375,11.0685453414917,1329889.2237091064,30118.905758857727
2772,502.115478515625,12.37936782836914,1330391.339187622,30131.285126686096
2773,345.21807861328125,10.671609878540039,1330736.5572662354,30141.956736564636
2774,299.5908508300781,12.639738082885742,1331036.1481170654,30154.596474647522
2775,369.3121032714844,11.205917358398438,1331405.460220337,30165.80239200592
2776,393.8621826171875,11.142577171325684,1331799.322402954,30176.944969177246
2777,247.9801483154297,11.748234748840332,1332047.3025512695,30188.693203926086
2778,460.1368408203125,11.529382705688477,1332507.4393920898,30200.222586631775
2779,267.86798095703125,11.058176040649414,1332775.3073730469,30211.280762672424
2780,434.46807861328125,12.178464889526367,1333209.7754516602,30223.45922756195
2781,341.2203369140625,11.338680267333984,1333550.9957885742,30234.797907829285
2782,293.09552001953125,11.722312927246094,1333844.0913085938,30246.52022075653
2783,236.59326171875,11.16157054901123,1334080.6845703125,30257.681791305542
2784,260.80963134765625,12.063493728637695,1334341.4942016602,30269.74528503418
2785,241.15493774414062,10.950725555419922,1334582.6491394043,30280.6960105896
2786,354.69000244140625,11.468533515930176,1334937.3391418457,30292.16454410553
2787,290.26934814453125,11.655365943908691,1335227.6084899902,30303.81991004944
2788,337.6475524902344,10.634239196777344,1335565.2560424805,30314.454149246216
2789,384.6328125,10.843633651733398,1335949.8888549805,30325.29778289795
2790,255.2233123779297,10.53685474395752,1336205.1121673584,30335.834637641907
2791,324.4371032714844,11.50827693939209,1336529.5492706299,30347.3429145813
2792,329.72381591796875,11.482393264770508,1336859.2730865479,30358.82530784607
2793,409.33331298828125,11.267120361328125,1337268.6063995361,30370.092428207397
2794,266.89605712890625,11.44244384765625,1337535.502456665,30381.534872055054
2795,303.7724914550781,11.423824310302734,1337839.2749481201,30392.958696365356
2796,345.43133544921875,11.491132736206055,1338184.7062835693,30404.449829101562
2797,297.95428466796875,11.247872352600098,1338482.6605682373,30415.697701454163
2798,242.96640014648438,11.438852310180664,1338725.6269683838,30427.136553764343
2799,256.71868896484375,11.018709182739258,1338982.3456573486,30438.155262947083
2800,354.99530029296875,11.770125389099121,1339337.3409576416,30449.92538833618
2801,226.0102996826172,11.119002342224121,1339563.3512573242,30461.044390678406
2802,357.1016845703125,10.70503044128418,1339920.4529418945,30471.74942111969
2803,269.4582214355469,11.937929153442383,1340189.91116333,30483.687350273132
2804,296.5408935546875,10.916803359985352,1340486.4520568848,30494.604153633118
2805,252.93345642089844,11.820229530334473,1340739.3855133057,30506.424383163452
2806,324.913330078125,11.73853874206543,1341064.2988433838,30518.162921905518
2807,154.03079223632812,11.643255233764648,1341218.3296356201,30529.806177139282
2808,349.224365234375,11.598271369934082,1341567.5540008545,30541.404448509216
2809,280.60650634765625,11.719779968261719,1341848.1605072021,30553.124228477478
2810,243.92678833007812,11.16823673248291,1342092.0872955322,30564.29246520996
2811,336.54119873046875,11.75052547454834,1342428.6284942627,30576.04299068451
2812,265.44451904296875,10.891654014587402,1342694.0730133057,30586.934644699097
2813,185.5313720703125,11.044327735900879,1342879.604385376,30597.978972434998
2814,231.18704223632812,10.86778736114502,1343110.7914276123,30608.846759796143
2815,267.14300537109375,11.346693992614746,1343377.9344329834,30620.193453788757
2816,346.4686279296875,11.91442584991455,1343724.403060913,30632.107879638672
2817,276.150146484375,11.271594047546387,1344000.5532073975,30643.37947368622
2818,236.79913330078125,11.403514862060547,1344237.3523406982,30654.78298854828
2819,349.1562194824219,10.805063247680664,1344586.5085601807,30665.58805179596
2820,308.03240966796875,11.513147354125977,1344894.5409698486,30677.101199150085
2821,355.0367431640625,11.187707901000977,1345249.5777130127,30688.288907051086
2822,245.94110107421875,11.281113624572754,1345495.518814087,30699.57002067566
2823,365.71099853515625,10.776586532592773,1345861.229812622,30710.346607208252
2824,229.4178466796875,11.369190216064453,1346090.6476593018,30721.715797424316
2825,406.599365234375,12.255892753601074,1346497.2470245361,30733.971690177917
2826,339.2443542480469,11.415336608886719,1346836.4913787842,30745.387026786804
2827,304.8433532714844,11.174752235412598,1347141.3347320557,30756.561779022217
2828,203.51370239257812,11.485337257385254,1347344.8484344482,30768.047116279602
2829,292.3577880859375,11.346707344055176,1347637.2062225342,30779.393823623657
2830,286.664794921875,11.330995559692383,1347923.871017456,30790.72481918335
2831,283.5810546875,11.264558792114258,1348207.4520721436,30801.989377975464
2832,254.05613708496094,10.914414405822754,1348461.5082092285,30812.903792381287
2833,270.1090087890625,12.329018592834473,1348731.6172180176,30825.23281097412
2834,196.09268188476562,11.015387535095215,1348927.7098999023,30836.248198509216
2835,238.11766052246094,11.381128311157227,1349165.8275604248,30847.629326820374
2836,263.6217041015625,11.475700378417969,1349429.4492645264,30859.10502719879
2837,248.73513793945312,10.403863906860352,1349678.1844024658,30869.508891105652
2838,259.5279541015625,11.09226131439209,1349937.7123565674,30880.601152420044
2839,350.51568603515625,12.104164123535156,1350288.2280426025,30892.70531654358
2840,364.8106689453125,11.058735847473145,1350653.0387115479,30903.764052391052
2841,321.97454833984375,11.208948135375977,1350975.0132598877,30914.97300052643
2842,307.63970947265625,11.148165702819824,1351282.6529693604,30926.121166229248
2843,312.3573913574219,11.473418235778809,1351595.0103607178,30937.594584465027
2844,346.6494140625,11.109485626220703,1351941.6597747803,30948.704070091248
2845,346.2825927734375,11.366060256958008,1352287.9423675537,30960.070130348206
2846,274.0657958984375,10.908926010131836,1352562.0081634521,30970.979056358337
2847,157.58856201171875,11.496613502502441,1352719.5967254639,30982.47566986084
2848,257.973876953125,11.932146072387695,1352977.570602417,30994.407815933228
2849,212.75778198242188,11.73238754272461,1353190.3283843994,31006.140203475952
2850,284.342529296875,10.170519828796387,1353474.6709136963,31016.31072330475
2851,321.03759765625,11.067761421203613,1353795.7085113525,31027.378484725952
2852,247.11538696289062,11.823824882507324,1354042.8238983154,31039.20230960846
2853,237.86705017089844,11.400606155395508,1354280.6909484863,31050.602915763855
2854,278.9145202636719,11.210546493530273,1354559.60546875,31061.813462257385
2855,312.1989440917969,11.620352745056152,1354871.8044128418,31073.43381500244
2856,372.7821044921875,12.004715919494629,1355244.586517334,31085.438530921936
2857,290.8333740234375,11.105537414550781,1355535.4198913574,31096.544068336487
2858,335.701904296875,12.079730033874512,1355871.1217956543,31108.62379837036
2859,300.731201171875,11.11887264251709,1356171.8529968262,31119.74267101288
2860,296.8262634277344,11.606982231140137,1356468.679260254,31131.34965324402
2861,308.26763916015625,11.88211727142334,1356776.946899414,31143.231770515442
2862,240.5565185546875,11.067697525024414,1357017.5034179688,31154.299468040466
2863,334.4476623535156,12.375744819641113,1357351.9510803223,31166.675212860107
2864,259.2550964355469,11.087133407592773,1357611.2061767578,31177.7623462677
2865,313.85333251953125,11.185468673706055,1357925.0595092773,31188.947814941406
2866,277.584228515625,10.378316879272461,1358202.643737793,31199.32613182068
2867,376.1112365722656,11.772786140441895,1358578.7549743652,31211.09891796112
2868,217.39962768554688,11.350089073181152,1358796.1546020508,31222.4490070343
2869,224.19204711914062,11.054839134216309,1359020.34664917,31233.503846168518
2870,447.6618957519531,11.280406951904297,1359468.0085449219,31244.784253120422
2871,254.82626342773438,10.728235244750977,1359722.8348083496,31255.512488365173
2872,194.5076446533203,11.163812637329102,1359917.342453003,31266.676301002502
2873,348.992919921875,12.464858055114746,1360266.3353729248,31279.141159057617
2874,156.81640625,10.883923530578613,1360423.1517791748,31290.025082588196
2875,328.93914794921875,10.995776176452637,1360752.090927124,31301.02085876465
2876,348.04327392578125,11.248987197875977,1361100.1342010498,31312.269845962524
2877,211.5170135498047,12.068022727966309,1361311.6512145996,31324.33786869049
2878,216.11111450195312,11.53670883178711,1361527.7623291016,31335.874577522278
2879,264.6346130371094,11.265487670898438,1361792.3969421387,31347.140065193176
2880,252.6739501953125,11.149954795837402,1362045.070892334,31358.290019989014
2881,341.8475341796875,11.99728012084961,1362386.9184265137,31370.287300109863
2882,302.290283203125,11.066975593566895,1362689.2087097168,31381.35427570343
2883,286.88262939453125,10.965571403503418,1362976.0913391113,31392.319847106934
2884,389.5852966308594,12.697488784790039,1363365.6766357422,31405.017335891724
2885,313.60009765625,11.338861465454102,1363679.2767333984,31416.356197357178
2886,321.0569152832031,11.65652084350586,1364000.3336486816,31428.012718200684
2887,227.06982421875,11.16650676727295,1364227.4034729004,31439.179224967957
2888,202.64479064941406,10.82581901550293,1364430.0482635498,31450.00504398346
2889,225.22520446777344,11.06927490234375,1364655.2734680176,31461.074318885803
2890,380.5162353515625,10.969364166259766,1365035.7897033691,31472.043683052063
2891,334.5286560058594,11.460424423217773,1365370.318359375,31483.50410747528
2892,315.9251708984375,11.256854057312012,1365686.2435302734,31494.760961532593
2893,222.7361602783203,11.099993705749512,1365908.9796905518,31505.860955238342
2894,160.78013610839844,10.897671699523926,1366069.7598266602,31516.758626937866
2895,255.82174682617188,11.304973602294922,1366325.5815734863,31528.06360054016
2896,201.14556884765625,10.996021270751953,1366526.727142334,31539.059621810913
2897,229.96511840820312,11.059578895568848,1366756.6922607422,31550.119200706482
2898,206.76312255859375,11.308972358703613,1366963.4553833008,31561.428173065186
2899,318.93133544921875,11.550642967224121,1367282.38671875,31572.97881603241
2900,323.32354736328125,11.697083473205566,1367605.7102661133,31584.675899505615
2901,233.31692504882812,10.787921905517578,1367839.027191162,31595.463821411133
2902,286.87078857421875,11.578269004821777,1368125.8979797363,31607.042090415955
2903,255.0103759765625,12.576715469360352,1368380.908355713,31619.618805885315
2904,253.77481079101562,10.978580474853516,1368634.683166504,31630.59738636017
2905,400.1103210449219,12.002134323120117,1369034.7934875488,31642.59952068329
2906,361.31689453125,11.393044471740723,1369396.11038208,31653.99256515503
2907,268.56719970703125,11.561446189880371,1369664.677581787,31665.55401134491
2908,336.347900390625,11.226078033447266,1370001.0254821777,31676.780089378357
2909,381.0838623046875,11.99156379699707,1370382.1093444824,31688.771653175354
2910,314.64837646484375,11.57901668548584,1370696.7577209473,31700.35066986084
2911,375.25177001953125,11.135615348815918,1371072.0094909668,31711.486285209656
2912,250.8990478515625,11.435545921325684,1371322.9085388184,31722.92183113098
2913,357.9022521972656,10.558452606201172,1371680.8107910156,31733.480283737183
2914,292.12652587890625,11.486072540283203,1371972.9373168945,31744.966356277466
2915,322.802978515625,11.155174255371094,1372295.7402954102,31756.121530532837
2916,333.36956787109375,11.7464017868042,1372629.1098632812,31767.86793231964
2917,284.5966796875,11.16843318939209,1372913.7065429688,31779.036365509033
2918,258.0036315917969,11.252328872680664,1373171.7101745605,31790.288694381714
2919,274.7269287109375,10.903241157531738,1373446.4371032715,31801.191935539246
2920,302.85784912109375,11.111044883728027,1373749.2949523926,31812.302980422974
2921,351.9134216308594,11.651910781860352,1374101.2083740234,31823.954891204834
2922,328.7498779296875,11.91849136352539,1374429.9582519531,31835.87338256836
2923,269.35296630859375,10.836224555969238,1374699.3112182617,31846.70960712433
2924,412.20135498046875,11.6456880569458,1375111.5125732422,31858.355295181274
2925,279.6538391113281,11.842255592346191,1375391.1664123535,31870.19755077362
2926,295.36187744140625,12.48461627960205,1375686.528289795,31882.682167053223
2927,174.273193359375,11.174951553344727,1375860.8014831543,31893.857118606567
2928,337.56317138671875,11.381608963012695,1376198.364654541,31905.23872756958
2929,362.5486755371094,10.91165828704834,1376560.9133300781,31916.15038585663
2930,463.2957763671875,11.88868236541748,1377024.2091064453,31928.039068222046
2931,285.2265625,10.898842811584473,1377309.4356689453,31938.93791103363
2932,377.676025390625,11.621886253356934,1377687.111694336,31950.559797286987
2933,320.394775390625,11.633737564086914,1378007.5064697266,31962.193534851074
2934,257.73992919921875,11.306035995483398,1378265.2463989258,31973.499570846558
2935,272.9078369140625,11.660202026367188,1378538.1542358398,31985.159772872925
2936,218.51336669921875,11.720011711120605,1378756.667602539,31996.879784584045
2937,245.87872314453125,11.127262115478516,1379002.5463256836,32008.007046699524
2938,231.24513244628906,10.9754638671875,1379233.7914581299,32018.98251056671
2939,226.179931640625,11.165971755981445,1379459.9713897705,32030.148482322693
2940,348.08074951171875,11.858576774597168,1379808.0521392822,32042.00705909729
2941,298.3362121582031,11.382309913635254,1380106.3883514404,32053.389369010925
2942,241.69142150878906,10.803256034851074,1380348.0797729492,32064.192625045776
2943,286.2230224609375,10.573640823364258,1380634.3027954102,32074.76626586914
2944,416.3673095703125,11.366302490234375,1381050.6701049805,32086.132568359375
2945,272.2078552246094,11.951445579528809,1381322.877960205,32098.084013938904
2946,298.4002380371094,10.843316078186035,1381621.2781982422,32108.92733001709
2947,300.32501220703125,10.744027137756348,1381921.6032104492,32119.671357154846
2948,359.957275390625,11.456610679626465,1382281.5604858398,32131.127967834473
2949,233.52052307128906,10.759608268737793,1382515.0810089111,32141.88757610321
2950,286.7901916503906,10.794049263000488,1382801.8712005615,32152.68162536621
2951,374.06671142578125,11.605283737182617,1383175.9379119873,32164.286909103394
2952,214.97494506835938,11.552800178527832,1383390.9128570557,32175.83970928192
2953,243.60833740234375,11.531709671020508,1383634.521194458,32187.371418952942
2954,397.44219970703125,11.283952713012695,1384031.963394165,32198.655371665955
2955,260.07080078125,11.80420207977295,1384292.0341949463,32210.459573745728
2956,270.4326171875,10.805776596069336,1384562.4668121338,32221.265350341797
2957,215.46133422851562,11.44614315032959,1384777.9281463623,32232.711493492126
2958,283.7491455078125,11.478075981140137,1385061.6772918701,32244.189569473267
2959,294.97210693359375,10.676007270812988,1385356.6493988037,32254.86557674408
2960,319.5296936035156,12.167960166931152,1385676.1790924072,32267.03353691101
2961,333.6315612792969,11.254860877990723,1386009.8106536865,32278.288397789
2962,319.9214172363281,12.06114673614502,1386329.7320709229,32290.349544525146
2963,397.8279724121094,11.541613578796387,1386727.560043335,32301.891158103943
2964,383.3106994628906,11.523789405822754,1387110.8707427979,32313.414947509766
2965,313.7491760253906,11.031628608703613,1387424.6199188232,32324.44657611847
2966,288.5032043457031,11.167441368103027,1387713.123123169,32335.614017486572
2967,233.1656494140625,11.359908103942871,1387946.288772583,32346.973925590515
2968,268.832275390625,11.523808479309082,1388215.1210479736,32358.497734069824
2969,230.32379150390625,10.67711067199707,1388445.4448394775,32369.17484474182
2970,323.5730285644531,11.904404640197754,1388769.017868042,32381.07924938202
2971,300.7605895996094,11.124211311340332,1389069.7784576416,32392.20346069336
2972,395.5055236816406,11.509246826171875,1389465.2839813232,32403.71270751953
2973,317.90533447265625,11.349947929382324,1389783.189315796,32415.062655448914
2974,290.7162780761719,11.288566589355469,1390073.905593872,32426.35122203827
2975,258.045166015625,11.063421249389648,1390331.9507598877,32437.41464328766
2976,255.88870239257812,11.369094848632812,1390587.8394622803,32448.78373813629
2977,348.778564453125,11.2190580368042,1390936.6180267334,32460.002796173096
2978,363.25799560546875,11.700214385986328,1391299.8760223389,32471.703010559082
2979,329.845947265625,10.987911224365234,1391629.7219696045,32482.690921783447
2980,188.60897827148438,10.205368995666504,1391818.330947876,32492.896290779114
2981,224.7813720703125,11.533616065979004,1392043.1123199463,32504.429906845093
2982,296.1238098144531,10.6226806640625,1392339.2361297607,32515.052587509155
2983,191.62014770507812,11.131974220275879,1392530.8562774658,32526.18456172943
2984,264.38812255859375,11.158700942993164,1392795.2444000244,32537.343262672424
2985,285.601806640625,12.38959789276123,1393080.846206665,32549.732860565186
2986,421.62506103515625,11.017663955688477,1393502.4712677002,32560.750524520874
2987,275.3995361328125,11.322649955749512,1393777.870803833,32572.073174476624
2988,225.44137573242188,10.895218849182129,1394003.3121795654,32582.968393325806
2989,234.96453857421875,11.098043441772461,1394238.2767181396,32594.066436767578
2990,228.04258728027344,11.311717987060547,1394466.31930542,32605.37815475464
2991,298.9981994628906,11.65351390838623,1394765.3175048828,32617.031668663025
2992,320.483642578125,12.219894409179688,1395085.801147461,32629.251563072205
2993,251.0168914794922,10.791878700256348,1395336.8180389404,32640.04344177246
2994,287.82958984375,10.967161178588867,1395624.6476287842,32651.01060295105
2995,324.16680908203125,11.092925071716309,1395948.8144378662,32662.103528022766
2996,292.30865478515625,10.934530258178711,1396241.1230926514,32673.038058280945
2997,294.67694091796875,10.902104377746582,1396535.8000335693,32683.94016265869
2998,298.8973388671875,11.495027542114258,1396834.6973724365,32695.435190200806
2999,326.32757568359375,12.050004959106445,1397161.0249481201,32707.485195159912
3000,185.13247680664062,12.005885124206543,1397346.1574249268,32719.49108028412
3001,280.1181945800781,11.315292358398438,1397626.2756195068,32730.806372642517
3002,352.8974609375,11.034770011901855,1397979.1730804443,32741.84114265442
3003,266.040771484375,11.31816577911377,1398245.2138519287,32753.159308433533
3004,304.5245361328125,12.409120559692383,1398549.7383880615,32765.568428993225
3005,276.0558166503906,11.121452331542969,1398825.794204712,32776.68988132477
3006,145.44894409179688,10.874466896057129,1398971.2431488037,32787.564348220825
3007,291.1370849609375,11.507070541381836,1399262.3802337646,32799.07141876221
3008,238.43081665039062,11.43818473815918,1399500.811050415,32810.509603500366
3009,237.21307373046875,11.355655670166016,1399738.0241241455,32821.86525917053
3010,302.5639343261719,11.755206108093262,1400040.5880584717,32833.620465278625
3011,307.00030517578125,11.229776382446289,1400347.5883636475,32844.85024166107
3012,221.64881896972656,11.873241424560547,1400569.2371826172,32856.72348308563
3013,278.6103515625,11.177078247070312,1400847.8475341797,32867.9005613327
3014,208.69667053222656,11.47658920288086,1401056.544204712,32879.37715053558
3015,209.9392547607422,12.3875150680542,1401266.4834594727,32891.76466560364
3016,262.0762634277344,11.036018371582031,1401528.5597229004,32902.80068397522
3017,330.92034912109375,11.867640495300293,1401859.4800720215,32914.66832447052
3018,198.7201385498047,11.291545867919922,1402058.2002105713,32925.95987033844
3019,314.1482238769531,10.91819953918457,1402372.3484344482,32936.878069877625
3020,451.87933349609375,11.702987670898438,1402824.2277679443,32948.58105754852
3021,275.92877197265625,11.301410675048828,1403100.156539917,32959.88246822357
3022,241.46469116210938,11.317419052124023,1403341.621231079,32971.199887275696
3023,192.12728881835938,11.355875968933105,1403533.7485198975,32982.55576324463
3024,221.2866668701172,10.946778297424316,1403755.0351867676,32993.50254154205
3025,350.89825439453125,11.90591049194336,1404105.933441162,33005.408452034
3026,253.49966430664062,11.434557914733887,1404359.4331054688,33016.84300994873
3027,209.29000854492188,11.508820533752441,1404568.7231140137,33028.35183048248
3028,194.64158630371094,10.73538589477539,1404763.3647003174,33039.08721637726
3029,295.99554443359375,11.019798278808594,1405059.360244751,33050.10701465607
3030,303.91741943359375,13.669130325317383,1405363.2776641846,33063.776144981384
3031,337.57818603515625,11.224691390991211,1405700.8558502197,33075.000836372375
3032,229.079833984375,11.440279960632324,1405929.935684204,33086.44111633301
3033,339.0523986816406,11.26540470123291,1406268.9880828857,33097.70652103424
3034,330.95977783203125,11.650359153747559,1406599.9478607178,33109.35688018799
3035,292.08489990234375,11.523560523986816,1406892.0327606201,33120.880440711975
3036,338.0881042480469,12.006954193115234,1407230.1208648682,33132.88739490509
3037,369.0706787109375,11.269719123840332,1407599.191543579,33144.15711402893
3038,367.9770812988281,11.642478942871094,1407967.168624878,33155.7995929718
3039,232.62753295898438,11.748680114746094,1408199.796157837,33167.54827308655
3040,267.880615234375,12.767857551574707,1408467.6767730713,33180.31613063812
3041,347.9734191894531,11.3341646194458,1408815.6501922607,33191.65029525757
3042,224.0882568359375,11.489422798156738,1409039.7384490967,33203.139718055725
3043,370.7374572753906,11.463708877563477,1409410.475906372,33214.60342693329
3044,292.6158142089844,11.500273704528809,1409703.091720581,33226.10370063782
3045,207.52540588378906,10.815763473510742,1409910.6171264648,33236.91946411133
3046,361.8744812011719,11.464254379272461,1410272.491607666,33248.3837184906
3047,266.16851806640625,11.651718139648438,1410538.6601257324,33260.03543663025
3048,195.1533966064453,10.740471839904785,1410733.8135223389,33270.775908470154
3049,223.1027069091797,11.16418170928955,1410956.916229248,33281.94009017944
3050,282.85955810546875,11.002957344055176,1411239.7757873535,33292.9430475235
3051,258.12298583984375,12.026894569396973,1411497.8987731934,33304.969942092896
3052,264.3104248046875,10.904579162597656,1411762.209197998,33315.87452125549
3053,350.75555419921875,12.380498886108398,1412112.9647521973,33328.2550201416
3054,251.11956787109375,12.470168113708496,1412364.0843200684,33340.72518825531
3055,240.11399841308594,11.65337085723877,1412604.1983184814,33352.37855911255
3056,281.32623291015625,11.046496391296387,1412885.5245513916,33363.425055503845
3057,285.5205993652344,11.612384796142578,1413171.0451507568,33375.03744029999
3058,376.6755676269531,10.691203117370605,1413547.7207183838,33385.72864341736
3059,206.89671325683594,10.40339469909668,1413754.6174316406,33396.132038116455
3060,305.4353332519531,11.289103507995605,1414060.0527648926,33407.42114162445
3061,201.12042236328125,12.55967903137207,1414261.1731872559,33419.98082065582
3062,314.8460693359375,12.214238166809082,1414576.0192565918,33432.19505882263
3063,323.63287353515625,11.128024101257324,1414899.652130127,33443.32308292389
3064,252.72836303710938,10.974700927734375,1415152.380493164,33454.29778385162
3065,266.30157470703125,11.746999740600586,1415418.682067871,33466.044783592224
3066,337.9372863769531,11.525978088378906,1415756.619354248,33477.5707616806
3067,342.6752014160156,11.268821716308594,1416099.294555664,33488.83958339691
3068,289.9122314453125,10.852276802062988,1416389.2067871094,33499.691860198975
3069,299.7510986328125,11.529773712158203,1416688.9578857422,33511.22163391113
3070,245.8497314453125,11.129515647888184,1416934.8076171875,33522.35114955902
3071,290.4512023925781,12.419408798217773,1417225.25881958,33534.77055835724
3072,264.9342956542969,11.358455657958984,1417490.1931152344,33546.1290140152
3073,227.78567504882812,12.15710163116455,1417717.9787902832,33558.28611564636
3074,319.6045227050781,11.319876670837402,1418037.5833129883,33569.6059923172
3075,257.9649963378906,11.14664363861084,1418295.5483093262,33580.75263595581
3076,287.3185119628906,11.528817176818848,1418582.866821289,33592.28145313263
3077,294.968994140625,11.366073608398438,1418877.8358154297,33603.64752674103
3078,259.0726013183594,11.08914566040039,1419136.908416748,33614.73667240143
3079,415.68658447265625,11.618592262268066,1419552.5950012207,33626.355264663696
3080,365.10589599609375,10.859723091125488,1419917.7008972168,33637.21498775482
3081,373.1103820800781,11.283652305603027,1420290.8112792969,33648.498640060425
3082,298.50201416015625,10.93617057800293,1420589.313293457,33659.43481063843
3083,228.38641357421875,10.995521545410156,1420817.6997070312,33670.43033218384
3084,179.9592742919922,11.588199615478516,1420997.6589813232,33682.01853179932
3085,283.2967529296875,10.972702980041504,1421280.955734253,33692.99123477936
3086,203.13238525390625,10.316969871520996,1421484.0881195068,33703.30820465088
3087,283.42889404296875,11.862308502197266,1421767.5170135498,33715.170513153076
3088,291.61572265625,10.713814735412598,1422059.132736206,33725.88432788849
3089,219.04469299316406,11.066746711730957,1422278.1774291992,33736.95107460022
3090,293.8175964355469,10.496336936950684,1422571.9950256348,33747.44741153717
3091,291.82342529296875,11.194483757019043,1422863.8184509277,33758.64189529419
3092,281.0201110839844,11.567740440368652,1423144.8385620117,33770.20963573456
3093,209.23709106445312,11.174566268920898,1423354.0756530762,33781.38420200348
3094,280.67352294921875,10.883258819580078,1423634.7491760254,33792.26746082306
3095,238.87530517578125,10.681997299194336,1423873.6244812012,33802.94945812225
3096,259.1427001953125,10.40392780303955,1424132.7671813965,33813.35338592529
3097,245.7408905029297,10.946389198303223,1424378.5080718994,33824.299775123596
3098,259.2619934082031,11.385846138000488,1424637.7700653076,33835.6856212616
3099,312.1302490234375,11.274494171142578,1424949.900314331,33846.96011543274
3100,329.3171691894531,11.30781078338623,1425279.2174835205,33858.267926216125
3101,298.3310241699219,11.964417457580566,1425577.5485076904,33870.232343673706
3102,310.3224792480469,11.04295825958252,1425887.8709869385,33881.27530193329
3103,372.7682800292969,11.197117805480957,1426260.6392669678,33892.47241973877
3104,309.44287109375,10.763492584228516,1426570.0821380615,33903.235912323
3105,247.88330078125,10.958703994750977,1426817.9654388428,33914.19461631775
3106,275.9761962890625,11.997675895690918,1427093.9416351318,33926.19229221344
3107,122.12886810302734,10.542672157287598,1427216.0705032349,33936.73496437073
3108,267.55767822265625,11.834792137145996,1427483.6281814575,33948.56975650787
3109,305.2640380859375,11.508282661437988,1427788.8922195435,33960.07803916931
3110,341.98223876953125,11.502206802368164,1428130.874458313,33971.58024597168
3111,304.59454345703125,11.96764850616455,1428435.46900177,33983.547894477844
3112,282.81488037109375,11.75596809387207,1428718.283882141,33995.303862571716
3113,329.15167236328125,11.146598815917969,1429047.4355545044,34006.450461387634
3114,331.0484619140625,12.169565200805664,1429378.4840164185,34018.62002658844
3115,277.42230224609375,11.30846881866455,1429655.9063186646,34029.928495407104
3116,219.2670135498047,11.088848114013672,1429875.1733322144,34041.01734352112
3117,244.05532836914062,10.846056938171387,1430119.2286605835,34051.86340045929
3118,305.00445556640625,12.233156204223633,1430424.23311615,34064.09655666351
3119,315.86968994140625,11.036834716796875,1430740.1028060913,34075.13339138031
3120,344.3235168457031,11.540755271911621,1431084.426322937,34086.67414665222
3121,313.9635009765625,11.459582328796387,1431398.3898239136,34098.13372898102
3122,184.13133239746094,10.800021171569824,1431582.521156311,34108.93375015259
3123,225.7196807861328,11.385257720947266,1431808.2408370972,34120.319007873535
3124,259.3092041015625,12.405441284179688,1432067.5500411987,34132.724449157715
3125,368.25909423828125,11.369942665100098,1432435.809135437,34144.094391822815
3126,313.61041259765625,11.192573547363281,1432749.4195480347,34155.28696537018
3127,213.09085083007812,10.340435028076172,1432962.5103988647,34165.627400398254
3128,352.764892578125,10.885233879089355,1433315.2752914429,34176.512634277344
3129,176.39508056640625,10.793621063232422,1433491.6703720093,34187.306255340576
3130,283.533935546875,11.46080493927002,1433775.2043075562,34198.767060279846
3131,266.20166015625,11.377725601196289,1434041.4059677124,34210.14478588104
3132,376.07415771484375,12.6810941696167,1434417.4801254272,34222.82588005066
3133,366.47259521484375,11.78761100769043,1434783.952720642,34234.61349105835
3134,248.14132690429688,11.12634563446045,1435032.0940475464,34245.73983669281
3135,367.14068603515625,10.902715682983398,1435399.2347335815,34256.64255237579
3136,276.0594482421875,11.297751426696777,1435675.2941818237,34267.94030380249
3137,392.84814453125,11.336974143981934,1436068.142326355,34279.27727794647
3138,290.044677734375,11.034043312072754,1436358.1870040894,34290.311321258545
3139,220.85536193847656,10.9900484085083,1436579.0423660278,34301.30136966705
3140,224.3862762451172,11.585824966430664,1436803.428642273,34312.887194633484
3141,281.10052490234375,11.692492485046387,1437084.5291671753,34324.57968711853
3142,275.21588134765625,10.680604934692383,1437359.745048523,34335.26029205322
3143,196.81649780273438,10.905372619628906,1437556.5615463257,34346.16566467285
3144,256.77008056640625,12.404757499694824,1437813.331626892,34358.57042217255
3145,290.60546875,10.977489471435547,1438103.937095642,34369.54791164398
3146,344.5110778808594,11.899162292480469,1438448.448173523,34381.44707393646
3147,304.8664855957031,12.452553749084473,1438753.3146591187,34393.89962768555
3148,267.8792724609375,11.931937217712402,1439021.1939315796,34405.83156490326
3149,268.85394287109375,11.78566837310791,1439290.0478744507,34417.61723327637
3150,385.04443359375,11.552967071533203,1439675.0923080444,34429.1702003479
3151,308.02685546875,11.267226219177246,1439983.1191635132,34440.43742656708
3152,285.6158447265625,11.835247993469238,1440268.7350082397,34452.27267456055
3153,299.6556396484375,11.275429725646973,1440568.3906478882,34463.548104286194
3154,349.7225341796875,11.51198959350586,1440918.1131820679,34475.0600938797
3155,271.1438903808594,11.493070602416992,1441189.2570724487,34486.55316448212
3156,254.91282653808594,11.602540016174316,1441444.1698989868,34498.15570449829
3157,300.69818115234375,11.669950485229492,1441744.8680801392,34509.82565498352
3158,244.07614135742188,11.208084106445312,1441988.9442214966,34521.033739089966
3159,360.0067138671875,11.629858016967773,1442348.9509353638,34532.66359710693
3160,295.26715087890625,11.49592113494873,1442644.2180862427,34544.15951824188
3161,299.2242126464844,11.198285102844238,1442943.4422988892,34555.35780334473
3162,276.05291748046875,11.822155952453613,1443219.4952163696,34567.17995929718
3163,288.1037902832031,11.272632598876953,1443507.5990066528,34578.45259189606
3164,177.414306640625,10.865472793579102,1443685.0133132935,34589.318064689636
3165,310.5472412109375,11.435746192932129,1443995.5605545044,34600.75381088257
3166,109.63790130615234,9.80486011505127,1444105.1984558105,34610.55867099762
3167,344.17852783203125,11.744101524353027,1444449.3769836426,34622.30277252197
3168,307.9919128417969,12.58500862121582,1444757.3688964844,34634.88778114319
3169,295.1846618652344,11.003167152404785,1445052.5535583496,34645.89094829559
3170,300.28179931640625,11.775626182556152,1445352.835357666,34657.66657447815
3171,206.76608276367188,11.532058715820312,1445559.6014404297,34669.19863319397
3172,304.2857666015625,12.04806900024414,1445863.8872070312,34681.246702194214
3173,321.02020263671875,11.057045936584473,1446184.907409668,34692.3037481308
3174,277.45556640625,11.448567390441895,1446462.3629760742,34703.75231552124
3175,250.5250244140625,12.098812103271484,1446712.8880004883,34715.85112762451
3176,424.6064453125,11.320422172546387,1447137.4944458008,34727.17154979706
3177,301.9221496582031,10.776399612426758,1447439.416595459,34737.947949409485
3178,284.5450439453125,10.944814682006836,1447723.9616394043,34748.89276409149
3179,252.43966674804688,11.258152961730957,1447976.4013061523,34760.15091705322
3180,366.05975341796875,11.688087463378906,1448342.4610595703,34771.8390045166
3181,263.50140380859375,10.835360527038574,1448605.962463379,34782.67436504364
3182,274.1455383300781,11.241578102111816,1448880.108001709,34793.91594314575
3183,223.75491333007812,11.168728828430176,1449103.862915039,34805.08467197418
3184,290.8767395019531,11.66331958770752,1449394.739654541,34816.74799156189
3185,238.0526123046875,10.474992752075195,1449632.7922668457,34827.222984313965
3186,262.21746826171875,11.913390159606934,1449895.0097351074,34839.13637447357
3187,268.1898498535156,10.807622909545898,1450163.199584961,34849.94399738312
3188,334.86004638671875,11.824307441711426,1450498.0596313477,34861.76830482483
3189,374.4669189453125,12.333810806274414,1450872.526550293,34874.1021156311
3190,311.23681640625,11.438165664672852,1451183.7633666992,34885.54028129578
3191,200.69012451171875,11.313526153564453,1451384.453491211,34896.85380744934
3192,207.97698974609375,11.048653602600098,1451592.430480957,34907.90246105194
3193,285.82135009765625,11.149041175842285,1451878.2518310547,34919.05150222778
3194,200.8362274169922,10.870210647583008,1452079.0880584717,34929.921712875366
3195,331.14453125,11.236245155334473,1452410.2325897217,34941.1579580307
3196,216.25807189941406,11.171929359436035,1452626.490661621,34952.32988739014
3197,281.65234375,11.660513877868652,1452908.143005371,34963.990401268005
3198,215.89959716796875,11.172415733337402,1453124.042602539,34975.16281700134
3199,356.46771240234375,11.323524475097656,1453480.5103149414,34986.48634147644
3200,247.6371612548828,11.588366508483887,1453728.1474761963,34998.074707984924
3201,321.6160583496094,11.555000305175781,1454049.763534546,35009.6297082901
3202,275.2411804199219,11.125686645507812,1454325.0047149658,35020.75539493561
3203,325.22918701171875,11.568102836608887,1454650.2339019775,35032.32349777222
3204,174.1102294921875,10.878491401672363,1454824.3441314697,35043.20198917389
3205,280.994873046875,11.65286922454834,1455105.3390045166,35054.85485839844
3206,315.98516845703125,12.250509262084961,1455421.3241729736,35067.10536766052
3207,302.74066162109375,11.431046485900879,1455724.0648345947,35078.53641414642
3208,293.7294006347656,11.44534969329834,1456017.7942352295,35089.98176383972
3209,402.3868408203125,11.466565132141113,1456420.1810760498,35101.44832897186
3210,330.3074645996094,11.277922630310059,1456750.4885406494,35112.72625160217
3211,357.3980712890625,11.229818344116211,1457107.8866119385,35123.95606994629
3212,348.51409912109375,11.350818634033203,1457456.4007110596,35135.30688858032
3213,299.53363037109375,11.68217658996582,1457755.9343414307,35146.98906517029
3214,285.77667236328125,12.089484214782715,1458041.711013794,35159.07854938507
3215,261.35479736328125,12.18100643157959,1458303.0658111572,35171.25955581665
3216,282.33050537109375,10.68060302734375,1458585.3963165283,35181.940158843994
3217,376.17730712890625,11.885476112365723,1458961.5736236572,35193.82563495636
3218,340.4298095703125,11.595704078674316,1459302.0034332275,35205.421339035034
3219,246.8960723876953,10.855340003967285,1459548.8995056152,35216.276679039
3220,290.5880126953125,11.561262130737305,1459839.4875183105,35227.83794116974
3221,289.915283203125,11.356332778930664,1460129.4028015137,35239.19427394867
3222,177.6304473876953,10.223477363586426,1460307.0332489014,35249.417751312256
3223,327.21820068359375,11.09503173828125,1460634.251449585,35260.51278305054
3224,325.1104736328125,11.809682846069336,1460959.3619232178,35272.32246589661
3225,339.1112060546875,11.299262046813965,1461298.4731292725,35283.62172794342
3226,315.739990234375,10.852612495422363,1461614.2131195068,35294.47434043884
3227,181.66458129882812,10.384410858154297,1461795.8777008057,35304.858751297
3228,301.44317626953125,11.9362154006958,1462097.3208770752,35316.79496669769
3229,247.26174926757812,11.421416282653809,1462344.5826263428,35328.21638298035
3230,266.7635192871094,11.660612106323242,1462611.3461456299,35339.87699508667
3231,376.3036804199219,11.689374923706055,1462987.6498260498,35351.566370010376
3232,309.90716552734375,12.073006629943848,1463297.5569915771,35363.63937664032
3233,304.30352783203125,11.546233177185059,1463601.8605194092,35375.185609817505
3234,265.1416320800781,11.614364624023438,1463867.0021514893,35386.79997444153
3235,355.88580322265625,11.204160690307617,1464222.887954712,35398.004135131836
3236,323.18927001953125,11.945690155029297,1464546.0772247314,35409.949825286865
3237,321.5185546875,11.378500938415527,1464867.595779419,35421.32832622528
3238,257.85015869140625,11.905488014221191,1465125.4459381104,35433.2338142395
3239,357.6290283203125,11.271851539611816,1465483.0749664307,35444.505665779114
3240,332.3245849609375,11.549834251403809,1465815.3995513916,35456.05550003052
3241,293.2037353515625,11.430075645446777,1466108.6032867432,35467.485575675964
3242,278.5777282714844,11.454987525939941,1466387.1810150146,35478.940563201904
3243,217.51806640625,10.720620155334473,1466604.699081421,35489.66118335724
3244,268.7803955078125,11.400006294250488,1466873.4794769287,35501.06118965149
3245,275.93963623046875,11.289183616638184,1467149.4191131592,35512.35037326813
3246,253.04502868652344,10.745001792907715,1467402.4641418457,35523.095375061035
3247,294.07586669921875,10.992671966552734,1467696.540008545,35534.08804702759
3248,309.05926513671875,10.80819034576416,1468005.5992736816,35544.89623737335
3249,264.51263427734375,10.92278003692627,1468270.111907959,35555.81901741028
3250,313.60858154296875,12.213871002197266,1468583.720489502,35568.032888412476
3251,336.0130615234375,11.62758731842041,1468919.7335510254,35579.660475730896
3252,335.7069091796875,11.618112564086914,1469255.440460205,35591.27858829498
3253,294.40179443359375,11.946833610534668,1469549.8422546387,35603.22542190552
3254,265.4696044921875,11.856794357299805,1469815.3118591309,35615.08221626282
3255,241.41802978515625,10.529806137084961,1470056.729888916,35625.6120223999
3256,343.97821044921875,12.134807586669922,1470400.7080993652,35637.74682998657
3257,232.25112915039062,11.493645668029785,1470632.9592285156,35649.2404756546
3258,319.2898864746094,11.804206848144531,1470952.2491149902,35661.04468250275
3259,246.9311065673828,11.553723335266113,1471199.1802215576,35672.59840583801
3260,321.255859375,11.836538314819336,1471520.4360809326,35684.43494415283
3261,289.90557861328125,10.785265922546387,1471810.341659546,35695.22021007538
3262,463.0401916503906,11.806424140930176,1472273.3818511963,35707.02663421631
3263,217.0183563232422,12.691150665283203,1472490.4002075195,35719.71778488159
3264,283.6470947265625,11.585831642150879,1472774.047302246,35731.30361652374
3265,357.88946533203125,11.407307624816895,1473131.9367675781,35742.71092414856
3266,260.2628173828125,11.13296890258789,1473392.199584961,35753.84389305115
3267,233.56307983398438,12.022485733032227,1473625.762664795,35765.86637878418
3268,204.2139434814453,11.403421401977539,1473829.9766082764,35777.26980018616
3269,400.57293701171875,12.090119361877441,1474230.549545288,35789.359919548035
3270,288.8933410644531,12.030313491821289,1474519.4428863525,35801.390233039856
3271,287.85858154296875,12.425346374511719,1474807.3014678955,35813.81557941437
3272,233.99424743652344,10.47620964050293,1475041.295715332,35824.29178905487
3273,273.5665283203125,12.439962387084961,1475314.8622436523,35836.731751441956
3274,339.3740234375,11.141289710998535,1475654.2362670898,35847.873041152954
3275,267.6084899902344,11.818750381469727,1475921.84475708,35859.691791534424
3276,271.1482849121094,10.87681770324707,1476192.9930419922,35870.56860923767
3277,318.1443786621094,11.88733196258545,1476511.1374206543,35882.455941200256
3278,247.92071533203125,11.285552024841309,1476759.0581359863,35893.7414932251
3279,264.96112060546875,11.158560752868652,1477024.0192565918,35904.900053977966
3280,351.5839538574219,11.360831260681152,1477375.6032104492,35916.26088523865
3281,244.22850036621094,12.108181953430176,1477619.8317108154,35928.36906719208
3282,262.2085876464844,11.551921844482422,1477882.040298462,35939.92098903656
3283,256.8475646972656,11.156310081481934,1478138.8878631592,35951.07729911804
3284,204.2578582763672,10.78880786895752,1478343.1457214355,35961.866106987
3285,285.40338134765625,11.114277839660645,1478628.5491027832,35972.98038482666
3286,182.80694580078125,10.899356842041016,1478811.356048584,35983.8797416687
3287,284.1910400390625,11.550116539001465,1479095.547088623,35995.4298582077
3288,322.23065185546875,12.021377563476562,1479417.7777404785,36007.45123577118
3289,213.72482299804688,10.565640449523926,1479631.5025634766,36018.0168762207
3290,353.5218505859375,12.38266372680664,1479985.0244140625,36030.39953994751
3291,178.48489379882812,11.487317085266113,1480163.5093078613,36041.886857032776
3292,298.0513916015625,11.383612632751465,1480461.560699463,36053.27046966553
3293,266.03045654296875,11.783842086791992,1480727.5911560059,36065.05431175232
3294,303.897216796875,11.686378479003906,1481031.4883728027,36076.74069023132
3295,353.01666259765625,11.425347328186035,1481384.5050354004,36088.16603755951
3296,320.3343811035156,11.633536338806152,1481704.839416504,36099.799573898315
3297,247.687255859375,12.489228248596191,1481952.5266723633,36112.28880214691
3298,380.89154052734375,11.571738243103027,1482333.4182128906,36123.860540390015
3299,320.758544921875,11.169002532958984,1482654.1767578125,36135.02954292297
3300,237.1719970703125,11.588522911071777,1482891.3487548828,36146.618065834045
3301,256.25958251953125,11.131876945495605,1483147.6083374023,36157.74994277954
3302,254.53439331054688,11.198967933654785,1483402.142730713,36168.948910713196
3303,259.629638671875,11.315813064575195,1483661.7723693848,36180.26472377777
3304,303.65106201171875,11.451720237731934,1483965.4234313965,36191.7164440155
3305,253.5432586669922,11.902194023132324,1484218.9666900635,36203.618638038635
3306,233.3267822265625,11.37288761138916,1484452.29347229,36214.991525650024
3307,196.46896362304688,11.480753898620605,1484648.762435913,36226.472279548645
3308,240.31838989257812,11.413617134094238,1484889.0808258057,36237.88589668274
3309,347.34674072265625,12.085009574890137,1485236.4275665283,36249.97090625763
3310,295.91900634765625,12.206544876098633,1485532.346572876,36262.17745113373
3311,223.69598388671875,10.867753982543945,1485756.0425567627,36273.04520511627
3312,361.38092041015625,11.128483772277832,1486117.4234771729,36284.17368888855
3313,254.281494140625,11.798151016235352,1486371.7049713135,36295.971839904785
3314,230.54034423828125,11.59589672088623,1486602.2453155518,36307.56773662567
3315,268.6268310546875,11.607566833496094,1486870.8721466064,36319.17530345917
3316,265.4270935058594,11.287740707397461,1487136.2992401123,36330.463044166565
3317,225.85130310058594,11.02143669128418,1487362.150543213,36341.48448085785
3318,158.0543212890625,11.164938926696777,1487520.204864502,36352.649419784546
3319,372.8314514160156,11.916986465454102,1487893.036315918,36364.56640625
3320,318.3830871582031,11.962465286254883,1488211.4194030762,36376.528871536255
3321,191.00119018554688,11.184466361999512,1488402.4205932617,36387.713337898254
3322,367.92901611328125,11.150483131408691,1488770.349609375,36398.86382102966
3323,316.88348388671875,11.21451187133789,1489087.2330932617,36410.078332901
3324,229.3431396484375,11.61539077758789,1489316.5762329102,36421.69372367859
3325,276.1349792480469,10.72085189819336,1489592.7112121582,36432.41457557678
3326,294.755126953125,11.742959022521973,1489887.4663391113,36444.157534599304
3327,359.1903991699219,11.558921813964844,1490246.6567382812,36455.71645641327
3328,270.1368713378906,11.30247688293457,1490516.7936096191,36467.0189332962
3329,206.112060546875,11.057658195495605,1490722.905670166,36478.0765914917
3330,336.2353820800781,12.282768249511719,1491059.141052246,36490.35935974121
3331,368.2244873046875,11.066902160644531,1491427.3655395508,36501.426261901855
3332,177.85198974609375,10.929736137390137,1491605.2175292969,36512.355998039246
3333,286.8982238769531,11.312687873840332,1491892.1157531738,36523.668685913086
3334,315.4004211425781,11.258147239685059,1492207.5161743164,36534.92683315277
3335,258.66973876953125,10.974020957946777,1492466.185913086,36545.90085411072
3336,254.17547607421875,11.63067626953125,1492720.3613891602,36557.53153038025
3337,333.08831787109375,11.83651351928711,1493053.4497070312,36569.368043899536
3338,210.5133056640625,10.883980751037598,1493263.9630126953,36580.252024650574
3339,279.9485168457031,11.461015701293945,1493543.911529541,36591.71304035187
3340,260.5013427734375,11.36808967590332,1493804.4128723145,36603.08113002777
3341,294.071533203125,11.06610107421875,1494098.4844055176,36614.14723110199
3342,314.97869873046875,12.205059051513672,1494413.463104248,36626.3522901535
3343,351.70074462890625,11.346362113952637,1494765.163848877,36637.698652267456
3344,275.1153564453125,12.013788223266602,1495040.2792053223,36649.71244049072
3345,329.1708068847656,11.404620170593262,1495369.450012207,36661.117060661316
3346,257.7630615234375,11.823027610778809,1495627.2130737305,36672.940088272095
3347,280.4468994140625,11.311899185180664,1495907.6599731445,36684.251987457275
3348,316.5655517578125,11.77791976928711,1496224.2255249023,36696.02990722656
3349,242.69790649414062,11.860239028930664,1496466.9234313965,36707.89014625549
3350,147.2893829345703,12.103071212768555,1496614.212814331,36719.99321746826
3351,346.9137268066406,11.885308265686035,1496961.1265411377,36731.87852573395
3352,254.90383911132812,11.369682312011719,1497216.030380249,36743.24820804596
3353,190.4405517578125,10.820326805114746,1497406.4709320068,36754.068534851074
3354,208.0240478515625,11.629066467285156,1497614.4949798584,36765.69760131836
3355,284.6604919433594,11.137511253356934,1497899.1554718018,36776.835112571716
3356,292.98748779296875,11.728760719299316,1498192.1429595947,36788.563873291016
3357,307.831298828125,11.757352828979492,1498499.9742584229,36800.321226119995
3358,314.65252685546875,11.169020652770996,1498814.6267852783,36811.490246772766
3359,374.5045166015625,11.422008514404297,1499189.1313018799,36822.91225528717
3360,206.09739685058594,10.577876091003418,1499395.2286987305,36833.490131378174
3361,189.8827667236328,11.051345825195312,1499585.111465454,36844.54147720337
3362,234.7697296142578,11.008633613586426,1499819.8811950684,36855.550110816956
3363,272.4054260253906,11.842377662658691,1500092.2866210938,36867.392488479614
3364,239.50294494628906,11.143654823303223,1500331.78956604,36878.53614330292
3365,239.06314086914062,10.572968482971191,1500570.8527069092,36889.10911178589
3366,264.3476257324219,11.133658409118652,1500835.2003326416,36900.24277019501
3367,278.6705322265625,10.64876651763916,1501113.8708648682,36910.89153671265
3368,285.632080078125,11.483898162841797,1501399.5029449463,36922.37543487549
3369,372.34979248046875,11.5015869140625,1501771.8527374268,36933.87702178955
3370,331.72686767578125,11.23767375946045,1502103.5796051025,36945.11469554901
3371,244.99449157714844,11.190070152282715,1502348.5740966797,36956.304765701294
3372,285.4476318359375,11.28206729888916,1502634.0217285156,36967.58683300018
3373,208.5186767578125,11.541589736938477,1502842.5404052734,36979.12842273712
3374,321.90252685546875,11.868703842163086,1503164.442932129,36990.997126579285
3375,350.010009765625,11.550727844238281,1503514.4529418945,37002.54785442352
3376,180.15347290039062,10.853389739990234,1503694.606414795,37013.40124416351
3377,273.46661376953125,11.6007719039917,1503968.0730285645,37025.002016067505
3378,166.72276306152344,10.473801612854004,1504134.795791626,37035.47581768036
3379,407.39105224609375,11.482513427734375,1504542.186843872,37046.95833110809
3380,304.41265869140625,11.453737258911133,1504846.5995025635,37058.412068367004
3381,235.87469482421875,11.296871185302734,1505082.4741973877,37069.70893955231
3382,318.47308349609375,11.493154525756836,1505400.9472808838,37081.202094078064
3383,246.7885284423828,12.05948257446289,1505647.7358093262,37093.26157665253
3384,256.6778564453125,11.404255867004395,1505904.4136657715,37104.66583251953
3385,238.2015838623047,11.340302467346191,1506142.6152496338,37116.00613498688
3386,310.26361083984375,10.768980026245117,1506452.8788604736,37126.77511501312
3387,236.23843383789062,10.855043411254883,1506689.1172943115,37137.63015842438
3388,279.1482238769531,11.445549011230469,1506968.2655181885,37149.07570743561
3389,324.21728515625,12.74264907836914,1507292.4828033447,37161.81835651398
3390,312.05828857421875,12.217670440673828,1507604.541091919,37174.03602695465
3391,213.7157745361328,10.66163444519043,1507818.256866455,37184.69766139984
3392,195.75482177734375,10.964893341064453,1508014.0116882324,37195.662554740906
3393,278.3698425292969,12.20794677734375,1508292.3815307617,37207.87050151825
3394,191.0371856689453,11.46462631225586,1508483.4187164307,37219.335127830505
3395,269.529052734375,11.370187759399414,1508752.947769165,37230.705315589905
3396,174.2373504638672,10.722732543945312,1508927.185119629,37241.42804813385
3397,205.32879638671875,10.044892311096191,1509132.5139160156,37251.472940444946
3398,251.382080078125,11.859823226928711,1509383.8959960938,37263.332763671875
3399,271.8061828613281,11.070066452026367,1509655.702178955,37274.4028301239
3400,185.26974487304688,11.579146385192871,1509840.9719238281,37285.981976509094
3401,260.92706298828125,11.390580177307129,1510101.8989868164,37297.3725566864
3402,255.4253387451172,10.808072090148926,1510357.3243255615,37308.18062877655
3403,357.92144775390625,11.941841125488281,1510715.2457733154,37320.12246990204
3404,194.0853271484375,10.264304161071777,1510909.3311004639,37330.38677406311
3405,298.8348083496094,11.97265625,1511208.1659088135,37342.35943031311
3406,244.22769165039062,11.966622352600098,1511452.3936004639,37354.32605266571
3407,260.529541015625,11.154984474182129,1511712.9231414795,37365.48103713989
3408,245.9056854248047,11.210827827453613,1511958.8288269043,37376.691864967346
3409,333.68377685546875,11.170821189880371,1512292.5126037598,37387.86268615723
3410,243.05813598632812,11.160720825195312,1512535.570739746,37399.02340698242
3411,205.48052978515625,10.895376205444336,1512741.0512695312,37409.918783187866
3412,242.9561309814453,10.765918731689453,1512984.0074005127,37420.684701919556
3413,310.5060729980469,12.332792282104492,1513294.5134735107,37433.01749420166
3414,348.22454833984375,11.602684020996094,1513642.7380218506,37444.620178222656
3415,207.23098754882812,12.844188690185547,1513849.9690093994,37457.46436691284
3416,250.53036499023438,11.266379356384277,1514100.4993743896,37468.730746269226
3417,228.96151733398438,11.16495418548584,1514329.4608917236,37479.89570045471
3418,261.5045471191406,11.649109840393066,1514590.9654388428,37491.544810295105
3419,326.0519104003906,11.313502311706543,1514917.0173492432,37502.85831260681
3420,245.65338134765625,12.013748168945312,1515162.6707305908,37514.87206077576
3421,209.95948791503906,11.179173469543457,1515372.6302185059,37526.0512342453
3422,253.2742919921875,11.11176872253418,1515625.904510498,37537.163002967834
3423,310.90948486328125,11.315254211425781,1515936.8139953613,37548.47825717926
3424,237.8299560546875,12.31174087524414,1516174.643951416,37560.789998054504
3425,218.28579711914062,11.62469482421875,1516392.9297485352,37572.41469287872
3426,330.3143310546875,10.93140983581543,1516723.2440795898,37583.34610271454
3427,236.11123657226562,11.139881134033203,1516959.355316162,37594.48598384857
3428,194.2930908203125,11.839751243591309,1517153.6484069824,37606.32573509216
3429,294.6777648925781,10.827493667602539,1517448.326171875,37617.153228759766
3430,223.81150817871094,10.780950546264648,1517672.1376800537,37627.93417930603
3431,367.2351379394531,11.412334442138672,1518039.3728179932,37639.34651374817
3432,336.7460021972656,11.161828994750977,1518376.1188201904,37650.50834274292
3433,184.39443969726562,10.282540321350098,1518560.5132598877,37660.79088306427
3434,299.6226806640625,11.233552932739258,1518860.1359405518,37672.02443599701
3435,326.57763671875,11.319768905639648,1519186.7135772705,37683.34420490265
3436,272.11199951171875,11.683598518371582,1519458.8255767822,37695.02780342102
3437,187.10531616210938,11.222954750061035,1519645.9308929443,37706.25075817108
3438,169.35565185546875,11.845666885375977,1519815.2865447998,37718.09642505646
3439,215.84164428710938,11.326346397399902,1520031.128189087,37729.42277145386
3440,265.1978759765625,11.271427154541016,1520296.3260650635,37740.6941986084
3441,264.98797607421875,11.429383277893066,1520561.3140411377,37752.12358188629
3442,213.511474609375,10.974958419799805,1520774.825515747,37763.09854030609
3443,306.53900146484375,10.991031646728516,1521081.364517212,37774.08957195282
3444,267.6077880859375,11.590550422668457,1521348.9723052979,37785.68012237549
3445,186.9019775390625,11.179014205932617,1521535.874282837,37796.85913658142
3446,308.05352783203125,11.667220115661621,1521843.927810669,37808.52635669708
3447,160.38204956054688,10.80163860321045,1522004.3098602295,37819.32799530029
3448,221.36685180664062,10.447409629821777,1522225.6767120361,37829.775404930115
3449,276.0166931152344,11.381521224975586,1522501.6934051514,37841.15692615509
3450,428.142822265625,11.583721160888672,1522929.836227417,37852.74064731598
3451,238.78823852539062,11.631553649902344,1523168.6244659424,37864.37220096588
3452,351.24578857421875,11.993083000183105,1523519.8702545166,37876.365283966064
3453,301.1618347167969,12.247450828552246,1523821.0320892334,37888.61273479462
3454,310.25262451171875,11.78832721710205,1524131.2847137451,37900.40106201172
3455,275.2270812988281,12.276579856872559,1524406.511795044,37912.67764186859
3456,301.4284362792969,11.1932954788208,1524707.9402313232,37923.87093734741
3457,334.50274658203125,11.27443790435791,1525042.4429779053,37935.14537525177
3458,334.20855712890625,11.96281623840332,1525376.6515350342,37947.10819149017
3459,300.9393615722656,11.739791870117188,1525677.5908966064,37958.84798336029
3460,325.97198486328125,11.864420890808105,1526003.5628814697,37970.7124042511
3461,325.0425109863281,11.5645112991333,1526328.605392456,37982.27691555023
3462,242.22769165039062,11.45634937286377,1526570.8330841064,37993.733264923096
3463,280.4438171386719,10.962980270385742,1526851.2769012451,38004.69624519348
3464,272.34228515625,10.622214317321777,1527123.6191864014,38015.3184595108
3465,362.5927734375,11.469961166381836,1527486.2119598389,38026.788420677185
3466,258.6238708496094,11.245540618896484,1527744.8358306885,38038.03396129608
3467,380.919921875,11.485880851745605,1528125.7557525635,38049.51984214783
3468,257.7806396484375,11.832655906677246,1528383.536392212,38061.352498054504
3469,267.2051086425781,11.120223045349121,1528650.7415008545,38072.47272109985
3470,311.2906188964844,11.305503845214844,1528962.032119751,38083.77822494507
3471,255.78518676757812,10.623985290527344,1529217.8173065186,38094.402210235596
3472,231.34617614746094,11.641929626464844,1529449.163482666,38106.04413986206
3473,303.67950439453125,11.603215217590332,1529752.8429870605,38117.64735507965
3474,199.09962463378906,11.796911239624023,1529951.9426116943,38129.444266319275
3475,273.90264892578125,11.87579345703125,1530225.8452606201,38141.320059776306
3476,322.4670104980469,11.19069766998291,1530548.3122711182,38152.51075744629
3477,262.93621826171875,11.65754222869873,1530811.2484893799,38164.16829967499
3478,281.90032958984375,10.512740135192871,1531093.1488189697,38174.68103981018
3479,350.30987548828125,10.887287139892578,1531443.458694458,38185.56832695007
3480,260.97705078125,11.621529579162598,1531704.4357452393,38197.189856529236
3481,241.59954833984375,10.72077465057373,1531946.035293579,38207.91063117981
3482,298.11126708984375,11.00275993347168,1532244.146560669,38218.91339111328
3483,286.780517578125,11.53234577178955,1532530.927078247,38230.44573688507
3484,249.8187255859375,11.478209495544434,1532780.745803833,38241.923946380615
3485,184.99176025390625,11.466388702392578,1532965.737564087,38253.39033508301
3486,249.2078857421875,11.326748847961426,1533214.945449829,38264.71708393097
3487,360.1591796875,11.412299156188965,1533575.1046295166,38276.12938308716
3488,249.14369201660156,11.465774536132812,1533824.2483215332,38287.59515762329
3489,273.6687316894531,11.653663635253906,1534097.9170532227,38299.248821258545
3490,235.49288940429688,11.36070728302002,1534333.409942627,38310.609528541565
3491,241.55197143554688,10.782358169555664,1534574.9619140625,38321.39188671112
3492,265.5072021484375,12.149101257324219,1534840.469116211,38333.540987968445
3493,233.7582550048828,10.966617584228516,1535074.2273712158,38344.50760555267
3494,358.9080810546875,11.206121444702148,1535433.1354522705,38355.713726997375
3495,172.8784942626953,11.172405242919922,1535606.0139465332,38366.886132240295
3496,280.17755126953125,11.228326797485352,1535886.1914978027,38378.11445903778
3497,284.20697021484375,11.537924766540527,1536170.3984680176,38389.65238380432
3498,242.86375427246094,11.254023551940918,1536413.26222229,38400.90640735626
3499,268.91448974609375,11.04472827911377,1536682.1767120361,38411.951135635376
3500,258.30706787109375,12.107285499572754,1536940.4837799072,38424.05842113495
3501,215.9208526611328,11.244234085083008,1537156.4046325684,38435.30265522003
3502,195.98513793945312,11.155176162719727,1537352.3897705078,38446.45783138275
3503,215.47776794433594,11.202879905700684,1537567.8675384521,38457.66071128845
3504,180.8806915283203,10.52798843383789,1537748.7482299805,38468.18869972229
3505,276.8901062011719,11.501636505126953,1538025.6383361816,38479.69033622742
3506,273.0745544433594,11.179559707641602,1538298.712890625,38490.86989593506
3507,303.92462158203125,11.669726371765137,1538602.637512207,38502.539622306824
3508,314.450439453125,10.926234245300293,1538917.0879516602,38513.465856552124
3509,166.35914611816406,10.801070213317871,1539083.4470977783,38524.26692676544
3510,271.8636779785156,10.636574745178223,1539355.3107757568,38534.90350151062
3511,227.19903564453125,11.282297134399414,1539582.5098114014,38546.18579864502
3512,258.52435302734375,11.373761177062988,1539841.0341644287,38557.55955982208
3513,319.1260070800781,11.92281436920166,1540160.1601715088,38569.482374191284
3514,228.23590087890625,11.656111717224121,1540388.3960723877,38581.13848590851
3515,289.01507568359375,11.732977867126465,1540677.4111480713,38592.871463775635
3516,292.72723388671875,11.294285774230957,1540970.138381958,38604.165749549866
3517,372.45025634765625,11.543877601623535,1541342.5886383057,38615.70962715149
3518,273.6402282714844,11.746111869812012,1541616.2288665771,38627.4557390213
3519,299.37725830078125,11.773197174072266,1541915.606124878,38639.22893619537
3520,231.89720153808594,10.778260231018066,1542147.503326416,38650.00719642639
3521,233.70726013183594,11.541711807250977,1542381.2105865479,38661.54890823364
3522,265.1917724609375,10.950998306274414,1542646.4023590088,38672.49990653992
3523,233.9528350830078,10.896705627441406,1542880.3551940918,38683.39661216736
3524,215.50177001953125,11.644509315490723,1543095.8569641113,38695.04112148285
3525,253.51402282714844,11.55943489074707,1543349.3709869385,38706.600556373596
3526,188.50531005859375,11.275330543518066,1543537.876296997,38717.875886917114
3527,253.19017028808594,11.014837265014648,1543791.0664672852,38728.89072418213
3528,255.4860076904297,11.559476852416992,1544046.5524749756,38740.450201034546
3529,229.73980712890625,10.8471040725708,1544276.2922821045,38751.29730510712
3530,242.12840270996094,11.540254592895508,1544518.4206848145,38762.83755970001
3531,282.9071960449219,12.035295486450195,1544801.3278808594,38774.87285518646
3532,271.8984375,12.0794095993042,1545073.2263183594,38786.95226478577
3533,262.2415771484375,12.021086692810059,1545335.4678955078,38798.97335147858
3534,274.61669921875,11.020529747009277,1545610.0845947266,38809.993881225586
3535,346.29229736328125,12.26595401763916,1545956.3768920898,38822.259835243225
3536,373.87554931640625,11.895549774169922,1546330.2524414062,38834.155385017395
3537,278.4396057128906,11.405760765075684,1546608.6920471191,38845.56114578247
3538,344.74371337890625,11.951727867126465,1546953.435760498,38857.5128736496
3539,207.17405700683594,10.863469123840332,1547160.6098175049,38868.37634277344
3540,212.07675170898438,12.111510276794434,1547372.6865692139,38880.48785305023
3541,294.4307556152344,11.33144760131836,1547667.117324829,38891.81930065155
3542,254.71047973632812,11.258824348449707,1547921.8278045654,38903.078125
3543,233.89129638671875,11.183239936828613,1548155.7191009521,38914.26136493683
3544,313.10247802734375,11.628716468811035,1548468.8215789795,38925.89008140564
3545,401.0632019042969,10.935972213745117,1548869.8847808838,38936.826053619385
3546,252.60055541992188,11.014762878417969,1549122.4853363037,38947.8408164978
3547,214.76556396484375,11.65568733215332,1549337.2509002686,38959.496503829956
3548,206.94215393066406,11.439539909362793,1549544.1930541992,38970.93604373932
3549,303.986328125,11.576268196105957,1549848.1793823242,38982.512311935425
3550,233.63137817382812,11.44940185546875,1550081.810760498,38993.96171379089
3551,293.62603759765625,12.400980949401855,1550375.4367980957,39006.362694740295
3552,311.8961181640625,12.003265380859375,1550687.3329162598,39018.365960121155
3553,301.323486328125,11.676382064819336,1550988.656402588,39030.042342185974
3554,207.4423828125,11.158714294433594,1551196.0987854004,39041.20105648041
3555,315.9546813964844,11.059000015258789,1551512.0534667969,39052.26005649567
3556,212.2406005859375,10.767212867736816,1551724.2940673828,39063.0272693634
3557,348.64630126953125,11.583100318908691,1552072.9403686523,39074.61036968231
3558,317.3656005859375,11.631783485412598,1552390.3059692383,39086.242153167725
3559,280.5303955078125,11.433793067932129,1552670.836364746,39097.67594623566
3560,199.3607940673828,11.541340827941895,1552870.1971588135,39109.2172870636
3561,345.81219482421875,11.36647891998291,1553216.0093536377,39120.58376598358
3562,203.60964965820312,11.271263122558594,1553419.619003296,39131.85502910614
3563,319.77203369140625,11.800317764282227,1553739.3910369873,39143.65534687042
3564,288.8121337890625,11.230066299438477,1554028.2031707764,39154.88541316986
3565,239.67919921875,10.529905319213867,1554267.8823699951,39165.415318489075
3566,248.0697021484375,11.662572860717773,1554515.9520721436,39177.07789134979
3567,272.46478271484375,13.037933349609375,1554788.4168548584,39190.1158246994
3568,210.6851806640625,11.726312637329102,1554999.1020355225,39201.84213733673
3569,259.700927734375,10.8811616897583,1555258.8029632568,39212.72329902649
3570,182.65713500976562,11.279129981994629,1555441.4600982666,39224.002429008484
3571,219.74871826171875,10.647594451904297,1555661.2088165283,39234.65002346039
3572,206.64419555664062,10.9125337600708,1555867.853012085,39245.56255722046
3573,279.86090087890625,12.331830978393555,1556147.7139129639,39257.89438819885
3574,376.79632568359375,10.950223922729492,1556524.5102386475,39268.84461212158
3575,307.55194091796875,11.076269149780273,1556832.0621795654,39279.92088127136
3576,312.3653259277344,11.732710838317871,1557144.4275054932,39291.65359210968
3577,234.2431182861328,11.27319049835205,1557378.6706237793,39302.92678260803
3578,295.76605224609375,11.518696784973145,1557674.4366760254,39314.445479393005
3579,244.99417114257812,11.804699897766113,1557919.430847168,39326.25017929077
3580,265.9749450683594,11.454505920410156,1558185.4057922363,39337.70468521118
3581,274.87982177734375,11.253418922424316,1558460.2856140137,39348.958104133606
3582,273.1621398925781,11.52680778503418,1558733.4477539062,39360.48491191864
3583,248.77493286132812,11.648153305053711,1558982.2226867676,39372.133065223694
3584,299.4574890136719,11.473363876342773,1559281.6801757812,39383.60642910004
3585,209.44320678710938,11.498884201049805,1559491.1233825684,39395.10531330109
3586,302.250244140625,12.24498462677002,1559793.373626709,39407.35029792786
3587,241.69793701171875,10.70511531829834,1560035.0715637207,39418.055413246155
3588,242.81375122070312,11.784159660339355,1560277.8853149414,39429.839572906494
3589,212.45574951171875,11.416114807128906,1560490.3410644531,39441.25568771362
3590,347.32159423828125,12.417078018188477,1560837.6626586914,39453.67276573181
3591,282.078369140625,11.99904727935791,1561119.741027832,39465.67181301117
3592,254.36990356445312,11.581219673156738,1561374.1109313965,39477.253032684326
3593,165.07034301757812,11.093730926513672,1561539.181274414,39488.34676361084
3594,297.37420654296875,11.844399452209473,1561836.555480957,39500.19116306305
3595,307.37774658203125,12.36010456085205,1562143.933227539,39512.5512676239
3596,349.4866638183594,11.762524604797363,1562493.4198913574,39524.3137922287
3597,317.060791015625,11.292652130126953,1562810.480682373,39535.606444358826
3598,222.545654296875,11.499725341796875,1563033.02633667,39547.10616970062
3599,266.099853515625,12.460098266601562,1563299.1261901855,39559.566267967224
3600,281.023193359375,11.840558052062988,1563580.149383545,39571.40682601929
3601,139.029296875,10.688880920410156,1563719.17868042,39582.0957069397
3602,261.9582214355469,11.747723579406738,1563981.1369018555,39593.843430519104
3603,297.3399353027344,11.237610816955566,1564278.4768371582,39605.08104133606
3604,365.9240417480469,11.886772155761719,1564644.4008789062,39616.96781349182
3605,319.46832275390625,11.836250305175781,1564963.8692016602,39628.804063797
3606,284.4683532714844,11.496077537536621,1565248.3375549316,39640.300141334534
3607,281.41534423828125,10.87380599975586,1565529.75289917,39651.17394733429
3608,328.72320556640625,11.688115119934082,1565858.4761047363,39662.86206245422
3609,256.0321044921875,11.548157691955566,1566114.5082092285,39674.41022014618
3610,221.75393676757812,11.089421272277832,1566336.262145996,39685.49964141846
3611,224.26182556152344,10.915982246398926,1566560.5239715576,39696.415623664856
3612,276.39208984375,11.470187187194824,1566836.9160614014,39707.88581085205
3613,408.77093505859375,11.544032096862793,1567245.68699646,39719.42984294891
3614,253.36492919921875,11.444890022277832,1567499.0519256592,39730.87473297119
3615,285.0172119140625,12.293401718139648,1567784.0691375732,39743.16813468933
3616,290.6034851074219,10.948607444763184,1568074.6726226807,39754.116742134094
3617,201.3109893798828,11.473000526428223,1568275.9836120605,39765.58974266052
3618,232.96832275390625,12.163166999816895,1568508.9519348145,39777.75290966034
3619,231.9219207763672,11.632576942443848,1568740.8738555908,39789.38548660278
3620,193.84629821777344,10.82475471496582,1568934.7201538086,39800.21024131775
3621,296.2074279785156,11.52214241027832,1569230.927581787,39811.73238372803
3622,285.5431213378906,11.341025352478027,1569516.470703125,39823.073409080505
3623,210.15565490722656,11.650816917419434,1569726.6263580322,39834.724225997925
3624,223.8353271484375,11.856149673461914,1569950.4616851807,39846.58037567139
3625,134.89280700683594,10.811613082885742,1570085.3544921875,39857.39198875427
3626,304.81646728515625,10.953821182250977,1570390.1709594727,39868.34580993652
3627,228.1131591796875,11.262368202209473,1570618.2841186523,39879.60817813873
3628,341.91064453125,13.129435539245605,1570960.1947631836,39892.73761367798
3629,246.846923828125,12.435404777526855,1571207.0416870117,39905.173018455505
3630,231.51190185546875,11.768571853637695,1571438.5535888672,39916.94159030914
3631,226.60134887695312,10.234466552734375,1571665.1549377441,39927.17605686188
3632,260.1500244140625,11.412269592285156,1571925.3049621582,39938.58832645416
3633,264.8236999511719,11.289058685302734,1572190.1286621094,39949.877385139465
3634,259.58197021484375,11.952067375183105,1572449.7106323242,39961.82945251465
3635,281.8963623046875,11.833216667175293,1572731.606994629,39973.662669181824
3636,276.5653381347656,11.611412048339844,1573008.1723327637,39985.27408123016
3637,301.21746826171875,12.260601997375488,1573309.3898010254,39997.53468322754
3638,310.2357177734375,12.421789169311523,1573619.6255187988,40009.95647239685
3639,195.58364868164062,10.85403060913086,1573815.2091674805,40020.81050300598
3640,273.2696533203125,10.628450393676758,1574088.4788208008,40031.43895339966
3641,288.9013671875,11.717308044433594,1574377.3801879883,40043.15626144409
3642,291.35174560546875,11.518485069274902,1574668.7319335938,40054.67474651337
3643,246.4983367919922,11.626480102539062,1574915.2302703857,40066.301226615906
3644,226.3313446044922,11.013191223144531,1575141.5616149902,40077.31441783905
3645,256.53411865234375,10.851702690124512,1575398.0957336426,40088.166120529175
3646,323.5218811035156,12.384947776794434,1575721.617614746,40100.55106830597
3647,267.22711181640625,11.382519721984863,1575988.8447265625,40111.933588027954
3648,155.17410278320312,10.23190689086914,1576144.0188293457,40122.16549491882
3649,303.97991943359375,11.48631763458252,1576447.9987487793,40133.651812553406
3650,313.6322021484375,11.328431129455566,1576761.6309509277,40144.98024368286
3651,249.46026611328125,11.421673774719238,1577011.091217041,40156.40191745758
3652,235.0760498046875,11.138208389282227,1577246.1672668457,40167.54012584686
3653,295.76080322265625,11.373587608337402,1577541.9280700684,40178.9137134552
3654,319.5981140136719,11.252159118652344,1577861.526184082,40190.16587257385
3655,287.7309265136719,11.707185745239258,1578149.2571105957,40201.87305831909
3656,271.62176513671875,11.084254264831543,1578420.8788757324,40212.95731258392
3657,222.50210571289062,11.033268928527832,1578643.3809814453,40223.99058151245
3658,287.8062744140625,10.610553741455078,1578931.1872558594,40234.601135253906
3659,251.21119689941406,11.623199462890625,1579182.3984527588,40246.2243347168
3660,231.14501953125,11.246865272521973,1579413.54347229,40257.47119998932
3661,234.0973663330078,11.380660057067871,1579647.640838623,40268.85186004639
3662,291.916259765625,11.965937614440918,1579939.5570983887,40280.81779766083
3663,253.53524780273438,11.864072799682617,1580193.0923461914,40292.68187046051
3664,322.4541015625,12.152076721191406,1580515.546447754,40304.8339471817
3665,201.17245483398438,11.904479026794434,1580716.718902588,40316.738426208496
3666,228.83438110351562,11.131121635437012,1580945.5532836914,40327.86954784393
3667,263.61566162109375,12.019988059997559,1581209.1689453125,40339.88953590393
3668,256.98583984375,12.312406539916992,1581466.1547851562,40352.20194244385
3669,223.16262817382812,11.261897087097168,1581689.31741333,40363.463839530945
3670,349.9314270019531,11.2847900390625,1582039.248840332,40374.74862957001
3671,227.63839721679688,11.487724304199219,1582266.8872375488,40386.23635387421
3672,249.897216796875,11.418490409851074,1582516.7844543457,40397.65484428406
3673,318.06414794921875,11.703437805175781,1582834.848602295,40409.35828208923
3674,301.8321533203125,12.509428024291992,1583136.6807556152,40421.867710113525
3675,252.22311401367188,10.850286483764648,1583388.903869629,40432.71799659729
3676,310.05255126953125,11.622293472290039,1583698.9564208984,40444.34029006958
3677,254.20272827148438,11.57850456237793,1583953.15914917,40455.91879463196
3678,318.9649658203125,11.733098983764648,1584272.1241149902,40467.65189361572
3679,329.65228271484375,12.092934608459473,1584601.776397705,40479.74482822418
3680,184.33468627929688,11.237401962280273,1584786.1110839844,40490.98223018646
3681,256.87335205078125,11.306357383728027,1585042.9844360352,40502.28858757019
3682,217.752197265625,11.061799049377441,1585260.7366333008,40513.35038661957
3683,247.2729949951172,11.177194595336914,1585508.009628296,40524.527581214905
3684,387.40106201171875,11.529253005981445,1585895.4106903076,40536.056834220886
3685,273.7308349609375,11.557947158813477,1586169.1415252686,40547.6147813797
3686,308.690185546875,11.014263153076172,1586477.8317108154,40558.629044532776
3687,177.75320434570312,10.399232864379883,1586655.5849151611,40569.028277397156
3688,149.13275146484375,10.487231254577637,1586804.717666626,40579.51550865173
3689,302.31719970703125,10.714008331298828,1587107.034866333,40590.22951698303
3690,307.58941650390625,11.622151374816895,1587414.624282837,40601.85166835785
3691,301.54058837890625,11.099648475646973,1587716.1648712158,40612.951316833496
3692,279.41162109375,11.444502830505371,1587995.5764923096,40624.395819664
3693,302.7034912109375,12.18105411529541,1588298.2799835205,40636.5768737793
3694,240.49452209472656,12.291617393493652,1588538.7745056152,40648.86849117279
3695,203.5142822265625,10.825275421142578,1588742.2887878418,40659.69376659393
3696,278.6773681640625,11.143516540527344,1589020.9661560059,40670.83728313446
3697,220.02981567382812,11.50280475616455,1589240.9959716797,40682.340087890625
3698,321.86895751953125,11.36851978302002,1589562.8649291992,40693.708607673645
3699,237.5301055908203,11.223491668701172,1589800.39503479,40704.932099342346
3700,202.7379150390625,11.74143123626709,1590003.132949829,40716.67353057861
3701,216.34042358398438,11.1188325881958,1590219.473373413,40727.79236316681
3702,221.5105743408203,10.65793228149414,1590440.983947754,40738.4502954483
3703,268.8269958496094,11.126596450805664,1590709.8109436035,40749.57689189911
3704,197.38082885742188,11.532988548278809,1590907.191772461,40761.10988044739
3705,235.3004150390625,11.412959098815918,1591142.4921875,40772.5228395462
3706,353.53985595703125,10.954408645629883,1591496.032043457,40783.47724819183
3707,339.57647705078125,11.770923614501953,1591835.6085205078,40795.248171806335
3708,274.890380859375,12.01196002960205,1592110.4989013672,40807.26013183594
3709,277.8002624511719,11.977360725402832,1592388.2991638184,40819.23749256134
3710,299.492431640625,11.951791763305664,1592687.791595459,40831.189284324646
3711,184.88827514648438,11.113484382629395,1592872.6798706055,40842.302768707275
3712,276.0089416503906,11.10960865020752,1593148.6888122559,40853.41237735748
3713,263.9891662597656,11.449562072753906,1593412.6779785156,40864.86193943024
3714,278.07275390625,10.518556594848633,1593690.7507324219,40875.380496025085
3715,285.5765380859375,11.829641342163086,1593976.3272705078,40887.21013736725
3716,252.81744384765625,12.277369499206543,1594229.1447143555,40899.487506866455
3717,324.3077697753906,11.440476417541504,1594553.4524841309,40910.927983284
3718,223.90286254882812,11.371756553649902,1594777.3553466797,40922.29973983765
3719,375.8153076171875,11.634137153625488,1595153.1706542969,40933.93387699127
3720,225.80467224121094,10.968156814575195,1595378.975326538,40944.90203380585
3721,308.48468017578125,11.437270164489746,1595687.4600067139,40956.33930397034
3722,285.8262634277344,11.426854133605957,1595973.2862701416,40967.76615810394
3723,226.51123046875,10.922174453735352,1596199.7975006104,40978.68833255768
3724,130.3723907470703,10.467174530029297,1596330.1698913574,40989.15550708771
3725,294.2803039550781,10.958595275878906,1596624.4501953125,41000.11410236359
3726,196.93991088867188,10.938318252563477,1596821.3901062012,41011.05242061615
3727,245.140625,10.492822647094727,1597066.5307312012,41021.545243263245
3728,242.14569091796875,11.281561851501465,1597308.6764221191,41032.826805114746
3729,266.66033935546875,11.76074504852295,1597575.3367614746,41044.58755016327
3730,274.2667236328125,11.145479202270508,1597849.6034851074,41055.73302936554
3731,265.71807861328125,11.903375625610352,1598115.3215637207,41067.63640499115
3732,270.9697265625,10.6856107711792,1598386.2912902832,41078.32201576233
3733,225.76629638671875,11.397602081298828,1598612.05758667,41089.71961784363
3734,280.40362548828125,11.569151878356934,1598892.4612121582,41101.288769721985
3735,263.3594970703125,11.531614303588867,1599155.8207092285,41112.820384025574
3736,321.8692321777344,11.821746826171875,1599477.6899414062,41124.642130851746
3737,285.889892578125,11.560906410217285,1599763.5798339844,41136.20303726196
3738,212.56466674804688,11.478211402893066,1599976.1445007324,41147.681248664856
3739,200.28228759765625,11.126043319702148,1600176.42678833,41158.80729198456
3740,255.22506713867188,12.20014476776123,1600431.6518554688,41171.00743675232
3741,218.33827209472656,11.219054222106934,1600649.9901275635,41182.226490974426
3742,233.0848388671875,10.90073013305664,1600883.0749664307,41193.12722110748
3743,261.2695007324219,11.290647506713867,1601144.344467163,41204.4178686142
3744,254.21694946289062,11.242535591125488,1601398.561416626,41215.66040420532
3745,296.68255615234375,11.446362495422363,1601695.2439727783,41227.106766700745
3746,189.31134033203125,11.338709831237793,1601884.5553131104,41238.44547653198
3747,181.6888427734375,12.200942993164062,1602066.2441558838,41250.64641952515
3748,287.6802673339844,12.14897632598877,1602353.9244232178,41262.795395851135
3749,258.1582336425781,11.706524848937988,1602612.0826568604,41274.50192070007
3750,198.56809997558594,11.502690315246582,1602810.650756836,41286.00461101532
3751,258.58392333984375,11.881566047668457,1603069.2346801758,41297.88617706299
3752,200.35574340820312,11.918034553527832,1603269.590423584,41309.804211616516
3753,286.9048767089844,12.288288116455078,1603556.495300293,41322.09249973297
3754,291.8506164550781,11.44888973236084,1603848.345916748,41333.54138946533
3755,290.26641845703125,11.205082893371582,1604138.612335205,41344.7464723587
3756,257.400390625,10.802742004394531,1604396.01272583,41355.5492143631
3757,231.7548065185547,11.007083892822266,1604627.7675323486,41366.55629825592
3758,206.4285125732422,11.684854507446289,1604834.1960449219,41378.24115276337
3759,268.42095947265625,11.064681053161621,1605102.6170043945,41389.30583381653
3760,344.80657958984375,12.239788055419922,1605447.4235839844,41401.54562187195
3761,233.81610107421875,11.844269752502441,1605681.2396850586,41413.38989162445
3762,202.3153076171875,11.54952621459961,1605883.5549926758,41424.93941783905
3763,200.337646484375,11.39563274383545,1606083.8926391602,41436.335050582886
3764,187.93475341796875,11.009537696838379,1606271.8273925781,41447.344588279724
3765,233.97958374023438,10.83572006225586,1606505.8069763184,41458.18030834198
3766,283.59149169921875,11.65560531616211,1606789.3984680176,41469.83591365814
3767,296.3214416503906,11.522896766662598,1607085.719909668,41481.358810424805
3768,310.1480712890625,11.518059730529785,1607395.867980957,41492.876870155334
3769,251.2779998779297,11.278054237365723,1607647.145980835,41504.1549243927
3770,230.7091064453125,11.696670532226562,1607877.8550872803,41515.85159492493
3771,213.4851837158203,12.038894653320312,1608091.340270996,41527.89048957825
3772,251.72787475585938,11.265953063964844,1608343.068145752,41539.15644264221
3773,171.70556640625,11.500141143798828,1608514.7737121582,41550.65658378601
3774,90.65924072265625,9.942706108093262,1608605.4329528809,41560.599289894104
3775,253.19821166992188,11.680512428283691,1608858.6311645508,41572.27980232239
3776,304.965087890625,11.320791244506836,1609163.5962524414,41583.600593566895
3777,160.16482543945312,11.0887451171875,1609323.7610778809,41594.68933868408
3778,291.482666015625,11.60311222076416,1609615.2437438965,41606.292450904846
3779,272.697998046875,11.862560272216797,1609887.9417419434,41618.15501117706
3780,290.3392333984375,11.338857650756836,1610178.2809753418,41629.49386882782
3781,193.94461059570312,11.083812713623047,1610372.2255859375,41640.57768154144
3782,278.7031555175781,12.539371490478516,1610650.928741455,41653.11705303192
3783,223.1049346923828,10.892815589904785,1610874.0336761475,41664.009868621826
3784,211.33944702148438,11.228203773498535,1611085.373123169,41675.238072395325
3785,364.2467041015625,11.287681579589844,1611449.6198272705,41686.525753974915
3786,244.6173095703125,11.250330924987793,1611694.2371368408,41697.7760848999
3787,259.68719482421875,11.104330062866211,1611953.924331665,41708.88041496277
3788,276.5271301269531,11.318777084350586,1612230.451461792,41720.19919204712
3789,300.82098388671875,11.999865531921387,1612531.2724456787,41732.19905757904
3790,292.8828430175781,11.741625785827637,1612824.1552886963,41743.94068336487
3791,193.26992797851562,12.522765159606934,1613017.4252166748,41756.463448524475
3792,152.36520385742188,10.80070972442627,1613169.7904205322,41767.2641582489
3793,211.21908569335938,11.629508972167969,1613381.0095062256,41778.89366722107
3794,188.46376037597656,11.779653549194336,1613569.4732666016,41790.673320770264
3795,250.94696044921875,11.983449935913086,1613820.4202270508,41802.65677070618
3796,233.99403381347656,11.28915023803711,1614054.4142608643,41813.945920944214
3797,264.1768798828125,11.423615455627441,1614318.591140747,41825.36953639984
3798,259.8858947753906,11.950663566589355,1614578.4770355225,41837.32019996643
3799,295.96063232421875,11.463077545166016,1614874.4376678467,41848.7832775116
3800,342.51849365234375,12.098666191101074,1615216.956161499,41860.8819437027
3801,278.1868896484375,11.837024688720703,1615495.1430511475,41872.71896839142
3802,194.81268310546875,11.24194622039795,1615689.955734253,41883.96091461182
3803,332.1053466796875,11.121623039245605,1616022.0610809326,41895.08253765106
3804,207.04025268554688,10.97324275970459,1616229.1013336182,41906.05578041077
3805,283.7196960449219,11.381935119628906,1616512.821029663,41917.437715530396
3806,163.220703125,11.326172828674316,1616676.041732788,41928.76388835907
3807,259.5732116699219,11.160333633422852,1616935.614944458,41939.92422199249
3808,213.35134887695312,11.308897972106934,1617148.966293335,41951.2331199646
3809,285.16070556640625,11.1328763961792,1617434.1269989014,41962.36599636078
3810,171.50772094726562,11.034035682678223,1617605.6347198486,41973.40003204346
3811,199.78955078125,10.472675323486328,1617805.4242706299,41983.87270736694
3812,188.187255859375,10.836625099182129,1617993.6115264893,41994.709332466125
3813,350.5026550292969,11.657228469848633,1618344.1141815186,42006.366560935974
3814,262.0191650390625,12.173493385314941,1618606.1333465576,42018.54005432129
3815,271.227783203125,11.520808219909668,1618877.3611297607,42030.0608625412
3816,252.01019287109375,11.415728569030762,1619129.3713226318,42041.47659111023
3817,341.35601806640625,12.175301551818848,1619470.7273406982,42053.65189266205
3818,140.4093017578125,10.769805908203125,1619611.136642456,42064.42169857025
3819,311.69781494140625,11.706581115722656,1619922.8344573975,42076.128279685974
3820,222.70033264160156,10.55963134765625,1620145.534790039,42086.68791103363
3821,224.66860961914062,10.638775825500488,1620370.2033996582,42097.32668685913
3822,292.33197021484375,11.523543357849121,1620662.535369873,42108.85023021698
3823,296.115478515625,12.441694259643555,1620958.6508483887,42121.29192447662
3824,228.32992553710938,11.4429931640625,1621186.9807739258,42132.734917640686
3825,252.77169799804688,11.480649948120117,1621439.7524719238,42144.215567588806
3826,244.1614990234375,12.218205451965332,1621683.9139709473,42156.43377304077
3827,244.093994140625,12.22984504699707,1621928.007965088,42168.66361808777
3828,213.17347717285156,10.662602424621582,1622141.1814422607,42179.32622051239
3829,252.586669921875,12.269758224487305,1622393.7681121826,42191.59597873688
3830,261.8180236816406,11.21731185913086,1622655.5861358643,42202.81329059601
3831,249.513671875,11.167088508605957,1622905.0998077393,42213.980379104614
3832,208.24874877929688,11.900097846984863,1623113.3485565186,42225.8804769516
3833,234.67332458496094,11.31230354309082,1623348.0218811035,42237.19278049469
3834,185.01458740234375,11.576009750366211,1623533.0364685059,42248.768790245056
3835,284.2528076171875,11.241355895996094,1623817.289276123,42260.01014614105
3836,284.8362121582031,12.033984184265137,1624102.1254882812,42272.04413032532
3837,340.4864807128906,11.845666885375977,1624442.6119689941,42283.88979721069
3838,253.7725830078125,11.138744354248047,1624696.384552002,42295.02854156494
3839,301.7072448730469,11.56744384765625,1624998.091796875,42306.5959854126
3840,339.13720703125,11.384446144104004,1625337.2290039062,42317.9804315567
3841,226.95948791503906,11.20224666595459,1625564.1884918213,42329.182678222656
3842,307.7232666015625,11.356709480285645,1625871.9117584229,42340.53938770294
3843,181.4315948486328,10.315157890319824,1626053.3433532715,42350.85454559326
3844,197.84820556640625,11.029197692871094,1626251.191558838,42361.88374328613
3845,293.5491638183594,11.380090713500977,1626544.7407226562,42373.263833999634
3846,312.2737121582031,12.804585456848145,1626857.0144348145,42386.06841945648
3847,259.6886291503906,11.7479887008667,1627116.7030639648,42397.81640815735
3848,275.203857421875,11.218232154846191,1627391.9069213867,42409.034640312195
3849,287.0157775878906,12.05759334564209,1627678.9226989746,42421.09223365784
3850,320.86749267578125,11.699784278869629,1627999.7901916504,42432.79201793671
3851,369.515625,11.122649192810059,1628369.3058166504,42443.91466712952
3852,226.34783935546875,11.465054512023926,1628595.6536560059,42455.37972164154
3853,306.42828369140625,10.916009902954102,1628902.0819396973,42466.295731544495
3854,323.4665222167969,12.113418579101562,1629225.548461914,42478.409150123596
3855,268.4797668457031,11.509361267089844,1629494.0282287598,42489.918511390686
3856,302.0225830078125,11.267943382263184,1629796.0508117676,42501.18645477295
3857,230.57037353515625,10.999521255493164,1630026.6211853027,42512.18597602844
3858,256.5887145996094,11.993304252624512,1630283.2098999023,42524.17928028107
3859,353.84307861328125,11.971083641052246,1630637.0529785156,42536.15036392212
3860,224.96226501464844,11.478782653808594,1630862.0152435303,42547.62914657593
3861,297.6011047363281,11.272174835205078,1631159.6163482666,42558.90132141113
3862,356.724365234375,12.226764678955078,1631516.340713501,42571.12808609009
3863,238.4106903076172,12.128927230834961,1631754.7514038086,42583.25701332092
3864,270.17938232421875,11.544119834899902,1632024.9307861328,42594.80113315582
3865,142.5777587890625,11.210834503173828,1632167.5085449219,42606.011967659
3866,237.33950805664062,11.088249206542969,1632404.8480529785,42617.10021686554
3867,313.9303894042969,10.954853057861328,1632718.7784423828,42628.0550699234
3868,277.57318115234375,11.716835975646973,1632996.3516235352,42639.77190589905
3869,374.3802185058594,12.438908576965332,1633370.731842041,42652.21081447601
3870,316.6253662109375,11.4091157913208,1633687.357208252,42663.619930267334
3871,252.75531005859375,11.049654006958008,1633940.1125183105,42674.66958427429
3872,344.94329833984375,11.678230285644531,1634285.0558166504,42686.34781455994
3873,230.66909790039062,11.37613296508789,1634515.7249145508,42697.723947525024
3874,260.5509338378906,11.464033126831055,1634776.2758483887,42709.187980651855
3875,244.9319610595703,11.287075996398926,1635021.2078094482,42720.475056648254
3876,294.0594787597656,11.8298978805542,1635315.267288208,42732.30495452881
3877,194.0289764404297,11.925336837768555,1635509.2962646484,42744.23029136658
3878,249.61521911621094,11.589570045471191,1635758.9114837646,42755.81986141205
3879,266.29425048828125,11.468558311462402,1636025.205734253,42767.28841972351
3880,372.96832275390625,12.494964599609375,1636398.1740570068,42779.78338432312
3881,320.95849609375,11.691535949707031,1636719.1325531006,42791.47492027283
3882,273.9903259277344,11.116050720214844,1636993.1228790283,42802.59097099304
3883,337.1192321777344,11.955896377563477,1637330.242111206,42814.546867370605
3884,146.09063720703125,10.748719215393066,1637476.332748413,42825.295586586
3885,248.44085693359375,11.622941970825195,1637724.7736053467,42836.918528556824
3886,307.97698974609375,12.295782089233398,1638032.7505950928,42849.21431064606
3887,173.1279754638672,10.891796112060547,1638205.8785705566,42860.10610675812
3888,296.18280029296875,11.644153594970703,1638502.0613708496,42871.75026035309
3889,214.1165008544922,11.225628852844238,1638716.177871704,42882.97588920593
3890,250.05523681640625,11.552021026611328,1638966.2331085205,42894.527910232544
3891,315.5244140625,11.337801933288574,1639281.757522583,42905.86571216583
3892,262.4339294433594,11.506087303161621,1639544.1914520264,42917.371799468994
3893,265.47705078125,11.509406089782715,1639809.6685028076,42928.88120555878
3894,237.7105712890625,11.478760719299316,1640047.3790740967,42940.359966278076
3895,282.1471862792969,11.631749153137207,1640329.526260376,42951.99171543121
3896,254.36932373046875,11.359272003173828,1640583.8955841064,42963.35098743439
3897,270.4239501953125,11.65841293334961,1640854.3195343018,42975.00940036774
3898,180.43748474121094,11.607427597045898,1641034.757019043,42986.61682796478
3899,324.0454406738281,11.688216209411621,1641358.8024597168,42998.305044174194
3900,216.62442016601562,11.918569564819336,1641575.4268798828,43010.223613739014
3901,282.26495361328125,10.975399017333984,1641857.691833496,43021.19901275635
3902,311.70843505859375,11.786736488342285,1642169.4002685547,43032.98574924469
3903,325.4215393066406,11.175440788269043,1642494.8218078613,43044.16119003296
3904,266.02984619140625,11.12082576751709,1642760.8516540527,43055.282015800476
3905,252.1715850830078,11.399689674377441,1643013.0232391357,43066.68170547485
3906,225.84918212890625,10.894672393798828,1643238.8724212646,43077.57637786865
3907,338.2460632324219,11.824117660522461,1643577.118484497,43089.400495529175
3908,232.8027801513672,11.141295433044434,1643809.9212646484,43100.54179096222
3909,315.5559387207031,11.463181495666504,1644125.4772033691,43112.004972457886
3910,302.0419616699219,11.505614280700684,1644427.519165039,43123.51058673859
3911,156.23678588867188,11.508865356445312,1644583.7559509277,43135.01945209503
3912,250.59124755859375,12.571308135986328,1644834.3471984863,43147.59076023102
3913,283.00250244140625,11.964472770690918,1645117.3497009277,43159.55523300171
3914,307.1751708984375,11.783924102783203,1645424.5248718262,43171.33915710449
3915,222.36624145507812,11.981793403625488,1645646.8911132812,43183.32095050812
3916,261.4978942871094,11.709074020385742,1645908.3890075684,43195.0300245285
3917,180.376220703125,11.000112533569336,1646088.7652282715,43206.03013706207
3918,251.52850341796875,10.729945182800293,1646340.2937316895,43216.76008224487
3919,308.4215087890625,11.251182556152344,1646648.7152404785,43228.011264801025
3920,259.0775451660156,11.100624084472656,1646907.7927856445,43239.1118888855
3921,208.69662475585938,10.379986763000488,1647116.4894104004,43249.4918756485
3922,157.33578491210938,10.489202499389648,1647273.8251953125,43259.98107814789
3923,275.91680908203125,11.153393745422363,1647549.7420043945,43271.13447189331
3924,273.24737548828125,11.67067813873291,1647822.9893798828,43282.80515003204
3925,264.845947265625,11.687649726867676,1648087.8353271484,43294.49279975891
3926,250.03225708007812,11.922800064086914,1648337.8675842285,43306.415599823
3927,234.94024658203125,11.532937049865723,1648572.8078308105,43317.948536872864
3928,322.955322265625,11.71563720703125,1648895.7631530762,43329.664174079895
3929,289.7392578125,11.525933265686035,1649185.5024108887,43341.19010734558
3930,348.81585693359375,11.137996673583984,1649534.3182678223,43352.328104019165
3931,318.92047119140625,11.860506057739258,1649853.2387390137,43364.188610076904
3932,255.74891662597656,11.6233549118042,1650108.9876556396,43375.81196498871
3933,282.72332763671875,11.352849006652832,1650391.7109832764,43387.16481399536
3934,347.58966064453125,11.387646675109863,1650739.300643921,43398.55246067047
3935,192.42076110839844,12.113356590270996,1650931.7214050293,43410.66581726074
3936,243.67356872558594,11.17976188659668,1651175.3949737549,43421.84557914734
3937,251.33200073242188,11.103621482849121,1651426.7269744873,43432.94920063019
3938,233.5371856689453,11.652019500732422,1651660.2641601562,43444.60122013092
3939,328.0953369140625,11.249970436096191,1651988.3594970703,43455.85119056702
3940,230.06532287597656,11.425566673278809,1652218.4248199463,43467.276757240295
3941,268.33062744140625,11.290267944335938,1652486.7554473877,43478.56702518463
3942,256.442626953125,11.532235145568848,1652743.1980743408,43490.0992603302
3943,191.91680908203125,12.163627624511719,1652935.1148834229,43502.26288795471
3944,215.0546112060547,11.334665298461914,1653150.169494629,43513.597553253174
3945,219.84814453125,10.935860633850098,1653370.0176391602,43524.533413887024
3946,281.29864501953125,11.704591751098633,1653651.3162841797,43536.23800563812
3947,237.00286865234375,11.395999908447266,1653888.319152832,43547.63400554657
3948,169.548828125,10.701322555541992,1654057.867980957,43558.33532810211
3949,259.4447021484375,12.046004295349121,1654317.3126831055,43570.38133239746
3950,238.3090362548828,11.604974746704102,1654555.6217193604,43581.986307144165
3951,188.0817108154297,11.114121437072754,1654743.7034301758,43593.10042858124
3952,202.50350952148438,11.169292449951172,1654946.2069396973,43604.26972103119
3953,296.18603515625,11.203561782836914,1655242.3929748535,43615.473282814026
3954,289.4826354980469,11.213778495788574,1655531.8756103516,43626.687061309814
3955,166.16116333007812,10.744115829467773,1655698.0367736816,43637.43117713928
3956,279.9688720703125,12.256474494934082,1655978.005645752,43649.687651634216
3957,240.50961303710938,11.496621131896973,1656218.515258789,43661.18427276611
3958,275.13226318359375,12.380529403686523,1656493.6475219727,43673.5648021698
3959,238.203369140625,11.310810089111328,1656731.8508911133,43684.87561225891
3960,274.69647216796875,12.358943939208984,1657006.5473632812,43697.23455619812
3961,301.58221435546875,10.926905632019043,1657308.1295776367,43708.16146183014
3962,218.5845184326172,10.55019474029541,1657526.7140960693,43718.711656570435
3963,287.7903137207031,11.817426681518555,1657814.50440979,43730.52908325195
3964,188.3957977294922,11.704100608825684,1658002.9002075195,43742.23318386078
3965,245.62228393554688,11.703011512756348,1658248.522491455,43753.936195373535
3966,286.55877685546875,12.337342262268066,1658535.0812683105,43766.2735376358
3967,182.647705078125,10.862942695617676,1658717.7289733887,43777.13648033142
3968,221.79568481445312,13.506226539611816,1658939.5246582031,43790.64270687103
3969,172.5745849609375,11.175371170043945,1659112.099243164,43801.81807804108
3970,294.80853271484375,11.488358497619629,1659406.907775879,43813.306436538696
3971,248.02960205078125,11.232078552246094,1659654.9373779297,43824.53851509094
3972,173.09970092773438,10.817109107971191,1659828.0370788574,43835.35562419891
3973,198.54342651367188,11.812878608703613,1660026.580505371,43847.16850280762
3974,240.4925079345703,11.85709285736084,1660267.0730133057,43859.02559566498
3975,210.65518188476562,11.652786254882812,1660477.7281951904,43870.67838191986
3976,220.6212158203125,11.443048477172852,1660698.3494110107,43882.121430397034
3977,185.7484130859375,10.937333106994629,1660884.0978240967,43893.05876350403
3978,335.4779052734375,11.997026443481445,1661219.5757293701,43905.05578994751
3979,216.17079162597656,11.08092212677002,1661435.746520996,43916.13671207428
3980,189.12179565429688,10.492387771606445,1661624.8683166504,43926.629099845886
3981,287.70147705078125,11.369438171386719,1661912.5697937012,43937.99853801727
3982,344.59991455078125,11.131637573242188,1662257.169708252,43949.130175590515
3983,344.0910339355469,11.81266975402832,1662601.2607421875,43960.94284534454
3984,162.264892578125,11.864339828491211,1662763.5256347656,43972.807185173035
3985,187.48641967773438,11.51699447631836,1662951.0120544434,43984.32417964935
3986,231.2255096435547,11.243648529052734,1663182.237564087,43995.567828178406
3987,357.43499755859375,11.46746826171875,1663539.6725616455,44007.035296440125
3988,287.8583984375,11.132076263427734,1663827.530960083,44018.16737270355
3989,288.7388000488281,11.277914047241211,1664116.2697601318,44029.44528675079
3990,324.15289306640625,11.444372177124023,1664440.4226531982,44040.88965892792
3991,267.68157958984375,11.413871765136719,1664708.104232788,44052.303530693054
3992,197.26315307617188,11.114152908325195,1664905.3673858643,44063.41768360138
3993,323.50616455078125,10.732725143432617,1665228.873550415,44074.15040874481
3994,296.130859375,11.151399612426758,1665525.00440979,44085.30180835724
3995,207.30166625976562,10.94255542755127,1665732.3060760498,44096.24436378479
3996,315.286865234375,12.276310920715332,1666047.5929412842,44108.520674705505
3997,285.38592529296875,11.752140998840332,1666332.9788665771,44120.272815704346
3998,234.74530029296875,11.834026336669922,1666567.7241668701,44132.106842041016
3999,251.51394653320312,10.983135223388672,1666819.2381134033,44143.089977264404
4000,293.2293701171875,11.045830726623535,1667112.4674835205,44154.13580799103
4001,293.8232116699219,11.513289451599121,1667406.2906951904,44165.64909744263
4002,187.54635620117188,11.983051300048828,1667593.8370513916,44177.632148742676
4003,177.00262451171875,11.739046096801758,1667770.8396759033,44189.37119483948
4004,272.61907958984375,11.808248519897461,1668043.4587554932,44201.179443359375
4005,275.6014404296875,11.34559440612793,1668319.0601959229,44212.5250377655
4006,212.21055603027344,11.153637886047363,1668531.2707519531,44223.67867565155
4007,233.47933959960938,11.142306327819824,1668764.7500915527,44234.82098197937
4008,272.95294189453125,11.366805076599121,1669037.7030334473,44246.18778705597
4009,247.39219665527344,11.4717378616333,1669285.0952301025,44257.6595249176
4010,292.3120422363281,11.581974029541016,1669577.4072723389,44269.24149894714
4011,201.06105041503906,11.56131362915039,1669778.468322754,44280.802812576294
4012,290.98394775390625,11.361371994018555,1670069.4522705078,44292.16418457031
4013,236.80813598632812,11.285606384277344,1670306.2604064941,44303.44979095459
4014,232.986328125,11.602375030517578,1670539.2467346191,44315.05216598511
4015,232.7958984375,11.249568939208984,1670772.0426330566,44326.30173492432
4016,248.9674835205078,11.491362571716309,1671021.0101165771,44337.79309749603
4017,278.11199951171875,11.680357933044434,1671299.1221160889,44349.47345542908
4018,270.1285400390625,11.560257911682129,1671569.250656128,44361.03371334076
4019,295.47320556640625,11.543107032775879,1671864.7238616943,44372.576820373535
4020,178.65170288085938,10.48612117767334,1672043.3755645752,44383.06294155121
4021,267.6883544921875,11.300514221191406,1672311.0639190674,44394.3634557724
4022,297.21875,11.393647193908691,1672608.2826690674,44405.75710296631
4023,249.67330932617188,11.408504486083984,1672857.9559783936,44417.16560745239
4024,162.0434112548828,10.887423515319824,1673019.9993896484,44428.05303096771
4025,237.5023193359375,11.607963562011719,1673257.5017089844,44439.660994529724
4026,265.1642150878906,12.567367553710938,1673522.6659240723,44452.228362083435
4027,102.38483428955078,10.638185501098633,1673625.0507583618,44462.866547584534
4028,239.60531616210938,11.4866943359375,1673864.656074524,44474.35324192047
4029,277.8952941894531,12.257612228393555,1674142.5513687134,44486.610854148865
4030,234.694580078125,11.345919609069824,1674377.2459487915,44497.956773757935
4031,318.409423828125,11.455977439880371,1674695.6553726196,44509.412751197815
4032,212.75997924804688,11.716784477233887,1674908.4153518677,44521.12953567505
4033,272.01171875,12.135464668273926,1675180.4270706177,44533.26500034332
4034,288.9107666015625,11.954468727111816,1675469.3378372192,44545.219469070435
4035,321.0967102050781,11.799619674682617,1675790.4345474243,44557.01908874512
4036,291.49774169921875,11.32994270324707,1676081.9322891235,44568.349031448364
4037,201.94113159179688,10.956778526306152,1676283.8734207153,44579.30580997467
4038,293.99798583984375,12.83559513092041,1676577.8714065552,44592.14140510559
4039,248.54925537109375,10.825794219970703,1676826.4206619263,44602.96719932556
4040,219.13888549804688,10.984518051147461,1677045.5595474243,44613.95171737671
4041,322.18951416015625,11.377799987792969,1677367.7490615845,44625.3295173645
4042,263.5828552246094,11.76999282836914,1677631.331916809,44637.09951019287
4043,260.30511474609375,11.133050918579102,1677891.6370315552,44648.23256111145
4044,258.43328857421875,11.238807678222656,1678150.0703201294,44659.47136878967
4045,294.8148498535156,10.969833374023438,1678444.885169983,44670.441202163696
4046,237.04049682617188,11.541382789611816,1678681.925666809,44681.98258495331
4047,385.3385009765625,12.045281410217285,1679067.2641677856,44694.027866363525
4048,194.41763305664062,10.869997024536133,1679261.6818008423,44704.89786338806
4049,105.39959716796875,11.444113731384277,1679367.0813980103,44716.341977119446
4050,213.75588989257812,10.94400691986084,1679580.8372879028,44727.28598403931
4051,332.6107482910156,11.4367036819458,1679913.4480361938,44738.72268772125
4052,251.830810546875,11.702156066894531,1680165.2788467407,44750.42484378815
4053,241.31661987304688,11.820477485656738,1680406.5954666138,44762.245321273804
4054,254.83828735351562,11.181100845336914,1680661.4337539673,44773.42642211914
4055,233.4169464111328,11.516329765319824,1680894.8507003784,44784.94275188446
4056,321.18194580078125,12.283053398132324,1681216.0326461792,44797.22580528259
4057,226.44070434570312,11.242170333862305,1681442.473350525,44808.467975616455
4058,234.9405517578125,11.896503448486328,1681677.4139022827,44820.36447906494
4059,274.9826965332031,11.33397102355957,1681952.396598816,44831.6984500885
4060,277.8199462890625,11.363632202148438,1682230.216545105,44843.06208229065
4061,192.6884307861328,11.188437461853027,1682422.904975891,44854.2505197525
4062,187.68490600585938,12.301534652709961,1682610.589881897,44866.55205440521
4063,197.7548828125,11.499333381652832,1682808.3447647095,44878.051387786865
4064,156.02908325195312,10.516430854797363,1682964.3738479614,44888.56781864166
4065,274.8177490234375,12.047624588012695,1683239.1915969849,44900.615443229675
4066,226.21533203125,10.729065895080566,1683465.406929016,44911.344509124756
4067,175.26467895507812,11.338672637939453,1683640.6716079712,44922.683181762695
4068,240.1420135498047,11.267189025878906,1683880.813621521,44933.950370788574
4069,276.1191101074219,11.348691940307617,1684156.9327316284,44945.29906272888
4070,266.5943298339844,11.948705673217773,1684423.5270614624,44957.2477684021
4071,159.17518615722656,10.38200855255127,1684582.7022476196,44967.62977695465
4072,196.673583984375,12.073478698730469,1684779.375831604,44979.70325565338
4073,214.62387084960938,11.544748306274414,1684993.9997024536,44991.248003959656
4074,240.86590576171875,11.001543998718262,1685234.8656082153,45002.249547958374
4075,270.59881591796875,11.837209701538086,1685505.4644241333,45014.08675765991
4076,281.7236022949219,10.90531063079834,1685787.1880264282,45024.99206829071
4077,110.31182861328125,9.850190162658691,1685897.4998550415,45034.84225845337
4078,304.04949951171875,11.918990135192871,1686201.5493545532,45046.76124858856
4079,300.65997314453125,11.557931900024414,1686502.2093276978,45058.31918048859
4080,211.10203552246094,11.21492862701416,1686713.3113632202,45069.5341091156
4081,265.34637451171875,11.971290588378906,1686978.657737732,45081.50539970398
4082,313.81146240234375,11.12099552154541,1687292.4692001343,45092.626395225525
4083,182.428955078125,10.841673851013184,1687474.8981552124,45103.46806907654
4084,346.0807189941406,11.569506645202637,1687820.9788742065,45115.03757572174
4085,257.34820556640625,11.82581901550293,1688078.327079773,45126.863394737244
4086,280.90399169921875,12.523632049560547,1688359.2310714722,45139.387026786804
4087,259.25030517578125,11.971714973449707,1688618.481376648,45151.358741760254
4088,271.35491943359375,11.697653770446777,1688889.8362960815,45163.0563955307
4089,230.64404296875,11.260388374328613,1689120.4803390503,45174.31678390503
4090,227.96397399902344,11.539045333862305,1689348.4443130493,45185.85582923889
4091,300.5785217285156,12.55313491821289,1689649.0228347778,45198.408964157104
4092,285.86785888671875,11.982303619384766,1689934.8906936646,45210.39126777649
4093,257.1067199707031,11.494122505187988,1690191.9974136353,45221.88539028168
4094,257.1904296875,11.972037315368652,1690449.1878433228,45233.857427597046
4095,292.41827392578125,10.88706111907959,1690741.6061172485,45244.744488716125
4096,294.2796630859375,11.351503372192383,1691035.8857803345,45256.09599208832
4097,163.21385192871094,11.62739086151123,1691199.0996322632,45267.72338294983
4098,203.27659606933594,11.580636024475098,1691402.3762283325,45279.304018974304
4099,257.73486328125,12.67668628692627,1691660.1110916138,45291.98070526123
4100,204.74166870117188,11.304015159606934,1691864.852760315,45303.28472042084
4101,252.267333984375,11.977335929870605,1692117.1200942993,45315.26205635071
4102,279.46759033203125,11.596020698547363,1692396.5876846313,45326.858077049255
4103,214.2796630859375,12.559497833251953,1692610.8673477173,45339.41757488251
4104,238.19949340820312,11.461026191711426,1692849.0668411255,45350.87860107422
4105,267.8345642089844,10.774736404418945,1693116.9014053345,45361.65333747864
4106,168.77015686035156,10.637552261352539,1693285.6715621948,45372.29088973999
4107,246.9217529296875,11.33601188659668,1693532.5933151245,45383.62690162659
4108,183.91310119628906,11.70357894897461,1693716.5064163208,45395.33048057556
4109,263.5997009277344,11.215649604797363,1693980.1061172485,45406.54613018036
4110,253.60113525390625,11.880033493041992,1694233.7072525024,45418.4261636734
4111,258.4119873046875,11.798562049865723,1694492.1192398071,45430.22472572327
4112,315.72015380859375,11.972848892211914,1694807.8393936157,45442.19757461548
4113,242.86488342285156,12.337265968322754,1695050.7042770386,45454.5348405838
4114,283.0386657714844,11.11263656616211,1695333.74294281,45465.64747714996
4115,328.60418701171875,11.552546501159668,1695662.3471298218,45477.20002365112
4116,206.23907470703125,11.570272445678711,1695868.5862045288,45488.7702960968
4117,229.48263549804688,11.554214477539062,1696098.0688400269,45500.32451057434
4118,230.55027770996094,11.213361740112305,1696328.6191177368,45511.53787231445
4119,208.32174682617188,10.972457885742188,1696536.940864563,45522.510330200195
4120,253.22866821289062,12.077488899230957,1696790.1695327759,45534.587819099426
4121,219.80126953125,12.227925300598145,1697009.9708023071,45546.815744400024
4122,282.40228271484375,11.56620979309082,1697292.373085022,45558.381954193115
4123,185.81326293945312,11.95995807647705,1697478.1863479614,45570.34191226959
4124,203.98886108398438,10.768728256225586,1697682.1752090454,45581.11064052582
4125,265.462646484375,11.169221878051758,1697947.6378555298,45592.27986240387
4126,197.76028442382812,11.363089561462402,1698145.3981399536,45603.64295196533
4127,225.14474487304688,10.990723609924316,1698370.5428848267,45614.633675575256
4128,316.7636413574219,10.919794082641602,1698687.306526184,45625.5534696579
4129,180.7345428466797,11.26445484161377,1698868.0410690308,45636.81792449951
4130,290.0445251464844,11.428618431091309,1699158.0855941772,45648.2465429306
4131,225.60191345214844,11.722460746765137,1699383.6875076294,45659.96900367737
4132,221.17376708984375,10.937424659729004,1699604.8612747192,45670.9064283371
4133,303.07244873046875,11.932098388671875,1699907.9337234497,45682.83852672577
4134,242.8842315673828,11.37056827545166,1700150.817955017,45694.20909500122
4135,276.17572021484375,10.90576457977295,1700426.993675232,45705.114859580994
4136,313.6129455566406,11.678311347961426,1700740.6066207886,45716.793170928955
4137,278.721923828125,12.239484786987305,1701019.3285446167,45729.03265571594
4138,244.8111572265625,11.1561861038208,1701264.1397018433,45740.18884181976
4139,231.10421752929688,11.296591758728027,1701495.2439193726,45751.48543357849
4140,237.0542449951172,11.774640083312988,1701732.2981643677,45763.260073661804
4141,257.4077453613281,11.512809753417969,1701989.705909729,45774.77288341522
4142,216.44256591796875,10.585001945495605,1702206.148475647,45785.35788536072
4143,266.47442626953125,12.208910942077637,1702472.6229019165,45797.566796302795
4144,305.3503112792969,11.382280349731445,1702777.9732131958,45808.94907665253
4145,220.76040649414062,11.656156539916992,1702998.73361969,45820.605233192444
4146,256.6258544921875,12.048932075500488,1703255.3594741821,45832.654165267944
4147,229.94419860839844,11.926300048828125,1703485.3036727905,45844.58046531677
4148,271.85772705078125,11.201969146728516,1703757.1613998413,45855.7824344635
4149,211.01348876953125,12.889589309692383,1703968.1748886108,45868.67202377319
4150,263.6031494140625,11.212526321411133,1704231.778038025,45879.884550094604
4151,298.91851806640625,11.702628135681152,1704530.6965560913,45891.587178230286
4152,135.5721893310547,10.146756172180176,1704666.2687454224,45901.733934402466
4153,150.4888916015625,11.766002655029297,1704816.757637024,45913.499937057495
4154,296.7252502441406,11.71109390258789,1705113.482887268,45925.21103096008
4155,264.5775146484375,12.169307708740234,1705378.0604019165,45937.38033866882
4156,273.424072265625,11.072196960449219,1705651.4844741821,45948.45253562927
4157,299.40582275390625,11.661450386047363,1705950.890296936,45960.11398601532
4158,184.48802185058594,12.10630989074707,1706135.3783187866,45972.22029590607
4159,182.3472442626953,12.056147575378418,1706317.7255630493,45984.276443481445
4160,251.17333984375,11.596051216125488,1706568.898902893,45995.87249469757
4161,268.50726318359375,12.401056289672852,1706837.4061660767,46008.273550987244
4162,259.60321044921875,11.636161804199219,1707097.0093765259,46019.90971279144
4163,273.69573974609375,10.897876739501953,1707370.705116272,46030.807589530945
4164,242.2610626220703,11.103421211242676,1707612.966178894,46041.91101074219
4165,283.2498474121094,11.007149696350098,1707896.2160263062,46052.91816043854
4166,259.8731689453125,11.581819534301758,1708156.0891952515,46064.49997997284
4167,243.66810607910156,11.65650749206543,1708399.7573013306,46076.156487464905
4168,224.90524291992188,12.166245460510254,1708624.6625442505,46088.322732925415
4169,192.15867614746094,11.716666221618652,1708816.821220398,46100.039399147034
4170,202.7667236328125,11.562838554382324,1709019.5879440308,46111.602237701416
4171,267.6875,11.057971000671387,1709287.2754440308,46122.66020870209
4172,198.7384033203125,11.871210098266602,1709486.013847351,46134.531418800354
4173,285.3894958496094,11.733564376831055,1709771.4033432007,46146.264983177185
4174,238.74215698242188,11.375720024108887,1710010.145500183,46157.640703201294
4175,192.541259765625,10.378822326660156,1710202.6867599487,46168.019525527954
4176,240.37696838378906,11.55840015411377,1710443.0637283325,46179.57792568207
4177,303.4359130859375,11.490116119384766,1710746.4996414185,46191.06804180145
4178,282.7628173828125,11.782193183898926,1711029.2624588013,46202.85023498535
4179,183.3568572998047,10.951264381408691,1711212.619316101,46213.80149936676
4180,319.275634765625,11.860384941101074,1711531.8949508667,46225.66188430786
4181,268.81646728515625,11.43253231048584,1711800.7114181519,46237.09441661835
4182,235.22097778320312,11.195110321044922,1712035.932395935,46248.28952693939
4183,193.06886291503906,10.68552303314209,1712229.00125885,46258.975049972534
4184,344.5445251464844,12.01898193359375,1712573.5457839966,46270.99403190613
4185,280.43280029296875,10.908541679382324,1712853.9785842896,46281.90257358551
4186,216.69619750976562,11.456402778625488,1713070.6747817993,46293.358976364136
4187,278.0566711425781,11.540775299072266,1713348.731452942,46304.89975166321
4188,351.03680419921875,12.047469139099121,1713699.768257141,46316.94722080231
4189,288.84124755859375,11.994478225708008,1713988.6095046997,46328.941699028015
4190,219.82354736328125,11.891700744628906,1714208.433052063,46340.833399772644
4191,203.84719848632812,11.135843276977539,1714412.2802505493,46351.96924304962
4192,277.1644287109375,12.354293823242188,1714689.4446792603,46364.323536872864
4193,248.703857421875,11.572150230407715,1714938.1485366821,46375.89568710327
4194,302.40802001953125,11.49686050415039,1715240.5565567017,46387.39254760742
4195,257.5522155761719,11.081548690795898,1715498.1087722778,46398.47409629822
4196,311.5609130859375,11.312458038330078,1715809.6696853638,46409.78655433655
4197,237.81118774414062,11.5101900100708,1716047.480873108,46421.29674434662
4198,277.34796142578125,11.669010162353516,1716324.8288345337,46432.96575450897
4199,213.7869415283203,11.155558586120605,1716538.615776062,46444.12131309509
4200,222.3447265625,11.524734497070312,1716760.9605026245,46455.64604759216
4201,229.29544067382812,12.039997100830078,1716990.2559432983,46467.68604469299
4202,332.69580078125,12.265229225158691,1717322.9517440796,46479.95127391815
4203,206.56503295898438,11.234199523925781,1717529.5167770386,46491.18547344208
4204,182.05194091796875,11.242587089538574,1717711.5687179565,46502.428060531616
4205,268.63177490234375,11.361734390258789,1717980.200492859,46513.789794921875
4206,236.52529907226562,11.125378608703613,1718216.7257919312,46524.91517353058
4207,299.6150817871094,11.542670249938965,1718516.3408737183,46536.45784378052
4208,300.5657043457031,11.797656059265137,1718816.906578064,46548.25549983978
4209,215.81130981445312,11.414904594421387,1719032.7178878784,46559.670404434204
4210,198.13136291503906,11.86115550994873,1719230.8492507935,46571.53155994415
4211,223.572509765625,11.315863609313965,1719454.421760559,46582.84742355347
4212,278.0279541015625,11.270899772644043,1719732.4497146606,46594.11832332611
4213,274.53826904296875,11.505754470825195,1720006.9879837036,46605.624077796936
4214,242.81695556640625,11.852343559265137,1720249.80493927,46617.4764213562
4215,214.5655059814453,11.632627487182617,1720464.3704452515,46629.109048843384
4216,288.2344665527344,12.236008644104004,1720752.6049118042,46641.34505748749
4217,321.61334228515625,11.79831600189209,1721074.2182540894,46653.14337348938
4218,229.57586669921875,11.316476821899414,1721303.7941207886,46664.45985031128
4219,139.12530517578125,11.565533638000488,1721442.9194259644,46676.02538394928
4220,246.24916076660156,11.249005317687988,1721689.168586731,46687.27438926697
4221,184.4744110107422,11.60522174835205,1721873.6429977417,46698.87961101532
4222,312.86529541015625,11.268720626831055,1722186.5082931519,46710.14833164215
4223,221.09068298339844,11.602384567260742,1722407.5989761353,46721.75071620941
4224,320.7611999511719,11.300731658935547,1722728.3601760864,46733.05144786835
4225,282.3664855957031,11.872687339782715,1723010.7266616821,46744.92413520813
4226,226.1513671875,11.508739471435547,1723236.8780288696,46756.432874679565
4227,345.7484130859375,11.481975555419922,1723582.6264419556,46767.914850234985
4228,303.4601135253906,11.577402114868164,1723886.086555481,46779.49225234985
4229,289.6168518066406,11.23935317993164,1724175.7034072876,46790.731605529785
4230,249.17201232910156,11.856714248657227,1724424.8754196167,46802.58831977844
4231,275.7485656738281,12.298103332519531,1724700.6239852905,46814.88642311096
4232,294.535888671875,11.153477668762207,1724995.1598739624,46826.039900779724
4233,264.1020812988281,11.573665618896484,1725259.2619552612,46837.61356639862
4234,205.2445831298828,11.827805519104004,1725464.506538391,46849.441371917725
4235,291.17523193359375,11.711496353149414,1725755.6817703247,46861.152868270874
4236,238.66888427734375,11.173460960388184,1725994.350654602,46872.32632923126
4237,253.966796875,10.971996307373047,1726248.317451477,46883.298325538635
4238,227.67950439453125,10.569551467895508,1726475.9969558716,46893.86787700653
4239,250.75064086914062,11.676643371582031,1726726.7475967407,46905.54452037811
4240,269.643798828125,11.292950630187988,1726996.3913955688,46916.8374710083
4241,221.78570556640625,11.233644485473633,1727218.1771011353,46928.071115493774
4242,279.548095703125,11.175057411193848,1727497.7251968384,46939.24617290497
4243,288.2369079589844,11.215789794921875,1727785.9621047974,46950.46196269989
4244,216.16317749023438,11.349566459655762,1728002.1252822876,46961.811529159546
4245,249.346923828125,11.203874588012695,1728251.4722061157,46973.01540374756
4246,294.8779296875,11.7793550491333,1728546.3501358032,46984.79475879669
4247,300.57666015625,11.741814613342285,1728846.9267959595,46996.536573410034
4248,178.28231811523438,11.090118408203125,1729025.2091140747,47007.62669181824
4249,314.26214599609375,12.028213500976562,1729339.4712600708,47019.654905319214
4250,240.41165161132812,11.886406898498535,1729579.8829116821,47031.54131221771
4251,255.38726806640625,12.153244972229004,1729835.2701797485,47043.69455718994
4252,294.2936096191406,12.077398300170898,1730129.5637893677,47055.77195549011
4253,248.29299926757812,11.196578025817871,1730377.8567886353,47066.96853351593
4254,256.5519714355469,12.426261901855469,1730634.4087600708,47079.394795417786
4255,391.5486145019531,11.138419151306152,1731025.9573745728,47090.53321456909
4256,233.53782653808594,10.872220039367676,1731259.4952011108,47101.40543460846
4257,297.8677062988281,11.288155555725098,1731557.3629074097,47112.693590164185
4258,188.6791229248047,10.70600414276123,1731746.0420303345,47123.399594306946
4259,249.4132080078125,11.622785568237305,1731995.4552383423,47135.02237987518
4260,328.6812438964844,12.363445281982422,1732324.1364822388,47147.385825157166
4261,160.83645629882812,11.638327598571777,1732484.9729385376,47159.02415275574
4262,264.23150634765625,11.656452178955078,1732749.2044448853,47170.68060493469
4263,278.50732421875,11.4447660446167,1733027.711769104,47182.12537097931
4264,254.18630981445312,11.502092361450195,1733281.8980789185,47193.62746334076
4265,251.56068420410156,11.693856239318848,1733533.4587631226,47205.32131958008
4266,241.44668579101562,11.53439712524414,1733774.9054489136,47216.85571670532
4267,238.082763671875,11.680264472961426,1734012.9882125854,47228.535981178284
4268,207.16238403320312,11.15548324584961,1734220.1505966187,47239.69146442413
4269,287.1478271484375,11.18778133392334,1734507.298423767,47250.87924575806
4270,247.66140747070312,11.405665397644043,1734754.9598312378,47262.2849111557
4271,266.01568603515625,11.01366901397705,1735020.975517273,47273.29858016968
4272,288.57183837890625,11.895939826965332,1735309.5473556519,47285.19451999664
4273,313.3590087890625,11.837584495544434,1735622.906364441,47297.03210449219
4274,282.18280029296875,11.446066856384277,1735905.089164734,47308.47817134857
4275,224.0293731689453,12.16584587097168,1736129.1185379028,47320.64401721954
4276,228.45443725585938,11.082551956176758,1736357.5729751587,47331.72656917572
4277,185.60067749023438,11.369800567626953,1736543.173652649,47343.09636974335
4278,274.7102355957031,12.528331756591797,1736817.8838882446,47355.62470149994
4279,214.03219604492188,11.695019721984863,1737031.9160842896,47367.319721221924
4280,277.93182373046875,11.26964282989502,1737309.84790802,47378.58936405182
4281,226.59967041015625,10.90235424041748,1737536.4475784302,47389.491718292236
4282,224.9835205078125,10.712677001953125,1737761.431098938,47400.20439529419
4283,257.96356201171875,10.9710693359375,1738019.3946609497,47411.17546463013
4284,248.60057067871094,12.129743576049805,1738267.9952316284,47423.30520820618
4285,327.9945068359375,11.777938842773438,1738595.9897384644,47435.08314704895
4286,217.14109802246094,11.651416778564453,1738813.1308364868,47446.734563827515
4287,284.7994689941406,11.281022071838379,1739097.930305481,47458.01558589935
4288,310.06732177734375,11.106178283691406,1739407.9976272583,47469.121764183044
4289,191.39593505859375,11.110058784484863,1739599.393562317,47480.23182296753
4290,252.77359008789062,11.27430534362793,1739852.1671524048,47491.50612831116
4291,252.14297485351562,12.364456176757812,1740104.3101272583,47503.870584487915
4292,195.80397033691406,11.470580101013184,1740300.1140975952,47515.34116458893
4293,292.6900329589844,11.127263069152832,1740592.8041305542,47526.46842765808
4294,220.3301544189453,12.183609008789062,1740813.1342849731,47538.65203666687
4295,294.15606689453125,11.383267402648926,1741107.2903518677,47550.03530406952
4296,202.04733276367188,11.482471466064453,1741309.3376846313,47561.51777553558
4297,209.36141967773438,10.97289752960205,1741518.699104309,47572.490673065186
4298,221.6749267578125,11.740321159362793,1741740.374031067,47584.23099422455
4299,337.5208740234375,11.218205451965332,1742077.8949050903,47595.449199676514
4300,234.88217163085938,11.155220031738281,1742312.7770767212,47606.60441970825
4301,227.39979553222656,11.063847541809082,1742540.1768722534,47617.66826725006
4302,180.248046875,11.032596588134766,1742720.4249191284,47628.700863838196
4303,264.2567138671875,12.053915977478027,1742984.6816329956,47640.754779815674
4304,232.12060546875,11.255484580993652,1743216.8022384644,47652.01026439667
4305,199.637451171875,11.270750999450684,1743416.4396896362,47663.28101539612
4306,261.42987060546875,10.616141319274902,1743677.8695602417,47673.89715671539
4307,277.6954345703125,11.532346725463867,1743955.564994812,47685.42950344086
4308,253.68675231933594,12.397710800170898,1744209.2517471313,47697.82721424103
4309,227.80958557128906,11.859602928161621,1744437.0613327026,47709.68681716919
4310,299.9100341796875,12.38161563873291,1744736.9713668823,47722.06843280792
4311,216.47747802734375,11.567440032958984,1744953.4488449097,47733.63587284088
4312,279.99725341796875,10.946981430053711,1745233.4460983276,47744.582854270935
4313,252.6012420654297,11.419275283813477,1745486.047340393,47756.00212955475
4314,292.84381103515625,12.039542198181152,1745778.8911514282,47768.04167175293
4315,238.43093872070312,11.61844253540039,1746017.322090149,47779.66011428833
4316,273.90362548828125,11.67823314666748,1746291.2257156372,47791.338347435
4317,227.0491943359375,11.17853832244873,1746518.2749099731,47802.516885757446
4318,224.8649139404297,11.841081619262695,1746743.1398239136,47814.35796737671
4319,278.1158447265625,11.579456329345703,1747021.2556686401,47825.937423706055
4320,292.0522766113281,12.559619903564453,1747313.3079452515,47838.49704360962
4321,215.8338623046875,11.491990089416504,1747529.1418075562,47849.989033699036
4322,228.98770141601562,11.179265022277832,1747758.1295089722,47861.16829872131
4323,362.52667236328125,12.123214721679688,1748120.6561813354,47873.29151344299
4324,146.6568603515625,11.157947540283203,1748267.313041687,47884.44946098328
4325,204.64794921875,11.176201820373535,1748471.9609909058,47895.62566280365
4326,248.71725463867188,11.790721893310547,1748720.6782455444,47907.41638469696
4327,222.1214141845703,11.064979553222656,1748942.799659729,47918.48136425018
4328,271.180908203125,11.859912872314453,1749213.9805679321,47930.3412771225
4329,272.3677978515625,10.864213943481445,1749486.3483657837,47941.20549106598
4330,174.02719116210938,11.230878829956055,1749660.3755569458,47952.436369895935
4331,256.697998046875,11.136781692504883,1749917.0735549927,47963.57315158844
4332,199.9989776611328,10.565080642700195,1750117.0725326538,47974.13823223114
4333,306.2303466796875,11.608381271362305,1750423.3028793335,47985.7466135025
4334,171.6209716796875,11.26425838470459,1750594.9238510132,47997.01087188721
4335,254.23358154296875,11.750978469848633,1750849.1574325562,48008.761850357056
4336,195.79534912109375,11.158712387084961,1751044.9527816772,48019.92056274414
4337,259.8855285644531,12.319872856140137,1751304.8383102417,48032.24043560028
4338,305.82427978515625,11.021222114562988,1751610.6625900269,48043.261657714844
4339,213.26617431640625,11.506921768188477,1751823.9287643433,48054.76857948303
4340,274.00921630859375,12.59935474395752,1752097.9379806519,48067.36793422699
4341,277.6824951171875,10.860761642456055,1752375.620475769,48078.228695869446
4342,224.172119140625,11.325809478759766,1752599.7925949097,48089.554505348206
4343,233.04925537109375,11.475274085998535,1752832.8418502808,48101.029779434204
4344,291.65570068359375,11.103281021118164,1753124.4975509644,48112.13306045532
4345,199.26881408691406,11.432938575744629,1753323.7663650513,48123.56599903107
4346,208.80271911621094,11.127673149108887,1753532.5690841675,48134.693672180176
4347,260.7088623046875,11.747556686401367,1753793.2779464722,48146.44122886658
4348,293.2573547363281,11.59063720703125,1754086.5353012085,48158.03186607361
4349,168.44361877441406,11.130099296569824,1754254.978919983,48169.16196537018
4350,146.08258056640625,9.944478034973145,1754401.0615005493,48179.10644340515
4351,222.29476928710938,11.259077072143555,1754623.3562698364,48190.365520477295
4352,268.20465087890625,11.14368724822998,1754891.5609207153,48201.509207725525
4353,275.83062744140625,11.038761138916016,1755167.3915481567,48212.54796886444
4354,268.034912109375,11.945778846740723,1755435.426460266,48224.49374771118
4355,307.9184265136719,11.974717140197754,1755743.3448867798,48236.46846485138
4356,212.07994079589844,11.464932441711426,1755955.4248275757,48247.93339729309
4357,288.5156555175781,12.384735107421875,1756243.9404830933,48260.31813240051
4358,284.8842468261719,12.37441635131836,1756528.8247299194,48272.69254875183
4359,179.75460815429688,11.144058227539062,1756708.5793380737,48283.83660697937
4360,279.38580322265625,11.562323570251465,1756987.9651412964,48295.39893054962
4361,217.33462524414062,11.284796714782715,1757205.2997665405,48306.683727264404
4362,151.98687744140625,10.627599716186523,1757357.286643982,48317.31132698059
4363,288.18316650390625,10.913139343261719,1757645.4698104858,48328.22446632385
4364,274.3236999511719,11.323749542236328,1757919.793510437,48339.54821586609
4365,297.58404541015625,11.569514274597168,1758217.3775558472,48351.117730140686
4366,111.32257080078125,10.869842529296875,1758328.700126648,48361.98757266998
4367,161.0872344970703,11.44707202911377,1758489.787361145,48373.4346446991
4368,295.8197937011719,11.61535930633545,1758785.6071548462,48385.05000400543
4369,293.9015808105469,11.516340255737305,1759079.5087356567,48396.56634426117
4370,255.033935546875,12.094104766845703,1759334.5426712036,48408.660449028015
4371,223.9296875,11.314035415649414,1759558.4723587036,48419.974484443665
4372,273.87542724609375,11.473434448242188,1759832.3477859497,48431.44791889191
4373,200.8350372314453,11.931475639343262,1760033.1828231812,48443.37939453125
4374,286.48089599609375,12.25540542602539,1760319.6637191772,48455.634799957275
4375,249.33299255371094,11.60053825378418,1760568.996711731,48467.23533821106
4376,243.29718017578125,11.340276718139648,1760812.2938919067,48478.5756149292
4377,244.0009765625,10.879109382629395,1761056.2948684692,48489.45472431183
4378,251.86422729492188,11.234368324279785,1761308.1590957642,48500.68909263611
4379,289.18524169921875,11.234179496765137,1761597.3443374634,48511.92327213287
4380,256.3853759765625,11.897114753723145,1761853.72971344,48523.8203868866
4381,189.6884307861328,12.929574012756348,1762043.418144226,48536.74996089935
4382,298.11810302734375,12.297579765319824,1762341.5362472534,48549.04754066467
4383,238.70745849609375,11.538965225219727,1762580.2437057495,48560.58650588989
4384,166.5086212158203,10.697113037109375,1762746.7523269653,48571.283618927
4385,206.39437866210938,11.267334938049316,1762953.1467056274,48582.55095386505
4386,263.05255126953125,12.446503639221191,1763216.199256897,48594.99745750427
4387,274.1917724609375,11.556561470031738,1763490.391029358,48606.554018974304
4388,243.18844604492188,12.206836700439453,1763733.5794754028,48618.760855674744
4389,226.03158569335938,11.71208381652832,1763959.6110610962,48630.47293949127
4390,230.32064819335938,11.806291580200195,1764189.9317092896,48642.27923107147
4391,210.3884735107422,11.348597526550293,1764400.3201828003,48653.62782859802
4392,236.1436767578125,12.025052070617676,1764636.463859558,48665.65288066864
4393,190.90721130371094,11.075489044189453,1764827.3710708618,48676.72836971283
4394,251.0452880859375,11.201018333435059,1765078.4163589478,48687.929388046265
4395,163.53561401367188,11.022643089294434,1765241.9519729614,48698.95203113556
4396,272.65618896484375,11.337179183959961,1765514.6081619263,48710.28921031952
4397,242.93804931640625,11.552362442016602,1765757.5462112427,48721.841572761536
4398,218.54812622070312,12.258633613586426,1765976.0943374634,48734.10020637512
4399,203.75787353515625,11.801066398620605,1766179.8522109985,48745.90127277374
4400,219.16419982910156,11.275615692138672,1766399.0164108276,48757.17688846588
4401,230.47708129882812,10.87755298614502,1766629.4934921265,48768.05444145203
4402,263.9808349609375,11.189881324768066,1766893.4743270874,48779.244322776794
4403,341.3453369140625,12.265434265136719,1767234.8196640015,48791.50975704193
4404,176.81651306152344,11.57734203338623,1767411.636177063,48803.08709907532
4405,201.7220916748047,11.374134063720703,1767613.3582687378,48814.46123313904
4406,252.4409942626953,11.333251953125,1767865.7992630005,48825.79448509216
4407,165.61972045898438,11.88810920715332,1768031.4189834595,48837.68259429932
4408,153.0052947998047,11.105327606201172,1768184.4242782593,48848.78792190552
4409,276.07061767578125,11.826773643493652,1768460.494895935,48860.61469554901
4410,170.61021423339844,11.305778503417969,1768631.1051101685,48871.92047405243
4411,160.9395751953125,11.106964111328125,1768792.0446853638,48883.02743816376
4412,340.7503662109375,11.612853050231934,1769132.7950515747,48894.64029121399
4413,186.12142944335938,10.558966636657715,1769318.916481018,48905.19925785065
4414,264.61907958984375,10.875395774841309,1769583.535560608,48916.07465362549
4415,237.033447265625,11.518134117126465,1769820.5690078735,48927.592787742615
4416,265.4000549316406,12.066828727722168,1770085.9690628052,48939.65961647034
4417,145.20986938476562,10.86976146697998,1770231.17893219,48950.52937793732
4418,243.3616485595703,11.150683403015137,1770474.5405807495,48961.68006134033
4419,234.56536865234375,11.14436149597168,1770709.1059494019,48972.824422836304
4420,253.18771362304688,11.32864761352539,1770962.293663025,48984.15307044983
4421,288.43280029296875,12.00601863861084,1771250.7264633179,48996.15908908844
4422,199.106689453125,11.471803665161133,1771449.833152771,49007.6308927536
4423,270.37945556640625,11.649971008300781,1771720.2126083374,49019.2808637619
4424,205.47186279296875,11.473461151123047,1771925.6844711304,49030.754324913025
4425,266.952392578125,11.44546127319336,1772192.6368637085,49042.19978618622
4426,274.1817932128906,11.850215911865234,1772466.8186569214,49054.05000209808
4427,196.7457275390625,11.534041404724121,1772663.5643844604,49065.58404350281
4428,255.2786102294922,12.041648864746094,1772918.84299469,49077.625692367554
4429,220.4668426513672,11.49220085144043,1773139.3098373413,49089.117893218994
4430,224.49996948242188,12.125890731811523,1773363.8098068237,49101.243783950806
4431,270.12640380859375,11.689615249633789,1773633.9362106323,49112.93339920044
4432,278.7210693359375,11.707385063171387,1773912.6572799683,49124.64078426361
4433,262.6201477050781,12.422420501708984,1774175.2774276733,49137.06320476532
4434,192.76657104492188,11.866046905517578,1774368.0439987183,49148.92925167084
4435,227.256103515625,11.701581954956055,1774595.300102234,49160.63083362579
4436,213.435546875,11.024100303649902,1774808.735649109,49171.65493392944
4437,229.67764282226562,10.928908348083496,1775038.4132919312,49182.58384227753
4438,225.44131469726562,11.365029335021973,1775263.8546066284,49193.94887161255
4439,212.08938598632812,10.582733154296875,1775475.9439926147,49204.531604766846
4440,215.3397216796875,11.31086540222168,1775691.2837142944,49215.84247016907
4441,154.30364990234375,11.99376392364502,1775845.5873641968,49227.83623409271
4442,204.17950439453125,11.69968032836914,1776049.7668685913,49239.53591442108
4443,278.61724853515625,11.482483863830566,1776328.3841171265,49251.01839828491
4444,247.9354705810547,11.634960174560547,1776576.3195877075,49262.65335845947
4445,251.900146484375,12.586990356445312,1776828.219734192,49275.24034881592
4446,251.49359130859375,11.080957412719727,1777079.7133255005,49286.32130622864
4447,197.37799072265625,11.421781539916992,1777277.0913162231,49297.743087768555
4448,175.20571899414062,12.236858367919922,1777452.2970352173,49309.979946136475
4449,261.0914001464844,11.554478645324707,1777713.3884353638,49321.5344247818
4450,219.60626220703125,11.941280364990234,1777932.9946975708,49333.47570514679
4451,248.38232421875,11.765802383422852,1778181.3770217896,49345.24150753021
4452,279.9665832519531,11.16698932647705,1778461.3436050415,49356.40849685669
4453,270.02093505859375,11.242986679077148,1778731.3645401,49367.65148353577
4454,229.6312713623047,12.49560832977295,1778960.9958114624,49380.14709186554
4455,230.0110321044922,12.439681053161621,1779191.006843567,49392.5867729187
4456,218.52105712890625,11.960765838623047,1779409.5279006958,49404.547538757324
4457,266.0016784667969,12.193990707397461,1779675.5295791626,49416.74152946472
4458,226.04632568359375,11.5949125289917,1779901.5759048462,49428.33644199371
4459,233.11956787109375,11.129786491394043,1780134.6954727173,49439.46622848511
4460,327.50048828125,12.645816802978516,1780462.1959609985,49452.112045288086
4461,194.5818328857422,11.094503402709961,1780656.7777938843,49463.206548690796
4462,263.78369140625,12.286937713623047,1780920.5614852905,49475.49348640442
4463,208.82423400878906,11.171736717224121,1781129.3857192993,49486.66522312164
4464,255.07305908203125,10.983240127563477,1781384.4587783813,49497.64846324921
4465,232.7911376953125,11.40960693359375,1781617.2499160767,49509.0580701828
4466,255.33920288085938,11.553518295288086,1781872.5891189575,49520.61158847809
4467,220.53814697265625,11.103970527648926,1782093.1272659302,49531.71555900574
4468,221.3704833984375,11.064851760864258,1782314.4977493286,49542.7804107666
4469,314.4139404296875,11.776333808898926,1782628.9116897583,49554.5567445755
4470,259.3597106933594,11.64011001586914,1782888.2714004517,49566.19685459137
4471,188.95816040039062,12.100626945495605,1783077.229560852,49578.297481536865
4472,270.54937744140625,11.630882263183594,1783347.7789382935,49589.92836380005
4473,218.77365112304688,11.430096626281738,1783566.5525894165,49601.35846042633
4474,308.23492431640625,11.37645435333252,1783874.787513733,49612.73491477966
4475,203.42340087890625,11.018102645874023,1784078.2109146118,49623.75301742554
4476,267.3533630371094,11.733896255493164,1784345.564277649,49635.48691368103
4477,239.4873046875,11.477948188781738,1784585.0515823364,49646.96486186981
4478,308.5711669921875,11.967439651489258,1784893.6227493286,49658.9323015213
4479,198.93124389648438,11.368271827697754,1785092.553993225,49670.300573349
4480,277.006103515625,11.534809112548828,1785369.5600967407,49681.83538246155
4481,223.16189575195312,12.426363945007324,1785592.7219924927,49694.261746406555
4482,282.0509033203125,11.094958305358887,1785874.772895813,49705.356704711914
4483,214.1248321533203,11.522124290466309,1786088.8977279663,49716.87882900238
4484,211.47396850585938,11.223913192749023,1786300.3716964722,49728.10274219513
4485,300.67974853515625,11.959888458251953,1786601.0514450073,49740.06263065338
4486,237.48431396484375,12.047630310058594,1786838.5357589722,49752.11026096344
4487,287.21392822265625,11.816913604736328,1787125.7496871948,49763.927174568176
4488,185.40916442871094,11.726542472839355,1787311.1588516235,49775.653717041016
4489,234.03759765625,11.476021766662598,1787545.1964492798,49787.12973880768
4490,280.06695556640625,11.358104705810547,1787825.2634048462,49798.48784351349
4491,263.7005615234375,11.958440780639648,1788088.9639663696,49810.44628429413
4492,260.9881591796875,11.13137435913086,1788349.9521255493,49821.57765865326
4493,269.0390930175781,11.193781852722168,1788618.991218567,49832.77144050598
4494,251.81040954589844,11.49936294555664,1788870.8016281128,49844.27080345154
4495,283.14337158203125,12.599554061889648,1789153.9449996948,49856.87035751343
4496,182.64569091796875,11.427181243896484,1789336.5906906128,49868.297538757324
4497,293.8047180175781,11.01283073425293,1789630.3954086304,49879.31036949158
4498,200.98907470703125,11.30681037902832,1789831.3844833374,49890.617179870605
4499,202.277099609375,11.91299819946289,1790033.6615829468,49902.53017807007
4500,235.04769897460938,11.859282493591309,1790268.7092819214,49914.38946056366
4501,285.28790283203125,11.253072738647461,1790553.9971847534,49925.64253330231
4502,286.4390869140625,12.523624420166016,1790840.4362716675,49938.16615772247
4503,239.29434204101562,11.71113109588623,1791079.7306137085,49949.87728881836
4504,249.98959350585938,11.41126537322998,1791329.7202072144,49961.28855419159
4505,248.0860137939453,11.317794799804688,1791577.8062210083,49972.606348991394
4506,355.61993408203125,12.315826416015625,1791933.4261550903,49984.92217540741
4507,222.19131469726562,11.822493553161621,1792155.6174697876,49996.74466896057
4508,168.0994873046875,11.52076530456543,1792323.7169570923,50008.26543426514
4509,200.84979248046875,10.916181564331055,1792524.5667495728,50019.18161582947
4510,158.7124786376953,11.444381713867188,1792683.2792282104,50030.625997543335
4511,269.525634765625,11.377477645874023,1792952.804862976,50042.00347518921
4512,371.88714599609375,11.202940940856934,1793324.6920089722,50053.206416130066
4513,206.28330993652344,11.90018081665039,1793530.9753189087,50065.106596946716
4514,270.140625,11.460396766662598,1793801.1159439087,50076.56699371338
4515,188.21963500976562,11.899361610412598,1793989.3355789185,50088.46635532379
4516,307.763671875,11.725184440612793,1794297.0992507935,50100.191539764404
4517,223.6335906982422,12.169184684753418,1794520.7328414917,50112.36072444916
4518,279.68231201171875,11.160337448120117,1794800.4151535034,50123.52106189728
4519,215.38824462890625,11.434246063232422,1795015.8033981323,50134.95530796051
4520,137.17689514160156,11.303102493286133,1795152.980293274,50146.2584104538
4521,346.9749450683594,12.338805198669434,1795499.9552383423,50158.597215652466
4522,264.3924865722656,11.105328559875488,1795764.3477249146,50169.70254421234
4523,331.62554931640625,12.25085163116455,1796095.973274231,50181.953395843506
4524,176.59555053710938,11.264137268066406,1796272.568824768,50193.21753311157
4525,187.91197204589844,11.736387252807617,1796460.480796814,50204.95392036438
4526,275.4774169921875,10.97025203704834,1796735.9582138062,50215.92417240143
4527,259.6194763183594,11.456429481506348,1796995.5776901245,50227.380601882935
4528,241.2422332763672,12.030781745910645,1797236.8199234009,50239.411383628845
4529,225.2491455078125,10.879178047180176,1797462.0690689087,50250.290561676025
4530,261.5327453613281,11.376304626464844,1797723.60181427,50261.66686630249
4531,266.6883544921875,11.232461929321289,1797990.2901687622,50272.89932823181
4532,244.95858764648438,11.106392860412598,1798235.2487564087,50284.005721092224
4533,238.91603088378906,11.972539901733398,1798474.1647872925,50295.97826099396
4534,230.14279174804688,11.685548782348633,1798704.3075790405,50307.663809776306
4535,205.7510986328125,11.233366966247559,1798910.0586776733,50318.897176742554
4536,243.43446350097656,11.849077224731445,1799153.4931411743,50330.746253967285
4537,211.07192993164062,11.780416488647461,1799364.565071106,50342.52667045593
4538,150.08908081054688,10.964057922363281,1799514.6541519165,50353.490728378296
4539,218.99740600585938,11.626537322998047,1799733.6515579224,50365.117265701294
4540,186.30360412597656,11.233833312988281,1799919.9551620483,50376.35109901428
4541,307.2641296386719,11.522077560424805,1800227.219291687,50387.87317657471
4542,245.1417999267578,11.812443733215332,1800472.3610916138,50399.68562030792
4543,245.5029754638672,12.337069511413574,1800717.8640670776,50412.022689819336
4544,218.47601318359375,12.049361228942871,1800936.3400802612,50424.07205104828
4545,216.90740966796875,12.399333953857422,1801153.2474899292,50436.471385002136
4546,236.16009521484375,10.938682556152344,1801389.407585144,50447.41006755829
4547,209.96446228027344,11.30941104888916,1801599.3720474243,50458.71947860718
4548,151.11614990234375,11.548006057739258,1801750.4881973267,50470.26748466492
4549,266.49920654296875,11.820589065551758,1802016.9874038696,50482.08807373047
4550,218.11476135253906,11.437878608703613,1802235.1021652222,50493.52595233917
4551,207.53030395507812,11.4076566696167,1802442.6324691772,50504.93360900879
4552,267.33624267578125,11.156011581420898,1802709.968711853,50516.08962059021
4553,253.3507080078125,12.405098915100098,1802963.3194198608,50528.49471950531
4554,251.43707275390625,11.699193000793457,1803214.7564926147,50540.1939125061
4555,212.29591369628906,11.359611511230469,1803427.052406311,50551.553524017334
4556,275.62939453125,11.568778991699219,1803702.6818008423,50563.12230300903
4557,232.7416229248047,12.062755584716797,1803935.423423767,50575.18505859375
4558,106.57797241210938,12.285815238952637,1804042.0013961792,50587.4708738327
4559,289.730224609375,11.75455379486084,1804331.7316207886,50599.22542762756
4560,274.6510925292969,11.986742973327637,1804606.3827133179,50611.21217060089
4561,244.0079345703125,11.177809715270996,1804850.3906478882,50622.38998031616
4562,266.40521240234375,11.50695514678955,1805116.7958602905,50633.89693546295
4563,378.4378662109375,12.41035270690918,1805495.2337265015,50646.30728816986
4564,250.25485229492188,11.904821395874023,1805745.4885787964,50658.212109565735
4565,234.44178771972656,11.289661407470703,1805979.930366516,50669.501770973206
4566,191.73654174804688,11.702042579650879,1806171.6669082642,50681.20381355286
4567,159.60289001464844,11.769282341003418,1806331.2697982788,50692.97309589386
4568,267.7752685546875,11.602400779724121,1806599.0450668335,50704.575496673584
4569,259.5331115722656,11.12887191772461,1806858.5781784058,50715.70436859131
4570,236.20407104492188,11.54318618774414,1807094.7822494507,50727.24755477905
4571,317.8201904296875,11.738308906555176,1807412.6024398804,50738.98586368561
4572,245.56048583984375,11.816115379333496,1807658.1629257202,50750.80197906494
4573,221.7139892578125,11.96316909790039,1807879.876914978,50762.76514816284
4574,176.4499969482422,10.478813171386719,1808056.3269119263,50773.24396133423
4575,248.8147735595703,11.469985008239746,1808305.1416854858,50784.71394634247
4576,168.2417755126953,10.432908058166504,1808473.3834609985,50795.146854400635
4577,151.7919921875,11.36122989654541,1808625.175453186,50806.50808429718
4578,286.3319091796875,11.811070442199707,1808911.5073623657,50818.31915473938
4579,282.7203369140625,11.539148330688477,1809194.2276992798,50829.85830307007
4580,357.8675231933594,12.052343368530273,1809552.0952224731,50841.9106464386
4581,261.3515625,11.449755668640137,1809813.4467849731,50853.36040210724
4582,240.46865844726562,12.580077171325684,1810053.9154434204,50865.940479278564
4583,134.54458618164062,11.050728797912598,1810188.460029602,50876.99120807648
4584,229.10690307617188,11.334918022155762,1810417.5669326782,50888.32612609863
4585,248.42660522460938,12.329097747802734,1810665.9935379028,50900.655223846436
4586,181.3016357421875,11.509496688842773,1810847.295173645,50912.16472053528
4587,151.87832641601562,10.828864097595215,1810999.173500061,50922.99358463287
4588,184.8450164794922,10.972953796386719,1811184.0185165405,50933.96653842926
4589,165.86672973632812,11.893952369689941,1811349.8852462769,50945.86049079895
4590,229.1356658935547,11.132161140441895,1811579.0209121704,50956.99265193939
4591,303.1336669921875,11.693785667419434,1811882.1545791626,50968.68643760681
4592,327.87567138671875,11.54776668548584,1812210.0302505493,50980.2342042923
4593,193.73452758789062,12.24944019317627,1812403.7647781372,50992.48364448547
4594,235.482666015625,10.857338905334473,1812639.2474441528,51003.34098339081
4595,207.54994201660156,11.270872116088867,1812846.7973861694,51014.6118555069
4596,206.00592041015625,10.948433876037598,1813052.8033065796,51025.560289382935
4597,215.9673309326172,10.666946411132812,1813268.7706375122,51036.22723579407
4598,241.06568908691406,11.315330505371094,1813509.8363265991,51047.54256629944
4599,135.22274780273438,11.704500198364258,1813645.0590744019,51059.2470664978
4600,213.2454376220703,10.764381408691406,1813858.304512024,51070.011447906494
4601,237.228759765625,12.134937286376953,1814095.5332717896,51082.14638519287
4602,263.6181640625,11.17220687866211,1814359.151435852,51093.31859207153
4603,252.9939422607422,11.140178680419922,1814612.1453781128,51104.45877075195
4604,213.7689666748047,12.417115211486816,1814825.9143447876,51116.87588596344
4605,255.36241149902344,11.604283332824707,1815081.2767562866,51128.480169296265
4606,188.5047149658203,11.93300724029541,1815269.7814712524,51140.41317653656
4607,180.40255737304688,11.65722370147705,1815450.1840286255,51152.07040023804
4608,228.39791870117188,12.248198509216309,1815678.5819473267,51164.31859874725
4609,325.67498779296875,11.768674850463867,1816004.2569351196,51176.08727359772
4610,288.42169189453125,11.735694885253906,1816292.6786270142,51187.82296848297
4611,229.62142944335938,12.116202354431152,1816522.3000564575,51199.9391708374
4612,243.75607299804688,11.555865287780762,1816766.0561294556,51211.49503612518
4613,182.495361328125,11.314560890197754,1816948.5514907837,51222.80959701538
4614,235.7459716796875,11.680718421936035,1817184.2974624634,51234.49031543732
4615,281.2343444824219,12.052526473999023,1817465.5318069458,51246.542841911316
4616,266.12139892578125,11.800759315490723,1817731.6532058716,51258.34360122681
4617,318.17303466796875,11.731701850891113,1818049.8262405396,51270.0753030777
4618,165.42474365234375,11.146284103393555,1818215.250984192,51281.22158718109
4619,239.47427368164062,11.719720840454102,1818454.7252578735,51292.941308021545
4620,237.31019592285156,11.382943153381348,1818692.0354537964,51304.32425117493
4621,205.41644287109375,11.577658653259277,1818897.4518966675,51315.901909828186
4622,282.888427734375,12.546208381652832,1819180.3403244019,51328.44811820984
4623,178.58016967773438,10.997062683105469,1819358.9204940796,51339.445180892944
4624,242.79092407226562,11.441514015197754,1819601.7114181519,51350.88669490814
4625,306.4995422363281,11.965423583984375,1819908.2109603882,51362.85211849213
4626,228.66567993164062,11.756095886230469,1820136.8766403198,51374.60821437836
4627,249.98074340820312,11.679285049438477,1820386.857383728,51386.287499427795
4628,304.90447998046875,11.176318168640137,1820691.7618637085,51397.463817596436
4629,234.81883239746094,11.75888442993164,1820926.580696106,51409.22270202637
4630,173.2012939453125,11.721461296081543,1821099.7819900513,51420.94416332245
4631,204.52395629882812,11.415647506713867,1821304.30594635,51432.35981082916
4632,238.3069305419922,10.97942066192627,1821542.612876892,51443.33923149109
4633,225.2060089111328,11.408834457397461,1821767.8188858032,51454.748065948486
4634,174.2310791015625,11.375760078430176,1821942.0499649048,51466.12382602692
4635,281.7601318359375,11.02709674835205,1822223.8100967407,51477.15092277527
4636,264.6966552734375,11.578165054321289,1822488.5067520142,51488.72908782959
4637,284.5555419921875,11.483141899108887,1822773.0622940063,51500.2122297287
4638,189.49160766601562,11.304192543029785,1822962.5539016724,51511.51642227173
4639,146.81515502929688,11.350113868713379,1823109.3690567017,51522.86653614044
4640,126.79827880859375,11.29935073852539,1823236.1673355103,51534.16588687897
4641,289.4783935546875,11.84848690032959,1823525.645729065,51546.0143737793
4642,215.6916961669922,11.5825834274292,1823741.337425232,51557.596957206726
4643,296.2534484863281,11.589560508728027,1824037.5908737183,51569.186517715454
4644,209.0310516357422,11.517657279968262,1824246.621925354,51580.70417499542
4645,244.429931640625,10.820701599121094,1824491.0518569946,51591.52487659454
4646,205.54058837890625,11.338044166564941,1824696.5924453735,51602.86292076111
4647,316.47552490234375,11.352325439453125,1825013.0679702759,51614.21524620056
4648,280.2808837890625,11.606745719909668,1825293.348854065,51625.82199192047
4649,193.28665161132812,12.377434730529785,1825486.6355056763,51638.199426651
4650,297.9405517578125,11.307188987731934,1825784.576057434,51649.50661563873
4651,329.9979553222656,12.164321899414062,1826114.5740127563,51661.67093753815
4652,226.7574462890625,11.310873985290527,1826341.3314590454,51672.98181152344
4653,264.9489440917969,10.847594261169434,1826606.2804031372,51683.82940578461
4654,276.04248046875,11.890623092651367,1826882.322883606,51695.72002887726
4655,122.2484130859375,11.381546974182129,1827004.571296692,51707.10157585144
4656,238.17794799804688,10.475579261779785,1827242.74924469,51717.57715511322
4657,97.17654418945312,9.456807136535645,1827339.9257888794,51727.033962249756
4658,203.22198486328125,12.053086280822754,1827543.1477737427,51739.08704853058
4659,221.42138671875,11.844318389892578,1827764.5691604614,51750.93136692047
4660,301.05047607421875,10.867009162902832,1828065.6196365356,51761.798376083374
4661,177.42881774902344,10.995936393737793,1828243.0484542847,51772.79431247711
4662,317.0989990234375,11.712946891784668,1828560.147453308,51784.5072593689
4663,300.5245056152344,11.941573143005371,1828860.6719589233,51796.4488325119
4664,187.14344787597656,11.865123748779297,1829047.8154067993,51808.31395626068
4665,249.59327697753906,12.192258834838867,1829297.4086837769,51820.50621509552
4666,289.1248779296875,11.098149299621582,1829586.5335617065,51831.60436439514
4667,208.72915649414062,11.364855766296387,1829795.2627182007,51842.96922016144
4668,139.5259552001953,11.414141654968262,1829934.7886734009,51854.383361816406
4669,285.08978271484375,11.067915916442871,1830219.8784561157,51865.45127773285
4670,165.34762573242188,11.412659645080566,1830385.2260818481,51876.86393737793
4671,188.86729431152344,11.860206604003906,1830574.0933761597,51888.72414398193
4672,189.08502197265625,10.797652244567871,1830763.1783981323,51899.5217962265
4673,256.9950256347656,11.498307228088379,1831020.173423767,51911.02010345459
4674,208.45802307128906,11.634288787841797,1831228.6314468384,51922.65439224243
4675,211.13876342773438,11.565232276916504,1831439.770210266,51934.21962451935
4676,198.0286865234375,11.241191864013672,1831637.7988967896,51945.46081638336
4677,270.5728759765625,11.71778392791748,1831908.371772766,51957.17860031128
4678,255.28793334960938,11.38381290435791,1832163.6597061157,51968.56241321564
4679,242.40921020507812,11.70161247253418,1832406.0689163208,51980.26402568817
4680,167.3150634765625,11.937952041625977,1832573.3839797974,51992.2019777298
4681,201.70123291015625,12.772629737854004,1832775.0852127075,52004.97460746765
4682,236.88787841796875,11.459956169128418,1833011.9730911255,52016.43456363678
4683,175.14678955078125,11.304186820983887,1833187.1198806763,52027.738750457764
4684,212.8558349609375,11.199684143066406,1833399.9757156372,52038.93843460083
4685,208.15525817871094,11.096084594726562,1833608.130973816,52050.03451919556
4686,293.9858093261719,11.599398612976074,1833902.116783142,52061.63391780853
4687,211.58370971679688,11.2441987991333,1834113.700492859,52072.878116607666
4688,243.14602661132812,11.7069730758667,1834356.8465194702,52084.58508968353
4689,268.878173828125,11.201229095458984,1834625.7246932983,52095.78631877899
4690,202.5945587158203,11.17494010925293,1834828.3192520142,52106.961258888245
4691,258.4068908691406,11.299999237060547,1835086.7261428833,52118.261258125305
4692,219.96875,11.486601829528809,1835306.6948928833,52129.747859954834
4693,312.46380615234375,10.89169979095459,1835619.1586990356,52140.63955974579
4694,226.5261688232422,12.830595970153809,1835845.684867859,52153.47015571594
4695,280.2034606933594,11.470297813415527,1836125.8883285522,52164.94045352936
4696,220.5926055908203,11.39511775970459,1836346.480934143,52176.33557128906
4697,283.9617004394531,12.141886711120605,1836630.4426345825,52188.47745800018
4698,287.5250244140625,12.030665397644043,1836917.9676589966,52200.50812339783
4699,200.96383666992188,11.331839561462402,1837118.9314956665,52211.83996295929
4700,257.4077453613281,11.397521018981934,1837376.3392410278,52223.23748397827
4701,248.21725463867188,11.128534317016602,1837624.5564956665,52234.36601829529
4702,246.41175842285156,12.568649291992188,1837870.9682540894,52246.93466758728
4703,245.546142578125,10.96428108215332,1838116.5143966675,52257.89894866943
4704,127.24874114990234,11.117423057556152,1838243.7631378174,52269.01637172699
4705,252.1492919921875,11.965909004211426,1838495.9124298096,52280.9822807312
4706,267.9177551269531,11.6528902053833,1838763.8301849365,52292.635170936584
4707,194.26174926757812,10.880213737487793,1838958.091934204,52303.51538467407
4708,270.96484375,11.262887954711914,1839229.056777954,52314.778272628784
4709,280.3804931640625,12.515939712524414,1839509.4372711182,52327.29421234131
4710,265.28106689453125,12.064292907714844,1839774.7183380127,52339.35850524902
4711,204.4222412109375,11.772171974182129,1839979.1405792236,52351.130677223206
4712,213.16787719726562,11.475237846374512,1840192.308456421,52362.60591506958
4713,177.0858154296875,12.041543960571289,1840369.3942718506,52374.64745903015
4714,208.64369201660156,11.946589469909668,1840578.0379638672,52386.59404850006
4715,205.00112915039062,11.070399284362793,1840783.0390930176,52397.664447784424
4716,300.2840576171875,11.109317779541016,1841083.3231506348,52408.773765563965
4717,324.7369384765625,11.956772804260254,1841408.0600891113,52420.730538368225
4718,234.8173828125,11.254095077514648,1841642.8774719238,52431.98463344574
4719,248.5751190185547,11.470685958862305,1841891.4525909424,52443.4553194046
4720,220.30325317382812,10.815671920776367,1842111.7558441162,52454.27099132538
4721,194.06732177734375,11.57064151763916,1842305.8231658936,52465.84163284302
4722,256.34930419921875,11.744376182556152,1842562.1724700928,52477.586009025574
4723,229.12081909179688,11.40805435180664,1842791.2932891846,52488.99406337738
4724,218.01873779296875,11.701017379760742,1843009.3120269775,52500.69508075714
4725,295.641845703125,12.66203498840332,1843304.9538726807,52513.357115745544
4726,302.7176513671875,12.113030433654785,1843607.6715240479,52525.4701461792
4727,176.00550842285156,11.373945236206055,1843783.6770324707,52536.844091415405
4728,213.0302276611328,12.080647468566895,1843996.7072601318,52548.92473888397
4729,186.57766723632812,11.748425483703613,1844183.2849273682,52560.673164367676
4730,239.05902099609375,11.2482328414917,1844422.3439483643,52571.92139720917
4731,318.296875,11.056612014770508,1844740.6408233643,52582.97800922394
4732,214.3028564453125,11.656026840209961,1844954.9436798096,52594.63403606415
4733,231.66908264160156,12.384507179260254,1845186.6127624512,52607.01854324341
4734,201.52011108398438,12.456186294555664,1845388.1328735352,52619.474729537964
4735,205.3363037109375,12.779545783996582,1845593.469177246,52632.25427532196
4736,272.22509765625,11.529401779174805,1845865.6942749023,52643.783677101135
4737,276.76324462890625,12.152810096740723,1846142.4575195312,52655.936487197876
4738,213.01669311523438,11.150674819946289,1846355.4742126465,52667.08716201782
4739,174.474609375,10.933564186096191,1846529.9488220215,52678.02072620392
4740,229.38661193847656,11.371870994567871,1846759.33543396,52689.392597198486
4741,189.86233520507812,11.074763298034668,1846949.197769165,52700.46736049652
4742,257.97308349609375,11.498466491699219,1847207.1708526611,52711.96582698822
4743,270.86175537109375,12.210280418395996,1847478.0326080322,52724.176107406616
4744,274.89306640625,11.097620964050293,1847752.9256744385,52735.27372837067
4745,210.62042236328125,11.681190490722656,1847963.5460968018,52746.95491886139
4746,322.04241943359375,11.897406578063965,1848285.5885162354,52758.85232543945
4747,232.74447631835938,11.10513973236084,1848518.3329925537,52769.957465171814
4748,196.05947875976562,11.117019653320312,1848714.3924713135,52781.074484825134
4749,178.65159606933594,11.123191833496094,1848893.0440673828,52792.19767665863
4750,301.61663818359375,11.483492851257324,1849194.6607055664,52803.68116950989
4751,184.34686279296875,11.582677841186523,1849379.0075683594,52815.263847351074
4752,217.58514404296875,11.482827186584473,1849596.5927124023,52826.74667453766
4753,283.89276123046875,11.721026420593262,1849880.4854736328,52838.46770095825
4754,246.90322875976562,11.268728256225586,1850127.3887023926,52849.73642921448
4755,245.35580444335938,12.146345138549805,1850372.744506836,52861.88277435303
4756,183.5528106689453,10.96847915649414,1850556.2973175049,52872.85125350952
4757,227.58706665039062,11.680333137512207,1850783.8843841553,52884.531586647034
4758,274.23681640625,11.988851547241211,1851058.1212005615,52896.520438194275
4759,221.941162109375,11.647276878356934,1851280.062362671,52908.16771507263
4760,233.5072479248047,11.156684875488281,1851513.5696105957,52919.32439994812
4761,194.61517333984375,11.41629695892334,1851708.1847839355,52930.74069690704
4762,306.9282531738281,12.105106353759766,1852015.1130371094,52942.8458032608
4763,184.380859375,11.106670379638672,1852199.4938964844,52953.95247364044
4764,205.3997344970703,11.171440124511719,1852404.8936309814,52965.12391376495
4765,257.2133483886719,11.62051010131836,1852662.1069793701,52976.74442386627
4766,257.9427490234375,11.481134414672852,1852920.0497283936,52988.225558280945
4767,174.73333740234375,10.902907371520996,1853094.783065796,52999.128465652466
4768,308.64984130859375,12.132216453552246,1853403.4329071045,53011.26068210602
4769,261.03778076171875,11.631692886352539,1853664.4706878662,53022.89237499237
4770,213.53628540039062,11.557282447814941,1853878.0069732666,53034.449657440186
4771,195.55487060546875,11.875859260559082,1854073.561843872,53046.325516700745
4772,144.87081909179688,10.867182731628418,1854218.4326629639,53057.19269943237
4773,296.7535705566406,11.973508834838867,1854515.1862335205,53069.16620826721
4774,326.08038330078125,11.50220775604248,1854841.2666168213,53080.668416023254
4775,182.1400146484375,10.897889137268066,1855023.4066314697,53091.56630516052
4776,177.14578247070312,11.40322208404541,1855200.5524139404,53102.96952724457
4777,139.22305297851562,12.275813102722168,1855339.775466919,53115.24534034729
4778,200.87184143066406,11.090938568115234,1855540.6473083496,53126.336278915405
4779,259.2487487792969,11.186833381652832,1855799.896057129,53137.52311229706
4780,236.48646545410156,12.788166999816895,1856036.382522583,53150.311279296875
4781,220.01683044433594,10.892818450927734,1856256.3993530273,53161.2040977478
4782,171.28759765625,11.408517837524414,1856427.6869506836,53172.61261558533
4783,219.08721923828125,12.023513793945312,1856646.7741699219,53184.63612937927
4784,227.947265625,11.79269027709961,1856874.7214355469,53196.42881965637
4785,242.15414428710938,11.45504093170166,1857116.875579834,53207.883860588074
4786,313.28436279296875,12.401993751525879,1857430.159942627,53220.2858543396
4787,188.6430206298828,10.716170310974121,1857618.8029632568,53231.002024650574
4788,179.55372619628906,11.605753898620605,1857798.3566894531,53242.607778549194
4789,259.81817626953125,12.460005760192871,1858058.1748657227,53255.06778430939
4790,159.4747314453125,11.118437767028809,1858217.649597168,53266.186222076416
4791,220.1003875732422,11.575173377990723,1858437.7499847412,53277.76139545441
4792,226.87509155273438,11.631415367126465,1858664.625076294,53289.39281082153
4793,193.79144287109375,11.353306770324707,1858858.416519165,53300.74611759186
4794,227.0980224609375,11.464920043945312,1859085.514541626,53312.2110376358
4795,276.99359130859375,13.165822982788086,1859362.5081329346,53325.37686061859
4796,242.740478515625,11.700565338134766,1859605.2486114502,53337.077425956726
4797,200.01718139648438,11.0243501663208,1859805.2657928467,53348.10177612305
4798,152.01693725585938,11.544112205505371,1859957.2827301025,53359.64588832855
4799,150.44802856445312,11.10333251953125,1860107.730758667,53370.74922084808
4800,198.17437744140625,12.026742935180664,1860305.9051361084,53382.775963783264
4801,192.18185424804688,11.717580795288086,1860498.0869903564,53394.49354457855
4802,268.5357666015625,11.635396957397461,1860766.622756958,53406.12894153595
4803,221.04873657226562,11.205333709716797,1860987.6714935303,53417.33427524567
4804,191.71987915039062,11.20261287689209,1861179.3913726807,53428.53688812256
4805,239.09156799316406,11.331399917602539,1861418.4829406738,53439.86828804016
4806,166.81729125976562,11.775284767150879,1861585.3002319336,53451.64357280731
4807,209.28802490234375,11.881962776184082,1861794.588256836,53463.525535583496
4808,247.13845825195312,10.920056343078613,1862041.726715088,53474.445591926575
4809,248.7988739013672,12.196537017822266,1862290.5255889893,53486.6421289444
4810,192.15524291992188,11.7218017578125,1862482.6808319092,53498.36393070221
4811,136.24560546875,11.043830871582031,1862618.926437378,53509.40776157379
4812,219.8125457763672,10.98931884765625,1862838.7389831543,53520.39708042145
4813,227.573974609375,11.4273042678833,1863066.3129577637,53531.82438468933
4814,281.0614013671875,11.422030448913574,1863347.3743591309,53543.246415138245
4815,232.54425048828125,11.448464393615723,1863579.9186096191,53554.69487953186
4816,155.48916625976562,11.057419776916504,1863735.407775879,53565.75229930878
4817,250.0818328857422,11.879729270935059,1863985.4896087646,53577.63202857971
4818,257.5006408691406,10.871399879455566,1864242.9902496338,53588.50342845917
4819,271.36395263671875,11.449625968933105,1864514.3542022705,53599.9530544281
4820,184.17025756835938,11.583710670471191,1864698.5244598389,53611.53676509857
4821,228.49227905273438,11.542570114135742,1864927.0167388916,53623.07933521271
4822,195.6947021484375,11.839923858642578,1865122.71144104,53634.91925907135
4823,124.56954956054688,11.0062255859375,1865247.2809906006,53645.92548465729
4824,277.6646423339844,11.395959854125977,1865524.9456329346,53657.32144451141
4825,246.4971923828125,11.403980255126953,1865771.4428253174,53668.72542476654
4826,292.463134765625,12.580096244812012,1866063.905960083,53681.30552101135
4827,230.4312744140625,11.038500785827637,1866294.337234497,53692.34402179718
4828,158.38674926757812,11.37250804901123,1866452.7239837646,53703.71652984619
4829,309.5119934082031,11.371419906616211,1866762.2359771729,53715.08794975281
4830,176.440185546875,12.259140014648438,1866938.6761627197,53727.347089767456
4831,193.22189331054688,11.009957313537598,1867131.8980560303,53738.357047080994
4832,289.137451171875,11.65842056274414,1867421.0355072021,53750.01546764374
4833,206.83413696289062,11.192886352539062,1867627.869644165,53761.20835399628
4834,187.7899932861328,11.990118980407715,1867815.6596374512,53773.198472976685
4835,245.82943725585938,11.749086380004883,1868061.489074707,53784.94755935669
4836,197.39297485351562,11.910042762756348,1868258.8820495605,53796.857602119446
4837,258.9501953125,11.591629981994629,1868517.832244873,53808.44923210144
4838,254.17501831054688,11.56963062286377,1868772.0072631836,53820.018862724304
4839,212.81883239746094,11.462224960327148,1868984.826095581,53831.48108768463
4840,275.8604736328125,11.340989112854004,1869260.6865692139,53842.822076797485
4841,187.85592651367188,11.111417770385742,1869448.5424957275,53853.93349456787
4842,195.59690856933594,11.734762191772461,1869644.1394042969,53865.66825675964
4843,186.91940307617188,11.136324882507324,1869831.058807373,53876.80458164215
4844,299.59039306640625,11.367634773254395,1870130.6492004395,53888.172216415405
4845,217.2699432373047,11.47248363494873,1870347.9191436768,53899.644700050354
4846,292.0251770019531,11.527045249938965,1870639.9443206787,53911.17174530029
4847,226.861572265625,11.079000473022461,1870866.8058929443,53922.250745773315
4848,308.6739196777344,11.616233825683594,1871175.479812622,53933.866979599
4849,251.41375732421875,11.655463218688965,1871426.8935699463,53945.52244281769
4850,283.40228271484375,11.774618148803711,1871710.2958526611,53957.29706096649
4851,217.00851440429688,11.930763244628906,1871927.3043670654,53969.22782421112
4852,230.84580993652344,11.337515830993652,1872158.150177002,53980.565340042114
4853,199.17196655273438,11.080824851989746,1872357.3221435547,53991.646164894104
4854,170.90701293945312,10.658185005187988,1872528.2291564941,54002.30434989929
4855,225.53860473632812,11.545352935791016,1872753.7677612305,54013.84970283508
4856,276.33294677734375,11.350231170654297,1873030.1007080078,54025.19993400574
4857,173.56137084960938,11.217070579528809,1873203.6620788574,54036.417004585266
4858,183.1876220703125,12.578394889831543,1873386.8497009277,54048.9953994751
4859,307.90087890625,12.36978816986084,1873694.750579834,54061.36518764496
4860,283.0335388183594,10.808191299438477,1873977.7841186523,54072.1733789444
4861,286.09368896484375,11.99177074432373,1874263.8778076172,54084.16514968872
4862,160.51077270507812,10.356600761413574,1874424.3885803223,54094.521750450134
4863,198.2813262939453,12.121617317199707,1874622.6699066162,54106.643367767334
4864,165.4408416748047,10.910749435424805,1874788.110748291,54117.55411720276
4865,233.953369140625,11.52265453338623,1875022.0641174316,54129.076771736145
4866,230.48216247558594,11.622387886047363,1875252.5462799072,54140.69915962219
4867,232.717529296875,11.433432579040527,1875485.263809204,54152.13259220123
4868,285.6876220703125,11.09318733215332,1875770.9514312744,54163.225779533386
4869,286.02471923828125,12.030336380004883,1876056.9761505127,54175.25611591339
4870,213.2291259765625,12.345784187316895,1876270.2052764893,54187.60190010071
4871,316.2118225097656,11.996886253356934,1876586.417098999,54199.598786354065
4872,223.77529907226562,11.80549144744873,1876810.1923980713,54211.404277801514
4873,268.90484619140625,11.832842826843262,1877079.0972442627,54223.23712062836
4874,265.2221984863281,11.956808090209961,1877344.319442749,54235.19392871857
4875,350.72772216796875,12.070613861083984,1877695.047164917,54247.26454257965
4876,308.1980895996094,11.4949312210083,1878003.2452545166,54258.75947380066
4877,265.35040283203125,13.035786628723145,1878268.5956573486,54271.79526042938
4878,239.27105712890625,11.153963088989258,1878507.8667144775,54282.94922351837
4879,252.12667846679688,11.843411445617676,1878759.9933929443,54294.79263496399
4880,255.98367309570312,11.80298137664795,1879015.97706604,54306.59561634064
4881,183.5179443359375,11.35312271118164,1879199.495010376,54317.94873905182
4882,219.44908142089844,10.851733207702637,1879418.9440917969,54328.80047225952
4883,158.4053192138672,10.889296531677246,1879577.3494110107,54339.6897687912
4884,306.948486328125,11.290898323059082,1879884.2978973389,54350.98066711426
4885,158.92495727539062,11.274401664733887,1880043.2228546143,54362.25506877899
4886,251.72604370117188,11.127349853515625,1880294.9488983154,54373.38241863251
4887,259.27215576171875,11.963297843933105,1880554.2210540771,54385.34571647644
4888,186.24642944335938,10.644258499145508,1880740.4674835205,54395.989974975586
4889,256.20770263671875,11.526712417602539,1880996.6751861572,54407.51668739319
4890,286.22674560546875,11.198152542114258,1881282.9019317627,54418.7148399353
4891,183.90176391601562,11.136661529541016,1881466.8036956787,54429.851501464844
4892,229.15374755859375,11.937090873718262,1881695.9574432373,54441.78859233856
4893,224.85977172851562,11.278563499450684,1881920.8172149658,54453.06715583801
4894,182.76919555664062,12.277288436889648,1882103.5864105225,54465.3444442749
4895,258.19427490234375,11.474363327026367,1882361.7806854248,54476.81880760193
4896,231.1737060546875,11.031170845031738,1882592.9543914795,54487.84997844696
4897,211.9586181640625,10.998991012573242,1882804.9130096436,54498.848969459534
4898,321.1806335449219,11.370640754699707,1883126.0936431885,54510.21961021423
4899,194.13796997070312,11.090540885925293,1883320.2316131592,54521.31015110016
4900,254.9161376953125,12.439077377319336,1883575.1477508545,54533.74922847748
4901,252.07424926757812,11.857841491699219,1883827.222000122,54545.60706996918
4902,186.1849365234375,11.869590759277344,1884013.4069366455,54557.476660728455
4903,192.81881713867188,12.163458824157715,1884206.2257537842,54569.64011955261
4904,283.40850830078125,12.060430526733398,1884489.634262085,54581.700550079346
4905,281.834716796875,13.377959251403809,1884771.4689788818,54595.07850933075
4906,320.07781982421875,11.975884437561035,1885091.546798706,54607.05439376831
4907,178.79217529296875,11.597371101379395,1885270.338973999,54618.65176486969
4908,222.98532104492188,11.941493034362793,1885493.324295044,54630.59325790405
4909,139.33599853515625,11.327155113220215,1885632.660293579,54641.92041301727
4910,214.76760864257812,11.957367897033691,1885847.4279022217,54653.87778091431
4911,175.2987060546875,11.036303520202637,1886022.7266082764,54664.91408443451
4912,244.01898193359375,11.439614295959473,1886266.74559021,54676.35369873047
4913,233.67926025390625,11.67029857635498,1886500.4248504639,54688.023997306824
4914,289.7777099609375,11.622183799743652,1886790.2025604248,54699.64618110657
4915,143.700927734375,12.620874404907227,1886933.9034881592,54712.267055511475
4916,262.8971252441406,12.181674003601074,1887196.8006134033,54724.448729515076
4917,200.11996459960938,10.94138240814209,1887396.920578003,54735.39011192322
4918,299.4656982421875,11.43216609954834,1887696.3862762451,54746.822278022766
4919,276.5332946777344,11.24567985534668,1887972.9195709229,54758.06795787811
4920,224.49319458007812,11.688352584838867,1888197.412765503,54769.75631046295
4921,184.40536499023438,11.059082984924316,1888381.8181304932,54780.815393447876
4922,285.3955993652344,11.435778617858887,1888667.2137298584,54792.251172065735
4923,272.803955078125,12.352177619934082,1888940.0176849365,54804.60334968567
4924,309.19964599609375,11.734597206115723,1889249.2173309326,54816.337946891785
4925,274.027099609375,12.046632766723633,1889523.244430542,54828.38457965851
4926,249.025634765625,11.742047309875488,1889772.2700653076,54840.126626968384
4927,234.73114013671875,11.953052520751953,1890007.0012054443,54852.079679489136
4928,246.524169921875,11.610978126525879,1890253.5253753662,54863.69065761566
4929,147.76063537597656,11.109728813171387,1890401.2860107422,54874.80038642883
4930,281.72393798828125,11.495331764221191,1890683.0099487305,54886.295718193054
4931,225.2402801513672,11.201528549194336,1890908.2502288818,54897.49724674225
4932,298.24993896484375,11.44737720489502,1891206.5001678467,54908.94462394714
4933,220.7356719970703,11.78575325012207,1891427.2358398438,54920.730377197266
4934,190.62786865234375,11.067255973815918,1891617.863708496,54931.79763317108
4935,169.6138916015625,10.405670166015625,1891787.4776000977,54942.2033033371
4936,234.12420654296875,11.373159408569336,1892021.6018066406,54953.57646274567
4937,217.24913024902344,11.026354789733887,1892238.8509368896,54964.6028175354
4938,246.63616943359375,11.154524803161621,1892485.4871063232,54975.75734233856
4939,167.99949645996094,11.123818397521973,1892653.4866027832,54986.881160736084
4940,318.7590637207031,11.82630443572998,1892972.245666504,54998.707465171814
4941,232.0906982421875,11.277158737182617,1893204.336364746,55009.984623909
4942,271.23907470703125,11.047211647033691,1893475.5754394531,55021.03183555603
4943,212.72384643554688,11.606878280639648,1893688.2992858887,55032.63871383667
4944,192.1090850830078,11.853918075561523,1893880.4083709717,55044.49263191223
4945,229.19772338867188,12.301567077636719,1894109.6060943604,55056.79419898987
4946,266.4524841308594,11.522314071655273,1894376.0585784912,55068.31651306152
4947,240.58311462402344,11.196535110473633,1894616.6416931152,55079.513048172
4948,273.02117919921875,11.987468719482422,1894889.6628723145,55091.50051689148
4949,248.92791748046875,10.931791305541992,1895138.590789795,55102.43230819702
4950,163.16949462890625,10.706116676330566,1895301.7602844238,55113.13842487335
4951,278.5386962890625,12.039170265197754,1895580.298980713,55125.17759513855
4952,113.71456909179688,10.671751022338867,1895694.0135498047,55135.84934616089
4953,127.02072143554688,11.305891990661621,1895821.0342712402,55147.15523815155
4954,220.08807373046875,11.232097625732422,1896041.1223449707,55158.38733577728
4955,163.19451904296875,10.738089561462402,1896204.3168640137,55169.125425338745
4956,103.27311706542969,11.229231834411621,1896307.589981079,55180.35465717316
4957,234.20053100585938,12.639795303344727,1896541.790512085,55192.9944524765
4958,285.5436706542969,11.41806411743164,1896827.3341827393,55204.41251659393
4959,258.3756103515625,11.480854988098145,1897085.7097930908,55215.89337158203
4960,265.28875732421875,11.420950889587402,1897350.998550415,55227.31432247162
4961,226.83245849609375,11.015085220336914,1897577.8310089111,55238.329407691956
4962,233.54116821289062,11.241192817687988,1897811.372177124,55249.57060050964
4963,286.5989990234375,11.68736457824707,1898097.9711761475,55261.25796508789
4964,258.9344787597656,11.414789199829102,1898356.9056549072,55272.67275428772
4965,186.59165954589844,11.852718353271484,1898543.4973144531,55284.52547264099
4966,310.6830139160156,12.542150497436523,1898854.1803283691,55297.06762313843
4967,227.8875732421875,12.877824783325195,1899082.0679016113,55309.94544792175
4968,201.5948486328125,11.972471237182617,1899283.6627502441,55321.917919158936
4969,187.4603729248047,11.439358711242676,1899471.123123169,55333.35727787018
4970,229.77146911621094,11.7494535446167,1899700.8945922852,55345.106731414795
4971,141.8608856201172,11.177019119262695,1899842.7554779053,55356.28375053406
4972,264.2322082519531,12.096630096435547,1900106.9876861572,55368.38038063049
4973,165.62896728515625,10.969502449035645,1900272.6166534424,55379.34988307953
4974,280.7398376464844,11.628986358642578,1900553.3564910889,55390.97886943817
4975,243.30209350585938,12.032136917114258,1900796.6585845947,55403.011006355286
4976,162.86744689941406,11.254304885864258,1900959.5260314941,55414.26531124115
4977,312.93939208984375,11.68549633026123,1901272.465423584,55425.95080757141
4978,250.34326171875,11.29715633392334,1901522.8086853027,55437.247963905334
4979,245.76419067382812,11.178668022155762,1901768.5728759766,55448.42663192749
4980,278.7173156738281,11.415790557861328,1902047.2901916504,55459.84242248535
4981,182.92727661132812,12.213656425476074,1902230.2174682617,55472.05607891083
4982,329.6341552734375,11.409695625305176,1902559.8516235352,55483.46577453613
4983,155.11561584472656,10.780671119689941,1902714.9672393799,55494.24644565582
4984,183.32217407226562,11.377132415771484,1902898.2894134521,55505.623578071594
4985,213.47378540039062,11.53498363494873,1903111.7631988525,55517.15856170654
4986,202.0609130859375,11.287190437316895,1903313.8241119385,55528.44575214386
4987,272.61456298828125,11.791535377502441,1903586.4386749268,55540.23728752136
4988,182.24862670898438,11.612975120544434,1903768.6873016357,55551.85026264191
4989,296.04217529296875,12.093350410461426,1904064.7294769287,55563.94361305237
4990,135.42100524902344,10.943205833435059,1904200.1504821777,55574.8868188858
4991,183.6009979248047,11.291492462158203,1904383.7514801025,55586.17831134796
4992,244.5190887451172,11.947999000549316,1904628.2705688477,55598.12631034851
4993,277.80328369140625,11.887290954589844,1904906.073852539,55610.0136013031
4994,182.57638549804688,11.624009132385254,1905088.650238037,55621.637610435486
4995,246.14047241210938,11.536456108093262,1905334.7907104492,55633.17406654358
4996,336.76239013671875,12.071215629577637,1905671.553100586,55645.24528217316
4997,199.75119018554688,11.272040367126465,1905871.3042907715,55656.51732254028
4998,318.3619384765625,11.483288764953613,1906189.666229248,55668.00061130524
4999,212.94558715820312,11.097420692443848,1906402.6118164062,55679.09803199768
5000,226.90106201171875,11.41289234161377,1906629.512878418,55690.510924339294
