Step,Distillation Loss,CE Loss,Accumulated Distillation Loss,Accumulated CE Loss
1,6660.994140625,11.969943046569824,6660.994140625,11.969943046569824
2,4200.3427734375,11.061436653137207,10861.3369140625,23.03137969970703
3,4310.0947265625,20.497161865234375,15171.431640625,43.528541564941406
4,4284.4111328125,14.974456787109375,19455.8427734375,58.50299835205078
5,2386.52392578125,10.92618465423584,21842.36669921875,69.42918300628662
6,708.3116455078125,26.063804626464844,22550.678344726562,95.49298763275146
7,1644.8358154296875,26.069778442382812,24195.51416015625,121.56276607513428
8,575.5984497070312,27.67493438720703,24771.11260986328,149.2377004623413
9,3732.060546875,26.271442413330078,28503.17315673828,175.5091428756714
10,1007.856201171875,23.890422821044922,29511.029357910156,199.3995656967163
11,1357.58349609375,20.419321060180664,30868.612854003906,219.81888675689697
12,1857.18212890625,18.55560874938965,32725.794982910156,238.37449550628662
13,1462.275390625,14.592253684997559,34188.070373535156,252.96674919128418
14,1395.57470703125,12.289351463317871,35583.645080566406,265.25610065460205
15,1145.5426025390625,10.93246078491211,36729.18768310547,276.18856143951416
16,915.701416015625,12.292184829711914,37644.889099121094,288.4807462692261
17,1366.9686279296875,13.360408782958984,39011.85772705078,301.84115505218506
18,1082.950439453125,13.830462455749512,40094.808166503906,315.67161750793457
19,2022.442626953125,14.913729667663574,42117.25079345703,330.58534717559814
20,947.1932373046875,14.383378982543945,43064.44403076172,344.9687261581421
21,1121.420166015625,13.173828125,44185.864196777344,358.1425542831421
22,1066.93115234375,13.170331954956055,45252.795349121094,371.31288623809814
23,1119.297607421875,12.537784576416016,46372.09295654297,383.85067081451416
24,882.9634399414062,12.215587615966797,47255.056396484375,396.06625843048096
25,1011.655029296875,10.549376487731934,48266.71142578125,406.6156349182129
26,449.850830078125,16.10989761352539,48716.562255859375,422.7255325317383
27,454.8162841796875,13.809346199035645,49171.37854003906,436.5348787307739
28,1103.9918212890625,10.437789916992188,50275.370361328125,446.9726686477661
29,752.81982421875,10.496468544006348,51028.190185546875,457.46913719177246
30,287.2615661621094,12.488717079162598,51315.451751708984,469.95785427093506
31,1133.0546875,9.868017196655273,52448.506439208984,479.82587146759033
32,710.514892578125,9.158617973327637,53159.02133178711,488.98448944091797
33,687.9429931640625,10.233203887939453,53846.96432495117,499.2176933288574
34,312.39208984375,13.326340675354004,54159.35641479492,512.5440340042114
35,956.1156005859375,8.841626167297363,55115.47201538086,521.3856601715088
36,411.1819152832031,9.883213996887207,55526.65393066406,531.268874168396
37,858.3720703125,9.06751823425293,56385.02600097656,540.3363924026489
38,768.943115234375,8.812226295471191,57153.96911621094,549.1486186981201
39,1086.7874755859375,9.219536781311035,58240.756591796875,558.3681554794312
40,903.9597778320312,8.94326400756836,59144.716369628906,567.3114194869995
41,939.3944091796875,7.967367172241211,60084.110778808594,575.2787866592407
42,608.8201904296875,9.388644218444824,60692.93096923828,584.6674308776855
43,1550.8531494140625,9.03547191619873,62243.784118652344,593.7029027938843
44,672.9425659179688,8.522156715393066,62916.72668457031,602.2250595092773
45,880.967529296875,8.589171409606934,63797.69421386719,610.8142309188843
46,382.2131652832031,9.195380210876465,64179.90737915039,620.0096111297607
47,228.44284057617188,9.899200439453125,64408.35021972656,629.9088115692139
48,1142.848388671875,8.142556190490723,65551.19860839844,638.0513677597046
49,1008.8341674804688,9.571714401245117,66560.0327758789,647.6230821609497
50,244.37710571289062,10.909076690673828,66804.4098815918,658.5321588516235
51,494.0549011230469,7.649604320526123,67298.46478271484,666.1817631721497
52,1146.09375,8.565539360046387,68444.55853271484,674.747302532196
53,1426.865966796875,8.306721687316895,69871.42449951172,683.0540242195129
54,929.3380126953125,9.469671249389648,70800.76251220703,692.5236954689026
55,693.42236328125,8.201301574707031,71494.18487548828,700.7249970436096
56,609.423828125,9.496953964233398,72103.60870361328,710.221951007843
57,757.1865844726562,9.300460815429688,72860.79528808594,719.5224118232727
58,586.1825561523438,9.535365104675293,73446.97784423828,729.057776927948
59,251.75384521484375,9.099898338317871,73698.73168945312,738.1576752662659
60,527.294189453125,9.72407054901123,74226.02587890625,747.8817458152771
61,538.2633056640625,8.860053062438965,74764.28918457031,756.7417988777161
62,303.7782287597656,7.091104030609131,75068.06741333008,763.8329029083252
63,1090.6900634765625,8.661477088928223,76158.75747680664,772.4943799972534
64,1196.36181640625,8.424925804138184,77355.11929321289,780.9193058013916
65,1386.632568359375,8.753691673278809,78741.75186157227,789.6729974746704
66,2039.105712890625,8.516010284423828,80780.85757446289,798.1890077590942
67,1082.3275146484375,8.899591445922852,81863.18508911133,807.0885992050171
68,2272.20751953125,10.484193801879883,84135.39260864258,817.572793006897
69,1400.2264404296875,8.275125503540039,85535.61904907227,825.847918510437
70,1681.404052734375,8.834432601928711,87217.02310180664,834.6823511123657
71,256.1053466796875,7.936880111694336,87473.12844848633,842.6192312240601
72,767.2169189453125,8.544612884521484,88240.34536743164,851.1638441085815
73,447.1114501953125,8.050788879394531,88687.45681762695,859.2146329879761
74,1009.3502807617188,8.87295913696289,89696.80709838867,868.087592124939
75,672.79150390625,8.87378978729248,90369.59860229492,876.9613819122314
76,987.574951171875,8.366692543029785,91357.1735534668,885.3280744552612
77,701.0975952148438,7.995248317718506,92058.27114868164,893.3233227729797
78,1391.56298828125,8.34349250793457,93449.83413696289,901.6668152809143
79,1246.881591796875,8.613931655883789,94696.71572875977,910.2807469367981
80,413.4942626953125,8.62226390838623,95110.20999145508,918.9030108451843
81,635.3744506835938,8.665807723999023,95745.58444213867,927.5688185691833
82,1280.239501953125,8.692862510681152,97025.8239440918,936.2616810798645
83,233.68798828125,7.729123592376709,97259.51193237305,943.9908046722412
84,452.66204833984375,8.977753639221191,97712.17398071289,952.9685583114624
85,1477.3463134765625,8.800554275512695,99189.52029418945,961.7691125869751
86,684.341064453125,8.657380104064941,99873.86135864258,970.42649269104
87,197.44046020507812,8.005126953125,100071.30181884766,978.431619644165
88,1248.031982421875,8.07883358001709,101319.33380126953,986.5104532241821
89,641.76806640625,8.297935485839844,101961.10186767578,994.808388710022
90,1062.0638427734375,8.465410232543945,103023.16571044922,1003.2737989425659
91,1146.7574462890625,8.428766250610352,104169.92315673828,1011.7025651931763
92,483.647705078125,8.58492374420166,104653.5708618164,1020.2874889373779
93,640.3961791992188,8.509678840637207,105293.96704101562,1028.7971677780151
94,853.64111328125,10.006229400634766,106147.60815429688,1038.80339717865
95,501.0127258300781,8.156746864318848,106648.62088012695,1046.9601440429688
96,374.22760009765625,7.816004753112793,107022.84848022461,1054.7761487960815
97,1526.66943359375,8.716471672058105,108549.51791381836,1063.4926204681396
98,1104.668212890625,8.36164379119873,109654.18612670898,1071.8542642593384
99,615.2725830078125,8.788290977478027,110269.4587097168,1080.6425552368164
100,1391.8486328125,8.697946548461914,111661.3073425293,1089.3405017852783
101,717.0249633789062,8.7983980178833,112378.3323059082,1098.1388998031616
102,1308.69189453125,8.284882545471191,113687.02420043945,1106.4237823486328
103,1015.9867553710938,8.770524024963379,114703.01095581055,1115.1943063735962
104,185.4093780517578,7.308923244476318,114888.4203338623,1122.5032296180725
105,214.49122619628906,7.960036277770996,115102.9115600586,1130.4632658958435
106,899.1094970703125,8.530746459960938,116002.0210571289,1138.9940123558044
107,1095.28759765625,9.224681854248047,117097.30865478516,1148.2186942100525
108,1272.0068359375,8.946791648864746,118369.31549072266,1157.1654858589172
109,842.479248046875,8.7274808883667,119211.79473876953,1165.892966747284
110,562.3119506835938,7.616279125213623,119774.10668945312,1173.5092458724976
111,1230.0439453125,8.740249633789062,121004.15063476562,1182.2494955062866
112,728.7678833007812,9.012852668762207,121732.9185180664,1191.2623481750488
113,1410.4873046875,9.2196626663208,123143.4058227539,1200.4820108413696
114,737.0479736328125,7.632303714752197,123880.45379638672,1208.1143145561218
115,711.4010009765625,9.135703086853027,124591.85479736328,1217.2500176429749
116,291.75836181640625,9.273690223693848,124883.61315917969,1226.5237078666687
117,685.90087890625,8.835813522338867,125569.51403808594,1235.3595213890076
118,378.2239074707031,8.351951599121094,125947.73794555664,1243.7114729881287
119,1077.5206298828125,8.310590744018555,127025.25857543945,1252.0220637321472
120,161.85055541992188,7.085493564605713,127187.10913085938,1259.107557296753
121,678.4590454101562,9.052382469177246,127865.56817626953,1268.1599397659302
122,423.33966064453125,8.852860450744629,128288.90783691406,1277.0128002166748
123,931.5118408203125,8.254644393920898,129220.41967773438,1285.2674446105957
124,918.2789916992188,9.59312629699707,130138.6986694336,1294.8605709075928
125,1600.39599609375,8.440571784973145,131739.09466552734,1303.301142692566
126,1526.2861328125,8.302966117858887,133265.38079833984,1311.6041088104248
127,816.81005859375,8.489006042480469,134082.1908569336,1320.0931148529053
128,663.7283935546875,8.542861938476562,134745.91925048828,1328.6359767913818
129,1343.391357421875,8.605091094970703,136089.31060791016,1337.2410678863525
130,1091.7591552734375,8.968831062316895,137181.0697631836,1346.2098989486694
131,725.7705078125,7.482067108154297,137906.8402709961,1353.6919660568237
132,1733.912353515625,8.71106243133545,139640.75262451172,1362.4030284881592
133,1321.86181640625,8.470569610595703,140962.61444091797,1370.8735980987549
134,768.5123291015625,8.423407554626465,141731.12677001953,1379.2970056533813
135,965.156494140625,8.448775291442871,142696.28326416016,1387.7457809448242
136,1497.9788818359375,9.352282524108887,144194.2621459961,1397.098063468933
137,2084.6064453125,8.928733825683594,146278.8685913086,1406.0267972946167
138,868.739501953125,8.996047973632812,147147.60809326172,1415.0228452682495
139,1071.62646484375,8.50650691986084,148219.23455810547,1423.5293521881104
140,449.1737060546875,8.360690116882324,148668.40826416016,1431.8900423049927
141,1006.4693603515625,8.137133598327637,149674.87762451172,1440.0271759033203
142,1538.847900390625,9.072059631347656,151213.72552490234,1449.099235534668
143,1267.0615234375,8.64801025390625,152480.78704833984,1457.7472457885742
144,963.17041015625,8.245923042297363,153443.9574584961,1465.9931688308716
145,1047.29736328125,8.317450523376465,154491.25482177734,1474.310619354248
146,748.576171875,7.690901756286621,155239.83099365234,1482.0015211105347
147,996.3428955078125,8.635479927062988,156236.17388916016,1490.6370010375977
148,626.535400390625,8.992386817932129,156862.70928955078,1499.6293878555298
149,1252.6529541015625,9.042616844177246,158115.36224365234,1508.672004699707
150,891.9699096679688,7.982348918914795,159007.3321533203,1516.6543536186218
151,776.3966674804688,8.717053413391113,159783.72882080078,1525.371407032013
152,165.32626342773438,7.6547088623046875,159949.05508422852,1533.0261158943176
153,149.00999450683594,6.171575546264648,160098.06507873535,1539.1976914405823
154,1409.9560546875,9.60428237915039,161508.02113342285,1548.8019738197327
155,665.095458984375,9.388190269470215,162173.11659240723,1558.1901640892029
156,164.57582092285156,5.919360160827637,162337.69241333008,1564.1095242500305
157,405.6221008300781,8.48827075958252,162743.31451416016,1572.597795009613
158,865.810791015625,9.799744606018066,163609.12530517578,1582.397539615631
159,913.2010498046875,8.627228736877441,164522.32635498047,1591.0247683525085
160,759.533203125,8.371210098266602,165281.85955810547,1599.3959784507751
161,737.273193359375,7.795394420623779,166019.13275146484,1607.191372871399
162,345.4766845703125,7.8964738845825195,166364.60943603516,1615.0878467559814
163,1366.19091796875,8.430594444274902,167730.8003540039,1623.5184412002563
164,414.76959228515625,8.704305648803711,168145.56994628906,1632.22274684906
165,163.5144500732422,6.410076141357422,168309.0843963623,1638.6328229904175
166,149.33070373535156,6.662827014923096,168458.41510009766,1645.2956500053406
167,449.66339111328125,9.244924545288086,168908.07849121094,1654.5405745506287
168,1248.126220703125,10.0023775100708,170156.20471191406,1664.5429520606995
169,566.8634643554688,8.871918678283691,170723.06817626953,1673.4148707389832
170,249.14076232910156,6.304190635681152,170972.20893859863,1679.7190613746643
171,1138.80419921875,8.488253593444824,172111.01313781738,1688.2073149681091
172,525.5595703125,8.46327018737793,172636.57270812988,1696.670585155487
173,228.58761596679688,7.267759323120117,172865.16032409668,1703.9383444786072
174,480.5260314941406,8.388554573059082,173345.68635559082,1712.3268990516663
175,1220.135986328125,8.823753356933594,174565.82234191895,1721.1506524085999
176,1248.6678466796875,8.667555809020996,175814.49018859863,1729.8182082176208
177,1152.529296875,8.451520919799805,176967.01948547363,1738.2697291374207
178,639.5966796875,8.99772834777832,177606.61616516113,1747.267457485199
179,846.8193359375,8.820883750915527,178453.43550109863,1756.0883412361145
180,869.6707763671875,8.524894714355469,179323.10627746582,1764.61323595047
181,785.2515869140625,8.445972442626953,180108.35786437988,1773.059208393097
182,870.8544311523438,8.786855697631836,180979.21229553223,1781.8460640907288
183,737.8236694335938,8.755279541015625,181717.03596496582,1790.6013436317444
184,810.6974487304688,8.573287963867188,182527.7334136963,1799.1746315956116
185,1148.8421630859375,9.038753509521484,183676.57557678223,1808.213385105133
186,694.8430786132812,8.869153022766113,184371.4186553955,1817.0825381278992
187,166.89422607421875,8.467747688293457,184538.31288146973,1825.5502858161926
188,884.4642333984375,8.981889724731445,185422.77711486816,1834.532175540924
189,915.2539672851562,9.168512344360352,186338.03108215332,1843.7006878852844
190,1536.9451904296875,8.60446834564209,187874.976272583,1852.3051562309265
191,481.0287780761719,9.487049102783203,188356.00505065918,1861.7922053337097
192,603.9669189453125,8.990859031677246,188959.9719696045,1870.783064365387
193,674.4654541015625,8.424094200134277,189634.43742370605,1879.2071585655212
194,972.0216064453125,9.319355964660645,190606.45903015137,1888.5265145301819
195,229.33743286132812,8.759716987609863,190835.7964630127,1897.2862315177917
196,548.3894653320312,8.256119728088379,191384.18592834473,1905.5423512458801
197,1094.4658203125,8.666107177734375,192478.65174865723,1914.2084584236145
198,792.5723876953125,8.910980224609375,193271.22413635254,1923.1194386482239
199,1017.9185180664062,8.951682090759277,194289.14265441895,1932.0711207389832
200,1144.952392578125,8.751484870910645,195434.09504699707,1940.8226056098938
201,232.192138671875,8.35982608795166,195666.28718566895,1949.1824316978455
202,136.81524658203125,5.620142459869385,195803.10243225098,1954.8025741577148
203,1525.888916015625,9.401983261108398,197328.9913482666,1964.2045574188232
204,1297.185546875,8.987971305847168,198626.1768951416,1973.1925287246704
205,1187.529296875,9.238277435302734,199813.7061920166,1982.4308061599731
206,626.0064697265625,8.897956848144531,200439.71266174316,1991.3287630081177
207,703.9844360351562,8.537457466125488,201143.69709777832,1999.8662204742432
208,882.4852905273438,8.461441993713379,202026.18238830566,2008.3276624679565
209,1085.419921875,9.76782512664795,203111.60231018066,2018.0954875946045
210,511.6003112792969,8.762104034423828,203623.20262145996,2026.8575916290283
211,361.78179931640625,8.66982364654541,203984.98442077637,2035.5274152755737
212,164.42294311523438,6.959676265716553,204149.4073638916,2042.4870915412903
213,862.838134765625,8.609140396118164,205012.24549865723,2051.0962319374084
214,519.4733276367188,9.444559097290039,205531.71882629395,2060.5407910346985
215,127.96043395996094,7.165279865264893,205659.6792602539,2067.7060708999634
216,625.2699584960938,8.900835990905762,206284.94921875,2076.606906890869
217,294.2335510253906,9.202726364135742,206579.1827697754,2085.809633255005
218,726.3176879882812,8.494367599487305,207305.50045776367,2094.304000854492
219,752.6465454101562,8.898356437683105,208058.14700317383,2103.2023572921753
220,159.6263427734375,7.8148651123046875,208217.77334594727,2111.01722240448
221,792.1654052734375,9.725088119506836,209009.9387512207,2120.742310523987
222,809.1407470703125,8.66016960144043,209819.07949829102,2129.4024801254272
223,1254.855224609375,8.652325630187988,211073.9347229004,2138.0548057556152
224,789.3236083984375,9.110954284667969,211863.25833129883,2147.165760040283
225,224.04617309570312,8.410568237304688,212087.30450439453,2155.576328277588
226,96.20906829833984,8.536579132080078,212183.51357269287,2164.112907409668
227,428.13067626953125,8.893828392028809,212611.6442489624,2173.006735801697
228,587.1288452148438,9.395669937133789,213198.77309417725,2182.4024057388306
229,1101.4384765625,9.123666763305664,214300.21157073975,2191.5260725021362
230,429.5770568847656,8.56977367401123,214729.7886276245,2200.0958461761475
231,112.53303527832031,5.965536594390869,214842.32166290283,2206.0613827705383
232,662.1464233398438,8.413904190063477,215504.46808624268,2214.475286960602
233,722.0064697265625,9.634397506713867,216226.47455596924,2224.1096844673157
234,1775.888671875,9.411130905151367,218002.36322784424,2233.520815372467
235,1397.513427734375,9.282098770141602,219399.8766555786,2242.8029141426086
236,748.1441650390625,8.733220100402832,220148.02082061768,2251.5361342430115
237,725.91357421875,9.597026824951172,220873.93439483643,2261.1331610679626
238,367.0430908203125,8.788135528564453,221240.97748565674,2269.921296596527
239,512.780517578125,8.537878036499023,221753.75800323486,2278.459174633026
240,826.9378662109375,8.639750480651855,222580.6958694458,2287.098925113678
241,496.7601318359375,8.93898868560791,223077.45600128174,2296.037913799286
242,230.5970001220703,9.352118492126465,223308.0530014038,2305.3900322914124
243,2195.4755859375,9.971231460571289,225503.5285873413,2315.3612637519836
244,737.6495971679688,9.213289260864258,226241.17818450928,2324.574553012848
245,820.7897338867188,9.089752197265625,227061.967918396,2333.6643052101135
246,322.378173828125,8.73034381866455,227384.34609222412,2342.394649028778
247,1063.615478515625,8.832799911499023,228447.96157073975,2351.227448940277
248,1804.9295654296875,9.848361015319824,230252.89113616943,2361.075809955597
249,748.7266845703125,9.634737968444824,231001.61782073975,2370.7105479240417
250,1303.464111328125,9.45666217803955,232305.08193206787,2380.1672101020813
251,937.4942626953125,9.028358459472656,233242.57619476318,2389.195568561554
252,457.35009765625,8.020319938659668,233699.92629241943,2397.2158885002136
253,108.1080322265625,5.530808448791504,233808.034324646,2402.746696949005
254,759.6163330078125,9.142744064331055,234567.6506576538,2411.889441013336
255,961.6705932617188,8.641522407531738,235529.32125091553,2420.530963420868
256,769.2728271484375,8.832555770874023,236298.59407806396,2429.363519191742
257,161.2809600830078,8.221189498901367,236459.87503814697,2437.5847086906433
258,595.3564453125,9.755195617675781,237055.23148345947,2447.339904308319
259,693.31103515625,8.89303970336914,237748.54251861572,2456.2329440116882
260,106.30085754394531,4.251931190490723,237854.84337615967,2460.484875202179
261,780.754150390625,8.827991485595703,238635.5975265503,2469.3128666877747
262,833.719482421875,8.977622985839844,239469.31700897217,2478.2904896736145
263,328.966796875,9.592906951904297,239798.28380584717,2487.883396625519
264,981.491455078125,9.908658027648926,240779.7752609253,2497.7920546531677
265,999.7865600585938,9.574158668518066,241779.5618209839,2507.366213321686
266,846.68603515625,9.073436737060547,242626.24785614014,2516.4396500587463
267,315.63519287109375,8.544822692871094,242941.88304901123,2524.9844727516174
268,377.91204833984375,8.617411613464355,243319.79509735107,2533.601884365082
269,484.1680908203125,8.30516242980957,243803.9631881714,2541.9070467948914
270,852.0311889648438,9.060154914855957,244655.99437713623,2550.9672017097473
271,433.3481140136719,8.383715629577637,245089.3424911499,2559.350917339325
272,972.0042724609375,8.797616004943848,246061.34676361084,2568.148533344269
273,1055.397216796875,9.49650764465332,247116.74398040771,2577.645040988922
274,115.07388305664062,3.7866125106811523,247231.81786346436,2581.4316534996033
275,500.423583984375,10.43979549407959,247732.24144744873,2591.871448993683
276,684.7367553710938,9.177109718322754,248416.97820281982,2601.0485587120056
277,346.99200439453125,8.197608947753906,248763.97020721436,2609.2461676597595
278,950.1868896484375,8.774052619934082,249714.1570968628,2618.0202202796936
279,898.22265625,9.601012229919434,250612.3797531128,2627.621232509613
280,256.85906982421875,8.883909225463867,250869.238822937,2636.505141735077
281,269.677490234375,8.60678482055664,251138.9163131714,2645.1119265556335
282,119.34944152832031,4.972255229949951,251258.2657546997,2650.0841817855835
283,498.2886657714844,9.684651374816895,251756.5544204712,2659.7688331604004
284,617.7957153320312,9.283158302307129,252374.35013580322,2669.0519914627075
285,791.82861328125,8.525819778442383,253166.17874908447,2677.57781124115
286,1186.541015625,9.120569229125977,254352.71976470947,2686.698380470276
287,898.6011352539062,9.352245330810547,255251.32089996338,2696.0506258010864
288,1157.140625,9.470982551574707,256408.46152496338,2705.521608352661
289,573.5567626953125,8.902790069580078,256982.0182876587,2714.424398422241
290,482.64404296875,9.500910758972168,257464.66233062744,2723.9253091812134
291,691.9324340820312,9.467734336853027,258156.59476470947,2733.3930435180664
292,797.52734375,10.164886474609375,258954.12210845947,2743.557929992676
293,585.7063598632812,9.381829261779785,259539.82846832275,2752.9397592544556
294,631.3530883789062,8.716347694396973,260171.18155670166,2761.6561069488525
295,1459.66064453125,9.433585166931152,261630.8422012329,2771.0896921157837
296,991.7589111328125,8.859756469726562,262622.6011123657,2779.9494485855103
297,510.90069580078125,8.330815315246582,263133.5018081665,2788.280263900757
298,892.4738159179688,10.234244346618652,264025.9756240845,2798.5145082473755
299,426.29791259765625,9.147356033325195,264452.2735366821,2807.6618642807007
300,1155.192626953125,9.410137176513672,265607.46616363525,2817.0720014572144
301,294.00164794921875,8.290875434875488,265901.4678115845,2825.36287689209
302,644.71826171875,8.79153823852539,266546.1860733032,2834.1544151306152
303,281.48321533203125,7.642078399658203,266827.66928863525,2841.7964935302734
304,684.08935546875,8.58489990234375,267511.758644104,2850.381393432617
305,368.62115478515625,8.8262939453125,267880.37979888916,2859.2076873779297
306,709.188720703125,9.004669189453125,268589.5685195923,2868.212356567383
307,699.546875,9.451010704040527,269289.1153945923,2877.6633672714233
308,123.3168716430664,5.288135528564453,269412.43226623535,2882.951502799988
309,794.1930541992188,9.466803550720215,270206.62532043457,2892.418306350708
310,839.8702392578125,8.610115051269531,271046.4955596924,2901.0284214019775
311,106.77395629882812,6.370659351348877,271153.2695159912,2907.3990807533264
312,104.22235870361328,3.905797004699707,271257.4918746948,2911.304877758026
313,552.887451171875,8.725790977478027,271810.3793258667,2920.030668735504
314,721.0422973632812,8.560929298400879,272531.42162323,2928.591598033905
315,1145.700927734375,8.466047286987305,273677.12255096436,2937.0576453208923
316,481.55950927734375,8.62065601348877,274158.6820602417,2945.678301334381
317,533.590576171875,7.837257385253906,274692.2726364136,2953.515558719635
318,120.23075866699219,7.1040191650390625,274812.50339508057,2960.619577884674
319,579.1104736328125,8.824440956115723,275391.6138687134,2969.44401884079
320,705.48779296875,9.678206443786621,276097.1016616821,2979.1222252845764
321,872.932373046875,8.902885437011719,276970.034034729,2988.025110721588
322,390.7367858886719,8.118508338928223,277360.7708206177,2996.1436190605164
323,255.37158203125,7.742532253265381,277616.1424026489,3003.8861513137817
324,1028.441162109375,8.513253211975098,278644.5835647583,3012.399404525757
325,418.744873046875,8.429506301879883,279063.3284378052,3020.8289108276367
326,105.93992614746094,3.550995111465454,279169.26836395264,3024.379905939102
327,271.08782958984375,9.144546508789062,279440.3561935425,3033.5244524478912
328,427.70782470703125,8.676494598388672,279868.0640182495,3042.20094704628
329,560.61962890625,9.584573745727539,280428.68364715576,3051.7855207920074
330,885.84033203125,9.626248359680176,281314.523979187,3061.4117691516876
331,179.75033569335938,8.468794822692871,281494.2743148804,3069.8805639743805
332,1252.13232421875,9.134992599487305,282746.4066390991,3079.015556573868
333,1049.962646484375,9.166916847229004,283796.3692855835,3088.182473421097
334,1014.0482177734375,9.914328575134277,284810.41750335693,3098.096801996231
335,459.599609375,8.477590560913086,285270.01711273193,3106.574392557144
336,325.1922607421875,8.557286262512207,285595.2093734741,3115.1316788196564
337,795.26806640625,9.466772079467773,286390.4774398804,3124.598450899124
338,1499.468505859375,9.191194534301758,287889.94594573975,3133.789645433426
339,1419.8829345703125,9.811175346374512,289309.82888031006,3143.6008207798004
340,728.0318603515625,9.180548667907715,290037.8607406616,3152.781369447708
341,486.29119873046875,9.093435287475586,290524.1519393921,3161.8748047351837
342,97.92831420898438,3.7341184616088867,290622.0802536011,3165.6089231967926
343,502.9251708984375,8.858686447143555,291125.0054244995,3174.467609643936
344,162.01515197753906,7.55746603012085,291287.02057647705,3182.025075674057
345,105.9691162109375,6.477338790893555,291392.989692688,3188.5024144649506
346,486.74713134765625,8.813772201538086,291879.73682403564,3197.3161866664886
347,698.1827392578125,9.3750581741333,292577.91956329346,3206.691244840622
348,704.9379272460938,9.117722511291504,293282.85749053955,3215.8089673519135
349,679.1285400390625,8.959759712219238,293961.9860305786,3224.7687270641327
350,640.052001953125,9.33496379852295,294602.03803253174,3234.1036908626556
351,1083.41552734375,8.96996021270752,295685.4535598755,3243.073651075363
352,600.2455444335938,8.773508071899414,296285.6991043091,3251.8471591472626
353,925.82421875,9.77568531036377,297211.5233230591,3261.6228444576263
354,103.29887390136719,5.496277809143066,297314.82219696045,3267.1191222667694
355,253.35972595214844,8.951194763183594,297568.1819229126,3276.070317029953
356,632.251953125,8.999000549316406,298200.4338760376,3285.0693175792694
357,110.85050964355469,6.103121280670166,298311.28438568115,3291.1724388599396
358,115.32421112060547,9.22824478149414,298426.60859680176,3300.4006836414337
359,484.36956787109375,9.126690864562988,298910.97816467285,3309.5273745059967
360,697.9439697265625,9.641521453857422,299608.9221343994,3319.168895959854
361,105.35083770751953,4.996032238006592,299714.27297210693,3324.1649281978607
362,962.18115234375,9.127058029174805,300676.4541244507,3333.2919862270355
363,1111.5059814453125,9.252902030944824,301787.960105896,3342.5448882579803
364,497.8385314941406,9.06601619720459,302285.79863739014,3351.610904455185
365,864.9813842773438,9.663660049438477,303150.7800216675,3361.2745645046234
366,1103.9102783203125,8.730513572692871,304254.6902999878,3370.0050780773163
367,608.507568359375,8.765776634216309,304863.19786834717,3378.7708547115326
368,746.207763671875,9.0967378616333,305609.40563201904,3387.867592573166
369,370.3995361328125,7.625872611999512,305979.80516815186,3395.4934651851654
370,348.24664306640625,8.819323539733887,306328.05181121826,3404.3127887248993
371,1146.2161865234375,9.244780540466309,307474.2679977417,3413.5575692653656
372,837.1810913085938,8.091955184936523,308311.4490890503,3421.649524450302
373,411.92962646484375,8.950387001037598,308723.37871551514,3430.5999114513397
374,773.3511962890625,8.89610767364502,309496.7299118042,3439.4960191249847
375,505.572265625,9.386271476745605,310002.3021774292,3448.8822906017303
376,811.412109375,9.508206367492676,310813.7142868042,3458.390496969223
377,1031.871337890625,8.703818321228027,311845.5856246948,3467.094315290451
378,176.12060546875,7.923624515533447,312021.7062301636,3475.0179398059845
379,373.21368408203125,9.088278770446777,312394.9199142456,3484.1062185764313
380,247.5836944580078,8.71302318572998,312642.5036087036,3492.8192417621613
381,299.5252685546875,8.1174898147583,312942.0288772583,3500.9367315769196
382,455.5473327636719,8.691576957702637,313397.576210022,3509.628308534622
383,297.85693359375,8.600317001342773,313695.4331436157,3518.228625535965
384,938.4795532226562,8.893858909606934,314633.9126968384,3527.122484445572
385,917.3583984375,9.619154930114746,315551.2710952759,3536.7416393756866
386,848.6627807617188,10.160075187683105,316399.9338760376,3546.9017145633698
387,648.33447265625,9.210625648498535,317048.26834869385,3556.1123402118683
388,900.3605346679688,10.381664276123047,317948.6288833618,3566.4940044879913
389,817.58251953125,8.963068008422852,318766.21140289307,3575.457072496414
390,521.6605224609375,8.830033302307129,319287.871925354,3584.2871057987213
391,693.7703857421875,9.020215034484863,319981.6423110962,3593.307320833206
392,267.4524230957031,8.572714805603027,320249.0947341919,3601.880035638809
393,998.561279296875,9.565120697021484,321247.65601348877,3611.4451563358307
394,968.6075439453125,8.660821914672852,322216.2635574341,3620.1059782505035
395,154.2251434326172,9.00127124786377,322370.4887008667,3629.1072494983673
396,396.1963195800781,8.370969772338867,322766.6850204468,3637.478219270706
397,912.0021362304688,9.223550796508789,323678.68715667725,3646.701770067215
398,363.5888671875,9.194897651672363,324042.27602386475,3655.8966677188873
399,685.3211669921875,8.828156471252441,324727.59719085693,3664.7248241901398
400,405.3920593261719,9.189350128173828,325132.9892501831,3673.9141743183136
401,1116.04931640625,8.74907112121582,326249.03856658936,3682.6632454395294
402,515.298583984375,8.524030685424805,326764.33715057373,3691.187276124954
403,137.36866760253906,8.198347091674805,326901.70581817627,3699.385623216629
404,240.78475952148438,7.928544998168945,327142.49057769775,3707.314168214798
405,530.62548828125,8.401875495910645,327673.116065979,3715.7160437107086
406,999.5040283203125,8.635416030883789,328672.6200942993,3724.3514597415924
407,751.5448608398438,9.418825149536133,329424.16495513916,3733.7702848911285
408,519.72900390625,8.70952033996582,329943.8939590454,3742.4798052310944
409,512.553955078125,8.966134071350098,330456.44791412354,3751.4459393024445
410,375.58441162109375,9.450098991394043,330832.0323257446,3760.8960382938385
411,481.3517150878906,8.708391189575195,331313.3840408325,3769.6044294834137
412,525.2125244140625,9.511491775512695,331838.5965652466,3779.1159212589264
413,1104.5830078125,9.043551445007324,332943.1795730591,3788.1594727039337
414,97.49220275878906,5.137079238891602,333040.6717758179,3793.2965519428253
415,1092.4248046875,9.744011878967285,334133.0965805054,3803.0405638217926
416,663.08203125,9.248527526855469,334796.1786117554,3812.289091348648
417,646.9623413085938,8.698887825012207,335443.14095306396,3820.9879791736603
418,134.59857177734375,8.981407165527344,335577.7395248413,3829.9693863391876
419,472.0595397949219,9.136598587036133,336049.79906463623,3839.1059849262238
420,1214.7646484375,9.148717880249023,337264.56371307373,3848.254702806473
421,107.18405151367188,5.624150276184082,337371.7477645874,3853.878853082657
422,357.8724365234375,8.658527374267578,337729.62020111084,3862.5373804569244
423,96.05811309814453,4.333239555358887,337825.678314209,3866.8706200122833
424,1188.5528564453125,8.430355072021484,339014.2311706543,3875.300975084305
425,671.2242431640625,8.762672424316406,339685.45541381836,3884.063647508621
426,856.27197265625,8.874716758728027,340541.7273864746,3892.9383642673492
427,519.2734985351562,8.436697006225586,341061.00088500977,3901.375061273575
428,782.5918579101562,8.815749168395996,341843.5927429199,3910.190810441971
429,817.793701171875,8.506301879882812,342661.3864440918,3918.6971123218536
430,422.40032958984375,8.67168140411377,343083.78677368164,3927.3687937259674
431,401.7579040527344,8.27759075164795,343485.5446777344,3935.6463844776154
432,91.97373962402344,2.4950966835021973,343577.5184173584,3938.1414811611176
433,368.455078125,9.275593757629395,343945.9734954834,3947.417074918747
434,103.34970092773438,3.976212978363037,344049.32319641113,3951.39328789711
435,511.5099792480469,7.912745475769043,344560.8331756592,3959.306033372879
436,211.8308563232422,8.204129219055176,344772.6640319824,3967.510162591934
437,356.5189208984375,8.878382682800293,345129.18295288086,3976.3885452747345
438,679.405029296875,9.722424507141113,345808.58798217773,3986.1109697818756
439,759.7413330078125,9.382594108581543,346568.32931518555,3995.493563890457
440,356.5203857421875,9.013547897338867,346924.84970092773,4004.507111787796
441,395.5867919921875,9.565900802612305,347320.4364929199,4014.0730125904083
442,378.65521240234375,9.226370811462402,347699.09170532227,4023.2993834018707
443,227.83645629882812,8.662437438964844,347926.9281616211,4031.9618208408356
444,94.33110046386719,4.142261981964111,348021.25926208496,4036.1040828227997
445,940.3160400390625,9.627687454223633,348961.575302124,4045.7317702770233
446,98.72083282470703,5.58062744140625,349060.29613494873,4051.3123977184296
447,764.7422485351562,9.398164749145508,349825.0383834839,4060.710562467575
448,766.6004638671875,9.095087051391602,350591.6388473511,4069.8056495189667
449,439.9351501464844,8.709931373596191,351031.57399749756,4078.515580892563
450,687.2040405273438,9.197272300720215,351718.7780380249,4087.712853193283
451,146.20037841796875,7.600968837738037,351864.9784164429,4095.313822031021
452,1296.255615234375,9.265378952026367,353161.23403167725,4104.5792009830475
453,1232.428466796875,9.237605094909668,354393.6624984741,4113.816806077957
454,875.8844604492188,9.04844856262207,355269.54695892334,4122.865254640579
455,894.3071899414062,8.470687866210938,356163.85414886475,4131.33594250679
456,359.3723449707031,8.415987968444824,356523.22649383545,4139.751930475235
457,663.5296630859375,8.718749046325684,357186.7561569214,4148.470679521561
458,410.4945983886719,9.269536018371582,357597.25075531006,4157.740215539932
459,455.2664794921875,9.308778762817383,358052.51723480225,4167.04899430275
460,419.18206787109375,8.723773956298828,358471.69930267334,4175.7727682590485
461,522.9478759765625,8.203256607055664,358994.6471786499,4183.976024866104
462,432.74249267578125,9.408957481384277,359427.3896713257,4193.384982347488
463,641.5628662109375,8.71889877319336,360068.9525375366,4202.103881120682
464,482.8302307128906,8.520031929016113,360551.7827682495,4210.623913049698
465,314.8987731933594,7.873903274536133,360866.6815414429,4218.497816324234
466,475.20025634765625,8.781501770019531,361341.8817977905,4227.2793180942535
467,834.32470703125,8.885738372802734,362176.2065048218,4236.165056467056
468,528.9736328125,8.511795997619629,362705.1801376343,4244.676852464676
469,592.2095947265625,8.797511100769043,363297.38973236084,4253.474363565445
470,1082.3973388671875,9.835676193237305,364379.787071228,4263.310039758682
471,146.2161102294922,8.45007038116455,364526.0031814575,4271.760110139847
472,438.3999328613281,8.454835891723633,364964.40311431885,4280.21494603157
473,509.1080322265625,9.164258003234863,365473.5111465454,4289.379204034805
474,849.294677734375,9.917097091674805,366322.8058242798,4299.29630112648
475,1079.503662109375,9.242842674255371,367402.30948638916,4308.5391438007355
476,821.3711547851562,8.97945785522461,368223.6806411743,4317.51860165596
477,110.4828872680664,3.5776238441467285,368334.1635284424,4321.096225500107
478,338.65997314453125,7.94632625579834,368672.8235015869,4329.042551755905
479,1167.641357421875,9.102444648742676,369840.4648590088,4338.144996404648
480,165.94241333007812,7.627123832702637,370006.40727233887,4345.7721202373505
481,572.833984375,8.920783996582031,370579.24125671387,4354.6929042339325
482,302.6168212890625,8.341917037963867,370881.85807800293,4363.034821271896
483,761.7647705078125,9.663822174072266,371643.62284851074,4372.698643445969
484,489.6790771484375,9.475358963012695,372133.3019256592,4382.174002408981
485,91.47528076171875,3.6989734172821045,372224.7772064209,4385.872975826263
486,102.26472473144531,4.804516315460205,372327.04193115234,4390.677492141724
487,95.82536315917969,4.916650772094727,372422.8672943115,4395.594142913818
488,494.16888427734375,9.33041763305664,372917.03617858887,4404.924560546875
489,866.1446533203125,9.44841194152832,373783.1808319092,4414.372972488403
490,321.57330322265625,8.402209281921387,374104.75413513184,4422.775181770325
491,804.439697265625,9.169873237609863,374909.19383239746,4431.945055007935
492,108.11434936523438,3.508890151977539,375017.3081817627,4435.453945159912
493,493.89154052734375,8.269972801208496,375511.19972229004,4443.723917961121
494,700.058837890625,8.848896026611328,376211.25856018066,4452.572813987732
495,439.349609375,8.132360458374023,376650.60816955566,4460.705174446106
496,624.4146728515625,8.790984153747559,377275.0228424072,4469.4961585998535
497,836.5807495117188,9.309885025024414,378111.60359191895,4478.806043624878
498,1238.31103515625,9.659710884094238,379349.9146270752,4488.465754508972
499,385.9491271972656,8.870489120483398,379735.86375427246,4497.336243629456
500,508.7629699707031,9.436501502990723,380244.62672424316,4506.772745132446
501,633.0254516601562,8.559392929077148,380877.6521759033,4515.332138061523
502,728.9384765625,9.397726058959961,381606.5906524658,4524.729864120483
503,974.079833984375,9.916906356811523,382580.6704864502,4534.646770477295
504,238.29541015625,7.610485076904297,382818.96589660645,4542.257255554199
505,882.526123046875,8.773242950439453,383701.4920196533,4551.030498504639
506,260.6218566894531,8.810323715209961,383962.1138763428,4559.840822219849
507,159.2861328125,8.622007369995117,384121.4000091553,4568.462829589844
508,1005.0931396484375,9.954353332519531,385126.4931488037,4578.417182922363
509,238.1788330078125,8.773810386657715,385364.6719818115,4587.190993309021
510,585.736328125,9.83500862121582,385950.4083099365,4597.026001930237
511,775.3980712890625,10.571595191955566,386725.8063812256,4607.597597122192
512,656.188720703125,9.390580177307129,387381.9951019287,4616.9881772994995
513,1179.57568359375,9.466824531555176,388561.57078552246,4626.455001831055
514,1463.828125,9.26546859741211,390025.39891052246,4635.720470428467
515,472.40863037109375,8.535654067993164,390497.80754089355,4644.25612449646
516,802.997314453125,9.740592002868652,391300.8048553467,4653.996716499329
517,508.0794677734375,10.584039688110352,391808.8843231201,4664.580756187439
518,499.5212707519531,9.613540649414062,392308.40559387207,4674.194296836853
519,351.320556640625,8.982321739196777,392659.7261505127,4683.17661857605
520,579.9046630859375,9.963194847106934,393239.63081359863,4693.139813423157
521,343.5179443359375,8.223166465759277,393583.14875793457,4701.362979888916
522,1005.7048950195312,8.556065559387207,394588.8536529541,4709.919045448303
523,815.9163818359375,9.087904930114746,395404.77003479004,4719.006950378418
524,180.16932678222656,6.286328315734863,395584.93936157227,4725.293278694153
525,107.22517395019531,5.717108249664307,395692.16453552246,4731.010386943817
526,839.2943725585938,8.544878959655762,396531.45890808105,4739.555265903473
527,130.54269409179688,7.399288654327393,396662.00160217285,4746.9545545578
528,333.28240966796875,8.58915901184082,396995.2840118408,4755.543713569641
529,1313.445068359375,9.0394926071167,398308.7290802002,4764.583206176758
530,433.3865966796875,7.801302909851074,398742.1156768799,4772.384509086609
531,738.6325073242188,9.251911163330078,399480.7481842041,4781.636420249939
532,1008.170654296875,8.941337585449219,400488.918838501,4790.577757835388
533,1104.53662109375,8.88788890838623,401593.4554595947,4799.465646743774
534,1079.196044921875,9.177522659301758,402672.6515045166,4808.643169403076
535,263.35772705078125,8.550854682922363,402936.0092315674,4817.1940240859985
536,1155.009033203125,9.204025268554688,404091.0182647705,4826.398049354553
537,484.5067443847656,9.039532661437988,404575.5250091553,4835.437582015991
538,1098.1337890625,8.96196460723877,405673.6587982178,4844.39954662323
539,999.713134765625,8.692769050598145,406673.3719329834,4853.092315673828
540,339.289794921875,8.681268692016602,407012.6617279053,4861.773584365845
541,398.86419677734375,8.445055961608887,407411.5259246826,4870.218640327454
542,265.99322509765625,7.746048450469971,407677.5191497803,4877.964688777924
543,828.4620971679688,8.873112678527832,408505.98124694824,4886.837801456451
544,1103.837890625,8.531027793884277,409609.81913757324,4895.368829250336
545,1072.968994140625,8.746566772460938,410682.78813171387,4904.115396022797
546,381.5588073730469,8.163536071777344,411064.3469390869,4912.278932094574
547,97.31697082519531,4.316727161407471,411161.6639099121,4916.595659255981
548,543.54052734375,8.922526359558105,411705.20443725586,4925.51818561554
549,931.9052734375,9.589723587036133,412637.10971069336,4935.107909202576
550,827.3839111328125,9.291119575500488,413464.4936218262,4944.399028778076
551,681.8646850585938,8.940449714660645,414146.35830688477,4953.339478492737
552,92.77035522460938,3.7680277824401855,414239.1286621094,4957.107506275177
553,597.29931640625,8.947793960571289,414836.4279785156,4966.055300235748
554,794.6196899414062,9.434743881225586,415631.04766845703,4975.490044116974
555,358.6219787597656,9.219977378845215,415989.6696472168,4984.710021495819
556,123.71969604492188,6.817700386047363,416113.3893432617,4991.5277218818665
557,864.6268310546875,9.608755111694336,416978.0161743164,5001.136476993561
558,679.4522094726562,9.155153274536133,417657.46838378906,5010.291630268097
559,1137.5806884765625,9.47500991821289,418795.0490722656,5019.76664018631
560,90.55035400390625,5.0694990158081055,418885.59942626953,5024.836139202118
561,440.4046936035156,8.262954711914062,419326.00411987305,5033.099093914032
562,546.85986328125,9.183917045593262,419872.8639831543,5042.283010959625
563,720.8062744140625,8.905813217163086,420593.67025756836,5051.188824176788
564,676.6849365234375,9.456351280212402,421270.3551940918,5060.645175457001
565,97.22383117675781,6.983453750610352,421367.57902526855,5067.628629207611
566,405.01300048828125,8.326848983764648,421772.59202575684,5075.955478191376
567,1686.217041015625,9.73781967163086,423458.80906677246,5085.693297863007
568,419.2986145019531,8.133781433105469,423878.1076812744,5093.827079296112
569,1075.935546875,9.056343078613281,424954.0432281494,5102.883422374725
570,92.12384033203125,4.222598552703857,425046.16706848145,5107.106020927429
571,491.94000244140625,9.45417308807373,425538.10707092285,5116.560194015503
572,172.98619079589844,8.463103294372559,425711.09326171875,5125.0232973098755
573,282.7012023925781,8.163798332214355,425993.7944641113,5133.18709564209
574,896.681884765625,10.590690612792969,426890.47634887695,5143.777786254883
575,1140.81689453125,9.344549179077148,428031.2932434082,5153.12233543396
576,85.9532470703125,4.2706217765808105,428117.2464904785,5157.392957210541
577,1057.7406005859375,9.026446342468262,429174.98709106445,5166.419403553009
578,94.95957946777344,5.226279258728027,429269.9466705322,5171.645682811737
579,792.466064453125,9.16851806640625,430062.41273498535,5180.814200878143
580,412.46087646484375,8.932255744934082,430474.8736114502,5189.746456623077
581,711.0770263671875,9.053374290466309,431185.9506378174,5198.799830913544
582,637.6841430664062,8.574499130249023,431823.6347808838,5207.374330043793
583,781.167724609375,9.846404075622559,432604.80250549316,5217.220734119415
584,1000.289794921875,9.232369422912598,433605.09230041504,5226.453103542328
585,800.4478759765625,9.400914192199707,434405.5401763916,5235.854017734528
586,401.20086669921875,8.903371810913086,434806.7410430908,5244.757389545441
587,363.533203125,7.541327476501465,435170.2742462158,5252.298717021942
588,628.3504638671875,8.591110229492188,435798.624710083,5260.889827251434
589,904.5059814453125,10.038651466369629,436703.1306915283,5270.928478717804
590,1022.0889892578125,9.251245498657227,437725.21968078613,5280.179724216461
591,99.07804870605469,4.29446268081665,437824.2977294922,5284.474186897278
592,87.80447387695312,2.9933109283447266,437912.10220336914,5287.467497825623
593,181.5868682861328,9.597417831420898,438093.6890716553,5297.0649156570435
594,376.0873718261719,9.616225242614746,438469.77644348145,5306.681140899658
595,594.6137084960938,9.349933624267578,439064.39015197754,5316.031074523926
596,146.60995483398438,7.788067817687988,439211.0001068115,5323.819142341614
597,535.6109619140625,9.999135971069336,439746.6110687256,5333.818278312683
598,1019.940673828125,8.828141212463379,440766.5517425537,5342.6464195251465
599,222.16546630859375,8.670719146728516,440988.7172088623,5351.317138671875
600,197.8703155517578,8.581452369689941,441186.58752441406,5359.898591041565
601,812.6328735351562,9.007948875427246,441999.2203979492,5368.906539916992
602,194.73617553710938,8.034184455871582,442193.9565734863,5376.940724372864
603,446.9256591796875,8.684794425964355,442640.882232666,5385.625518798828
604,469.5748596191406,9.440616607666016,443110.45709228516,5395.066135406494
605,1290.6253662109375,9.783027648925781,444401.0824584961,5404.84916305542
606,876.22705078125,9.3990478515625,445277.30950927734,5414.248210906982
607,813.850341796875,8.805855751037598,446091.1598510742,5423.05406665802
608,529.5955810546875,8.788334846496582,446620.7554321289,5431.842401504517
609,1325.020751953125,9.369539260864258,447945.77618408203,5441.211940765381
610,807.0882568359375,9.72830867767334,448752.86444091797,5450.940249443054
611,1369.737548828125,9.731253623962402,450122.6019897461,5460.671503067017
612,889.13916015625,8.849656105041504,451011.74114990234,5469.521159172058
613,1038.93212890625,9.708320617675781,452050.6732788086,5479.229479789734
614,384.9390563964844,9.639802932739258,452435.6123352051,5488.869282722473
615,916.8115844726562,9.224031448364258,453352.42391967773,5498.093314170837
616,394.4942626953125,8.473730087280273,453746.91818237305,5506.567044258118
617,108.15928649902344,7.651344299316406,453855.07746887207,5514.218388557434
618,488.8052673339844,8.487380027770996,454343.88273620605,5522.705768585205
619,495.1595764160156,8.335186958312988,454839.04231262207,5531.040955543518
620,1098.732421875,9.646902084350586,455937.77473449707,5540.687857627869
621,587.2056884765625,8.954944610595703,456524.98042297363,5549.642802238464
622,751.1368408203125,9.090353012084961,457276.11726379395,5558.733155250549
623,616.4931030273438,9.083598136901855,457892.6103668213,5567.816753387451
624,647.6439208984375,9.289145469665527,458540.2542877197,5577.105898857117
625,575.3958740234375,8.6820650100708,459115.65016174316,5585.7879638671875
626,121.63433837890625,8.459737777709961,459237.28450012207,5594.2477016448975
627,444.48150634765625,9.092702865600586,459681.7660064697,5603.340404510498
628,91.074951171875,3.5776751041412354,459772.8409576416,5606.918079614639
629,1012.2099609375,10.218174934387207,460785.0509185791,5617.1362545490265
630,1108.3944091796875,9.580042839050293,461893.4453277588,5626.716297388077
631,474.8575439453125,9.544937133789062,462368.3028717041,5636.261234521866
632,1347.229248046875,9.202920913696289,463715.532119751,5645.464155435562
633,604.6583251953125,8.605118751525879,464320.1904449463,5654.069274187088
634,460.0524597167969,8.961088180541992,464780.2429046631,5663.03036236763
635,865.82470703125,9.504960060119629,465646.06761169434,5672.53532242775
636,345.3858642578125,8.246427536010742,465991.45347595215,5680.78174996376
637,648.044921875,9.413191795349121,466639.49839782715,5690.1949417591095
638,986.55615234375,9.145857810974121,467626.0545501709,5699.340799570084
639,960.9917602539062,10.006288528442383,468587.0463104248,5709.347088098526
640,664.4683227539062,8.974555969238281,469251.5146331787,5718.321644067764
641,952.8809814453125,9.977806091308594,470204.395614624,5728.299450159073
642,272.89141845703125,8.047720909118652,470477.28703308105,5736.3471710681915
643,774.1348876953125,8.908432006835938,471251.42192077637,5745.2556030750275
644,456.05548095703125,9.289445877075195,471707.4774017334,5754.545048952103
645,756.1140747070312,9.377466201782227,472463.59147644043,5763.922515153885
646,1109.900634765625,9.42104721069336,473573.49211120605,5773.343562364578
647,1060.9652099609375,9.78402042388916,474634.457321167,5783.127582788467
648,679.1787109375,9.364218711853027,475313.6360321045,5792.49180150032
649,186.66622924804688,8.954889297485352,475500.30226135254,5801.446690797806
650,714.0775756835938,9.624125480651855,476214.37983703613,5811.070816278458
651,877.380615234375,9.127874374389648,477091.7604522705,5820.198690652847
652,1385.2186279296875,10.769742012023926,478476.9790802002,5830.968432664871
653,287.0894775390625,8.924071311950684,478764.06855773926,5839.892503976822
654,624.7232055664062,8.802244186401367,479388.79176330566,5848.694748163223
655,941.4927978515625,9.388643264770508,480330.2845611572,5858.083391427994
656,79.77970886230469,4.309661388397217,480410.06427001953,5862.393052816391
657,313.02886962890625,8.811944961547852,480723.09313964844,5871.204997777939
658,354.5871276855469,8.653564453125,481077.680267334,5879.858562231064
659,516.95703125,9.081290245056152,481594.637298584,5888.93985247612
660,933.7897338867188,9.68859577178955,482528.4270324707,5898.62844824791
661,913.541748046875,9.411371231079102,483441.9687805176,5908.039819478989
662,291.3304443359375,8.77518367767334,483733.2992248535,5916.815003156662
663,802.6369018554688,8.640053749084473,484535.936126709,5925.4550569057465
664,1081.912841796875,9.325830459594727,485617.84896850586,5934.780887365341
665,830.5361938476562,8.78618049621582,486448.3851623535,5943.567067861557
666,679.03759765625,8.478371620178223,487127.42276000977,5952.045439481735
667,1019.6996459960938,10.4779691696167,488147.12240600586,5962.523408651352
668,482.198974609375,9.042135238647461,488629.32138061523,5971.565543889999
669,913.56689453125,9.206079483032227,489542.8882751465,5980.771623373032
670,573.7979125976562,9.465218544006348,490116.68618774414,5990.236841917038
671,1760.294677734375,10.29466724395752,491876.9808654785,6000.5315091609955
672,899.4208984375,9.234990119934082,492776.401763916,6009.76649928093
673,432.8087158203125,9.016112327575684,493209.2104797363,6018.782611608505
674,1341.133544921875,9.439738273620605,494550.3440246582,6028.222349882126
675,608.8054809570312,10.902616500854492,495159.14950561523,6039.12496638298
676,90.75961303710938,3.6944005489349365,495249.90911865234,6042.819366931915
677,351.033447265625,8.845300674438477,495600.94256591797,6051.664667606354
678,286.4956359863281,9.486913681030273,495887.4382019043,6061.151581287384
679,817.2496337890625,9.961004257202148,496704.68783569336,6071.112585544586
680,322.6902770996094,8.79267692565918,497027.37811279297,6079.905262470245
681,88.15382385253906,4.420168876647949,497115.5319366455,6084.325431346893
682,784.7764282226562,9.528474807739258,497900.30836486816,6093.853906154633
683,536.013427734375,9.22010612487793,498436.32179260254,6103.0740122795105
684,88.0858154296875,3.5640358924865723,498524.4076080322,6106.638048171997
685,505.4794006347656,8.389907836914062,499029.887008667,6115.027956008911
686,454.6137390136719,8.065164566040039,499484.50074768066,6123.093120574951
687,735.0831909179688,9.22809886932373,500219.58393859863,6132.321219444275
688,219.11126708984375,8.77896499633789,500438.6952056885,6141.100184440613
689,460.4273681640625,9.246528625488281,500899.12257385254,6150.346713066101
690,111.51860046386719,6.205056190490723,501010.6411743164,6156.551769256592
691,821.158935546875,8.873923301696777,501831.8001098633,6165.425692558289
692,81.37310028076172,5.603627681732178,501913.17321014404,6171.029320240021
693,779.2190551757812,9.120238304138184,502692.3922653198,6180.149558544159
694,787.3118896484375,8.611580848693848,503479.70415496826,6188.761139392853
695,337.075439453125,8.658722877502441,503816.7795944214,6197.419862270355
696,656.8547973632812,9.239202499389648,504473.63439178467,6206.659064769745
697,781.4537353515625,9.746299743652344,505255.08812713623,6216.405364513397
698,402.35321044921875,9.286064147949219,505657.44133758545,6225.691428661346
699,849.3494873046875,8.644084930419922,506506.79082489014,6234.335513591766
700,792.1041259765625,8.927726745605469,507298.8949508667,6243.263240337372
701,701.3060302734375,9.373294830322266,508000.20098114014,6252.636535167694
702,420.22747802734375,8.398609161376953,508420.4284591675,6261.035144329071
703,698.07666015625,9.201257705688477,509118.50511932373,6270.2364020347595
704,719.9249267578125,9.25355339050293,509838.43004608154,6279.489955425262
705,620.014404296875,8.589592933654785,510458.4444503784,6288.079548358917
706,641.8960571289062,10.120233535766602,511100.3405075073,6298.199781894684
707,242.87924194335938,8.204870223999023,511343.2197494507,6306.404652118683
708,605.0863037109375,9.001077651977539,511948.3060531616,6315.40572977066
709,470.1560363769531,9.517022132873535,512418.4620895386,6324.922751903534
710,1287.42578125,10.201375007629395,513705.8878707886,6335.124126911163
711,972.59326171875,9.64773178100586,514678.4811325073,6344.771858692169
712,556.7298583984375,9.712157249450684,515235.21099090576,6354.48401594162
713,567.2151489257812,8.537062644958496,515802.42613983154,6363.021078586578
714,414.7421569824219,9.32608699798584,516217.16829681396,6372.347165584564
715,450.7899169921875,9.1943941116333,516667.95821380615,6381.5415596961975
716,549.2642822265625,8.948144912719727,517217.2224960327,6390.489704608917
717,434.26177978515625,9.503052711486816,517651.4842758179,6399.992757320404
718,91.71672821044922,4.134088039398193,517743.2010040283,6404.126845359802
719,307.8773498535156,8.25086498260498,518051.07835388184,6412.377710342407
720,1050.3251953125,9.41927719116211,519101.40354919434,6421.796987533569
721,518.5849609375,9.278599739074707,519619.98851013184,6431.075587272644
722,235.55050659179688,8.487921714782715,519855.53901672363,6439.563508987427
723,216.06842041015625,7.108674049377441,520071.6074371338,6446.672183036804
724,642.2354125976562,9.175320625305176,520713.84284973145,6455.847503662109
725,606.2874755859375,9.377976417541504,521320.1303253174,6465.225480079651
726,479.251708984375,8.384705543518066,521799.38203430176,6473.610185623169
727,852.556640625,9.428910255432129,522651.93867492676,6483.039095878601
728,224.1646728515625,8.906573295593262,522876.1033477783,6491.945669174194
729,666.1102294921875,9.732259750366211,523542.2135772705,6501.677928924561
730,1791.058837890625,9.842438697814941,525333.2724151611,6511.5203676223755
731,149.3963623046875,6.518877983093262,525482.6687774658,6518.039245605469
732,1453.752685546875,9.995953559875488,526936.4214630127,6528.035199165344
733,303.3149108886719,8.700143814086914,527239.7363739014,6536.735342979431
734,715.1600952148438,9.245529174804688,527954.8964691162,6545.980872154236
735,299.60986328125,9.099809646606445,528254.5063323975,6555.080681800842
736,90.98507690429688,4.066286087036133,528345.4914093018,6559.146967887878
737,382.2834777832031,8.443288803100586,528727.774887085,6567.590256690979
738,339.74786376953125,8.587360382080078,529067.5227508545,6576.177617073059
739,87.78864288330078,2.4601752758026123,529155.3113937378,6578.637792348862
740,355.8916015625,8.724377632141113,529511.2029953003,6587.362169981003
741,294.07318115234375,7.701520919799805,529805.2761764526,6595.063690900803
742,158.0509033203125,8.11130428314209,529963.327079773,6603.174995183945
743,385.96405029296875,9.604317665100098,530349.2911300659,6612.779312849045
744,118.0732192993164,7.766951560974121,530467.3643493652,6620.546264410019
745,794.3042602539062,9.740306854248047,531261.6686096191,6630.286571264267
746,453.5466003417969,8.808189392089844,531715.2152099609,6639.094760656357
747,455.728759765625,9.615643501281738,532170.9439697266,6648.710404157639
748,794.9930419921875,9.285487174987793,532965.9370117188,6657.995891332626
749,401.84564208984375,9.676543235778809,533367.7826538086,6667.672434568405
750,846.24609375,9.424062728881836,534214.0287475586,6677.096497297287
751,272.6297607421875,7.670212268829346,534486.6585083008,6684.766709566116
752,583.5071411132812,9.846729278564453,535070.1656494141,6694.613438844681
753,317.6485900878906,8.379067420959473,535387.814239502,6702.99250626564
754,637.451904296875,7.92102575302124,536025.2661437988,6710.9135320186615
755,446.6758728027344,8.242630958557129,536471.9420166016,6719.156162977219
756,626.0166015625,9.135737419128418,537097.9586181641,6728.291900396347
757,405.35137939453125,8.563029289245605,537503.3099975586,6736.854929685593
758,101.45614624023438,4.120546340942383,537604.7661437988,6740.975476026535
759,1137.05859375,9.414281845092773,538741.8247375488,6750.389757871628
760,364.0122375488281,8.833269119262695,539105.8369750977,6759.2230269908905
761,289.85369873046875,8.744091033935547,539395.6906738281,6767.967118024826
762,736.9682006835938,8.05223560333252,540132.6588745117,6776.019353628159
763,94.52784729003906,8.051214218139648,540227.1867218018,6784.070567846298
764,1263.7064208984375,9.81107234954834,541490.8931427002,6793.881640195847
765,731.46337890625,9.389527320861816,542222.3565216064,6803.271167516708
766,288.61297607421875,9.085155487060547,542510.9694976807,6812.356323003769
767,941.990234375,9.574592590332031,543452.9597320557,6821.930915594101
768,308.343505859375,8.319965362548828,543761.303237915,6830.25088095665
769,999.0304565429688,8.98131275177002,544760.333694458,6839.23219370842
770,709.1434326171875,8.662128448486328,545469.4771270752,6847.894322156906
771,633.8071899414062,8.63575553894043,546103.2843170166,6856.530077695847
772,895.706298828125,8.980965614318848,546998.9906158447,6865.511043310165
773,274.7189636230469,8.344104766845703,547273.7095794678,6873.855148077011
774,507.8332824707031,8.763971328735352,547781.5428619385,6882.6191194057465
775,101.04002380371094,3.277224540710449,547882.5828857422,6885.896343946457
776,364.9476623535156,8.504193305969238,548247.5305480957,6894.400537252426
777,480.4635314941406,8.714998245239258,548727.9940795898,6903.115535497665
778,327.3692321777344,9.22741413116455,549055.3633117676,6912.34294962883
779,511.9512634277344,9.651684761047363,549567.3145751953,6921.994634389877
780,488.4677734375,10.643980026245117,550055.7823486328,6932.638614416122
781,667.30615234375,8.71282958984375,550723.0885009766,6941.351444005966
782,786.5341796875,8.73725414276123,551509.6226806641,6950.088698148727
783,364.1986389160156,9.599519729614258,551873.8213195801,6959.688217878342
784,250.62950134277344,7.875312328338623,552124.4508209229,6967.56353020668
785,77.61514282226562,7.373271465301514,552202.0659637451,6974.936801671982
786,209.69720458984375,8.218225479125977,552411.763168335,6983.155027151108
787,541.2525634765625,8.759209632873535,552953.0157318115,6991.914236783981
788,771.38232421875,9.04921817779541,553724.3980560303,7000.963454961777
789,355.85699462890625,8.12869644165039,554080.2550506592,7009.092151403427
790,548.5947265625,9.948700904846191,554628.8497772217,7019.040852308273
791,732.8018798828125,8.655328750610352,555361.6516571045,7027.696181058884
792,615.9400634765625,9.634270668029785,555977.591720581,7037.330451726913
793,418.7779541015625,9.4881591796875,556396.3696746826,7046.818610906601
794,351.9465637207031,8.547858238220215,556748.3162384033,7055.366469144821
795,524.68017578125,8.76777458190918,557272.9964141846,7064.13424372673
796,387.4666748046875,8.884842872619629,557660.4630889893,7073.01908659935
797,865.1469116210938,9.156988143920898,558525.6100006104,7082.176074743271
798,446.5269775390625,10.170902252197266,558972.1369781494,7092.346976995468
799,869.4775390625,9.248588562011719,559841.6145172119,7101.59556555748
800,736.21240234375,8.718070983886719,560577.8269195557,7110.313636541367
801,322.9953918457031,8.780290603637695,560900.8223114014,7119.093927145004
802,699.1790771484375,8.988941192626953,561600.0013885498,7128.082868337631
803,300.54248046875,9.463303565979004,561900.5438690186,7137.54617190361
804,698.775390625,8.60799789428711,562599.3192596436,7146.154169797897
805,472.13128662109375,8.911498069763184,563071.4505462646,7155.0656678676605
806,546.3529052734375,9.296857833862305,563617.8034515381,7164.362525701523
807,676.157470703125,9.44796085357666,564293.9609222412,7173.8104865550995
808,734.3432006835938,8.83652400970459,565028.3041229248,7182.647010564804
809,95.14662170410156,5.093198299407959,565123.4507446289,7187.740208864212
810,203.20254516601562,7.675625324249268,565326.6532897949,7195.415834188461
811,364.67340087890625,8.585233688354492,565691.3266906738,7204.001067876816
812,403.261962890625,8.344416618347168,566094.5886535645,7212.345484495163
813,431.9164123535156,8.900835037231445,566526.505065918,7221.246319532394
814,731.6177368164062,8.825798988342285,567258.1228027344,7230.072118520737
815,572.8684692382812,8.163273811340332,567830.9912719727,7238.235392332077
816,1103.33544921875,9.965900421142578,568934.3267211914,7248.20129275322
817,287.41571044921875,8.512118339538574,569221.7424316406,7256.713411092758
818,1094.261962890625,10.08353042602539,570316.0043945312,7266.796941518784
819,779.4246826171875,10.089076042175293,571095.4290771484,7276.886017560959
820,763.9536743164062,9.440369606018066,571859.3827514648,7286.326387166977
821,393.0484619140625,8.89686107635498,572252.4312133789,7295.223248243332
822,788.1162719726562,8.536211013793945,573040.5474853516,7303.759459257126
823,475.1292419433594,8.548294067382812,573515.6767272949,7312.307753324509
824,472.8484191894531,8.485209465026855,573988.5251464844,7320.7929627895355
825,359.4595947265625,8.397253036499023,574347.9847412109,7329.190215826035
826,627.711669921875,8.882453918457031,574975.6964111328,7338.072669744492
827,1118.587890625,9.228070259094238,576094.2843017578,7347.300740003586
828,195.12855529785156,8.510942459106445,576289.4128570557,7355.811682462692
829,393.2426452636719,8.339991569519043,576682.6555023193,7364.151674032211
830,814.267578125,8.94723892211914,577496.9230804443,7373.09891295433
831,243.08273315429688,7.9214630126953125,577740.0058135986,7381.020375967026
832,187.02484130859375,7.879884243011475,577927.0306549072,7388.900260210037
833,94.15486145019531,5.9497971534729,578021.1855163574,7394.85005736351
834,584.3038940429688,9.117826461791992,578605.4894104004,7403.967883825302
835,343.8861083984375,8.99822998046875,578949.3755187988,7412.966113805771
836,740.4566650390625,8.210700988769531,579689.8321838379,7421.17681479454
837,1286.99560546875,9.034284591674805,580976.8277893066,7430.211099386215
838,695.0092163085938,9.24919605255127,581671.8370056152,7439.4602954387665
839,490.5953063964844,9.047810554504395,582162.4323120117,7448.508105993271
840,519.093994140625,8.861270904541016,582681.5263061523,7457.369376897812
841,799.4571533203125,9.374699592590332,583480.9834594727,7466.744076490402
842,305.404052734375,9.048949241638184,583786.387512207,7475.79302573204
843,673.3383178710938,8.78548526763916,584459.7258300781,7484.57851099968
844,1148.3983154296875,9.207879066467285,585608.1241455078,7493.786390066147
845,439.61309814453125,8.63984489440918,586047.7372436523,7502.426234960556
846,540.1600341796875,8.588892936706543,586587.897277832,7511.015127897263
847,489.240234375,9.147171020507812,587077.137512207,7520.16229891777
848,361.44879150390625,9.39526653289795,587438.5863037109,7529.557565450668
849,186.85342407226562,8.910772323608398,587625.4397277832,7538.468337774277
850,356.62078857421875,8.799154281616211,587982.0605163574,7547.267492055893
851,1001.517333984375,10.27427864074707,588983.5778503418,7557.54177069664
852,649.9009399414062,9.286767959594727,589633.4787902832,7566.828538656235
853,710.42529296875,8.694840431213379,590343.904083252,7575.523379087448
854,673.0992431640625,9.213793754577637,591017.003326416,7584.737172842026
855,355.39788818359375,8.714676856994629,591372.4012145996,7593.45184969902
856,601.8771362304688,8.657734870910645,591974.2783508301,7602.109584569931
857,974.5319213867188,9.025059700012207,592948.8102722168,7611.134644269943
858,881.1255493164062,9.560429573059082,593829.9358215332,7620.695073843002
859,503.1700439453125,8.87812328338623,594333.1058654785,7629.573197126389
860,319.299560546875,8.593562126159668,594652.4054260254,7638.166759252548
861,431.7327880859375,9.038572311401367,595084.1382141113,7647.20533156395
862,835.1961669921875,9.674099922180176,595919.3343811035,7656.87943148613
863,110.3167724609375,7.655061721801758,596029.6511535645,7664.5344932079315
864,819.1666259765625,10.31128215789795,596848.817779541,7674.8457753658295
865,484.26629638671875,9.195405960083008,597333.0840759277,7684.0411813259125
866,133.6248016357422,7.127182960510254,597466.7088775635,7691.168364286423
867,122.04039001464844,6.841714382171631,597588.7492675781,7698.010078668594
868,403.064453125,8.33090591430664,597991.8137207031,7706.340984582901
869,380.7115783691406,8.03756332397461,598372.5252990723,7714.378547906876
870,77.51251220703125,3.656531810760498,598450.0378112793,7718.035079717636
871,446.7412109375,8.449811935424805,598896.7790222168,7726.484891653061
872,486.75189208984375,7.760988235473633,599383.5309143066,7734.245879888535
873,394.10443115234375,9.136171340942383,599777.635345459,7743.382051229477
874,94.6630630493164,5.560648441314697,599872.2984085083,7748.942699670792
875,723.9237060546875,8.752762794494629,600596.222114563,7757.695462465286
876,548.6358642578125,8.873127937316895,601144.8579788208,7766.568590402603
877,322.48883056640625,7.696357727050781,601467.3468093872,7774.264948129654
878,478.88427734375,9.018040657043457,601946.231086731,7783.282988786697
879,457.4979553222656,9.003140449523926,602403.7290420532,7792.286129236221
880,467.1523132324219,8.814430236816406,602870.8813552856,7801.100559473038
881,315.76031494140625,9.640785217285156,603186.641670227,7810.741344690323
882,820.6505126953125,9.443946838378906,604007.2921829224,7820.185291528702
883,476.9203796386719,8.547009468078613,604484.212562561,7828.73230099678
884,152.14117431640625,8.082493782043457,604636.3537368774,7836.814794778824
885,618.1377563476562,9.104598999023438,605254.4914932251,7845.919393777847
886,1062.71142578125,8.862260818481445,606317.2029190063,7854.781654596329
887,429.86993408203125,8.801440238952637,606747.0728530884,7863.583094835281
888,802.8067626953125,8.969176292419434,607549.8796157837,7872.552271127701
889,241.72463989257812,8.374300003051758,607791.6042556763,7880.926571130753
890,1208.66162109375,9.165166854858398,609000.26587677,7890.091737985611
891,740.8765869140625,9.1543550491333,609741.1424636841,7899.246093034744
892,285.25994873046875,8.825406074523926,610026.4024124146,7908.071499109268
893,455.2565612792969,9.318265914916992,610481.6589736938,7917.389765024185
894,652.7221069335938,9.025175094604492,611134.3810806274,7926.41494011879
895,251.67730712890625,8.960015296936035,611386.0583877563,7935.374955415726
896,718.08251953125,8.775487899780273,612104.1409072876,7944.150443315506
897,886.3489379882812,10.042871475219727,612990.4898452759,7954.193314790726
898,172.19708251953125,8.0667724609375,613162.6869277954,7962.260087251663
899,689.560546875,9.167590141296387,613852.2474746704,7971.42767739296
900,351.68756103515625,9.039873123168945,614203.9350357056,7980.4675505161285
901,149.1442413330078,7.800748348236084,614353.0792770386,7988.268298864365
902,359.1272277832031,9.24183177947998,614712.2065048218,7997.510130643845
903,933.5252075195312,9.228353500366211,615645.7317123413,8006.738484144211
904,470.61029052734375,8.89074420928955,616116.3420028687,8015.6292283535
905,813.8531494140625,9.944425582885742,616930.1951522827,8025.573653936386
906,359.3025207519531,9.291556358337402,617289.4976730347,8034.8652102947235
907,837.6961669921875,8.698052406311035,618127.1938400269,8043.563262701035
908,383.2553405761719,9.166679382324219,618510.449180603,8052.729942083359
909,328.7392272949219,8.86138916015625,618839.188407898,8061.591331243515
910,279.3691101074219,9.463101387023926,619118.5575180054,8071.054432630539
911,647.0379638671875,9.135927200317383,619765.5954818726,8080.190359830856
912,951.6676025390625,9.597341537475586,620717.2630844116,8089.787701368332
913,94.14125061035156,2.8595309257507324,620811.404335022,8092.647232294083
914,99.45878601074219,3.6382083892822266,620910.8631210327,8096.285440683365
915,594.6285400390625,8.92492961883545,621505.4916610718,8105.2103703022
916,754.7161254882812,9.843542098999023,622260.2077865601,8115.053912401199
917,313.15966796875,9.494956970214844,622573.3674545288,8124.548869371414
918,755.924072265625,9.749991416931152,623329.2915267944,8134.298860788345
919,742.6314697265625,8.078939437866211,624071.922996521,8142.377800226212
920,457.5812683105469,8.798258781433105,624529.5042648315,8151.176059007645
921,653.2271118164062,9.37607192993164,625182.731376648,8160.552130937576
922,145.63035583496094,7.223820686340332,625328.3617324829,8167.775951623917
923,437.35040283203125,8.634153366088867,625765.7121353149,8176.4101049900055
924,410.2379150390625,8.882061004638672,626175.950050354,8185.292165994644
925,569.138427734375,9.075010299682617,626745.0884780884,8194.367176294327
926,588.3419189453125,8.592304229736328,627333.4303970337,8202.959480524063
927,356.80194091796875,8.674714088439941,627690.2323379517,8211.634194612503
928,160.001953125,8.138081550598145,627850.2342910767,8219.772276163101
929,769.485595703125,8.715009689331055,628619.7198867798,8228.487285852432
930,273.797607421875,7.562336444854736,628893.5174942017,8236.049622297287
931,211.44577026367188,7.917332649230957,629104.9632644653,8243.966954946518
932,319.98492431640625,8.887223243713379,629424.9481887817,8252.854178190231
933,352.5358581542969,8.311322212219238,629777.484046936,8261.16550040245
934,571.5022583007812,8.114405632019043,630348.9863052368,8269.27990603447
935,520.689208984375,8.564603805541992,630869.6755142212,8277.844509840012
936,522.5462646484375,8.176332473754883,631392.2217788696,8286.020842313766
937,1113.5799560546875,10.115951538085938,632505.8017349243,8296.136793851852
938,611.744873046875,8.641956329345703,633117.5466079712,8304.778750181198
939,311.61700439453125,8.80158805847168,633429.1636123657,8313.58033823967
940,631.833740234375,9.608122825622559,634060.9973526001,8323.188461065292
941,432.03125,9.20174789428711,634493.0286026001,8332.39020895958
942,817.3392333984375,10.124980926513672,635310.3678359985,8342.515189886093
943,109.82427978515625,5.3366265296936035,635420.1921157837,8347.851816415787
944,1031.2998046875,9.603619575500488,636451.4919204712,8357.455435991287
945,342.16766357421875,8.803706169128418,636793.6595840454,8366.259142160416
946,86.48031616210938,7.758162498474121,636880.1399002075,8374.01730465889
947,839.7203369140625,9.017814636230469,637719.8602371216,8383.03511929512
948,823.0685424804688,8.634476661682129,638542.928779602,8391.669595956802
949,413.127685546875,9.142295837402344,638956.0564651489,8400.811891794205
950,211.17135620117188,8.11446762084961,639167.2278213501,8408.926359415054
951,1186.3953857421875,9.149052619934082,640353.6232070923,8418.075412034988
952,477.0076904296875,9.182415008544922,640830.630897522,8427.257827043533
953,92.90193176269531,4.608765602111816,640923.5328292847,8431.866592645645
954,764.014404296875,9.205899238586426,641687.5472335815,8441.072491884232
955,582.11279296875,8.230020523071289,642269.6600265503,8449.302512407303
956,387.5555419921875,8.801738739013672,642657.2155685425,8458.104251146317
957,102.17840576171875,6.734920024871826,642759.3939743042,8464.839171171188
958,601.9815063476562,8.600269317626953,643361.3754806519,8473.439440488815
959,400.64141845703125,9.96352767944336,643762.0168991089,8483.402968168259
960,361.9740905761719,8.583568572998047,644123.9909896851,8491.986536741257
961,774.9353637695312,9.129748344421387,644898.9263534546,8501.116285085678
962,526.50146484375,8.444036483764648,645425.4278182983,8509.560321569443
963,222.57247924804688,7.2898850440979,645648.0002975464,8516.85020661354
964,352.697509765625,7.929982662200928,646000.697807312,8524.780189275742
965,698.9203491210938,8.770752906799316,646699.6181564331,8533.55094218254
966,504.3436279296875,7.809398174285889,647203.9617843628,8541.360340356827
967,564.0762939453125,9.20020866394043,647768.0380783081,8550.560549020767
968,315.2487487792969,8.665210723876953,648083.2868270874,8559.225759744644
969,129.74945068359375,7.305417060852051,648213.036277771,8566.531176805496
970,456.8214111328125,8.658008575439453,648669.8576889038,8575.189185380936
971,216.08782958984375,8.325876235961914,648885.9455184937,8583.515061616898
972,280.9671936035156,8.856484413146973,649166.9127120972,8592.371546030045
973,567.2728271484375,10.092558860778809,649734.1855392456,8602.464104890823
974,648.5234985351562,9.572613716125488,650382.7090377808,8612.036718606949
975,437.991943359375,9.126562118530273,650820.7009811401,8621.16328072548
976,853.2089233398438,8.466383934020996,651673.90990448,8629.6296646595
977,93.74666595458984,3.8024468421936035,651767.6565704346,8633.432111501694
978,94.41325378417969,5.430100917816162,651862.0698242188,8638.86221241951
979,818.399169921875,9.061284065246582,652680.4689941406,8647.923496484756
980,566.1137084960938,8.756561279296875,653246.5827026367,8656.680057764053
981,435.8856201171875,8.677558898925781,653682.4683227539,8665.35761666298
982,674.2704467773438,9.943263053894043,654356.7387695312,8675.300879716873
983,673.5858764648438,7.62066125869751,655030.3246459961,8682.92154097557
984,391.897705078125,8.992866516113281,655422.2223510742,8691.914407491684
985,507.19287109375,8.639190673828125,655929.415222168,8700.553598165512
986,95.17916870117188,3.7631068229675293,656024.5943908691,8704.31670498848
987,97.77857971191406,3.9861502647399902,656122.372970581,8708.30285525322
988,143.12277221679688,6.421400547027588,656265.4957427979,8714.724255800247
989,404.00238037109375,8.535087585449219,656669.498123169,8723.259343385696
990,315.7551574707031,8.698156356811523,656985.2532806396,8731.957499742508
991,449.0611572265625,8.673628807067871,657434.3144378662,8740.631128549576
992,629.2294921875,9.181797981262207,658063.5439300537,8749.812926530838
993,810.5306396484375,9.109576225280762,658874.0745697021,8758.922502756119
994,1031.295166015625,8.828598976135254,659905.3697357178,8767.751101732254
995,389.2144775390625,7.956381320953369,660294.5842132568,8775.707483053207
996,469.0963439941406,8.8281888961792,660763.680557251,8784.535671949387
997,626.5848388671875,10.20496654510498,661390.2653961182,8794.740638494492
998,92.58712768554688,3.8005003929138184,661482.8525238037,8798.541138887405
999,678.9117431640625,10.36020565032959,662161.7642669678,8808.901344537735
1000,318.9206237792969,9.443297386169434,662480.6848907471,8818.344641923904
1001,480.4586486816406,8.635621070861816,662961.1435394287,8826.980262994766
1002,117.02410125732422,2.4225881099700928,663078.167640686,8829.402851104736
1003,556.682861328125,9.454689025878906,663634.8505020142,8838.857540130615
1004,106.27609252929688,3.505927801132202,663741.1265945435,8842.363467931747
1005,256.68267822265625,9.122824668884277,663997.8092727661,8851.486292600632
1006,326.22088623046875,9.322244644165039,664324.0301589966,8860.808537244797
1007,503.58111572265625,9.072274208068848,664827.6112747192,8869.880811452866
1008,371.4413757324219,9.411516189575195,665199.0526504517,8879.29232764244
1009,1100.9359130859375,9.93409252166748,666299.9885635376,8889.226420164108
1010,462.3470458984375,9.154966354370117,666762.335609436,8898.381386518478
1011,336.93109130859375,9.670548439025879,667099.2667007446,8908.051934957504
1012,788.0809326171875,9.29737663269043,667887.3476333618,8917.349311590195
1013,95.87960815429688,3.135629892349243,667983.2272415161,8920.484941482544
1014,362.73785400390625,8.746869087219238,668345.96509552,8929.231810569763
1015,421.79864501953125,8.892722129821777,668767.7637405396,8938.124532699585
1016,613.6871337890625,8.500872611999512,669381.4508743286,8946.625405311584
1017,199.27735900878906,7.707406044006348,669580.7282333374,8954.33281135559
1018,902.6152954101562,9.34304428100586,670483.3435287476,8963.675855636597
1019,406.2474365234375,9.179863929748535,670889.590965271,8972.855719566345
1020,792.035400390625,8.66317367553711,671681.6263656616,8981.518893241882
1021,741.8145141601562,8.560093879699707,672423.4408798218,8990.078987121582
1022,532.444091796875,8.600180625915527,672955.8849716187,8998.679167747498
1023,367.12249755859375,8.680008888244629,673323.0074691772,9007.359176635742
1024,1191.7855224609375,10.018453598022461,674514.7929916382,9017.377630233765
1025,752.7725830078125,9.500849723815918,675267.565574646,9026.87847995758
1026,326.5421142578125,8.23160171508789,675594.1076889038,9035.110081672668
1027,504.76214599609375,8.88120174407959,676098.8698348999,9043.991283416748
1028,662.599365234375,8.697375297546387,676761.4692001343,9052.688658714294
1029,363.25616455078125,8.4986572265625,677124.7253646851,9061.187315940857
1030,395.08807373046875,8.439003944396973,677519.8134384155,9069.626319885254
1031,556.872802734375,9.640644073486328,678076.6862411499,9079.26696395874
1032,576.8316650390625,8.951377868652344,678653.517906189,9088.218341827393
1033,494.18756103515625,8.226553916931152,679147.7054672241,9096.444895744324
1034,1074.97314453125,10.417552947998047,680222.6786117554,9106.862448692322
1035,542.90625,8.960124969482422,680765.5848617554,9115.822573661804
1036,589.1580200195312,8.838754653930664,681354.7428817749,9124.661328315735
1037,643.2870483398438,9.036446571350098,681998.0299301147,9133.697774887085
1038,785.6044921875,9.629925727844238,682783.6344223022,9143.32770061493
1039,379.1769104003906,9.121376037597656,683162.8113327026,9152.449076652527
1040,542.6736450195312,8.86446762084961,683705.4849777222,9161.313544273376
1041,144.8543701171875,8.585685729980469,683850.3393478394,9169.899230003357
1042,86.49795532226562,6.744484901428223,683936.8373031616,9176.643714904785
1043,543.1534423828125,9.2903413772583,684479.9907455444,9185.934056282043
1044,539.5198974609375,10.171070098876953,685019.5106430054,9196.10512638092
1045,238.839111328125,8.238553047180176,685258.3497543335,9204.3436794281
1046,738.3670654296875,9.42774486541748,685996.7168197632,9213.771424293518
1047,668.1922607421875,9.798922538757324,686664.9090805054,9223.570346832275
1048,564.2479248046875,9.298392295837402,687229.1570053101,9232.868739128113
1049,657.8037109375,8.830855369567871,687886.9607162476,9241.69959449768
1050,917.1435546875,8.913280487060547,688804.1042709351,9250.612874984741
1051,833.5980834960938,8.770153999328613,689637.7023544312,9259.38302898407
1052,494.94244384765625,8.884110450744629,690132.6447982788,9268.267139434814
1053,411.26885986328125,8.569828033447266,690543.9136581421,9276.836967468262
1054,511.55633544921875,8.673576354980469,691055.4699935913,9285.510543823242
1055,1012.9686889648438,9.059225082397461,692068.4386825562,9294.56976890564
1056,581.6109619140625,9.390603065490723,692650.0496444702,9303.96037197113
1057,233.90969848632812,8.69255542755127,692883.9593429565,9312.652927398682
1058,824.2554321289062,9.350614547729492,693708.2147750854,9322.003541946411
1059,89.1592788696289,4.095284461975098,693797.3740539551,9326.098826408386
1060,780.96875,9.592421531677246,694578.3428039551,9335.691247940063
1061,86.98426818847656,7.152119159698486,694665.3270721436,9342.843367099762
1062,89.74950408935547,7.704160213470459,694755.0765762329,9350.547527313232
1063,457.4205322265625,8.98473072052002,695212.4971084595,9359.532258033752
1064,117.304931640625,7.237531661987305,695329.8020401001,9366.76978969574
1065,399.7245178222656,8.402464866638184,695729.5265579224,9375.172254562378
1066,269.5262451171875,8.792043685913086,695999.0528030396,9383.964298248291
1067,784.0455322265625,9.352176666259766,696783.0983352661,9393.31647491455
1068,326.8558349609375,8.78861141204834,697109.954170227,9402.1050863266
1069,421.8339538574219,9.511974334716797,697531.7881240845,9411.617060661316
1070,198.26193237304688,8.38774585723877,697730.0500564575,9420.004806518555
1071,855.389892578125,9.34234619140625,698585.4399490356,9429.347152709961
1072,888.3433227539062,9.187816619873047,699473.7832717896,9438.534969329834
1073,719.603759765625,8.906952857971191,700193.3870315552,9447.441922187805
1074,349.59588623046875,8.605695724487305,700542.9829177856,9456.047617912292
1075,1294.3397216796875,9.815750122070312,701837.3226394653,9465.863368034363
1076,340.5877380371094,7.98741340637207,702177.9103775024,9473.850781440735
1077,164.3126220703125,7.7347941398620605,702342.2229995728,9481.585575580597
1078,83.05785369873047,5.030490875244141,702425.2808532715,9486.616066455841
1079,655.1785278320312,8.934438705444336,703080.4593811035,9495.550505161285
1080,462.32855224609375,9.601788520812988,703542.7879333496,9505.152293682098
1081,613.3207397460938,8.748638153076172,704156.1086730957,9513.900931835175
1082,327.5252380371094,8.971386909484863,704483.6339111328,9522.87231874466
1083,349.9093322753906,8.45966625213623,704833.5432434082,9531.331984996796
1084,607.842041015625,9.23105239868164,705441.3852844238,9540.563037395477
1085,444.04010009765625,8.976309776306152,705885.4253845215,9549.539347171783
1086,429.1102294921875,9.378922462463379,706314.5356140137,9558.918269634247
1087,1451.3399658203125,9.544214248657227,707765.875579834,9568.462483882904
1088,763.8417358398438,9.213783264160156,708529.7173156738,9577.676267147064
1089,224.06112670898438,9.259444236755371,708753.7784423828,9586.93571138382
1090,266.4854736328125,9.526100158691406,709020.2639160156,9596.461811542511
1091,366.9072265625,9.30007553100586,709387.1711425781,9605.761887073517
1092,82.49104309082031,7.2629618644714355,709469.662185669,9613.024848937988
1093,938.2200317382812,9.71412181854248,710407.8822174072,9622.73897075653
1094,452.6474304199219,8.750297546386719,710860.5296478271,9631.489268302917
1095,726.1253051757812,9.354949951171875,711586.6549530029,9640.84421825409
1096,440.813720703125,8.670882225036621,712027.468673706,9649.515100479126
1097,294.7915954589844,8.453218460083008,712322.260269165,9657.968318939209
1098,335.0147705078125,8.143052101135254,712657.2750396729,9666.111371040344
1099,673.95361328125,9.004254341125488,713331.2286529541,9675.11562538147
1100,537.7699584960938,8.171753883361816,713868.9986114502,9683.287379264832
1101,1194.257080078125,10.10055160522461,715063.2556915283,9693.387930870056
1102,307.8291015625,8.851834297180176,715371.0847930908,9702.239765167236
1103,1304.701171875,9.698737144470215,716675.7859649658,9711.938502311707
1104,492.35174560546875,9.158082962036133,717168.1377105713,9721.096585273743
1105,403.4371337890625,8.65036678314209,717571.5748443604,9729.746952056885
1106,474.1771545410156,10.69974136352539,718045.7519989014,9740.44669342041
1107,234.798828125,8.785721778869629,718280.5508270264,9749.23241519928
1108,486.96563720703125,9.291929244995117,718767.5164642334,9758.524344444275
1109,301.52911376953125,9.538549423217773,719069.0455780029,9768.062893867493
1110,77.09300231933594,7.905501365661621,719146.1385803223,9775.968395233154
1111,951.7589721679688,8.682790756225586,720097.8975524902,9784.65118598938
1112,714.81640625,9.024588584899902,720812.7139587402,9793.67577457428
1113,917.7843017578125,10.33236312866211,721730.498260498,9804.008137702942
1114,1135.5406494140625,9.41066837310791,722866.0389099121,9813.41880607605
1115,249.2259979248047,8.408102035522461,723115.2649078369,9821.826908111572
1116,742.4234619140625,9.907842636108398,723857.688369751,9831.73475074768
1117,703.7110595703125,10.294207572937012,724561.3994293213,9842.028958320618
1118,537.8507080078125,10.374135971069336,725099.2501373291,9852.403094291687
1119,691.0016479492188,8.632335662841797,725790.2517852783,9861.035429954529
1120,106.396728515625,6.452320098876953,725896.648513794,9867.487750053406
1121,717.5071411132812,9.747633934020996,726614.1556549072,9877.235383987427
1122,321.47869873046875,9.899982452392578,726935.6343536377,9887.13536643982
1123,449.9276428222656,8.636617660522461,727385.56199646,9895.771984100342
1124,723.82421875,8.922252655029297,728109.38621521,9904.694236755371
1125,548.2144775390625,9.27026081085205,728657.600692749,9913.964497566223
1126,132.45069885253906,7.480092525482178,728790.0513916016,9921.444590091705
1127,541.0733032226562,8.373540878295898,729331.1246948242,9929.818130970001
1128,539.24462890625,8.991254806518555,729870.3693237305,9938.80938577652
1129,83.17439270019531,4.195229530334473,729953.5437164307,9943.004615306854
1130,113.85530853271484,7.24675178527832,730067.3990249634,9950.251367092133
1131,107.09219360351562,4.687253952026367,730174.4912185669,9954.938621044159
1132,438.245849609375,8.552356719970703,730612.7370681763,9963.49097776413
1133,662.9000244140625,8.451624870300293,731275.6370925903,9971.94260263443
1134,82.92752075195312,4.194146156311035,731358.5646133423,9976.136748790741
1135,789.7615966796875,9.86694049835205,732148.326210022,9986.003689289093
1136,368.386962890625,9.943537712097168,732516.7131729126,9995.94722700119
1137,535.6402587890625,8.264898300170898,733052.3534317017,10004.212125301361
1138,509.60650634765625,9.009153366088867,733561.9599380493,10013.22127866745
1139,688.7236938476562,8.7324857711792,734250.683631897,10021.95376443863
1140,76.49165344238281,4.140120029449463,734327.1752853394,10026.093884468079
1141,558.4240112304688,8.939376831054688,734885.5992965698,10035.033261299133
1142,430.4481506347656,8.635906219482422,735316.0474472046,10043.669167518616
1143,943.2420654296875,9.62239933013916,736259.2895126343,10053.291566848755
1144,323.64044189453125,8.926998138427734,736582.9299545288,10062.218564987183
1145,327.5915222167969,8.374399185180664,736910.5214767456,10070.592964172363
1146,132.69424438476562,6.637826919555664,737043.2157211304,10077.230791091919
1147,566.005126953125,9.230924606323242,737609.2208480835,10086.461715698242
1148,249.33717346191406,9.356911659240723,737858.5580215454,10095.818627357483
1149,296.1326904296875,9.350846290588379,738154.6907119751,10105.169473648071
1150,1067.8980712890625,9.097451210021973,739222.5887832642,10114.266924858093
1151,605.9156494140625,8.636338233947754,739828.5044326782,10122.903263092041
1152,75.93070983886719,4.156791687011719,739904.4351425171,10127.060054779053
1153,140.29827880859375,7.88378381729126,740044.7334213257,10134.943838596344
1154,148.71182250976562,8.628299713134766,740193.4452438354,10143.572138309479
1155,82.55470275878906,3.7042312622070312,740275.9999465942,10147.276369571686
1156,715.55810546875,8.597858428955078,740991.558052063,10155.87422800064
1157,123.95299530029297,6.608407497406006,741115.5110473633,10162.482635498047
1158,684.3878173828125,9.126169204711914,741799.8988647461,10171.608804702759
1159,972.41796875,9.596149444580078,742772.3168334961,10181.204954147339
1160,309.55767822265625,7.486717700958252,743081.8745117188,10188.691671848297
1161,393.8489990234375,9.524267196655273,743475.7235107422,10198.215939044952
1162,307.34423828125,8.651073455810547,743783.0677490234,10206.867012500763
1163,644.4967041015625,8.637602806091309,744427.564453125,10215.504615306854
1164,1098.155517578125,9.542573928833008,745525.7199707031,10225.047189235687
1165,374.45245361328125,8.809558868408203,745900.1724243164,10233.856748104095
1166,714.6588745117188,9.10849666595459,746614.8312988281,10242.96524477005
1167,841.961669921875,9.376660346984863,747456.79296875,10252.341905117035
1168,86.95951843261719,7.00638484954834,747543.7524871826,10259.348289966583
1169,553.12646484375,8.854865074157715,748096.8789520264,10268.203155040741
1170,734.565185546875,9.554793357849121,748831.4441375732,10277.75794839859
1171,409.03521728515625,8.368635177612305,749240.4793548584,10286.126583576202
1172,593.587158203125,9.067381858825684,749834.0665130615,10295.193965435028
1173,341.05853271484375,8.358017921447754,750175.1250457764,10303.551983356476
1174,488.352783203125,9.090235710144043,750663.4778289795,10312.64221906662
1175,262.6383056640625,8.562095642089844,750926.1161346436,10321.20431470871
1176,321.5534362792969,7.875448226928711,751247.6695709229,10329.079762935638
1177,601.154296875,8.418097496032715,751848.8238677979,10337.497860431671
1178,347.15484619140625,9.016386985778809,752195.9787139893,10346.51424741745
1179,621.4195556640625,9.331275939941406,752817.3982696533,10355.845523357391
1180,481.0352783203125,8.171906471252441,753298.4335479736,10364.017429828644
1181,937.6109008789062,8.987813949584961,754236.0444488525,10373.005243778229
1182,333.213134765625,9.15107250213623,754569.2575836182,10382.156316280365
1183,572.15087890625,9.189302444458008,755141.4084625244,10391.345618724823
1184,698.6851196289062,9.989774703979492,755840.0935821533,10401.335393428802
1185,349.53594970703125,9.433845520019531,756189.6295318604,10410.769238948822
1186,552.24365234375,9.069314002990723,756741.8731842041,10419.838552951813
1187,629.9451904296875,9.355109214782715,757371.8183746338,10429.193662166595
1188,852.9254760742188,9.051642417907715,758224.743850708,10438.245304584503
1189,477.7156066894531,8.281813621520996,758702.4594573975,10446.527118206024
1190,698.783203125,7.929039001464844,759401.2426605225,10454.456157207489
1191,660.03759765625,9.62802791595459,760061.2802581787,10464.084185123444
1192,483.0584716796875,9.299259185791016,760544.3387298584,10473.383444309235
1193,437.0736999511719,10.077457427978516,760981.4124298096,10483.460901737213
1194,1469.7286376953125,10.596857070922852,762451.1410675049,10494.057758808136
1195,91.35353088378906,4.5829644203186035,762542.4945983887,10498.640723228455
1196,372.6826171875,9.377994537353516,762915.1772155762,10508.018717765808
1197,330.512451171875,9.331809997558594,763245.689666748,10517.350527763367
1198,425.67315673828125,8.476905822753906,763671.3628234863,10525.82743358612
1199,1280.262939453125,9.468799591064453,764951.6257629395,10535.296233177185
1200,110.6144790649414,5.574365615844727,765062.2402420044,10540.87059879303
1201,429.7056884765625,8.937286376953125,765491.945930481,10549.807885169983
1202,890.4281005859375,9.180238723754883,766382.3740310669,10558.988123893738
1203,286.9544982910156,8.39855670928955,766669.3285293579,10567.386680603027
1204,225.552490234375,8.546331405639648,766894.8810195923,10575.933012008667
1205,84.26354217529297,3.5515925884246826,766979.1445617676,10579.484604597092
1206,1115.931396484375,9.10634708404541,768095.075958252,10588.590951681137
1207,639.3392333984375,8.365377426147461,768734.4151916504,10596.956329107285
1208,129.60488891601562,7.123446941375732,768864.0200805664,10604.07977604866
1209,293.7181091308594,9.32425308227539,769157.7381896973,10613.404029130936
1210,629.0618896484375,8.90921688079834,769786.8000793457,10622.313246011734
1211,753.927490234375,9.353084564208984,770540.7275695801,10631.666330575943
1212,676.3435668945312,9.318312644958496,771217.0711364746,10640.984643220901
1213,374.18511962890625,8.242535591125488,771591.2562561035,10649.227178812027
1214,485.29974365234375,8.477370262145996,772076.5559997559,10657.704549074173
1215,107.631591796875,6.721730709075928,772184.1875915527,10664.426279783249
1216,983.244140625,9.432754516601562,773167.4317321777,10673.85903429985
1217,445.9596862792969,9.872814178466797,773613.391418457,10683.731848478317
1218,328.37213134765625,8.685358047485352,773941.7635498047,10692.417206525803
1219,802.135009765625,8.89486026763916,774743.8985595703,10701.312066793442
1220,708.6786499023438,8.946064949035645,775452.5772094727,10710.258131742477
1221,115.1529312133789,4.5828704833984375,775567.730140686,10714.841002225876
1222,87.70756530761719,2.4846200942993164,775655.4377059937,10717.325622320175
1223,250.30296325683594,8.2810697555542,775905.7406692505,10725.60669207573
1224,86.06806945800781,1.9148932695388794,775991.8087387085,10727.521585345268
1225,89.16683959960938,3.2964015007019043,776080.9755783081,10730.81798684597
1226,101.87916564941406,5.965841770172119,776182.8547439575,10736.783828616142
1227,468.4405212402344,9.048603057861328,776651.2952651978,10745.832431674004
1228,872.9655151367188,9.309399604797363,777524.2607803345,10755.141831278801
1229,715.1484985351562,9.41667366027832,778239.4092788696,10764.55850493908
1230,343.5096435546875,8.676440238952637,778582.9189224243,10773.234945178032
1231,573.2957763671875,8.157958030700684,779156.2146987915,10781.392903208733
1232,113.56065368652344,8.265562057495117,779269.775352478,10789.658465266228
1233,1100.6268310546875,8.687042236328125,780370.4021835327,10798.345507502556
1234,378.0003662109375,8.854857444763184,780748.4025497437,10807.200364947319
1235,573.1866455078125,9.774087905883789,781321.5891952515,10816.974452853203
1236,951.5372314453125,9.912837982177734,782273.1264266968,10826.88729083538
1237,575.3900146484375,9.412772178649902,782848.5164413452,10836.30006301403
1238,526.6570434570312,8.826681137084961,783375.1734848022,10845.126744151115
1239,150.73403930664062,8.516373634338379,783525.9075241089,10853.643117785454
1240,162.52523803710938,7.730327129364014,783688.432762146,10861.373444914818
1241,780.1243896484375,9.95450496673584,784468.5571517944,10871.327949881554
1242,997.9647216796875,10.091225624084473,785466.5218734741,10881.419175505638
1243,446.5194091796875,9.45515251159668,785913.0412826538,10890.874328017235
1244,685.5617065429688,8.737056732177734,786598.6029891968,10899.611384749413
1245,422.74359130859375,9.06967830657959,787021.3465805054,10908.681063055992
1246,352.0816955566406,8.09106731414795,787373.428276062,10916.77213037014
1247,915.9205932617188,9.257050514221191,788289.3488693237,10926.029180884361
1248,663.9180297851562,8.582351684570312,788953.2668991089,10934.611532568932
1249,293.61383056640625,8.257793426513672,789246.8807296753,10942.869325995445
1250,240.71502685546875,8.304506301879883,789487.5957565308,10951.173832297325
1251,572.1463012695312,8.55246353149414,790059.7420578003,10959.72629582882
1252,571.74267578125,8.416176795959473,790631.4847335815,10968.142472624779
1253,701.560791015625,8.12924861907959,791333.0455245972,10976.271721243858
1254,332.6917724609375,9.739975929260254,791665.7372970581,10986.011697173119
1255,497.16552734375,8.538167953491211,792162.9028244019,10994.54986512661
1256,93.84943389892578,5.657785415649414,792256.7522583008,11000.20765054226
1257,86.4211196899414,5.464698791503906,792343.1733779907,11005.672349333763
1258,449.7105712890625,9.021581649780273,792792.8839492798,11014.693930983543
1259,395.58306884765625,9.473274230957031,793188.4670181274,11024.1672052145
1260,88.92742156982422,5.766379356384277,793277.3944396973,11029.933584570885
1261,77.89308166503906,4.01981258392334,793355.2875213623,11033.953397154808
1262,547.7042236328125,9.158350944519043,793902.9917449951,11043.111748099327
1263,299.96197509765625,8.653692245483398,794202.9537200928,11051.76544034481
1264,303.0848388671875,9.392548561096191,794506.03855896,11061.157988905907
1265,674.173095703125,8.93478775024414,795180.2116546631,11070.09277665615
1266,131.45956420898438,8.410725593566895,795311.6712188721,11078.503502249718
1267,680.379638671875,9.474554061889648,795992.050857544,11087.978056311607
1268,102.80254364013672,5.812434196472168,796094.8534011841,11093.79049050808
1269,778.1701049804688,8.974286079406738,796873.0235061646,11102.764776587486
1270,319.84832763671875,8.649972915649414,797192.8718338013,11111.414749503136
1271,382.1021728515625,8.577420234680176,797574.9740066528,11119.992169737816
1272,468.1780700683594,8.573688507080078,798043.1520767212,11128.565858244896
1273,815.1529541015625,8.408662796020508,798858.3050308228,11136.974521040916
1274,949.38232421875,8.709940910339355,799807.6873550415,11145.684461951256
1275,583.5029907226562,8.912261962890625,800391.1903457642,11154.596723914146
1276,89.40531921386719,5.374490261077881,800480.595664978,11159.971214175224
1277,291.68975830078125,8.674903869628906,800772.2854232788,11168.646118044853
1278,329.086669921875,9.258190155029297,801101.3720932007,11177.904308199883
1279,85.26744842529297,2.698035717010498,801186.639541626,11180.602343916893
1280,993.0105590820312,8.299111366271973,802179.650100708,11188.901455283165
1281,880.785888671875,9.632302284240723,803060.4359893799,11198.533757567406
1282,901.8489990234375,9.055380821228027,803962.2849884033,11207.589138388634
1283,315.40850830078125,8.482767105102539,804277.6934967041,11216.071905493736
1284,86.39067077636719,3.007979154586792,804364.0841674805,11219.079884648323
1285,598.5072631835938,9.242584228515625,804962.5914306641,11228.322468876839
1286,77.97975158691406,2.5325798988342285,805040.571182251,11230.855048775673
1287,421.0545959472656,8.686258316040039,805461.6257781982,11239.541307091713
1288,311.27447509765625,8.733623504638672,805772.9002532959,11248.274930596352
1289,958.381591796875,8.798794746398926,806731.2818450928,11257.07372534275
1290,418.32080078125,9.277201652526855,807149.602645874,11266.350926995277
1291,515.6895751953125,8.416438102722168,807665.2922210693,11274.767365098
1292,913.3893432617188,9.01792049407959,808578.681564331,11283.78528559208
1293,615.6021728515625,8.837090492248535,809194.2837371826,11292.622376084328
1294,733.16845703125,8.998467445373535,809927.4521942139,11301.620843529701
1295,688.2185668945312,9.847904205322266,810615.6707611084,11311.468747735023
1296,341.79510498046875,8.945602416992188,810957.4658660889,11320.414350152016
1297,401.203857421875,9.227680206298828,811358.6697235107,11329.642030358315
1298,492.51806640625,9.992344856262207,811851.187789917,11339.634375214577
1299,488.120361328125,8.923820495605469,812339.3081512451,11348.558195710182
1300,689.2533569335938,8.925517082214355,813028.5615081787,11357.483712792397
1301,452.8597412109375,9.44637680053711,813481.4212493896,11366.930089592934
1302,439.06829833984375,9.107941627502441,813920.4895477295,11376.038031220436
1303,654.8709716796875,9.616357803344727,814575.3605194092,11385.65438902378
1304,718.4610595703125,9.256475448608398,815293.8215789795,11394.91086447239
1305,908.2591552734375,8.68493938446045,816202.0807342529,11403.59580385685
1306,311.7742004394531,8.567997932434082,816513.8549346924,11412.163801789284
1307,702.696533203125,8.398513793945312,817216.5514678955,11420.562315583229
1308,600.8623046875,9.599431991577148,817817.413772583,11430.161747574806
1309,88.65896606445312,3.7906343936920166,817906.0727386475,11433.952381968498
1310,323.010009765625,9.789020538330078,818229.0827484131,11443.741402506828
1311,291.0069274902344,8.799460411071777,818520.0896759033,11452.5408629179
1312,682.0971069335938,9.059216499328613,819202.1867828369,11461.600079417229
1313,227.21133422851562,9.022605895996094,819429.3981170654,11470.622685313225
1314,437.62786865234375,8.800211906433105,819867.0259857178,11479.422897219658
1315,276.2900390625,8.509289741516113,820143.3160247803,11487.932186961174
1316,582.4066162109375,9.025538444519043,820725.7226409912,11496.957725405693
1317,607.087158203125,9.301314353942871,821332.8097991943,11506.259039759636
1318,374.9295654296875,8.150318145751953,821707.739364624,11514.409357905388
1319,187.98239135742188,7.010472297668457,821895.7217559814,11521.419830203056
1320,392.0137634277344,8.847163200378418,822287.7355194092,11530.266993403435
1321,173.51904296875,7.333402156829834,822461.2545623779,11537.600395560265
1322,938.2843017578125,9.378240585327148,823399.5388641357,11546.978636145592
1323,119.75172424316406,7.011619567871094,823519.2905883789,11553.990255713463
1324,600.9569091796875,8.851158142089844,824120.2474975586,11562.841413855553
1325,554.8812255859375,8.042878150939941,824675.1287231445,11570.884292006493
1326,166.50082397460938,8.011059761047363,824841.6295471191,11578.89535176754
1327,551.2111206054688,9.266559600830078,825392.8406677246,11588.16191136837
1328,452.8436584472656,8.612504005432129,825845.6843261719,11596.774415373802
1329,369.862548828125,8.264549255371094,826215.546875,11605.038964629173
1330,536.8121337890625,8.81993579864502,826752.3590087891,11613.858900427818
1331,498.427734375,8.815389633178711,827250.7867431641,11622.674290060997
1332,95.04005432128906,6.5608391761779785,827345.8267974854,11629.235129237175
1333,174.0085906982422,8.33091926574707,827519.8353881836,11637.566048502922
1334,948.560302734375,8.460257530212402,828468.395690918,11646.026306033134
1335,544.7015380859375,9.640673637390137,829013.0972290039,11655.666979670525
1336,340.8232421875,8.795080184936523,829353.9204711914,11664.462059855461
1337,461.35137939453125,8.300469398498535,829815.2718505859,11672.76252925396
1338,138.4659881591797,8.183768272399902,829953.7378387451,11680.94629752636
1339,1112.611572265625,8.980854988098145,831066.3494110107,11689.927152514458
1340,89.70401000976562,6.468591690063477,831156.0534210205,11696.395744204521
1341,991.0170288085938,9.161307334899902,832147.0704498291,11705.557051539421
1342,187.77114868164062,7.612588882446289,832334.8415985107,11713.169640421867
1343,259.21820068359375,8.351439476013184,832594.0597991943,11721.52107989788
1344,976.2688598632812,9.028901100158691,833570.3286590576,11730.54998099804
1345,284.4625549316406,8.800898551940918,833854.7912139893,11739.35087954998
1346,768.6563720703125,8.674363136291504,834623.4475860596,11748.025242686272
1347,429.1541442871094,8.411535263061523,835052.6017303467,11756.436777949333
1348,793.4937133789062,9.78740119934082,835846.0954437256,11766.224179148674
1349,570.5238647460938,8.877766609191895,836416.6193084717,11775.101945757866
1350,612.1783447265625,9.493873596191406,837028.7976531982,11784.595819354057
1351,479.6319580078125,8.827112197875977,837508.429611206,11793.422931551933
1352,999.2227783203125,8.834944725036621,838507.6523895264,11802.25787627697
1353,303.94476318359375,7.825441837310791,838811.59715271,11810.08331811428
1354,483.5850830078125,8.167728424072266,839295.1822357178,11818.251046538353
1355,579.798583984375,9.631207466125488,839874.9808197021,11827.882254004478
1356,587.0991821289062,8.988215446472168,840462.080001831,11836.87046945095
1357,757.4041748046875,9.201414108276367,841219.4841766357,11846.071883559227
1358,428.7921142578125,8.7090482711792,841648.2762908936,11854.780931830406
1359,438.5014953613281,8.060036659240723,842086.7777862549,11862.840968489647
1360,159.1385498046875,8.185159683227539,842245.9163360596,11871.026128172874
1361,944.4487915039062,8.471125602722168,843190.3651275635,11879.497253775597
1362,346.99835205078125,8.541288375854492,843537.3634796143,11888.038542151451
1363,1090.2686767578125,9.086860656738281,844627.6321563721,11897.12540280819
1364,164.310546875,3.4931154251098633,844791.9427032471,11900.6185182333
1365,276.5703125,8.76761245727539,845068.5130157471,11909.386130690575
1366,433.977294921875,9.07806396484375,845502.490310669,11918.464194655418
1367,946.266357421875,9.799684524536133,846448.7566680908,11928.263879179955
1368,390.0545959472656,8.99471664428711,846838.8112640381,11937.258595824242
1369,123.44454956054688,6.718100070953369,846962.2558135986,11943.976695895195
1370,129.43817138671875,8.228545188903809,847091.6939849854,11952.205241084099
1371,503.8051452636719,9.179938316345215,847595.499130249,11961.385179400444
1372,508.69207763671875,8.663712501525879,848104.1912078857,11970.04889190197
1373,409.97332763671875,10.770933151245117,848514.1645355225,11980.819825053215
1374,559.9525756835938,8.922078132629395,849074.117111206,11989.741903185844
1375,568.9090576171875,8.287775039672852,849643.0261688232,11998.029678225517
1376,111.66419219970703,7.3113861083984375,849754.690361023,12005.341064333916
1377,481.85107421875,8.903834342956543,850236.5414352417,12014.244898676872
1378,337.12939453125,8.728323936462402,850573.670829773,12022.973222613335
1379,98.705322265625,3.1277389526367188,850672.3761520386,12026.100961565971
1380,294.29510498046875,8.140423774719238,850966.671257019,12034.24138534069
1381,386.45538330078125,8.0621337890625,851353.1266403198,12042.303519129753
1382,373.45379638671875,8.306137084960938,851726.5804367065,12050.609656214714
1383,534.276123046875,9.241825103759766,852260.8565597534,12059.851481318474
1384,416.366455078125,9.57485294342041,852677.2230148315,12069.426334261894
1385,355.4427185058594,8.766486167907715,853032.6657333374,12078.192820429802
1386,221.5555877685547,7.41192102432251,853254.221321106,12085.604741454124
1387,438.3623046875,9.109716415405273,853692.5836257935,12094.71445786953
1388,1037.3951416015625,9.624760627746582,854729.978767395,12104.339218497276
1389,1146.345458984375,9.429712295532227,855876.3242263794,12113.768930792809
1390,607.3532104492188,8.777423858642578,856483.6774368286,12122.546354651451
1391,116.33055114746094,2.86309814453125,856600.0079879761,12125.409452795982
1392,627.455078125,9.157710075378418,857227.4630661011,12134.56716287136
1393,806.393798828125,9.9961576461792,858033.8568649292,12144.56332051754
1394,710.6510009765625,9.172118186950684,858744.5078659058,12153.73543870449
1395,959.3470458984375,9.125580787658691,859703.8549118042,12162.86101949215
1396,272.84197998046875,8.60159969329834,859976.6968917847,12171.462619185448
1397,398.9195251464844,8.829230308532715,860375.6164169312,12180.29184949398
1398,600.7045288085938,8.254668235778809,860976.3209457397,12188.54651772976
1399,285.4763488769531,8.74293327331543,861261.7972946167,12197.289451003075
1400,488.70208740234375,8.310779571533203,861750.499382019,12205.600230574608
1401,94.2119140625,3.311004400253296,861844.7112960815,12208.911234974861
1402,596.464599609375,9.42052936553955,862441.1758956909,12218.3317643404
1403,597.5110473632812,8.570201873779297,863038.6869430542,12226.90196621418
1404,419.58941650390625,10.041187286376953,863458.2763595581,12236.943153500557
1405,231.16152954101562,8.437681198120117,863689.4378890991,12245.380834698677
1406,214.764404296875,8.407132148742676,863904.202293396,12253.78796684742
1407,295.3524169921875,8.250636100769043,864199.5547103882,12262.038602948189
1408,844.5411376953125,8.094362258911133,865044.0958480835,12270.1329652071
1409,78.52227783203125,4.321713447570801,865122.6181259155,12274.45467865467
1410,252.85736083984375,8.215892791748047,865375.4754867554,12282.670571446419
1411,91.71712493896484,3.741814136505127,865467.1926116943,12286.412385582924
1412,589.2435913085938,8.959150314331055,866056.4362030029,12295.371535897255
1413,1023.7996215820312,9.391666412353516,867080.235824585,12304.763202309608
1414,323.8513488769531,8.969220161437988,867404.0871734619,12313.732422471046
1415,503.12872314453125,8.914579391479492,867907.2158966064,12322.647001862526
1416,278.1027526855469,8.469963073730469,868185.318649292,12331.116964936256
1417,838.12060546875,8.781410217285156,869023.4392547607,12339.898375153542
1418,553.9609985351562,8.799549102783203,869577.4002532959,12348.697924256325
1419,693.9246215820312,10.076019287109375,870271.3248748779,12358.773943543434
1420,530.822021484375,8.526947975158691,870802.1468963623,12367.300891518593
1421,542.2349853515625,8.94372272491455,871344.3818817139,12376.244614243507
1422,676.919921875,9.295917510986328,872021.3018035889,12385.540531754494
1423,493.2301025390625,9.100973129272461,872514.5319061279,12394.641504883766
1424,649.908203125,9.462929725646973,873164.4401092529,12404.104434609413
1425,559.0773315429688,9.219934463500977,873723.5174407959,12413.324369072914
1426,368.3200988769531,8.177186965942383,874091.8375396729,12421.501556038857
1427,427.2380065917969,8.0015287399292,874519.0755462646,12429.503084778786
1428,625.5647583007812,8.73381519317627,875144.6403045654,12438.236899971962
1429,245.1201934814453,7.538239479064941,875389.7604980469,12445.775139451027
1430,209.24575805664062,8.20396614074707,875599.0062561035,12453.979105591774
1431,539.6177978515625,9.077413558959961,876138.6240539551,12463.056519150734
1432,450.8114013671875,9.096487998962402,876589.4354553223,12472.153007149696
1433,684.3775634765625,9.236968040466309,877273.8130187988,12481.389975190163
1434,100.8892822265625,8.274637222290039,877374.7023010254,12489.664612412453
1435,233.2845458984375,8.195712089538574,877607.9868469238,12497.860324501991
1436,582.0355224609375,8.776535987854004,878190.0223693848,12506.636860489845
1437,820.200927734375,9.016148567199707,879010.2232971191,12515.653009057045
1438,661.3412475585938,9.419384956359863,879671.5645446777,12525.072394013405
1439,324.94720458984375,9.409271240234375,879996.5117492676,12534.48166525364
1440,690.3997802734375,9.859009742736816,880686.911529541,12544.340674996376
1441,1183.18896484375,9.599985122680664,881870.1004943848,12553.940660119057
1442,320.06121826171875,9.113312721252441,882190.1617126465,12563.05397284031
1443,168.5326690673828,7.347083568572998,882358.6943817139,12570.401056408882
1444,519.6200561523438,10.057316780090332,882878.3144378662,12580.458373188972
1445,875.23583984375,9.143166542053223,883753.55027771,12589.601539731026
1446,452.9308166503906,9.128026008605957,884206.4810943604,12598.729565739632
1447,811.5176391601562,9.538158416748047,885017.9987335205,12608.26772415638
1448,764.214599609375,9.625391960144043,885782.2133331299,12617.893116116524
1449,884.0607299804688,9.209473609924316,886666.2740631104,12627.102589726448
1450,990.8336791992188,9.692888259887695,887657.1077423096,12636.795477986336
1451,188.30035400390625,8.336088180541992,887845.4080963135,12645.131566166878
1452,471.7513122558594,8.519854545593262,888317.1594085693,12653.651420712471
1453,662.1898193359375,8.481025695800781,888979.3492279053,12662.132446408272
1454,363.4732360839844,8.56440258026123,889342.8224639893,12670.696848988533
1455,339.14801025390625,8.534858703613281,889681.9704742432,12679.231707692146
1456,635.8231201171875,9.251179695129395,890317.7935943604,12688.482887387276
1457,381.12799072265625,8.493433952331543,890698.921585083,12696.976321339607
1458,1007.6295166015625,8.785426139831543,891706.5511016846,12705.761747479439
1459,915.98486328125,10.613685607910156,892622.5359649658,12716.375433087349
1460,713.4466552734375,9.457809448242188,893335.9826202393,12725.833242535591
1461,356.99493408203125,9.339278221130371,893692.9775543213,12735.172520756721
1462,108.68496704101562,8.555532455444336,893801.6625213623,12743.728053212166
1463,945.9886474609375,10.093732833862305,894747.6511688232,12753.821786046028
1464,997.3311767578125,9.098403930664062,895744.982345581,12762.920189976692
1465,795.4508056640625,8.646336555480957,896540.4331512451,12771.566526532173
1466,450.6690368652344,8.373424530029297,896991.1021881104,12779.939951062202
1467,942.97314453125,8.367105484008789,897934.0753326416,12788.307056546211
1468,652.6954345703125,8.678762435913086,898586.7707672119,12796.985818982124
1469,747.946044921875,9.256237983703613,899334.7168121338,12806.242056965828
1470,410.8153991699219,9.442700386047363,899745.5322113037,12815.684757351875
1471,247.94691467285156,8.85519790649414,899993.4791259766,12824.53995525837
1472,560.6956787109375,8.484150886535645,900554.1748046875,12833.024106144905
1473,266.7773132324219,8.984371185302734,900820.9521179199,12842.008477330208
1474,437.889404296875,7.682631492614746,901258.8415222168,12849.691108822823
1475,311.5242919921875,8.53131103515625,901570.365814209,12858.222419857979
1476,882.7079467773438,9.901958465576172,902453.0737609863,12868.124378323555
1477,244.48263549804688,8.151968955993652,902697.5563964844,12876.276347279549
1478,490.543701171875,9.278349876403809,903188.1000976562,12885.554697155952
1479,395.7857360839844,8.424166679382324,903583.8858337402,12893.978863835335
1480,553.3290405273438,9.624756813049316,904137.2148742676,12903.603620648384
1481,956.55419921875,9.033872604370117,905093.7690734863,12912.637493252754
1482,1114.4500732421875,8.939245223999023,906208.2191467285,12921.576738476753
1483,84.17250061035156,4.956160068511963,906292.3916473389,12926.532898545265
1484,718.844970703125,9.092223167419434,907011.236618042,12935.625121712685
1485,553.5020751953125,8.779718399047852,907564.7386932373,12944.404840111732
1486,650.732421875,8.423602104187012,908215.4711151123,12952.82844221592
1487,480.402099609375,9.12143325805664,908695.8732147217,12961.949875473976
1488,362.1858215332031,8.949042320251465,909058.0590362549,12970.898917794228
1489,173.296875,8.611202239990234,909231.3559112549,12979.510120034218
1490,421.8482666015625,8.612710952758789,909653.2041778564,12988.122830986977
1491,221.93637084960938,7.948415756225586,909875.140548706,12996.071246743202
1492,639.5244140625,8.55982494354248,910514.6649627686,13004.631071686745
1493,373.425537109375,8.087360382080078,910888.0904998779,13012.718432068825
1494,78.4660873413086,3.7063729763031006,910966.5565872192,13016.424805045128
1495,381.7421875,9.1056489944458,911348.2987747192,13025.530454039574
1496,1108.0732421875,10.82785701751709,912456.3720169067,13036.35831105709
1497,560.5181884765625,8.778454780578613,913016.8902053833,13045.13676583767
1498,470.12237548828125,8.330435752868652,913487.0125808716,13053.467201590538
1499,679.3914794921875,8.564101219177246,914166.4040603638,13062.031302809715
1500,931.6484375,9.03941822052002,915098.0524978638,13071.070721030235
1501,573.895751953125,9.19207763671875,915671.9482498169,13080.262798666954
1502,230.60659790039062,8.098910331726074,915902.5548477173,13088.36170899868
1503,473.01629638671875,8.891073226928711,916375.571144104,13097.252782225609
1504,642.3856811523438,10.48808479309082,917017.9568252563,13107.7408670187
1505,300.8212890625,8.730504035949707,917318.7781143188,13116.47137105465
1506,357.23760986328125,8.998117446899414,917676.0157241821,13125.469488501549
1507,236.63055419921875,8.672303199768066,917912.6462783813,13134.141791701317
1508,467.2115478515625,8.89646053314209,918379.8578262329,13143.038252234459
1509,102.69068145751953,3.5955650806427,918482.5485076904,13146.633817315102
1510,470.8441162109375,8.010054588317871,918953.3926239014,13154.64387190342
1511,828.5315551757812,10.28746223449707,919781.9241790771,13164.931334137917
1512,669.4860229492188,9.614513397216797,920451.4102020264,13174.545847535133
1513,659.4736328125,9.005672454833984,921110.8838348389,13183.551519989967
1514,595.1177978515625,9.843119621276855,921706.0016326904,13193.394639611244
1515,527.3365478515625,9.446585655212402,922233.338180542,13202.841225266457
1516,375.84735107421875,7.773601055145264,922609.1855316162,13210.614826321602
1517,575.4049682617188,9.016737937927246,923184.5904998779,13219.63156425953
1518,502.8919677734375,8.963894844055176,923687.4824676514,13228.595459103584
1519,489.2813720703125,9.183350563049316,924176.7638397217,13237.778809666634
1520,414.67529296875,8.865310668945312,924591.4391326904,13246.644120335579
1521,705.696533203125,9.287574768066406,925297.1356658936,13255.931695103645
1522,531.8338623046875,9.063504219055176,925828.9695281982,13264.9951993227
1523,506.18109130859375,8.804208755493164,926335.1506195068,13273.799408078194
1524,123.35462188720703,7.744848728179932,926458.505241394,13281.544256806374
1525,581.6329345703125,9.425825119018555,927040.1381759644,13290.970081925392
1526,886.484619140625,9.991113662719727,927926.622795105,13300.961195588112
1527,403.05047607421875,8.075369834899902,928329.6732711792,13309.036565423012
1528,87.60294342041016,2.1127536296844482,928417.2762145996,13311.149319052696
1529,148.67559814453125,7.708250522613525,928565.9518127441,13318.85756957531
1530,87.99702453613281,3.440802574157715,928653.9488372803,13322.298372149467
1531,90.35127258300781,4.0967936515808105,928744.3001098633,13326.395165801048
1532,380.81396484375,9.342146873474121,929125.114074707,13335.737312674522
1533,579.4876708984375,8.822957992553711,929704.6017456055,13344.560270667076
1534,457.99163818359375,8.159175872802734,930162.5933837891,13352.719446539879
1535,424.1490173339844,8.622478485107422,930586.742401123,13361.341925024986
1536,827.0315551757812,9.356532096862793,931413.7739562988,13370.698457121849
1537,799.3963623046875,8.657414436340332,932213.1703186035,13379.35587155819
1538,583.959716796875,8.301717758178711,932797.1300354004,13387.657589316368
1539,347.16815185546875,9.192575454711914,933144.2981872559,13396.85016477108
1540,475.7524719238281,8.481186866760254,933620.0506591797,13405.33135163784
1541,115.5130615234375,6.785541534423828,933735.5637207031,13412.116893172264
1542,547.4649047851562,8.95606803894043,934283.0286254883,13421.072961211205
1543,818.78564453125,9.018574714660645,935101.8142700195,13430.091535925865
1544,700.2862548828125,9.634397506713867,935802.1005249023,13439.725933432579
1545,227.38580322265625,7.918646335601807,936029.486328125,13447.64457976818
1546,85.92591094970703,4.604111671447754,936115.4122390747,13452.248691439629
1547,89.53948211669922,3.0301921367645264,936204.9517211914,13455.278883576393
1548,566.2992553710938,9.260103225708008,936771.2509765625,13464.538986802101
1549,633.0,9.529123306274414,937404.2509765625,13474.068110108376
1550,87.024658203125,6.830859184265137,937491.2756347656,13480.89896929264
1551,366.9595947265625,8.816097259521484,937858.2352294922,13489.715066552162
1552,823.676025390625,9.02839469909668,938681.9112548828,13498.743461251259
1553,401.76434326171875,8.964165687561035,939083.6755981445,13507.70762693882
1554,671.5596923828125,10.220516204833984,939755.2352905273,13517.928143143654
1555,266.44879150390625,8.250301361083984,940021.6840820312,13526.178444504738
1556,252.8072509765625,9.083451271057129,940274.4913330078,13535.261895775795
1557,361.6451416015625,8.567401885986328,940636.1364746094,13543.829297661781
1558,331.4588928222656,9.1026611328125,940967.5953674316,13552.931958794594
1559,133.98638916015625,8.263025283813477,941101.5817565918,13561.194984078407
1560,281.37298583984375,9.621146202087402,941382.9547424316,13570.816130280495
1561,91.90577697753906,2.911231517791748,941474.8605194092,13573.727361798286
1562,733.5988159179688,9.554060935974121,942208.4593353271,13583.28142273426
1563,587.8907470703125,9.41823673248291,942796.3500823975,13592.699659466743
1564,829.1815795898438,8.869291305541992,943625.5316619873,13601.568950772285
1565,607.6690673828125,7.968075275421143,944233.2007293701,13609.537026047707
1566,325.6136474609375,9.016497611999512,944558.814376831,13618.553523659706
1567,284.60113525390625,8.230138778686523,944843.415512085,13626.783662438393
1568,273.8520202636719,8.713387489318848,945117.2675323486,13635.497049927711
1569,235.25466918945312,8.159058570861816,945352.5222015381,13643.656108498573
1570,789.3348999023438,8.775236129760742,946141.8571014404,13652.431344628334
1571,332.15509033203125,8.12367057800293,946474.0121917725,13660.555015206337
1572,189.00445556640625,7.893298149108887,946663.0166473389,13668.448313355446
1573,477.73822021484375,9.619486808776855,947140.7548675537,13678.067800164223
1574,489.08148193359375,9.998258590698242,947629.8363494873,13688.066058754921
1575,121.22837829589844,8.00427532196045,947751.0647277832,13696.070334076881
1576,1144.0634765625,9.290969848632812,948895.1282043457,13705.361303925514
1577,276.26397705078125,8.390379905700684,949171.3921813965,13713.751683831215
1578,239.89788818359375,8.051422119140625,949411.2900695801,13721.803105950356
1579,601.693115234375,9.432896614074707,950012.9831848145,13731.23600256443
1580,738.0166625976562,9.16024398803711,950750.9998474121,13740.396246552467
1581,546.921142578125,9.029671669006348,951297.9209899902,13749.425918221474
1582,658.9932861328125,10.333097457885742,951956.914276123,13759.75901567936
1583,793.3789672851562,9.016128540039062,952750.2932434082,13768.775144219398
1584,227.705078125,8.100525856018066,952977.9983215332,13776.875670075417
1585,81.83233642578125,4.707643985748291,953059.830657959,13781.583314061165
1586,573.5352783203125,9.184038162231445,953633.3659362793,13790.767352223396
1587,92.87860107421875,6.3740620613098145,953726.2445373535,13797.141414284706
1588,371.07269287109375,7.780455112457275,954097.3172302246,13804.921869397163
1589,449.4120788574219,8.249674797058105,954546.729309082,13813.171544194221
1590,613.2144165039062,10.608396530151367,955159.9437255859,13823.779940724373
1591,587.3956298828125,9.056360244750977,955747.3393554688,13832.836300969124
1592,476.36370849609375,8.546958923339844,956223.7030639648,13841.383259892464
1593,423.1446838378906,8.882865905761719,956646.8477478027,13850.266125798225
1594,116.57389831542969,6.597217082977295,956763.4216461182,13856.863342881203
1595,762.1907348632812,9.621027946472168,957525.6123809814,13866.484370827675
1596,581.1590576171875,9.401705741882324,958106.7714385986,13875.886076569557
1597,576.6312866210938,9.478943824768066,958683.4027252197,13885.365020394325
1598,200.64646911621094,7.356149673461914,958884.0491943359,13892.721170067787
1599,300.1856994628906,8.834613800048828,959184.2348937988,13901.555783867836
1600,1256.8638916015625,9.287613868713379,960441.0987854004,13910.84339773655
1601,1132.2225341796875,9.449947357177734,961573.3213195801,13920.293345093727
1602,668.8553466796875,9.88901138305664,962242.1766662598,13930.182356476784
1603,229.06817626953125,8.775408744812012,962471.2448425293,13938.957765221596
1604,271.1596984863281,8.698031425476074,962742.4045410156,13947.655796647072
1605,618.141357421875,10.17842960357666,963360.5458984375,13957.834226250648
1606,389.8079833984375,9.585892677307129,963750.3538818359,13967.420118927956
1607,465.88409423828125,9.002592086791992,964216.2379760742,13976.422711014748
1608,487.1544494628906,8.773164749145508,964703.3924255371,13985.195875763893
1609,66.92189025878906,5.678544044494629,964770.3143157959,13990.874419808388
1610,262.38018798828125,8.139691352844238,965032.6945037842,13999.014111161232
1611,564.524658203125,8.867502212524414,965597.2191619873,14007.881613373756
1612,73.26631164550781,3.640106439590454,965670.4854736328,14011.521719813347
1613,90.73175811767578,5.437378406524658,965761.2172317505,14016.959098219872
1614,677.1632080078125,9.83089542388916,966438.3804397583,14026.78999364376
1615,541.6712646484375,9.358597755432129,966980.0517044067,14036.148591399193
1616,87.71112060546875,5.636378288269043,967067.7628250122,14041.784969687462
1617,836.4805297851562,9.265401840209961,967904.2433547974,14051.050371527672
1618,448.14202880859375,9.30979061126709,968352.385383606,14060.360162138939
1619,99.08893585205078,7.054335594177246,968451.474319458,14067.414497733116
1620,470.9281921386719,10.191492080688477,968922.4025115967,14077.605989813805
1621,479.27587890625,8.618293762207031,969401.6783905029,14086.224283576012
1622,635.5331420898438,8.670074462890625,970037.2115325928,14094.894358038902
1623,342.93072509765625,8.474979400634766,970380.1422576904,14103.369337439537
1624,774.864501953125,9.105632781982422,971155.0067596436,14112.47497022152
1625,249.55865478515625,8.640303611755371,971404.5654144287,14121.115273833275
1626,419.13616943359375,9.0869722366333,971823.7015838623,14130.202246069908
1627,999.4576416015625,10.333559036254883,972823.1592254639,14140.535805106163
1628,437.81201171875,8.356449127197266,973260.9712371826,14148.89225423336
1629,592.8516845703125,8.201805114746094,973853.8229217529,14157.094059348106
1630,380.32562255859375,8.895818710327148,974234.1485443115,14165.989878058434
1631,496.46337890625,8.60807991027832,974730.6119232178,14174.597957968712
1632,387.7139892578125,8.997838973999023,975118.3259124756,14183.59579694271
1633,243.61285400390625,8.765188217163086,975361.9387664795,14192.360985159874
1634,700.7926635742188,9.6626558303833,976062.7314300537,14202.023640990257
1635,363.9938049316406,8.464320182800293,976426.7252349854,14210.487961173058
1636,333.5714111328125,8.493290901184082,976760.2966461182,14218.981252074242
1637,471.18243408203125,9.203167915344238,977231.4790802002,14228.184419989586
1638,113.56828308105469,6.933948993682861,977345.0473632812,14235.118368983269
1639,564.784912109375,9.06035041809082,977909.8322753906,14244.17871940136
1640,375.5757751464844,9.234016418457031,978285.4080505371,14253.412735819817
1641,373.08416748046875,9.077082633972168,978658.4922180176,14262.489818453789
1642,751.1943359375,9.079715728759766,979409.6865539551,14271.569534182549
1643,874.1045532226562,8.672277450561523,980283.7911071777,14280.24181163311
1644,903.150390625,8.539328575134277,981186.9414978027,14288.781140208244
1645,486.1932373046875,8.589559555053711,981673.1347351074,14297.370699763298
1646,543.7796020507812,8.832423210144043,982216.9143371582,14306.203122973442
1647,89.59521484375,6.306111812591553,982306.509552002,14312.509234786034
1648,242.2100830078125,8.36855411529541,982548.7196350098,14320.877788901329
1649,235.78265380859375,8.396371841430664,982784.5022888184,14329.27416074276
1650,447.1080627441406,8.126810073852539,983231.6103515625,14337.400970816612
1651,526.128662109375,8.537220001220703,983757.7390136719,14345.938190817833
1652,110.42559814453125,6.631307601928711,983868.1646118164,14352.569498419762
1653,326.34478759765625,7.987725257873535,984194.5093994141,14360.557223677635
1654,323.4573669433594,8.796879768371582,984517.9667663574,14369.354103446007
1655,563.2486572265625,9.399956703186035,985081.215423584,14378.754060149193
1656,407.01470947265625,9.498985290527344,985488.2301330566,14388.25304543972
1657,576.2190551757812,9.169025421142578,986064.4491882324,14397.422070860863
1658,442.518798828125,8.422245025634766,986506.9679870605,14405.844315886497
1659,367.9140319824219,8.70986557006836,986874.882019043,14414.554181456566
1660,87.46346282958984,5.258189678192139,986962.3454818726,14419.812371134758
1661,412.8800048828125,9.218460083007812,987375.2254867554,14429.030831217766
1662,621.3214721679688,9.517253875732422,987996.5469589233,14438.548085093498
1663,92.19706726074219,8.099414825439453,988088.7440261841,14446.647499918938
1664,316.0216064453125,9.067032814025879,988404.7656326294,14455.714532732964
1665,851.8004150390625,8.967047691345215,989256.5660476685,14464.681580424309
1666,284.82110595703125,10.317289352416992,989541.3871536255,14474.998869776726
1667,313.7929992675781,9.198542594909668,989855.1801528931,14484.197412371635
1668,386.06494140625,8.338676452636719,990241.2450942993,14492.536088824272
1669,400.45709228515625,8.48375415802002,990641.7021865845,14501.019842982292
1670,273.64495849609375,8.350029945373535,990915.3471450806,14509.369872927666
1671,99.43140411376953,7.201952934265137,991014.7785491943,14516.57182586193
1672,569.2709350585938,8.421002388000488,991584.0494842529,14524.992828249931
1673,379.65380859375,8.69623851776123,991963.7032928467,14533.689066767693
1674,581.3126220703125,9.486624717712402,992545.015914917,14543.175691485405
1675,422.4989929199219,10.041816711425781,992967.5149078369,14553.21750819683
1676,123.02326202392578,6.810370922088623,993090.5381698608,14560.02787911892
1677,476.6271667480469,8.826370239257812,993567.1653366089,14568.854249358177
1678,558.5479736328125,9.558910369873047,994125.7133102417,14578.41315972805
1679,442.63720703125,9.094566345214844,994568.350517273,14587.507726073265
1680,585.5711059570312,9.129866600036621,995153.92162323,14596.637592673302
1681,96.93289184570312,5.554248332977295,995250.8545150757,14602.191841006279
1682,222.719970703125,7.354069709777832,995473.5744857788,14609.545910716057
1683,875.7454833984375,9.064518928527832,996349.3199691772,14618.610429644585
1684,489.9267578125,9.10275936126709,996839.2467269897,14627.713189005852
1685,618.1026611328125,8.817846298217773,997457.3493881226,14636.53103530407
1686,315.669189453125,9.20805835723877,997773.0185775757,14645.739093661308
1687,569.8355102539062,9.144018173217773,998342.8540878296,14654.883111834526
1688,508.2394714355469,8.663202285766602,998851.0935592651,14663.546314120293
1689,306.7946472167969,8.783251762390137,999157.8882064819,14672.329565882683
1690,778.0926513671875,9.1103515625,999935.9808578491,14681.439917445183
1691,74.44905090332031,2.801753282546997,1000010.4299087524,14684.24167072773
1692,257.9303894042969,8.920512199401855,1000268.3602981567,14693.162182927132
1693,264.07525634765625,9.227177619934082,1000532.4355545044,14702.389360547066
1694,1431.6083984375,9.767513275146484,1001964.0439529419,14712.156873822212
1695,216.68191528320312,8.108501434326172,1002180.7258682251,14720.265375256538
1696,703.2705078125,9.447606086730957,1002883.9963760376,14729.71298134327
1697,74.40476989746094,5.40433406829834,1002958.4011459351,14735.117315411568
1698,235.037353515625,7.638469696044922,1003193.4384994507,14742.755785107613
1699,338.58685302734375,9.370680809020996,1003532.025352478,14752.126465916634
1700,294.280029296875,8.518861770629883,1003826.3053817749,14760.645327687263
1701,720.6707153320312,9.036055564880371,1004546.9760971069,14769.681383252144
1702,553.494140625,8.91281795501709,1005100.4702377319,14778.594201207161
1703,839.0975341796875,10.1546630859375,1005939.5677719116,14788.748864293098
1704,795.0267944335938,9.43877124786377,1006734.5945663452,14798.187635540962
1705,702.2884521484375,9.245182991027832,1007436.8830184937,14807.43281853199
1706,669.330078125,9.06128215789795,1008106.2130966187,14816.494100689888
1707,341.95343017578125,8.34019947052002,1008448.1665267944,14824.834300160408
1708,83.9316177368164,4.3365678787231445,1008532.0981445312,14829.170868039131
1709,585.0635986328125,8.600847244262695,1009117.1617431641,14837.771715283394
1710,507.0797119140625,9.065335273742676,1009624.2414550781,14846.837050557137
1711,70.90380859375,7.906439781188965,1009695.1452636719,14854.743490338326
1712,365.7936096191406,9.936200141906738,1010060.938873291,14864.679690480232
1713,708.4747314453125,9.24544620513916,1010769.4136047363,14873.925136685371
1714,75.31998443603516,3.4225046634674072,1010844.7335891724,14877.347641348839
1715,350.3262939453125,8.323060989379883,1011195.0598831177,14885.670702338219
1716,410.70489501953125,8.625706672668457,1011605.7647781372,14894.296409010887
1717,80.16143798828125,2.443840265274048,1011685.9262161255,14896.740249276161
1718,148.37893676757812,6.891722202301025,1011834.3051528931,14903.631971478462
1719,571.224853515625,8.961108207702637,1012405.5300064087,14912.593079686165
1720,456.010009765625,9.06128978729248,1012861.5400161743,14921.654369473457
1721,290.2858581542969,7.752188682556152,1013151.8258743286,14929.406558156013
1722,113.26798248291016,5.923286437988281,1013265.0938568115,14935.329844594002
1723,693.8094482421875,9.738429069519043,1013958.9033050537,14945.06827366352
1724,602.6607666015625,8.679388046264648,1014561.5640716553,14953.747661709785
1725,77.22303009033203,5.709634780883789,1014638.7871017456,14959.45729649067
1726,515.9153442382812,8.431564331054688,1015154.7024459839,14967.888860821724
1727,147.66311645507812,6.825382232666016,1015302.365562439,14974.71424305439
1728,578.9990844726562,8.411761283874512,1015881.3646469116,14983.126004338264
1729,333.0359802246094,8.40833568572998,1016214.4006271362,14991.534340023994
1730,653.143310546875,10.051220893859863,1016867.5439376831,15001.585560917854
1731,311.1920166015625,8.324200630187988,1017178.7359542847,15009.909761548042
1732,231.37347412109375,8.182229042053223,1017410.1094284058,15018.091990590096
1733,302.4598693847656,8.982965469360352,1017712.5692977905,15027.074956059456
1734,246.93319702148438,8.572160720825195,1017959.502494812,15035.647116780281
1735,350.43255615234375,9.060379028320312,1018309.9350509644,15044.707495808601
1736,115.99251556396484,7.880118370056152,1018425.9275665283,15052.587614178658
1737,104.09602355957031,7.384599685668945,1018530.0235900879,15059.972213864326
1738,647.0941162109375,9.638787269592285,1019177.1177062988,15069.611001133919
1739,157.42459106445312,7.856464862823486,1019334.5422973633,15077.467465996742
1740,348.2073974609375,9.502693176269531,1019682.7496948242,15086.970159173012
1741,623.259033203125,9.075119018554688,1020306.0087280273,15096.045278191566
1742,586.867919921875,8.962848663330078,1020892.8766479492,15105.008126854897
1743,540.3637084960938,8.722946166992188,1021433.2403564453,15113.731073021889
1744,314.74835205078125,8.68028736114502,1021747.9887084961,15122.411360383034
1745,367.154296875,8.817841529846191,1022115.1430053711,15131.22920191288
1746,787.5950317382812,8.78183650970459,1022902.7380371094,15140.011038422585
1747,378.0766296386719,8.548358917236328,1023280.814666748,15148.55939733982
1748,246.6507568359375,9.223464012145996,1023527.465423584,15157.782861351967
1749,467.5048828125,8.942570686340332,1023994.9703063965,15166.725432038307
1750,558.0432739257812,8.559677124023438,1024553.0135803223,15175.28510916233
1751,76.35840606689453,2.9419801235198975,1024629.3719863892,15178.22708928585
1752,486.579345703125,9.222029685974121,1025115.9513320923,15187.449118971825
1753,638.0084228515625,8.818869590759277,1025753.9597549438,15196.267988562584
1754,242.50120544433594,8.271950721740723,1025996.4609603882,15204.539939284325
1755,451.84356689453125,8.533195495605469,1026448.3045272827,15213.07313477993
1756,869.9110717773438,8.448055267333984,1027318.2155990601,15221.521190047264
1757,137.43887329101562,7.222054481506348,1027455.6544723511,15228.74324452877
1758,416.3629455566406,8.390002250671387,1027872.0174179077,15237.133246779442
1759,250.71890258789062,8.087316513061523,1028122.7363204956,15245.220563292503
1760,412.74560546875,8.22298526763916,1028535.4819259644,15253.443548560143
1761,824.7314453125,8.888930320739746,1029360.2133712769,15262.332478880882
1762,288.73443603515625,8.782413482666016,1029648.947807312,15271.114892363548
1763,480.77203369140625,8.185673713684082,1030129.7198410034,15279.300566077232
1764,941.1151733398438,9.182515144348145,1031070.8350143433,15288.48308122158
1765,790.2196044921875,9.195379257202148,1031861.0546188354,15297.678460478783
1766,551.0806884765625,8.950875282287598,1032412.135307312,15306.62933576107
1767,310.9123229980469,8.7819185256958,1032723.0476303101,15315.411254286766
1768,527.5975341796875,8.666056632995605,1033250.6451644897,15324.077310919762
1769,279.4173583984375,9.2907133102417,1033530.0625228882,15333.368024230003
1770,521.1060791015625,9.52669620513916,1034051.1686019897,15342.894720435143
1771,607.073486328125,9.14526081085205,1034658.2420883179,15352.039981245995
1772,371.0916442871094,8.78510856628418,1035029.333732605,15360.825089812279
1773,456.61566162109375,9.295876502990723,1035485.9493942261,15370.12096631527
1774,1179.771728515625,9.924471855163574,1036665.7211227417,15380.045438170433
1775,100.80554962158203,4.962331771850586,1036766.5266723633,15385.007769942284
1776,508.0968322753906,8.674160957336426,1037274.6235046387,15393.68193089962
1777,498.29296875,8.81328296661377,1037772.9164733887,15402.495213866234
1778,81.38994598388672,3.4875645637512207,1037854.3064193726,15405.982778429985
1779,624.9298095703125,8.329767227172852,1038479.2362289429,15414.312545657158
1780,506.7220458984375,8.47210693359375,1038985.9582748413,15422.784652590752
1781,533.3389892578125,8.750782012939453,1039519.2972640991,15431.535434603691
1782,343.0050048828125,9.067741394042969,1039862.3022689819,15440.603175997734
1783,682.523681640625,8.923017501831055,1040544.8259506226,15449.526193499565
1784,81.69381713867188,2.8144054412841797,1040626.5197677612,15452.34059894085
1785,594.0726928710938,9.416285514831543,1041220.5924606323,15461.75688445568
1786,397.2931823730469,8.655475616455078,1041617.8856430054,15470.412360072136
1787,1164.1644287109375,9.283315658569336,1042782.0500717163,15479.695675730705
1788,469.67352294921875,9.506608963012695,1043251.7235946655,15489.202284693718
1789,385.17694091796875,10.604557037353516,1043636.9005355835,15499.806841731071
1790,360.51104736328125,9.014020919799805,1043997.4115829468,15508.820862650871
1791,271.627685546875,9.459388732910156,1044269.0392684937,15518.280251383781
1792,329.478515625,9.09315013885498,1044598.5177841187,15527.373401522636
1793,539.8067626953125,8.77122974395752,1045138.324546814,15536.144631266594
1794,449.8739013671875,9.78453540802002,1045588.1984481812,15545.929166674614
1795,888.09619140625,8.9758882522583,1046476.2946395874,15554.905054926872
1796,348.5496826171875,8.325786590576172,1046824.8443222046,15563.230841517448
1797,430.76971435546875,9.259685516357422,1047255.6140365601,15572.490527033806
1798,829.544189453125,8.918356895446777,1048085.1582260132,15581.408883929253
1799,192.20147705078125,8.809017181396484,1048277.359703064,15590.21790111065
1800,475.43023681640625,8.748873710632324,1048752.7899398804,15598.966774821281
1801,83.22706604003906,2.295046091079712,1048836.0170059204,15601.261820912361
1802,789.5032958984375,10.302656173706055,1049625.5203018188,15611.564477086067
1803,480.921875,9.327855110168457,1050106.4421768188,15620.892332196236
1804,649.3610229492188,9.424317359924316,1050755.803199768,15630.31664955616
1805,81.43215942382812,3.331850290298462,1050837.235359192,15633.648499846458
1806,498.5289306640625,8.961795806884766,1051335.764289856,15642.610295653343
1807,703.5393676757812,9.51997184753418,1052039.3036575317,15652.130267500877
1808,474.1297607421875,8.571198463439941,1052513.433418274,15660.701465964317
1809,84.95297241210938,2.2462775707244873,1052598.386390686,15662.947743535042
1810,594.765380859375,8.621271133422852,1053193.1517715454,15671.569014668465
1811,436.181396484375,8.590386390686035,1053629.3331680298,15680.15940105915
1812,763.7698974609375,9.14369010925293,1054393.1030654907,15689.303091168404
1813,949.2846069335938,9.511053085327148,1055342.3876724243,15698.81414425373
1814,356.76959228515625,9.134613037109375,1055699.1572647095,15707.94875729084
1815,389.44976806640625,8.586764335632324,1056088.6070327759,15716.535521626472
1816,628.3984375,9.252399444580078,1056717.0054702759,15725.787921071053
1817,688.3723754882812,8.749062538146973,1057405.3778457642,15734.5369836092
1818,139.79660034179688,7.995780944824219,1057545.174446106,15742.532764554024
1819,303.7333984375,8.674310684204102,1057848.9078445435,15751.207075238228
1820,491.1585693359375,8.87575912475586,1058340.0664138794,15760.082834362984
1821,178.22657775878906,8.724162101745605,1058518.2929916382,15768.80699646473
1822,401.3293762207031,8.515199661254883,1058919.622367859,15777.322196125984
1823,698.637451171875,8.691937446594238,1059618.2598190308,15786.014133572578
1824,240.90438842773438,7.794490337371826,1059859.1642074585,15793.80862390995
1825,225.37315368652344,8.333956718444824,1060084.537361145,15802.142580628395
1826,507.92864990234375,9.007617950439453,1060592.4660110474,15811.150198578835
1827,892.322998046875,9.359704971313477,1061484.7890090942,15820.509903550148
1828,473.37176513671875,9.205188751220703,1061958.160774231,15829.715092301369
1829,281.3075866699219,8.213269233703613,1062239.4683609009,15837.928361535072
1830,520.112548828125,8.784692764282227,1062759.580909729,15846.713054299355
1831,830.36279296875,9.571063995361328,1063589.9437026978,15856.284118294716
1832,441.991455078125,7.770852088928223,1064031.9351577759,15864.054970383644
1833,103.40230560302734,2.779383420944214,1064135.337463379,15866.834353804588
1834,366.86834716796875,8.403688430786133,1064502.2058105469,15875.238042235374
1835,263.2133483886719,8.183600425720215,1064765.4191589355,15883.421642661095
1836,272.9186096191406,8.415230751037598,1065038.3377685547,15891.836873412132
1837,336.5303039550781,8.692524909973145,1065374.8680725098,15900.529398322105
1838,716.6033935546875,9.634990692138672,1066091.4714660645,15910.164389014244
1839,198.33749389648438,8.131717681884766,1066289.808959961,15918.296106696129
1840,314.63330078125,8.146089553833008,1066604.4422607422,15926.442196249962
1841,284.81732177734375,7.990572929382324,1066889.2595825195,15934.432769179344
1842,305.90777587890625,8.410688400268555,1067195.1673583984,15942.843457579613
1843,620.0940551757812,8.893308639526367,1067815.2614135742,15951.73676621914
1844,477.06695556640625,8.268087387084961,1068292.3283691406,15960.004853606224
1845,931.2001953125,8.843199729919434,1069223.5285644531,15968.848053336143
1846,182.84170532226562,8.144749641418457,1069406.3702697754,15976.992802977562
1847,450.28179931640625,8.859375,1069856.6520690918,15985.852177977562
1848,826.1998901367188,9.223257064819336,1070682.8519592285,15995.075435042381
1849,80.36558532714844,2.8858914375305176,1070763.2175445557,15997.961326479912
1850,186.8608856201172,7.886268138885498,1070950.0784301758,16005.847594618797
1851,376.34283447265625,8.830236434936523,1071326.4212646484,16014.677831053734
1852,138.34719848632812,8.09460735321045,1071464.7684631348,16022.772438406944
1853,336.95379638671875,9.249393463134766,1071801.7222595215,16032.021831870079
1854,747.268798828125,10.047937393188477,1072548.9910583496,16042.069769263268
1855,773.9234008789062,10.239001274108887,1073322.9144592285,16052.308770537376
1856,481.18310546875,8.22715950012207,1073804.0975646973,16060.535930037498
1857,336.42303466796875,9.281959533691406,1074140.5205993652,16069.81788957119
1858,871.41552734375,9.296717643737793,1075011.936126709,16079.114607214928
1859,147.655517578125,7.428709506988525,1075159.591644287,16086.543316721916
1860,121.51899719238281,5.979881286621094,1075281.1106414795,16092.523198008537
1861,113.9813232421875,6.072199821472168,1075395.0919647217,16098.59539783001
1862,703.018310546875,9.059163093566895,1076098.1102752686,16107.654560923576
1863,937.7100219726562,9.408939361572266,1077035.8202972412,16117.063500285149
1864,243.0369110107422,10.20169734954834,1077278.857208252,16127.265197634697
1865,544.817626953125,9.10730266571045,1077823.674835205,16136.372500300407
1866,738.207763671875,9.448699951171875,1078561.882598877,16145.82120025158
1867,285.9244079589844,7.531408309936523,1078847.807006836,16153.352608561516
1868,449.7672119140625,9.259162902832031,1079297.57421875,16162.611771464348
1869,133.96380615234375,8.06159782409668,1079431.5380249023,16170.673369288445
1870,289.97430419921875,8.55423355102539,1079721.5123291016,16179.22760283947
1871,344.767578125,8.667400360107422,1080066.2799072266,16187.895003199577
1872,80.70496368408203,4.00348424911499,1080146.9848709106,16191.898487448692
1873,595.40234375,8.366730690002441,1080742.3872146606,16200.265218138695
1874,474.8629150390625,9.472298622131348,1081217.2501296997,16209.737516760826
1875,250.7546844482422,8.049857139587402,1081468.004814148,16217.787373900414
1876,485.65216064453125,9.4281644821167,1081953.6569747925,16227.21553838253
1877,83.18031311035156,4.0728654861450195,1082036.8372879028,16231.288403868675
1878,712.89501953125,10.457414627075195,1082749.732307434,16241.74581849575
1879,615.7637329101562,9.243362426757812,1083365.4960403442,16250.989180922508
1880,431.8538818359375,9.645997047424316,1083797.3499221802,16260.635177969933
1881,432.00299072265625,10.150471687316895,1084229.3529129028,16270.78564965725
1882,570.209228515625,9.239152908325195,1084799.5621414185,16280.024802565575
1883,667.7525634765625,8.752963066101074,1085467.314704895,16288.777765631676
1884,422.093994140625,9.078327178955078,1085889.4086990356,16297.85609281063
1885,880.3587036132812,8.341775894165039,1086769.767402649,16306.197868704796
1886,288.2874450683594,8.889925003051758,1087058.0548477173,16315.087793707848
1887,269.96478271484375,8.857850074768066,1087328.0196304321,16323.945643782616
1888,425.97235107421875,8.94057559967041,1087753.9919815063,16332.886219382286
1889,427.73504638671875,10.104117393493652,1088181.727027893,16342.99033677578
1890,299.0601501464844,9.162301063537598,1088480.7871780396,16352.152637839317
1891,652.9468994140625,9.423576354980469,1089133.7340774536,16361.576214194298
1892,526.0767211914062,10.077008247375488,1089659.810798645,16371.653222441673
1893,318.52166748046875,9.03813648223877,1089978.3324661255,16380.691358923912
1894,81.21794128417969,4.438736438751221,1090059.5504074097,16385.130095362663
1895,89.64962768554688,5.810489177703857,1090149.2000350952,16390.940584540367
1896,664.2203979492188,8.866647720336914,1090813.4204330444,16399.807232260704
1897,646.142822265625,8.922040939331055,1091459.56325531,16408.729273200035
1898,468.6512451171875,9.347299575805664,1091928.2145004272,16418.07657277584
1899,149.43597412109375,8.191934585571289,1092077.6504745483,16426.268507361412
1900,641.221923828125,9.14084243774414,1092718.8723983765,16435.409349799156
1901,288.32208251953125,8.777504920959473,1093007.194480896,16444.186854720116
1902,185.5434112548828,7.366254806518555,1093192.7378921509,16451.553109526634
1903,914.24658203125,8.658332824707031,1094106.9844741821,16460.21144235134
1904,693.9938354492188,9.033341407775879,1094800.9783096313,16469.244783759117
1905,488.97296142578125,8.961613655090332,1095289.9512710571,16478.206397414207
1906,82.5759048461914,2.3622748851776123,1095372.5271759033,16480.568672299385
1907,86.41470336914062,5.481801509857178,1095458.9418792725,16486.050473809242
1908,667.2884521484375,8.757440567016602,1096126.230331421,16494.80791437626
1909,282.8192138671875,8.407622337341309,1096409.049545288,16503.2155367136
1910,814.734130859375,8.699819564819336,1097223.7836761475,16511.91535627842
1911,231.916015625,7.875999450683594,1097455.6996917725,16519.791355729103
1912,521.5699462890625,8.640894889831543,1097977.2696380615,16528.432250618935
1913,410.22052001953125,8.420452117919922,1098387.490158081,16536.852702736855
1914,608.6123046875,9.04919147491455,1098996.1024627686,16545.90189421177
1915,334.22711181640625,8.182904243469238,1099330.329574585,16554.08479845524
1916,108.37083435058594,6.759421348571777,1099438.7004089355,16560.84421980381
1917,577.9052734375,8.47297477722168,1100016.605682373,16569.31719458103
1918,496.8212585449219,9.699936866760254,1100513.426940918,16579.017131447792
1919,535.8453369140625,8.438939094543457,1101049.272277832,16587.456070542336
1920,220.18893432617188,8.155983924865723,1101269.4612121582,16595.6120544672
1921,273.3188171386719,8.417033195495605,1101542.7800292969,16604.029087662697
1922,109.15139770507812,7.155394077301025,1101651.931427002,16611.184481739998
1923,622.6810302734375,8.199992179870605,1102274.6124572754,16619.38447391987
1924,513.3134765625,8.475979804992676,1102787.925933838,16627.86045372486
1925,749.0142822265625,9.294195175170898,1103536.9402160645,16637.154648900032
1926,538.5718994140625,9.325130462646484,1104075.5121154785,16646.47977936268
1927,792.0709228515625,9.611593246459961,1104867.58303833,16656.09137260914
1928,378.24774169921875,9.063928604125977,1105245.8307800293,16665.155301213264
1929,534.9561767578125,9.914874076843262,1105780.786956787,16675.070175290108
1930,423.9531555175781,9.288156509399414,1106204.7401123047,16684.358331799507
1931,424.3570556640625,9.060751914978027,1106629.0971679688,16693.419083714485
1932,581.243408203125,8.888633728027344,1107210.3405761719,16702.307717442513
1933,440.439697265625,8.214187622070312,1107650.7802734375,16710.521905064583
1934,414.4538269042969,9.408989906311035,1108065.2341003418,16719.930894970894
1935,473.6258239746094,8.687370300292969,1108538.8599243164,16728.618265271187
1936,326.73834228515625,8.142674446105957,1108865.5982666016,16736.760939717293
1937,279.3153991699219,8.742079734802246,1109144.9136657715,16745.503019452095
1938,485.1210632324219,9.42384147644043,1109630.034729004,16754.926860928535
1939,327.5406799316406,9.699910163879395,1109957.5754089355,16764.626771092415
1940,101.38851928710938,6.449003219604492,1110058.9639282227,16771.07577431202
1941,384.5668640136719,8.289527893066406,1110443.5307922363,16779.365302205086
1942,338.3277893066406,7.7920379638671875,1110781.858581543,16787.157340168953
1943,672.675537109375,8.828575134277344,1111454.5341186523,16795.98591530323
1944,196.6406707763672,7.782312393188477,1111651.1747894287,16803.76822769642
1945,654.618408203125,9.1461181640625,1112305.7931976318,16812.91434586048
1946,540.3909301757812,8.81683349609375,1112846.1841278076,16821.731179356575
1947,259.53399658203125,8.973712921142578,1113105.7181243896,16830.704892277718
1948,230.5546417236328,9.111602783203125,1113336.2727661133,16839.81649506092
1949,321.6568603515625,9.005695343017578,1113657.9296264648,16848.82219040394
1950,549.2274169921875,9.520500183105469,1114207.157043457,16858.342690587044
1951,178.71017456054688,8.07401180267334,1114385.8672180176,16866.416702389717
1952,459.171630859375,8.642548561096191,1114845.038848877,16875.059250950813
1953,674.662109375,9.206622123718262,1115519.700958252,16884.26587307453
1954,489.14434814453125,8.752955436706543,1116008.8453063965,16893.018828511238
1955,204.1883544921875,8.75131893157959,1116213.0336608887,16901.770147442818
1956,551.1371459960938,9.564178466796875,1116764.1708068848,16911.334325909615
1957,201.9168701171875,9.308331489562988,1116966.087677002,16920.642657399178
1958,388.38800048828125,8.265932083129883,1117354.4756774902,16928.908589482307
1959,355.3401794433594,8.614609718322754,1117709.8158569336,16937.52319920063
1960,83.79686737060547,5.829166889190674,1117793.6127243042,16943.35236608982
1961,439.6836853027344,9.255066871643066,1118233.296409607,16952.607432961464
1962,289.13568115234375,9.362391471862793,1118522.4320907593,16961.969824433327
1963,636.7105712890625,9.174147605895996,1119159.1426620483,16971.143972039223
1964,162.44020080566406,7.086108207702637,1119321.582862854,16978.230080246925
1965,215.4558563232422,8.89926528930664,1119537.0387191772,16987.129345536232
1966,79.02344512939453,3.8563284873962402,1119616.0621643066,16990.98567402363
1967,417.2325439453125,9.030974388122559,1120033.294708252,17000.01664841175
1968,489.6212463378906,9.016766548156738,1120522.9159545898,17009.033414959908
1969,205.49948120117188,7.32427453994751,1120728.415435791,17016.357689499855
1970,232.2691650390625,8.47989559173584,1120960.68460083,17024.83758509159
1971,613.2728881835938,9.486364364624023,1121573.9574890137,17034.323949456215
1972,409.5972595214844,8.25255012512207,1121983.5547485352,17042.576499581337
1973,402.17767333984375,9.632564544677734,1122385.732421875,17052.209064126015
1974,83.903076171875,3.3481905460357666,1122469.6354980469,17055.55725467205
1975,650.5157470703125,9.311243057250977,1123120.1512451172,17064.8684977293
1976,84.4179458618164,5.544317722320557,1123204.569190979,17070.412815451622
1977,433.24139404296875,7.924220561981201,1123637.810585022,17078.337036013603
1978,172.47544860839844,8.4127836227417,1123810.2860336304,17086.749819636345
1979,972.3490600585938,9.2919340133667,1124782.635093689,17096.04175364971
1980,310.9985046386719,10.137506484985352,1125093.6335983276,17106.179260134697
1981,109.6866455078125,5.7457990646362305,1125203.3202438354,17111.925059199333
1982,79.8830795288086,3.1561777591705322,1125283.2033233643,17115.081236958504
1983,499.7021789550781,9.2948579788208,1125782.9055023193,17124.376094937325
1984,424.25323486328125,9.188547134399414,1126207.1587371826,17133.564642071724
1985,793.1143188476562,9.809761047363281,1127000.2730560303,17143.374403119087
1986,290.964599609375,8.90468692779541,1127291.2376556396,17152.279090046883
1987,614.936279296875,8.69566822052002,1127906.1739349365,17160.974758267403
1988,694.06689453125,9.636602401733398,1128600.2408294678,17170.611360669136
1989,631.7596435546875,8.847010612487793,1129232.0004730225,17179.458371281624
1990,759.3203735351562,9.843315124511719,1129991.3208465576,17189.301686406136
1991,538.2285766601562,8.849775314331055,1130529.5494232178,17198.151461720467
1992,864.6630249023438,9.45651626586914,1131394.2124481201,17207.607977986336
1993,236.30438232421875,8.52880573272705,1131630.5168304443,17216.136783719063
1994,384.61236572265625,8.160409927368164,1132015.129196167,17224.29719364643
1995,621.256591796875,8.772189140319824,1132636.3857879639,17233.06938278675
1996,719.982177734375,8.33204460144043,1133356.3679656982,17241.40142738819
1997,608.0428466796875,9.050748825073242,1133964.410812378,17250.452176213264
1998,461.6002502441406,9.299248695373535,1134426.011062622,17259.751424908638
1999,363.92840576171875,8.437037467956543,1134789.9394683838,17268.188462376595
2000,304.0544738769531,8.873446464538574,1135093.9939422607,17277.061908841133
2001,109.15959930419922,6.922602653503418,1135203.153541565,17283.984511494637
2002,190.68838500976562,8.13442611694336,1135393.8419265747,17292.11893761158
2003,427.80999755859375,8.884193420410156,1135821.6519241333,17301.00313103199
2004,632.6005859375,10.53829574584961,1136454.2525100708,17311.54142677784
2005,420.81298828125,8.382240295410156,1136875.065498352,17319.92366707325
2006,668.006591796875,9.542933464050293,1137543.072090149,17329.4666005373
2007,319.6434020996094,8.246638298034668,1137862.7154922485,17337.713238835335
2008,84.38722229003906,3.547201633453369,1137947.1027145386,17341.260440468788
2009,379.0650634765625,8.726564407348633,1138326.1677780151,17349.987004876137
2010,652.3515014648438,9.458065032958984,1138978.51927948,17359.445069909096
2011,474.86114501953125,8.319457054138184,1139453.3804244995,17367.764526963234
2012,526.2222900390625,9.2700777053833,1139979.6027145386,17377.034604668617
2013,581.2335205078125,9.302422523498535,1140560.8362350464,17386.337027192116
2014,258.69293212890625,10.06413745880127,1140819.5291671753,17396.401164650917
2015,452.630615234375,10.644537925720215,1141272.1597824097,17407.045702576637
2016,397.2452392578125,9.370121002197266,1141669.4050216675,17416.415823578835
2017,522.3565673828125,8.694809913635254,1142191.7615890503,17425.11063349247
2018,679.5403442382812,8.98189926147461,1142871.3019332886,17434.092532753944
2019,81.08230590820312,2.704413414001465,1142952.3842391968,17436.796946167946
2020,452.90673828125,8.901448249816895,1143405.290977478,17445.698394417763
2021,334.28125,9.231670379638672,1143739.572227478,17454.9300647974
2022,290.5044860839844,9.461724281311035,1144030.076713562,17464.391789078712
2023,554.75830078125,10.105555534362793,1144584.8350143433,17474.497344613075
2024,204.26510620117188,8.738247871398926,1144789.1001205444,17483.235592484474
2025,569.6190185546875,8.940768241882324,1145358.7191390991,17492.176360726357
2026,607.548828125,9.324234008789062,1145966.2679672241,17501.500594735146
2027,102.25835418701172,8.852742195129395,1146068.5263214111,17510.353336930275
2028,598.6092529296875,9.595902442932129,1146667.1355743408,17519.949239373207
2029,385.0362548828125,9.4714937210083,1147052.1718292236,17529.420733094215
2030,221.93240356445312,8.297320365905762,1147274.104232788,17537.71805346012
2031,190.76016235351562,9.860346794128418,1147464.8643951416,17547.57840025425
2032,294.9473876953125,8.402042388916016,1147759.811782837,17555.980442643166
2033,268.61578369140625,9.05145263671875,1148028.4275665283,17565.031895279884
2034,184.01486206054688,9.868755340576172,1148212.4424285889,17574.90065062046
2035,127.24263763427734,8.492919921875,1148339.6850662231,17583.393570542336
2036,341.50103759765625,8.5469331741333,1148681.1861038208,17591.94050371647
2037,357.29473876953125,8.195002555847168,1149038.4808425903,17600.135506272316
2038,294.8375244140625,8.517557144165039,1149333.3183670044,17608.65306341648
2039,629.316650390625,8.820211410522461,1149962.635017395,17617.473274827003
2040,627.7723999023438,9.63657283782959,1150590.4074172974,17627.109847664833
2041,697.1375732421875,8.704140663146973,1151287.5449905396,17635.81398832798
2042,558.2288818359375,8.552732467651367,1151845.7738723755,17644.36672079563
2043,361.1031188964844,10.191635131835938,1152206.876991272,17654.558355927467
2044,723.5679931640625,9.44422721862793,1152930.444984436,17664.002583146095
2045,702.035888671875,9.648263931274414,1153632.480873108,17673.65084707737
2046,289.85943603515625,9.341214179992676,1153922.340309143,17682.992061257362
2047,384.8616027832031,9.206273078918457,1154307.2019119263,17692.19833433628
2048,286.29852294921875,8.80280876159668,1154593.5004348755,17701.001143097878
2049,135.8043975830078,7.606658458709717,1154729.3048324585,17708.607801556587
2050,477.65753173828125,9.358251571655273,1155206.9623641968,17717.966053128242
2051,76.55685424804688,4.376296520233154,1155283.5192184448,17722.342349648476
2052,490.989501953125,8.884359359741211,1155774.508720398,17731.226709008217
2053,268.07562255859375,7.642849922180176,1156042.5843429565,17738.869558930397
2054,511.53179931640625,9.639128684997559,1156554.116142273,17748.508687615395
2055,742.033447265625,9.378247261047363,1157296.1495895386,17757.886934876442
2056,409.69415283203125,9.235783576965332,1157705.8437423706,17767.122718453407
2057,660.5291748046875,9.457511901855469,1158366.3729171753,17776.580230355263
2058,260.7425537109375,9.468892097473145,1158627.1154708862,17786.049122452736
2059,333.9783020019531,9.968058586120605,1158961.0937728882,17796.017181038857
2060,516.7919311523438,8.556532859802246,1159477.8857040405,17804.57371389866
2061,157.60252380371094,8.28964900970459,1159635.4882278442,17812.863362908363
2062,361.06915283203125,9.40005111694336,1159996.5573806763,17822.263414025307
2063,323.50152587890625,8.96728229522705,1160320.0589065552,17831.230696320534
2064,330.88970947265625,7.703612327575684,1160650.9486160278,17838.93430864811
2065,282.01031494140625,10.060954093933105,1160932.9589309692,17848.995262742043
2066,725.6527709960938,8.950535774230957,1161658.6117019653,17857.945798516273
2067,303.37274169921875,9.84952449798584,1161961.9844436646,17867.79532301426
2068,527.0924072265625,9.146739959716797,1162489.076850891,17876.942062973976
2069,318.64947509765625,8.619851112365723,1162807.7263259888,17885.561914086342
2070,590.8722534179688,9.844860076904297,1163398.5985794067,17895.406774163246
2071,435.7032165527344,8.679486274719238,1163834.3017959595,17904.086260437965
2072,547.5575561523438,9.36091136932373,1164381.8593521118,17913.44717180729
2073,572.635009765625,9.174546241760254,1164954.4943618774,17922.62171804905
2074,859.45556640625,9.871207237243652,1165813.9499282837,17932.492925286293
2075,631.1575927734375,11.309101104736328,1166445.1075210571,17943.80202639103
2076,371.1133728027344,8.577404975891113,1166816.2208938599,17952.37943136692
2077,369.5823974609375,8.874502182006836,1167185.8032913208,17961.253933548927
2078,321.3134765625,8.466049194335938,1167507.1167678833,17969.719982743263
2079,338.4898376464844,10.15689754486084,1167845.6066055298,17979.876880288124
2080,257.6457214355469,8.470573425292969,1168103.2523269653,17988.347453713417
2081,264.80126953125,9.11533260345459,1168368.0535964966,17997.46278631687
2082,472.65899658203125,8.942031860351562,1168840.7125930786,18006.404818177223
2083,199.72027587890625,8.835417747497559,1169040.4328689575,18015.24023592472
2084,83.86102294921875,6.240818977355957,1169124.2938919067,18021.481054902077
2085,713.0701904296875,10.29016399383545,1169837.3640823364,18031.771218895912
2086,418.00994873046875,9.68204116821289,1170255.374031067,18041.453260064125
2087,753.51025390625,8.91949462890625,1171008.8842849731,18050.37275469303
2088,469.1636962890625,8.8094482421875,1171478.0479812622,18059.18220293522
2089,331.3831481933594,8.721203804016113,1171809.4311294556,18067.903406739235
2090,534.2056884765625,9.499197959899902,1172343.6368179321,18077.402604699135
2091,489.2412109375,8.214489936828613,1172832.8780288696,18085.617094635963
2092,247.9949188232422,8.800966262817383,1173080.8729476929,18094.41806089878
2093,441.7518005371094,8.550100326538086,1173522.62474823,18102.96816122532
2094,77.58641815185547,7.652597427368164,1173600.2111663818,18110.620758652687
2095,323.8170166015625,9.449945449829102,1173924.0281829834,18120.070704102516
2096,309.66424560546875,9.7481107711792,1174233.6924285889,18129.818814873695
2097,79.211181640625,3.0656545162200928,1174312.9036102295,18132.884469389915
2098,339.23773193359375,8.79714298248291,1174652.141342163,18141.6816123724
2099,91.49101257324219,6.416243076324463,1174743.6323547363,18148.097855448723
2100,765.3973388671875,8.738194465637207,1175509.0296936035,18156.83604991436
2101,152.46824645996094,9.175588607788086,1175661.4979400635,18166.011638522148
2102,143.0067138671875,7.461546421051025,1175804.5046539307,18173.4731849432
2103,474.4835205078125,9.09880542755127,1176278.9881744385,18182.57199037075
2104,477.51873779296875,8.79945182800293,1176756.5069122314,18191.371442198753
2105,508.80499267578125,9.788350105285645,1177265.3119049072,18201.15979230404
2106,694.4620361328125,9.871466636657715,1177959.77394104,18211.031258940697
2107,111.01268005371094,7.559561252593994,1178070.7866210938,18218.59082019329
2108,310.0508117675781,8.597578048706055,1178380.8374328613,18227.188398241997
2109,703.075439453125,8.72641372680664,1179083.9128723145,18235.914811968803
2110,91.16798400878906,3.170048952102661,1179175.0808563232,18239.084860920906
2111,448.482177734375,8.542051315307617,1179623.5630340576,18247.626912236214
2112,328.78070068359375,8.371394157409668,1179952.3437347412,18255.998306393623
2113,501.68634033203125,8.897065162658691,1180454.0300750732,18264.895371556282
2114,858.980712890625,9.309040069580078,1181313.0107879639,18274.204411625862
2115,301.4169006347656,10.075105667114258,1181614.4276885986,18284.279517292976
2116,219.58682250976562,8.12363338470459,1181834.0145111084,18292.40315067768
2117,285.2861328125,9.010462760925293,1182119.300643921,18301.413613438606
2118,296.0157470703125,9.234814643859863,1182415.3163909912,18310.648428082466
2119,596.4584350585938,9.208501815795898,1183011.7748260498,18319.856929898262
2120,365.20587158203125,9.56273078918457,1183376.9806976318,18329.419660687447
2121,77.61699676513672,6.0283589363098145,1183454.597694397,18335.448019623756
2122,417.3034362792969,9.01601791381836,1183871.9011306763,18344.464037537575
2123,87.18785095214844,2.8491363525390625,1183959.0889816284,18347.313173890114
2124,405.624267578125,8.897153854370117,1184364.7132492065,18356.210327744484
2125,568.0309448242188,9.170823097229004,1184932.7441940308,18365.381150841713
2126,235.03448486328125,7.971494674682617,1185167.778678894,18373.352645516396
2127,478.1089782714844,9.51131534576416,1185645.8876571655,18382.86396086216
2128,209.75418090820312,8.52949047088623,1185855.6418380737,18391.393451333046
2129,663.12158203125,9.866037368774414,1186518.763420105,18401.25948870182
2130,76.44108581542969,4.7155303955078125,1186595.2045059204,18405.97501909733
2131,303.21282958984375,8.651559829711914,1186898.4173355103,18414.62657892704
2132,572.921630859375,8.857264518737793,1187471.3389663696,18423.483843445778
2133,303.6075439453125,8.887914657592773,1187774.946510315,18432.37175810337
2134,543.048095703125,8.321358680725098,1188317.994606018,18440.693116784096
2135,293.80133056640625,8.156511306762695,1188611.7959365845,18448.84962809086
2136,433.21405029296875,9.014237403869629,1189045.0099868774,18457.863865494728
2137,520.7818603515625,8.637824058532715,1189565.791847229,18466.50168955326
2138,227.24624633789062,7.566787242889404,1189793.038093567,18474.06847679615
2139,584.9730224609375,9.071245193481445,1190378.0111160278,18483.13972198963
2140,78.90122985839844,3.41571044921875,1190456.9123458862,18486.55543243885
2141,570.803466796875,9.107507705688477,1191027.715812683,18495.66294014454
2142,515.8065795898438,9.733695030212402,1191543.522392273,18505.39663517475
2143,90.7831802368164,6.239375591278076,1191634.3055725098,18511.63601076603
2144,72.69755554199219,3.6629281044006348,1191707.0031280518,18515.29893887043
2145,164.37127685546875,9.00605297088623,1191871.3744049072,18524.304991841316
2146,619.3355712890625,9.372790336608887,1192490.7099761963,18533.677782177925
2147,655.072265625,9.12950611114502,1193145.7822418213,18542.80728828907
2148,324.03057861328125,8.504287719726562,1193469.8128204346,18551.311576008797
2149,541.269775390625,9.418659210205078,1194011.0825958252,18560.730235219
2150,126.39009094238281,8.772196769714355,1194137.4726867676,18569.502431988716
2151,552.540771484375,8.989100456237793,1194690.013458252,18578.491532444954
2152,181.0745391845703,8.606882095336914,1194871.0879974365,18587.09841454029
2153,82.5888671875,4.680406093597412,1194953.676864624,18591.77882063389
2154,301.55731201171875,8.502161979675293,1195255.2341766357,18600.280982613564
2155,347.583984375,9.19074821472168,1195602.8181610107,18609.471730828285
2156,438.83880615234375,9.23514175415039,1196041.656967163,18618.706872582436
2157,492.2655944824219,8.503990173339844,1196533.9225616455,18627.210862755775
2158,244.22256469726562,7.962948799133301,1196778.1451263428,18635.17381155491
2159,427.158935546875,9.351927757263184,1197205.3040618896,18644.525739312172
2160,99.01220703125,5.470215320587158,1197304.316268921,18649.99595463276
2161,326.2538146972656,8.774682998657227,1197630.5700836182,18658.770637631416
2162,201.37136840820312,9.316370010375977,1197831.9414520264,18668.087007641792
2163,109.22972106933594,6.986116409301758,1197941.1711730957,18675.073124051094
2164,239.64102172851562,9.2315092086792,1198180.8121948242,18684.304633259773
2165,562.7090454101562,8.324161529541016,1198743.5212402344,18692.628794789314
2166,255.37281799316406,9.392777442932129,1198998.8940582275,18702.021572232246
2167,178.88450622558594,7.7700629234313965,1199177.7785644531,18709.791635155678
2168,501.9601745605469,8.39891529083252,1199679.7387390137,18718.19055044651
2169,307.394287109375,8.875982284545898,1199987.133026123,18727.066532731056
2170,82.78369140625,5.046261787414551,1200069.9167175293,18732.11279451847
2171,309.21600341796875,8.937654495239258,1200379.1327209473,18741.05044901371
2172,80.7545166015625,3.320150136947632,1200459.8872375488,18744.370599150658
2173,552.560302734375,9.578166007995605,1201012.4475402832,18753.948765158653
2174,343.4520263671875,8.518880844116211,1201355.8995666504,18762.46764600277
2175,236.6060791015625,8.056427955627441,1201592.505645752,18770.524073958397
2176,544.2305908203125,9.655120849609375,1202136.7362365723,18780.179194808006
2177,365.46173095703125,8.492776870727539,1202502.1979675293,18788.671971678734
2178,500.8283386230469,8.939106941223145,1203003.0263061523,18797.611078619957
2179,80.67486572265625,5.247843265533447,1203083.701171875,18802.85892188549
2180,480.67742919921875,10.770283699035645,1203564.3786010742,18813.629205584526
2181,188.8489227294922,7.646816730499268,1203753.2275238037,18821.276022315025
2182,553.3163452148438,9.881784439086914,1204306.5438690186,18831.157806754112
2183,815.6926879882812,10.393057823181152,1205122.2365570068,18841.550864577293
2184,353.5374755859375,8.510180473327637,1205475.7740325928,18850.06104505062
2185,208.2813262939453,8.407013893127441,1205684.0553588867,18858.46805894375
2186,175.0638427734375,8.081924438476562,1205859.1192016602,18866.549983382225
2187,214.99359130859375,9.250391960144043,1206074.1127929688,18875.80037534237
2188,599.094970703125,9.420038223266602,1206673.2077636719,18885.220413565636
2189,255.46871948242188,8.302569389343262,1206928.6764831543,18893.52298295498
2190,336.16229248046875,9.479554176330566,1207264.8387756348,18903.00253713131
2191,76.93486785888672,5.637150287628174,1207341.7736434937,18908.639687418938
2192,271.6392822265625,7.553159713745117,1207613.4129257202,18916.192847132683
2193,301.7361755371094,9.09425163269043,1207915.1491012573,18925.287098765373
2194,721.9628295898438,8.842609405517578,1208637.1119308472,18934.12970817089
2195,601.4203491210938,8.953679084777832,1209238.5322799683,18943.08338725567
2196,107.05628967285156,7.195174217224121,1209345.588569641,18950.278561472893
2197,667.1286010742188,10.120870590209961,1210012.7171707153,18960.399432063103
2198,492.44952392578125,8.76283073425293,1210505.166694641,18969.162262797356
2199,212.706298828125,8.8626708984375,1210717.8729934692,18978.024933695793
2200,467.0837707519531,8.709104537963867,1211184.9567642212,18986.734038233757
2201,473.11529541015625,9.832213401794434,1211658.0720596313,18996.56625163555
2202,419.8290710449219,9.714987754821777,1212077.9011306763,19006.281239390373
2203,156.9726104736328,8.828608512878418,1212234.87374115,19015.10984790325
2204,494.6552734375,9.045001983642578,1212729.5290145874,19024.154849886894
2205,74.61965942382812,2.3982629776000977,1212804.1486740112,19026.553112864494
2206,75.8686294555664,4.173089504241943,1212880.0173034668,19030.726202368736
2207,245.2968292236328,7.519359111785889,1213125.3141326904,19038.245561480522
2208,708.3833618164062,9.873565673828125,1213833.6974945068,19048.11912715435
2209,422.668701171875,8.916553497314453,1214256.3661956787,19057.035680651665
2210,228.3076629638672,8.820589065551758,1214484.6738586426,19065.856269717216
2211,283.0793762207031,9.905083656311035,1214767.7532348633,19075.761353373528
2212,167.7849578857422,9.663769721984863,1214935.538192749,19085.425123095512
2213,220.29733276367188,8.211685180664062,1215155.8355255127,19093.636808276176
2214,126.6348876953125,6.535700798034668,1215282.470413208,19100.17250907421
2215,684.5418701171875,9.555632591247559,1215967.0122833252,19109.72814166546
2216,79.87933349609375,5.518557548522949,1216046.8916168213,19115.24669921398
2217,440.082275390625,8.8201265335083,1216486.973892212,19124.06682574749
2218,93.68002319335938,6.585775375366211,1216580.6539154053,19130.652601122856
2219,86.63798522949219,4.173744201660156,1216667.2919006348,19134.826345324516
2220,451.9974060058594,9.145623207092285,1217119.2893066406,19143.97196853161
2221,92.45295715332031,1.9692323207855225,1217211.742263794,19145.941200852394
2222,313.37213134765625,8.69333267211914,1217525.1143951416,19154.634533524513
2223,380.1092529296875,9.037553787231445,1217905.2236480713,19163.672087311745
2224,382.8833923339844,8.876809120178223,1218288.1070404053,19172.548896431923
2225,429.9356384277344,8.698453903198242,1218718.042678833,19181.24735033512
2226,352.16583251953125,8.473428726196289,1219070.2085113525,19189.720779061317
2227,445.96661376953125,8.719226837158203,1219516.175125122,19198.440005898476
2228,434.3773193359375,8.982418060302734,1219950.552444458,19207.42242395878
2229,347.51904296875,10.127138137817383,1220298.0714874268,19217.549562096596
2230,503.73529052734375,8.258232116699219,1220801.806777954,19225.807794213295
2231,769.3048095703125,9.302230834960938,1221571.1115875244,19235.110025048256
2232,243.11990356445312,7.943229675292969,1221814.2314910889,19243.05325472355
2233,202.52113342285156,9.089892387390137,1222016.7526245117,19252.14314711094
2234,603.6484985351562,9.06695556640625,1222620.4011230469,19261.210102677345
2235,590.780517578125,11.784717559814453,1223211.181640625,19272.99482023716
2236,261.8205871582031,9.112454414367676,1223473.0022277832,19282.107274651527
2237,567.3618774414062,9.122385025024414,1224040.3641052246,19291.22965967655
2238,510.13946533203125,8.474267959594727,1224550.5035705566,19299.703927636147
2239,267.66961669921875,8.880437850952148,1224818.1731872559,19308.5843654871
2240,687.0857543945312,10.19781494140625,1225505.2589416504,19318.782180428505
2241,132.07888793945312,7.505998611450195,1225637.3378295898,19326.288179039955
2242,194.7571258544922,8.011299133300781,1225832.0949554443,19334.299478173256
2243,244.68975830078125,10.03111457824707,1226076.7847137451,19344.330592751503
2244,193.4421844482422,7.297391414642334,1226270.2268981934,19351.627984166145
2245,504.44232177734375,9.04674243927002,1226774.6692199707,19360.674726605415
2246,80.39581298828125,6.9594879150390625,1226855.065032959,19367.634214520454
2247,469.215576171875,9.725214958190918,1227324.2806091309,19377.359429478645
2248,352.2559509277344,8.203086853027344,1227676.5365600586,19385.562516331673
2249,139.56124877929688,8.43564510345459,1227816.097808838,19393.998161435127
2250,249.70462036132812,9.422184944152832,1228065.8024291992,19403.42034637928
2251,238.47195434570312,9.054102897644043,1228304.274383545,19412.474449276924
2252,325.2259216308594,10.020811080932617,1228629.5003051758,19422.495260357857
2253,480.829345703125,9.148663520812988,1229110.329650879,19431.64392387867
2254,498.7682800292969,7.420783996582031,1229609.0979309082,19439.06470787525
2255,406.9866943359375,8.3995361328125,1230016.0846252441,19447.464244008064
2256,625.1361083984375,10.544320106506348,1230641.2207336426,19458.00856411457
2257,360.3885498046875,8.356691360473633,1231001.6092834473,19466.365255475044
2258,228.2418975830078,8.972541809082031,1231229.8511810303,19475.337797284126
2259,285.7773132324219,8.41533088684082,1231515.6284942627,19483.753128170967
2260,382.56121826171875,9.957006454467773,1231898.1897125244,19493.710134625435
2261,242.98463439941406,8.47074031829834,1232141.1743469238,19502.180874943733
2262,694.7432250976562,8.736970901489258,1232835.9175720215,19510.917845845222
2263,228.2612762451172,8.262481689453125,1233064.1788482666,19519.180327534676
2264,560.970458984375,9.204809188842773,1233625.149307251,19528.38513672352
2265,311.3575439453125,8.822286605834961,1233936.5068511963,19537.207423329353
2266,305.803955078125,10.54146957397461,1234242.3108062744,19547.748892903328
2267,170.28875732421875,7.445881366729736,1234412.5995635986,19555.194774270058
2268,606.15380859375,9.525262832641602,1235018.7533721924,19564.7200371027
2269,636.4874267578125,9.726798057556152,1235655.2407989502,19574.446835160255
2270,546.3536376953125,8.87468433380127,1236201.5944366455,19583.321519494057
2271,249.47897338867188,8.883339881896973,1236451.0734100342,19592.204859375954
2272,219.67184448242188,8.300673484802246,1236670.7452545166,19600.505532860756
2273,419.209228515625,9.073978424072266,1237089.9544830322,19609.57951128483
2274,727.3937377929688,9.433831214904785,1237817.3482208252,19619.013342499733
2275,528.8262329101562,9.739209175109863,1238346.1744537354,19628.752551674843
2276,529.10791015625,9.360596656799316,1238875.2823638916,19638.113148331642
2277,101.06341552734375,3.237100839614868,1238976.345779419,19641.350249171257
2278,316.0289306640625,8.817137718200684,1239292.374710083,19650.167386889458
2279,220.32449340820312,7.772225856781006,1239512.6992034912,19657.93961274624
2280,273.4610290527344,9.386295318603516,1239786.160232544,19667.325908064842
2281,142.83116149902344,8.595440864562988,1239928.991394043,19675.921348929405
2282,334.4346008300781,9.182308197021484,1240263.425994873,19685.103657126427
2283,312.0417175292969,8.661766052246094,1240575.4677124023,19693.765423178673
2284,275.66717529296875,8.567224502563477,1240851.1348876953,19702.332647681236
2285,347.89373779296875,8.39441204071045,1241199.0286254883,19710.727059721947
2286,375.3348388671875,9.69397258758545,1241574.3634643555,19720.421032309532
2287,109.80196380615234,4.235740661621094,1241684.1654281616,19724.656772971153
2288,400.1229248046875,8.94131088256836,1242084.2883529663,19733.59808385372
2289,255.10105895996094,9.110304832458496,1242339.3894119263,19742.70838868618
2290,223.85162353515625,8.551238059997559,1242563.2410354614,19751.259626746178
2291,542.1942138671875,8.472503662109375,1243105.4352493286,19759.732130408287
2292,827.392333984375,8.887681007385254,1243932.827583313,19768.619811415672
2293,225.9896240234375,7.722889423370361,1244158.8172073364,19776.342700839043
2294,173.81849670410156,7.465875625610352,1244332.6357040405,19783.808576464653
2295,198.92996215820312,7.867824554443359,1244531.5656661987,19791.676401019096
2296,321.47686767578125,9.5404052734375,1244853.0425338745,19801.216806292534
2297,585.0759887695312,8.59061050415039,1245438.118522644,19809.807416796684
2298,811.9254150390625,9.201170921325684,1246250.043937683,19819.00858771801
2299,422.35418701171875,8.701417922973633,1246672.3981246948,19827.710005640984
2300,291.4333190917969,9.884414672851562,1246963.8314437866,19837.594420313835
2301,316.12994384765625,9.913043975830078,1247279.9613876343,19847.507464289665
2302,532.7794189453125,8.850902557373047,1247812.7408065796,19856.35836684704
2303,325.6586608886719,8.284383773803711,1248138.3994674683,19864.642750620842
2304,134.9627227783203,8.958365440368652,1248273.3621902466,19873.60111606121
2305,75.55547332763672,6.081603527069092,1248348.9176635742,19879.68271958828
2306,147.46450805664062,7.766981601715088,1248496.3821716309,19887.449701189995
2307,260.7870178222656,8.885222434997559,1248757.1691894531,19896.334923624992
2308,290.93524169921875,8.479964256286621,1249048.1044311523,19904.81488788128
2309,702.572265625,8.936238288879395,1249750.6766967773,19913.75112617016
2310,269.14031982421875,8.10318374633789,1250019.8170166016,19921.854309916496
2311,728.7022705078125,10.303913116455078,1250748.5192871094,19932.15822303295
2312,82.90437316894531,2.876904010772705,1250831.4236602783,19935.035127043724
2313,100.91056060791016,6.1000895500183105,1250932.3342208862,19941.135216593742
2314,260.1932373046875,8.349068641662598,1251192.527458191,19949.484285235405
2315,178.20428466796875,7.439396381378174,1251370.731742859,19956.923681616783
2316,411.291748046875,8.360807418823242,1251782.0234909058,19965.284489035606
2317,589.8679809570312,9.650996208190918,1252371.8914718628,19974.935485243797
2318,154.11013793945312,7.874945163726807,1252526.0016098022,19982.810430407524
2319,465.57891845703125,9.030595779418945,1252991.5805282593,19991.841026186943
2320,171.92034912109375,8.422974586486816,1253163.5008773804,20000.26400077343
2321,429.3033142089844,8.103606224060059,1253592.8041915894,20008.36760699749
2322,593.3414916992188,9.473959922790527,1254186.1456832886,20017.84156692028
2323,618.27978515625,9.714884757995605,1254804.4254684448,20027.556451678276
2324,806.6213989257812,8.726336479187012,1255611.0468673706,20036.282788157463
2325,742.8583984375,8.687631607055664,1256353.905265808,20044.97041976452
2326,510.1666564941406,8.760876655578613,1256864.0719223022,20053.731296420097
2327,189.24435424804688,7.979353904724121,1257053.3162765503,20061.71065032482
2328,276.09344482421875,8.608677864074707,1257329.4097213745,20070.319328188896
2329,530.1958618164062,8.597354888916016,1257859.605583191,20078.916683077812
2330,441.36578369140625,9.649820327758789,1258300.9713668823,20088.56650340557
2331,266.5057373046875,8.60589599609375,1258567.477104187,20097.172399401665
2332,680.632568359375,9.76333999633789,1259248.1096725464,20106.935739398003
2333,106.08074951171875,5.265799522399902,1259354.190422058,20112.201538920403
2334,704.2025146484375,9.037566184997559,1260058.3929367065,20121.2391051054
2335,415.7330322265625,8.63003158569336,1260474.125968933,20129.869136691093
2336,282.0744323730469,7.782039165496826,1260756.2004013062,20137.65117585659
2337,131.7486114501953,7.040900707244873,1260887.9490127563,20144.692076563835
2338,424.07366943359375,9.607527732849121,1261312.02268219,20154.299604296684
2339,460.53826904296875,9.920578002929688,1261772.560951233,20164.220182299614
2340,138.83592224121094,7.01953125,1261911.3968734741,20171.239713549614
2341,584.2708740234375,8.910869598388672,1262495.6677474976,20180.150583148003
2342,335.3661804199219,9.503904342651367,1262831.0339279175,20189.654487490654
2343,395.27252197265625,9.005419731140137,1263226.3064498901,20198.659907221794
2344,123.44245147705078,7.712879180908203,1263349.7489013672,20206.372786402702
2345,446.25067138671875,8.49218463897705,1263795.999572754,20214.86497104168
2346,403.117919921875,8.954680442810059,1264199.1174926758,20223.81965148449
2347,388.9801330566406,8.870416641235352,1264588.0976257324,20232.690068125725
2348,91.68003845214844,6.162703514099121,1264679.7776641846,20238.852771639824
2349,772.2885131835938,10.285882949829102,1265452.0661773682,20249.138654589653
2350,183.60235595703125,7.669345378875732,1265635.6685333252,20256.80799996853
2351,90.70262145996094,5.989458084106445,1265726.3711547852,20262.797458052635
2352,211.24227905273438,8.875300407409668,1265937.613433838,20271.672758460045
2353,634.68798828125,8.884491920471191,1266572.3014221191,20280.557250380516
2354,225.4975128173828,9.163646697998047,1266797.7989349365,20289.720897078514
2355,93.48110961914062,5.229282855987549,1266891.2800445557,20294.9501799345
2356,435.0662536621094,9.455039978027344,1267326.3462982178,20304.40521991253
2357,199.0684814453125,7.652657508850098,1267525.414779663,20312.05787742138
2358,478.8042907714844,8.726680755615234,1268004.2190704346,20320.784558176994
2359,217.0582275390625,8.894675254821777,1268221.2772979736,20329.679233431816
2360,560.9688720703125,9.059118270874023,1268782.246170044,20338.73835170269
2361,516.9969482421875,9.41736888885498,1269299.2431182861,20348.155720591545
2362,227.50344848632812,9.404359817504883,1269526.7465667725,20357.56008040905
2363,364.837158203125,8.974372863769531,1269891.5837249756,20366.53445327282
2364,856.0755004882812,8.73842716217041,1270747.6592254639,20375.27288043499
2365,365.57952880859375,8.028059005737305,1271113.2387542725,20383.300939440727
2366,417.4424133300781,8.398014068603516,1271530.6811676025,20391.69895350933
2367,328.96148681640625,9.28830337524414,1271859.642654419,20400.987256884575
2368,287.85797119140625,9.113086700439453,1272147.5006256104,20410.100343585014
2369,224.89260864257812,8.425338745117188,1272372.393234253,20418.52568233013
2370,373.52203369140625,9.109515190124512,1272745.9152679443,20427.635197520256
2371,593.9412231445312,9.49809455871582,1273339.8564910889,20437.133292078972
2372,828.4876708984375,8.944868087768555,1274168.3441619873,20446.07816016674
2373,370.3424072265625,8.2919282913208,1274538.6865692139,20454.37008845806
2374,303.423095703125,7.935614109039307,1274842.109664917,20462.3057025671
2375,765.9146728515625,9.461787223815918,1275608.0243377686,20471.767489790916
2376,93.47112274169922,6.191079616546631,1275701.4954605103,20477.958569407463
2377,305.70623779296875,8.075858116149902,1276007.2016983032,20486.034427523613
2378,141.37686157226562,7.315803527832031,1276148.5785598755,20493.350231051445
2379,380.0928955078125,10.176983833312988,1276528.6714553833,20503.527214884758
2380,283.8812561035156,9.410775184631348,1276812.5527114868,20512.93799006939
2381,296.0316162109375,8.060523986816406,1277108.5843276978,20520.998514056206
2382,84.06298828125,2.7885537147521973,1277192.647315979,20523.787067770958
2383,77.77436828613281,3.29887318611145,1277270.4216842651,20527.08594095707
2384,503.57135009765625,8.258968353271484,1277773.9930343628,20535.34490931034
2385,250.29661560058594,8.531539916992188,1278024.2896499634,20543.876449227333
2386,214.822998046875,8.54830265045166,1278239.1126480103,20552.424751877785
2387,507.3223876953125,9.657350540161133,1278746.4350357056,20562.082102417946
2388,453.17376708984375,9.512962341308594,1279199.6088027954,20571.595064759254
2389,379.496826171875,9.445250511169434,1279579.1056289673,20581.040315270424
2390,451.302734375,8.017659187316895,1280030.4083633423,20589.05797445774
2391,224.3990020751953,8.417795181274414,1280254.8073654175,20597.475769639015
2392,407.72808837890625,8.897231101989746,1280662.5354537964,20606.373000741005
2393,351.83056640625,9.225122451782227,1281014.3660202026,20615.598123192787
2394,425.21551513671875,8.886631965637207,1281439.5815353394,20624.484755158424
2395,216.25308227539062,8.2789888381958,1281655.8346176147,20632.76374399662
2396,581.45703125,8.411151885986328,1282237.2916488647,20641.174895882607
2397,400.09832763671875,9.135669708251953,1282637.3899765015,20650.31056559086
2398,423.565673828125,9.990591049194336,1283060.9556503296,20660.301156640053
2399,528.2373046875,9.124662399291992,1283589.192955017,20669.425819039345
2400,374.4859924316406,10.217047691345215,1283963.6789474487,20679.64286673069
2401,763.3030395507812,10.554238319396973,1284726.9819869995,20690.197105050087
2402,306.93511962890625,9.479361534118652,1285033.9171066284,20699.676466584206
2403,700.7618408203125,9.942597389221191,1285734.6789474487,20709.619063973427
2404,341.5502624511719,9.857307434082031,1286076.2292099,20719.47637140751
2405,645.7727661132812,9.34049129486084,1286722.0019760132,20728.81686270237
2406,80.03211975097656,5.892667293548584,1286802.0340957642,20734.70952999592
2407,545.0335693359375,9.26516342163086,1287347.0676651,20743.97469341755
2408,839.2951049804688,9.133373260498047,1288186.3627700806,20753.108066678047
2409,686.557861328125,8.575019836425781,1288872.9206314087,20761.683086514473
2410,561.1470947265625,9.782720565795898,1289434.0677261353,20771.46580708027
2411,330.1571350097656,10.50134563446045,1289764.224861145,20781.96715271473
2412,472.18316650390625,9.267603874206543,1290236.408027649,20791.234756588936
2413,208.70260620117188,9.180177688598633,1290445.11063385,20800.414934277534
2414,660.789306640625,10.20499324798584,1291105.8999404907,20810.61992752552
2415,479.27081298828125,8.692561149597168,1291585.170753479,20819.312488675117
2416,426.89617919921875,9.631437301635742,1292012.0669326782,20828.943925976753
2417,594.6989135742188,8.637301445007324,1292606.7658462524,20837.58122742176
2418,73.86856079101562,3.385930299758911,1292680.6344070435,20840.96715772152
2419,562.022216796875,8.810127258300781,1293242.6566238403,20849.77728497982
2420,591.4512939453125,8.705324172973633,1293834.1079177856,20858.482609152794
2421,481.267822265625,8.334846496582031,1294315.3757400513,20866.817455649376
2422,232.25601196289062,8.4957857131958,1294547.6317520142,20875.31324136257
2423,488.7173767089844,8.615219116210938,1295036.3491287231,20883.928460478783
2424,441.0238037109375,8.531294822692871,1295477.372932434,20892.459755301476
2425,112.20931243896484,6.916572093963623,1295589.582244873,20899.37632739544
2426,429.383544921875,9.365118026733398,1296018.965789795,20908.741445422173
2427,400.5227966308594,8.346027374267578,1296419.4885864258,20917.08747279644
2428,77.31294250488281,3.6292803287506104,1296496.8015289307,20920.71675312519
2429,399.11785888671875,9.179611206054688,1296895.9193878174,20929.896364331245
2430,533.853759765625,8.906173706054688,1297429.773147583,20938.8025380373
2431,389.9406433105469,8.765951156616211,1297819.7137908936,20947.568489193916
2432,211.43142700195312,7.966330051422119,1298031.1452178955,20955.53481924534
2433,344.79595947265625,8.383843421936035,1298375.9411773682,20963.918662667274
2434,180.46127319335938,7.739153861999512,1298556.4024505615,20971.657816529274
2435,756.1292724609375,8.858892440795898,1299312.5317230225,20980.51670897007
2436,246.51907348632812,7.631050109863281,1299559.0507965088,20988.147759079933
2437,241.83607482910156,8.808313369750977,1299800.886871338,20996.956072449684
2438,620.7487182617188,9.091954231262207,1300421.6355895996,21006.048026680946
2439,154.47227478027344,7.5288472175598145,1300576.1078643799,21013.576873898506
2440,666.1715087890625,9.755290985107422,1301242.279373169,21023.332164883614
2441,359.8876953125,9.053306579589844,1301602.1670684814,21032.385471463203
2442,79.28779602050781,3.0388665199279785,1301681.454864502,21035.42433798313
2443,236.87864685058594,8.405089378356934,1301918.3335113525,21043.82942736149
2444,289.3810119628906,8.74857234954834,1302207.7145233154,21052.577999711037
2445,253.35760498046875,7.555107116699219,1302461.072128296,21060.133106827736
2446,650.4794311523438,9.072864532470703,1303111.5515594482,21069.205971360207
2447,197.35044860839844,8.3875093460083,1303308.9020080566,21077.593480706215
2448,221.00930786132812,9.10040283203125,1303529.911315918,21086.693883538246
2449,503.6459045410156,9.511134147644043,1304033.557220459,21096.20501768589
2450,347.31842041015625,9.201952934265137,1304380.8756408691,21105.406970620155
2451,671.1556396484375,8.650850296020508,1305052.0312805176,21114.057820916176
2452,250.47549438476562,8.781437873840332,1305302.5067749023,21122.839258790016
2453,215.96278381347656,8.280545234680176,1305518.4695587158,21131.119804024696
2454,79.62861633300781,1.684375524520874,1305598.0981750488,21132.804179549217
2455,325.265869140625,10.306229591369629,1305923.3640441895,21143.110409140587
2456,308.732666015625,8.674219131469727,1306232.096710205,21151.784628272057
2457,102.19652557373047,5.9183454513549805,1306334.2932357788,21157.70297372341
2458,106.66680908203125,7.402795314788818,1306440.9600448608,21165.1057690382
2459,435.11962890625,9.117500305175781,1306876.079673767,21174.223269343376
2460,73.08473205566406,2.465334892272949,1306949.1644058228,21176.68860423565
2461,359.8919372558594,8.792573928833008,1307309.0563430786,21185.481178164482
2462,387.65008544921875,8.475576400756836,1307696.7064285278,21193.95675456524
2463,685.4937744140625,9.08983039855957,1308382.200202942,21203.0465849638
2464,394.55096435546875,8.836886405944824,1308776.7511672974,21211.883471369743
2465,805.61328125,9.412752151489258,1309582.3644485474,21221.296223521233
2466,430.2882080078125,8.417926788330078,1310012.6526565552,21229.714150309563
2467,494.607666015625,9.057225227355957,1310507.2603225708,21238.77137553692
2468,504.3516845703125,8.804186820983887,1311011.612007141,21247.575562357903
2469,286.08209228515625,7.963441848754883,1311297.6940994263,21255.539004206657
2470,890.1068725585938,9.848217010498047,1312187.8009719849,21265.387221217155
2471,527.5575561523438,9.167760848999023,1312715.3585281372,21274.554982066154
2472,510.7191467285156,9.187946319580078,1313226.0776748657,21283.742928385735
2473,459.1221618652344,9.632852554321289,1313685.199836731,21293.375780940056
2474,345.2618713378906,8.65981388092041,1314030.4617080688,21302.035594820976
2475,583.3403930664062,9.115531921386719,1314613.8021011353,21311.151126742363
2476,332.35382080078125,8.095246315002441,1314946.155921936,21319.246373057365
2477,385.49407958984375,8.433744430541992,1315331.6500015259,21327.680117487907
2478,117.69331359863281,8.116562843322754,1315449.3433151245,21335.79668033123
2479,242.62330627441406,8.585406303405762,1315691.966621399,21344.382086634636
2480,409.4477233886719,8.66330337524414,1316101.4143447876,21353.04539000988
2481,756.178955078125,8.397004127502441,1316857.5932998657,21361.442394137383
2482,118.65165710449219,5.770090103149414,1316976.2449569702,21367.212484240532
2483,356.57000732421875,9.360215187072754,1317332.8149642944,21376.572699427605
2484,702.1556396484375,8.930805206298828,1318034.9706039429,21385.503504633904
2485,644.7198486328125,9.537628173828125,1318679.6904525757,21395.04113280773
2486,90.81439208984375,5.952831268310547,1318770.5048446655,21400.993964076042
2487,452.92620849609375,9.502769470214844,1319223.4310531616,21410.496733546257
2488,216.20765686035156,8.086532592773438,1319439.638710022,21418.58326613903
2489,657.14453125,9.647356033325195,1320096.783241272,21428.230622172356
2490,488.08270263671875,8.350723266601562,1320584.8659439087,21436.581345438957
2491,461.8682861328125,9.518208503723145,1321046.7342300415,21446.09955394268
2492,349.6942443847656,7.991165637969971,1321396.4284744263,21454.09071958065
2493,412.43524169921875,9.399055480957031,1321808.8637161255,21463.489775061607
2494,437.1931457519531,8.381574630737305,1322246.0568618774,21471.871349692345
2495,200.70399475097656,8.62891960144043,1322446.7608566284,21480.500269293785
2496,265.17327880859375,8.31037712097168,1322711.934135437,21488.810646414757
2497,540.3095703125,8.5398588180542,1323252.2437057495,21497.35050523281
2498,103.44581604003906,3.303281784057617,1323355.6895217896,21500.65378701687
2499,418.3486328125,9.608546257019043,1323774.038154602,21510.262333273888
2500,420.516845703125,8.34492301940918,1324194.5550003052,21518.607256293297
2501,323.7559509277344,8.543566703796387,1324518.310951233,21527.150822997093
2502,255.11146545410156,8.487107276916504,1324773.422416687,21535.63793027401
2503,679.3674926757812,10.018953323364258,1325452.7899093628,21545.656883597374
2504,390.62353515625,10.11247444152832,1325843.413444519,21555.769358038902
2505,524.1717529296875,10.120251655578613,1326367.5851974487,21565.88960969448
2506,476.4073791503906,8.725408554077148,1326843.9925765991,21574.615018248558
2507,132.5633544921875,7.645129680633545,1326976.5559310913,21582.26014792919
2508,289.21026611328125,8.165129661560059,1327265.7661972046,21590.42527759075
2509,76.13978576660156,2.348663330078125,1327341.9059829712,21592.77394092083
2510,565.1036987304688,8.927109718322754,1327907.0096817017,21601.701050639153
2511,550.726318359375,8.656474113464355,1328457.736000061,21610.357524752617
2512,234.84954833984375,8.53696060180664,1328692.5855484009,21618.894485354424
2513,433.1636962890625,9.516072273254395,1329125.74924469,21628.410557627678
2514,522.558837890625,8.822381973266602,1329648.3080825806,21637.232939600945
2515,125.61662292480469,7.267140865325928,1329773.9247055054,21644.50008046627
2516,77.78611755371094,3.765475034713745,1329851.710823059,21648.265555500984
2517,150.041259765625,7.384398937225342,1330001.7520828247,21655.64995443821
2518,553.4407958984375,9.328442573547363,1330555.1928787231,21664.978397011757
2519,747.0208740234375,10.463027954101562,1331302.2137527466,21675.44142496586
2520,435.63983154296875,9.403885841369629,1331737.8535842896,21684.845310807228
2521,531.7626342773438,9.048579216003418,1332269.616218567,21693.89389002323
2522,423.56805419921875,8.869406700134277,1332693.184272766,21702.763296723366
2523,84.64372253417969,5.314240455627441,1332777.8279953003,21708.077537178993
2524,268.43310546875,8.639080047607422,1333046.261100769,21716.7166172266
2525,195.72311401367188,8.280945777893066,1333241.9842147827,21724.997563004494
2526,471.855712890625,9.131587028503418,1333713.8399276733,21734.129150032997
2527,112.87173461914062,8.702271461486816,1333826.7116622925,21742.831421494484
2528,431.96380615234375,9.746221542358398,1334258.6754684448,21752.577643036842
2529,81.17453002929688,3.757030487060547,1334339.8499984741,21756.334673523903
2530,434.29351806640625,8.656649589538574,1334774.1435165405,21764.99132311344
2531,224.93569946289062,8.813315391540527,1334999.0792160034,21773.804638504982
2532,441.07611083984375,8.590048789978027,1335440.1553268433,21782.39468729496
2533,271.6625061035156,9.475533485412598,1335711.8178329468,21791.870220780373
2534,550.318359375,8.979684829711914,1336262.1361923218,21800.849905610085
2535,677.7321166992188,10.93332290649414,1336939.868309021,21811.78322851658
2536,216.1710205078125,9.63359260559082,1337156.0393295288,21821.41682112217
2537,300.02386474609375,11.21777057647705,1337456.063194275,21832.634591698647
2538,624.8975830078125,8.854180335998535,1338080.9607772827,21841.488772034645
2539,291.2037048339844,9.000762939453125,1338372.1644821167,21850.4895349741
2540,667.59130859375,9.50216293334961,1339039.7557907104,21859.991697907448
2541,493.28961181640625,9.504680633544922,1339533.0454025269,21869.496378540993
2542,810.5999755859375,9.329690933227539,1340343.6453781128,21878.82606947422
2543,233.42726135253906,10.399977684020996,1340577.0726394653,21889.22604715824
2544,378.38409423828125,9.919047355651855,1340955.4567337036,21899.145094513893
2545,502.27056884765625,8.874653816223145,1341457.7273025513,21908.019748330116
2546,513.455078125,9.170039176940918,1341971.1823806763,21917.189787507057
2547,64.93792724609375,7.84222412109375,1342036.1203079224,21925.03201162815
2548,397.5785827636719,9.690279960632324,1342433.698890686,21934.722291588783
2549,351.8693542480469,9.38672924041748,1342785.568244934,21944.1090208292
2550,122.67929077148438,8.397078514099121,1342908.2475357056,21952.5060993433
2551,238.0963897705078,8.476311683654785,1343146.343925476,21960.982411026955
2552,69.65172576904297,3.2923526763916016,1343215.9956512451,21964.274763703346
2553,73.59288024902344,4.505293846130371,1343289.5885314941,21968.780057549477
2554,99.49163818359375,7.510824680328369,1343389.0801696777,21976.290882229805
2555,469.726318359375,9.741765975952148,1343858.806488037,21986.032648205757
2556,416.8612060546875,8.855710983276367,1344275.6676940918,21994.888359189034
2557,649.8397827148438,10.504979133605957,1344925.5074768066,22005.39333832264
2558,289.63690185546875,8.908897399902344,1345215.144378662,22014.30223572254
2559,393.3939514160156,10.948592185974121,1345608.5383300781,22025.250827908516
2560,465.66876220703125,8.33052921295166,1346074.2070922852,22033.581357121468
2561,76.15757751464844,4.250639915466309,1346150.3646697998,22037.831997036934
2562,685.3833618164062,9.347624778747559,1346835.7480316162,22047.17962181568
2563,433.43505859375,8.755071640014648,1347269.18309021,22055.934693455696
2564,344.06884765625,9.727195739746094,1347613.2519378662,22065.661889195442
2565,83.29093170166016,5.889562129974365,1347696.5428695679,22071.551451325417
2566,485.45782470703125,9.759923934936523,1348182.000694275,22081.311375260353
2567,499.6878662109375,9.62269115447998,1348681.6885604858,22090.934066414833
2568,534.597412109375,9.741294860839844,1349216.2859725952,22100.675361275673
2569,77.59751892089844,3.2558202743530273,1349293.883491516,22103.931181550026
2570,268.32757568359375,8.782909393310547,1349562.2110671997,22112.714090943336
2571,431.0292053222656,9.37272834777832,1349993.240272522,22122.086819291115
2572,196.56454467773438,8.89358901977539,1350189.8048171997,22130.98040831089
2573,222.70535278320312,8.182164192199707,1350412.510169983,22139.16257250309
2574,497.5719909667969,9.081196784973145,1350910.0821609497,22148.243769288063
2575,205.80148315429688,8.752545356750488,1351115.883644104,22156.996314644814
2576,332.80584716796875,8.533825874328613,1351448.689491272,22165.530140519142
2577,262.4512023925781,9.233987808227539,1351711.1406936646,22174.76412832737
2578,268.910888671875,9.224238395690918,1351980.0515823364,22183.98836672306
2579,441.43914794921875,8.981436729431152,1352421.4907302856,22192.96980345249
2580,175.65484619140625,7.823090076446533,1352597.145576477,22200.79289352894
2581,380.383056640625,8.74954605102539,1352977.5286331177,22209.542439579964
2582,658.088623046875,9.69475269317627,1353635.6172561646,22219.23719227314
2583,380.89837646484375,9.324392318725586,1354016.5156326294,22228.561584591866
2584,369.6670227050781,9.83967113494873,1354386.1826553345,22238.401255726814
2585,178.43350219726562,8.126641273498535,1354564.6161575317,22246.527897000313
2586,319.44140625,8.917814254760742,1354884.0575637817,22255.445711255074
2587,579.4666137695312,9.170025825500488,1355463.5241775513,22264.615737080574
2588,213.05340576171875,8.416874885559082,1355676.577583313,22273.032611966133
2589,436.3472595214844,9.757149696350098,1356112.9248428345,22282.789761662483
2590,269.8377685546875,8.504680633544922,1356382.7626113892,22291.294442296028
2591,542.5576171875,9.1791353225708,1356925.3202285767,22300.4735776186
2592,348.84014892578125,9.130419731140137,1357274.1603775024,22309.60399734974
2593,327.9530334472656,9.337389945983887,1357602.1134109497,22318.941387295723
2594,218.9026641845703,9.028148651123047,1357821.0160751343,22327.969535946846
2595,415.7923889160156,8.690227508544922,1358236.8084640503,22336.65976345539
2596,184.28697204589844,7.341664791107178,1358421.0954360962,22344.001428246498
2597,75.87506103515625,4.7924065589904785,1358496.9704971313,22348.79383480549
2598,190.1106719970703,8.227461814880371,1358687.0811691284,22357.02129662037
2599,188.2323760986328,7.760479927062988,1358875.313545227,22364.781776547432
2600,185.5255889892578,8.612502098083496,1359060.8391342163,22373.394278645515
2601,240.008056640625,7.883349418640137,1359300.847190857,22381.277628064156
2602,484.4564208984375,8.436808586120605,1359785.3036117554,22389.714436650276
2603,389.8292236328125,9.155560493469238,1360175.1328353882,22398.869997143745
2604,340.4888916015625,9.967735290527344,1360515.6217269897,22408.837732434273
2605,421.1847839355469,8.40706729888916,1360936.8065109253,22417.244799733162
2606,304.96002197265625,9.438151359558105,1361241.766532898,22426.68295109272
2607,159.54275512695312,7.490325927734375,1361401.309288025,22434.173277020454
2608,275.77899169921875,8.75545883178711,1361677.0882797241,22442.92873585224
2609,128.64454650878906,7.615207195281982,1361805.732826233,22450.543943047523
2610,443.04754638671875,8.746703147888184,1362248.7803726196,22459.29064619541
2611,590.7989501953125,9.476676940917969,1362839.579322815,22468.76732313633
2612,749.324951171875,9.137044906616211,1363588.9042739868,22477.904368042946
2613,212.72097778320312,8.792466163635254,1363801.62525177,22486.69683420658
2614,614.2405395507812,8.6474027633667,1364415.8657913208,22495.344236969948
2615,605.56982421875,8.820852279663086,1365021.4356155396,22504.16508924961
2616,521.7470703125,9.458453178405762,1365543.182685852,22513.623542428017
2617,234.12429809570312,7.396169185638428,1365777.3069839478,22521.019711613655
2618,142.07510375976562,8.283747673034668,1365919.3820877075,22529.30345928669
2619,314.4756774902344,8.829822540283203,1366233.8577651978,22538.133281826973
2620,224.00592041015625,8.902419090270996,1366457.863685608,22547.035700917244
2621,510.1516418457031,8.911620140075684,1366968.0153274536,22555.94732105732
2622,73.44080352783203,3.075296640396118,1367041.4561309814,22559.022617697716
2623,356.65478515625,8.69459056854248,1367398.1109161377,22567.71720826626
2624,255.10012817382812,8.985703468322754,1367653.2110443115,22576.70291173458
2625,649.5377197265625,9.19530200958252,1368302.748764038,22585.898213744164
2626,486.21612548828125,9.815412521362305,1368788.9648895264,22595.713626265526
2627,188.46392822265625,9.141310691833496,1368977.428817749,22604.85493695736
2628,131.87152099609375,7.29087495803833,1369109.3003387451,22612.145811915398
2629,331.50848388671875,8.78951644897461,1369440.8088226318,22620.935328364372
2630,85.29158020019531,5.669373989105225,1369526.100402832,22626.604702353477
2631,451.63787841796875,8.920354843139648,1369977.73828125,22635.525057196617
2632,502.14508056640625,9.731520652770996,1370479.8833618164,22645.256577849388
2633,401.4879455566406,9.060273170471191,1370881.371307373,22654.31685101986
2634,431.2628479003906,8.493403434753418,1371312.6341552734,22662.810254454613
2635,173.57350158691406,7.0193657875061035,1371486.2076568604,22669.82962024212
2636,324.69476318359375,8.499960899353027,1371810.902420044,22678.329581141472
2637,234.51327514648438,8.82287883758545,1372045.4156951904,22687.152459979057
2638,96.019287109375,7.129861831665039,1372141.4349822998,22694.282321810722
2639,433.9213562011719,9.331794738769531,1372575.356338501,22703.614116549492
2640,356.1058044433594,9.535466194152832,1372931.4621429443,22713.149582743645
2641,419.7195129394531,8.021458625793457,1373351.1816558838,22721.171041369438
2642,393.4112548828125,8.826982498168945,1373744.5929107666,22729.998023867607
2643,243.70852661132812,8.792256355285645,1373988.301437378,22738.790280222893
2644,548.8253173828125,9.722129821777344,1374537.1267547607,22748.51241004467
2645,183.7737274169922,8.254223823547363,1374720.9004821777,22756.766633868217
2646,191.47665405273438,7.466185092926025,1374912.3771362305,22764.232818961143
2647,442.3252258300781,9.290542602539062,1375354.7023620605,22773.523361563683
2648,229.3433380126953,7.832615375518799,1375584.0457000732,22781.3559769392
2649,450.1410217285156,9.161837577819824,1376034.1867218018,22790.51781451702
2650,364.78851318359375,9.827197074890137,1376398.9752349854,22800.34501159191
2651,199.77871704101562,7.920948028564453,1376598.7539520264,22808.265959620476
2652,453.2488708496094,9.199871063232422,1377052.002822876,22817.46583068371
2653,572.5032348632812,9.396340370178223,1377624.5060577393,22826.862171053886
2654,636.3321533203125,8.448539733886719,1378260.8382110596,22835.310710787773
2655,256.0826416015625,8.5369234085083,1378516.9208526611,22843.84763419628
2656,176.64187622070312,7.4644575119018555,1378693.5627288818,22851.312091708183
2657,362.67529296875,9.112777709960938,1379056.2380218506,22860.424869418144
2658,76.92949676513672,5.1612067222595215,1379133.1675186157,22865.586076140404
2659,80.0546875,5.372283935546875,1379213.2222061157,22870.95836007595
2660,223.2183074951172,8.739580154418945,1379436.4405136108,22879.69794023037
2661,72.93926239013672,2.673006057739258,1379509.379776001,22882.37094628811
2662,101.72868347167969,6.901410102844238,1379611.1084594727,22889.272356390953
2663,218.92767333984375,7.962883949279785,1379830.0361328125,22897.235240340233
2664,243.8305206298828,9.382044792175293,1380073.8666534424,22906.617285132408
2665,67.53276062011719,5.633663177490234,1380141.3994140625,22912.2509483099
2666,169.71356201171875,8.21456527709961,1380311.1129760742,22920.465513586998
2667,436.27337646484375,8.889017105102539,1380747.386352539,22929.3545306921
2668,508.336669921875,8.602045059204102,1381255.723022461,22937.956575751305
2669,345.8389892578125,8.832531929016113,1381601.5620117188,22946.78910768032
2670,360.342529296875,8.616738319396973,1381961.9045410156,22955.405845999718
2671,201.14218139648438,8.14445686340332,1382163.046722412,22963.55030286312
2672,534.383056640625,9.50893783569336,1382697.4297790527,22973.059240698814
2673,552.228515625,10.039992332458496,1383249.6582946777,22983.099233031273
2674,282.64166259765625,7.525274753570557,1383532.2999572754,22990.624507784843
2675,607.445068359375,9.32535171508789,1384139.7450256348,22999.94985949993
2676,195.8690185546875,7.941461563110352,1384335.6140441895,23007.89132106304
2677,740.0423583984375,10.851727485656738,1385075.656402588,23018.7430485487
2678,81.69126892089844,3.8791275024414062,1385157.3476715088,23022.62217605114
2679,380.80731201171875,8.347208023071289,1385538.1549835205,23030.96938407421
2680,389.74560546875,9.86523723602295,1385927.9005889893,23040.834621310234
2681,69.61090087890625,3.6205620765686035,1385997.5114898682,23044.455183386803
2682,70.83489227294922,2.6113193035125732,1386068.346382141,23047.066502690315
2683,395.98114013671875,10.699483871459961,1386464.3275222778,23057.765986561775
2684,435.6553955078125,10.291001319885254,1386899.9829177856,23068.05698788166
2685,554.0902709960938,9.837226867675781,1387454.0731887817,23077.894214749336
2686,635.4324340820312,9.0856294631958,1388089.5056228638,23086.979844212532
2687,74.7423095703125,2.1765613555908203,1388164.247932434,23089.156405568123
2688,337.7606201171875,7.930627346038818,1388502.0085525513,23097.08703291416
2689,466.9210205078125,8.982208251953125,1388968.929573059,23106.069241166115
2690,89.13980102539062,7.074664115905762,1389058.0693740845,23113.14390528202
2691,198.11614990234375,8.962873458862305,1389256.1855239868,23122.106778740883
2692,292.46368408203125,8.269407272338867,1389548.6492080688,23130.37618601322
2693,387.98687744140625,8.647871017456055,1389936.6360855103,23139.024057030678
2694,191.144287109375,8.720693588256836,1390127.7803726196,23147.744750618935
2695,398.013671875,9.516816139221191,1390525.7940444946,23157.261566758156
2696,357.8116149902344,9.03426456451416,1390883.6056594849,23166.29583132267
2697,281.1111145019531,9.501672744750977,1391164.7167739868,23175.79750406742
2698,79.83784484863281,6.921408176422119,1391244.5546188354,23182.718912243843
2699,798.7450561523438,9.170480728149414,1392043.2996749878,23191.889392971992
2700,654.1993408203125,9.402524948120117,1392697.499015808,23201.291917920113
2701,555.7654418945312,9.234020233154297,1393253.2644577026,23210.525938153267
2702,654.8275756835938,9.115808486938477,1393908.0920333862,23219.641746640205
2703,175.894287109375,8.254509925842285,1394083.9863204956,23227.896256566048
2704,213.19430541992188,9.909581184387207,1394297.1806259155,23237.805837750435
2705,87.142578125,5.66017484664917,1394384.3232040405,23243.466012597084
2706,469.34173583984375,10.36656665802002,1394853.6649398804,23253.832579255104
2707,297.28741455078125,8.447216033935547,1395150.9523544312,23262.27979528904
2708,200.46054077148438,8.740483283996582,1395351.4128952026,23271.020278573036
2709,236.69696044921875,8.264342308044434,1395588.1098556519,23279.28462088108
2710,332.36871337890625,8.849329948425293,1395920.4785690308,23288.133950829506
2711,214.82740783691406,8.818992614746094,1396135.3059768677,23296.952943444252
2712,72.62654113769531,2.738051414489746,1396207.9325180054,23299.69099485874
2713,268.9443054199219,8.633947372436523,1396476.8768234253,23308.32494223118
2714,459.5953369140625,8.353824615478516,1396936.4721603394,23316.678766846657
2715,155.82557678222656,7.304577350616455,1397092.2977371216,23323.983344197273
2716,458.65576171875,10.498903274536133,1397550.9534988403,23334.48224747181
2717,378.80767822265625,9.392912864685059,1397929.761177063,23343.875160336494
2718,288.6266174316406,9.06380558013916,1398218.3877944946,23352.938965916634
2719,322.7230529785156,8.887384414672852,1398541.1108474731,23361.826350331306
2720,184.9013671875,7.80673885345459,1398726.0122146606,23369.63308918476
2721,193.11068725585938,10.060476303100586,1398919.1229019165,23379.69356548786
2722,214.28244018554688,9.532111167907715,1399133.405342102,23389.22567665577
2723,77.33953094482422,3.956881523132324,1399210.7448730469,23393.1825581789
2724,515.18701171875,8.920230865478516,1399725.9318847656,23402.10278904438
2725,183.0708770751953,7.971124649047852,1399909.0027618408,23410.073913693428
2726,371.83843994140625,8.296248435974121,1400280.8412017822,23418.370162129402
2727,63.54762268066406,7.21392822265625,1400344.388824463,23425.58409035206
2728,360.9643249511719,8.840579986572266,1400705.353149414,23434.42467033863
2729,173.79473876953125,7.646735191345215,1400879.1478881836,23442.071405529976
2730,164.59072875976562,8.956931114196777,1401043.7386169434,23451.028336644173
2731,208.329345703125,9.556377410888672,1401252.0679626465,23460.58471405506
2732,389.8941650390625,9.470194816589355,1401641.9621276855,23470.05490887165
2733,404.64752197265625,8.216261863708496,1402046.6096496582,23478.27117073536
2734,242.8289031982422,8.77522087097168,1402289.4385528564,23487.04639160633
2735,435.0635070800781,8.546778678894043,1402724.5020599365,23495.593170285225
2736,290.24371337890625,9.200946807861328,1403014.7457733154,23504.794117093086
2737,84.5377426147461,2.559985399246216,1403099.2835159302,23507.354102492332
2738,77.98500061035156,5.077394485473633,1403177.2685165405,23512.431496977806
2739,113.51557922363281,7.86611270904541,1403290.7840957642,23520.29760968685
2740,503.61846923828125,8.834880828857422,1403794.4025650024,23529.13249051571
2741,111.28776550292969,2.0614335536956787,1403905.6903305054,23531.193924069405
2742,207.79873657226562,8.023144721984863,1404113.4890670776,23539.21706879139
2743,191.1341094970703,9.346487998962402,1404304.6231765747,23548.563556790352
2744,467.3394775390625,9.587421417236328,1404771.9626541138,23558.15097820759
2745,334.7464599609375,8.72718334197998,1405106.7091140747,23566.878161549568
2746,532.7796630859375,8.370576858520508,1405639.4887771606,23575.24873840809
2747,271.26214599609375,8.641336441040039,1405910.7509231567,23583.89007484913
2748,631.7528686523438,9.288581848144531,1406542.503791809,23593.178656697273
2749,390.76904296875,8.032712936401367,1406933.2728347778,23601.211369633675
2750,438.04510498046875,9.432555198669434,1407371.3179397583,23610.643924832344
2751,369.0509033203125,9.168289184570312,1407740.3688430786,23619.812214016914
2752,253.970947265625,9.804143905639648,1407994.3397903442,23629.616357922554
2753,72.77037048339844,6.043064594268799,1408067.1101608276,23635.659422516823
2754,229.3528594970703,8.423563003540039,1408296.4630203247,23644.082985520363
2755,637.7698974609375,8.463396072387695,1408934.2329177856,23652.54638159275
2756,77.57884216308594,4.540228843688965,1409011.8117599487,23657.08661043644
2757,491.2519226074219,9.601738929748535,1409503.0636825562,23666.688349366188
2758,276.5260314941406,8.870686531066895,1409779.5897140503,23675.559035897255
2759,174.94927978515625,8.883403778076172,1409954.5389938354,23684.44243967533
2760,82.25946044921875,7.944862365722656,1410036.7984542847,23692.387302041054
2761,395.9599914550781,9.361834526062012,1410432.7584457397,23701.749136567116
2762,280.5152587890625,8.45529842376709,1410713.2737045288,23710.204434990883
2763,395.0728454589844,8.619020462036133,1411108.3465499878,23718.82345545292
2764,331.6309814453125,8.451960563659668,1411439.977531433,23727.27541601658
2765,487.5736083984375,9.014533996582031,1411927.5511398315,23736.28995001316
2766,798.84423828125,9.687825202941895,1412726.3953781128,23745.977775216103
2767,373.6827392578125,9.202978134155273,1413100.0781173706,23755.180753350258
2768,77.52098846435547,2.523892879486084,1413177.599105835,23757.704646229744
2769,386.3290710449219,8.056920051574707,1413563.9281768799,23765.76156628132
2770,276.0470886230469,8.52649211883545,1413839.975265503,23774.288058400154
2771,566.6370849609375,9.942832946777344,1414406.6123504639,23784.23089134693
2772,200.31756591796875,9.169541358947754,1414606.9299163818,23793.40043270588
2773,247.71392822265625,8.479145050048828,1414854.6438446045,23801.879577755928
2774,334.37847900390625,10.012802124023438,1415189.0223236084,23811.89237987995
2775,127.91194152832031,7.100313186645508,1415316.9342651367,23818.992693066597
2776,462.5562744140625,9.208556175231934,1415779.4905395508,23828.20124924183
2777,446.1103515625,9.3042631149292,1416225.6008911133,23837.505512356758
2778,388.5882568359375,9.701600074768066,1416614.1891479492,23847.207112431526
2779,256.9209899902344,7.990687847137451,1416871.1101379395,23855.197800278664
2780,80.56877136230469,5.8368425369262695,1416951.6789093018,23861.03464281559
2781,504.19952392578125,8.619909286499023,1417455.8784332275,23869.65455210209
2782,730.4640502929688,8.609437942504883,1418186.3424835205,23878.263990044594
2783,413.257568359375,8.703303337097168,1418599.6000518799,23886.96729338169
2784,381.1065673828125,9.17266845703125,1418980.7066192627,23896.139961838722
2785,236.3479461669922,8.238655090332031,1419217.0545654297,23904.378616929054
2786,106.14567565917969,7.116889953613281,1419323.2002410889,23911.495506882668
2787,373.8299560546875,8.994729042053223,1419697.0301971436,23920.49023592472
2788,594.2179565429688,9.382798194885254,1420291.2481536865,23929.873034119606
2789,625.5328369140625,9.472338676452637,1420916.7809906006,23939.34537279606
2790,711.1390991210938,8.670273780822754,1421627.9200897217,23948.01564657688
2791,155.1106719970703,8.93144702911377,1421783.0307617188,23956.947093605995
2792,399.86309814453125,8.881498336791992,1422182.8938598633,23965.828591942787
2793,75.97673034667969,3.0926706790924072,1422258.87059021,23968.92126262188
2794,821.3553466796875,9.708642959594727,1423080.2259368896,23978.629905581474
2795,246.96266174316406,8.234491348266602,1423327.1885986328,23986.86439692974
2796,92.68759155273438,5.463586807250977,1423419.8761901855,23992.327983736992
2797,88.09364318847656,6.502641677856445,1423507.969833374,23998.83062541485
2798,196.867431640625,8.4310302734375,1423704.8372650146,24007.261655688286
2799,382.4375915527344,8.918892860412598,1424087.2748565674,24016.1805485487
2800,193.35064697265625,8.055766105651855,1424280.62550354,24024.23631465435
2801,214.0209197998047,9.390539169311523,1424494.6464233398,24033.62685382366
2802,407.680908203125,9.243443489074707,1424902.327331543,24042.870297312737
2803,462.5164794921875,8.67193603515625,1425364.8438110352,24051.542233347893
2804,390.8611755371094,9.00300121307373,1425755.7049865723,24060.545234560966
2805,410.7996826171875,8.072000503540039,1426166.5046691895,24068.617235064507
2806,405.3437194824219,8.879315376281738,1426571.8483886719,24077.49655044079
2807,72.00668334960938,3.435749053955078,1426643.8550720215,24080.932299494743
2808,155.92367553710938,7.571593761444092,1426799.7787475586,24088.503893256187
2809,257.4731750488281,7.191824436187744,1427057.2519226074,24095.695717692375
2810,78.85037994384766,4.852563381195068,1427136.1023025513,24100.54828107357
2811,649.3515625,8.865754127502441,1427785.4538650513,24109.414035201073
2812,583.4102783203125,8.944002151489258,1428368.8641433716,24118.358037352562
2813,374.7919616699219,9.50136661529541,1428743.6561050415,24127.859403967857
2814,427.5230712890625,9.716248512268066,1429171.1791763306,24137.575652480125
2815,262.97784423828125,8.479876518249512,1429434.1570205688,24146.055528998375
2816,684.11767578125,9.386566162109375,1430118.27469635,24155.442095160484
2817,530.0357666015625,8.793388366699219,1430648.3104629517,24164.235483527184
2818,444.8302307128906,9.448447227478027,1431093.1406936646,24173.68393075466
2819,454.70745849609375,8.793713569641113,1431547.8481521606,24182.477644324303
2820,309.6676940917969,9.348494529724121,1431857.5158462524,24191.826138854027
2821,519.7864990234375,9.144192695617676,1432377.3023452759,24200.970331549644
2822,308.8329772949219,8.004090309143066,1432686.1353225708,24208.974421858788
2823,740.442626953125,9.751683235168457,1433426.577949524,24218.726105093956
2824,432.7124938964844,9.307372093200684,1433859.2904434204,24228.033477187157
2825,277.8348083496094,7.611462593078613,1434137.12525177,24235.644939780235
2826,454.85626220703125,8.864800453186035,1434591.981513977,24244.50974023342
2827,409.6695251464844,8.771937370300293,1435001.6510391235,24253.28167760372
2828,552.094482421875,8.716096878051758,1435553.7455215454,24261.997774481773
2829,242.16644287109375,8.497050285339355,1435795.9119644165,24270.494824767113
2830,462.087646484375,10.931164741516113,1436257.9996109009,24281.42598950863
2831,64.46249389648438,6.335045337677002,1436322.4621047974,24287.761034846306
2832,306.7749938964844,9.505400657653809,1436629.2370986938,24297.26643550396
2833,371.0758056640625,8.37144947052002,1437000.312904358,24305.63788497448
2834,304.96624755859375,10.275487899780273,1437305.2791519165,24315.91337287426
2835,235.52630615234375,8.37633991241455,1437540.8054580688,24324.289712786674
2836,600.0016479492188,9.605283737182617,1438140.807106018,24333.894996523857
2837,344.89715576171875,9.243542671203613,1438485.7042617798,24343.13853919506
2838,284.77117919921875,8.044777870178223,1438770.475440979,24351.18331706524
2839,653.7000122070312,10.451032638549805,1439424.175453186,24361.63434970379
2840,342.11566162109375,8.46544075012207,1439766.2911148071,24370.09979045391
2841,599.7071533203125,9.539909362792969,1440365.9982681274,24379.639699816704
2842,420.330322265625,8.970931053161621,1440786.328590393,24388.610630869865
2843,309.7677917480469,9.178459167480469,1441096.096382141,24397.789090037346
2844,345.49737548828125,8.633076667785645,1441441.5937576294,24406.42216670513
2845,402.77264404296875,8.467568397521973,1441844.3664016724,24414.889735102654
2846,78.35348510742188,3.521977663040161,1441922.7198867798,24418.411712765694
2847,251.31417846679688,8.586118698120117,1442174.0340652466,24426.997831463814
2848,531.4901123046875,8.927597045898438,1442705.5241775513,24435.925428509712
2849,351.10247802734375,8.564547538757324,1443056.6266555786,24444.48997604847
2850,439.2237243652344,9.901814460754395,1443495.8503799438,24454.391790509224
2851,429.14666748046875,9.001825332641602,1443924.9970474243,24463.393615841866
2852,525.6746826171875,9.34187126159668,1444450.6717300415,24472.735487103462
2853,258.0898132324219,8.371512413024902,1444708.761543274,24481.106999516487
2854,298.5250244140625,7.889581680297852,1445007.286567688,24488.996581196785
2855,66.75331115722656,5.021111488342285,1445074.0398788452,24494.017692685127
2856,296.83746337890625,10.165823936462402,1445370.8773422241,24504.18351662159
2857,223.83453369140625,7.9086127281188965,1445594.7118759155,24512.09212934971
2858,202.71435546875,8.771597862243652,1445797.4262313843,24520.863727211952
2859,428.1647033691406,8.40427017211914,1446225.5909347534,24529.26799738407
2860,512.2052612304688,8.878138542175293,1446737.796195984,24538.146135926247
2861,74.00851440429688,6.850515842437744,1446811.8047103882,24544.996651768684
2862,225.1322021484375,7.84999418258667,1447036.9369125366,24552.84664595127
2863,619.6553955078125,11.521637916564941,1447656.5923080444,24564.368283867836
2864,521.33154296875,9.795578002929688,1448177.9238510132,24574.163861870766
2865,233.22743225097656,8.563528060913086,1448411.1512832642,24582.72738993168
2866,592.9478759765625,9.284550666809082,1449004.0991592407,24592.011940598488
2867,116.58670043945312,8.168536186218262,1449120.6858596802,24600.180476784706
2868,631.2644653320312,9.5191011428833,1449751.9503250122,24609.69957792759
2869,331.12591552734375,8.705718994140625,1450083.0762405396,24618.40529692173
2870,442.9988098144531,9.373703002929688,1450526.075050354,24627.77899992466
2871,260.81396484375,8.774885177612305,1450786.8890151978,24636.553885102272
2872,798.6221313476562,9.879694938659668,1451585.5111465454,24646.43358004093
2873,239.46591186523438,8.70484447479248,1451824.9770584106,24655.138424515724
2874,652.6907958984375,9.642060279846191,1452477.667854309,24664.78048479557
2875,342.66961669921875,8.69945240020752,1452820.3374710083,24673.479937195778
2876,371.284423828125,8.134346008300781,1453191.6218948364,24681.61428320408
2877,305.01458740234375,9.393527030944824,1453496.6364822388,24691.007810235023
2878,771.8096923828125,9.25347900390625,1454268.4461746216,24700.26128923893
2879,184.33193969726562,7.468982696533203,1454452.7781143188,24707.730271935463
2880,285.06781005859375,9.633142471313477,1454737.8459243774,24717.363414406776
2881,273.80523681640625,9.00677490234375,1455011.6511611938,24726.37018930912
2882,571.7703247070312,8.75810432434082,1455583.4214859009,24735.12829363346
2883,365.9450378417969,8.728585243225098,1455949.3665237427,24743.856878876686
2884,247.46896362304688,9.304677963256836,1456196.8354873657,24753.161556839943
2885,553.7877197265625,8.833614349365234,1456750.6232070923,24761.995171189308
2886,74.55609130859375,4.0456318855285645,1456825.1792984009,24766.040803074837
2887,340.1148681640625,8.97978401184082,1457165.294166565,24775.020587086678
2888,200.12515258789062,7.724339962005615,1457365.4193191528,24782.744927048683
2889,442.4956359863281,9.746712684631348,1457807.9149551392,24792.491639733315
2890,257.21185302734375,8.49930191040039,1458065.1268081665,24800.990941643715
2891,812.5628051757812,9.726001739501953,1458877.6896133423,24810.716943383217
2892,219.4229736328125,8.026527404785156,1459097.112586975,24818.743470788002
2893,356.02911376953125,9.259984016418457,1459453.1417007446,24828.00345480442
2894,345.983154296875,8.262368202209473,1459799.1248550415,24836.26582300663
2895,455.4424133300781,10.962593078613281,1460254.5672683716,24847.228416085243
2896,468.95068359375,8.864238739013672,1460723.5179519653,24856.092654824257
2897,209.27857971191406,9.393522262573242,1460932.7965316772,24865.48617708683
2898,291.9305419921875,9.577506065368652,1461224.7270736694,24875.0636831522
2899,280.0265808105469,8.32347297668457,1461504.75365448,24883.387156128883
2900,436.649658203125,9.199995040893555,1461941.403312683,24892.587151169777
2901,766.0662841796875,9.688955307006836,1462707.4695968628,24902.276106476784
2902,99.23540496826172,6.601869583129883,1462806.705001831,24908.877976059914
2903,247.54986572265625,8.203514099121094,1463054.2548675537,24917.081490159035
2904,768.3035888671875,9.492074966430664,1463822.558456421,24926.573565125465
2905,244.414306640625,10.011238098144531,1464066.9727630615,24936.58480322361
2906,124.90451049804688,7.253392219543457,1464191.8772735596,24943.838195443153
2907,175.02450561523438,7.514882564544678,1464366.9017791748,24951.353078007698
2908,394.97576904296875,8.94252872467041,1464761.8775482178,24960.29560673237
2909,366.5996398925781,8.626319885253906,1465128.4771881104,24968.921926617622
2910,318.34417724609375,8.560111999511719,1465446.8213653564,24977.482038617134
2911,352.4313659667969,8.555571556091309,1465799.2527313232,24986.037610173225
2912,286.9541931152344,9.223526000976562,1466086.2069244385,24995.261136174202
2913,476.45953369140625,8.714158058166504,1466562.6664581299,25003.97529423237
2914,240.00881958007812,8.857585906982422,1466802.67527771,25012.83288013935
2915,232.07684326171875,8.857139587402344,1467034.7521209717,25021.690019726753
2916,406.42547607421875,9.08049488067627,1467441.177597046,25030.77051460743
2917,284.3426513671875,9.837868690490723,1467725.520248413,25040.60838329792
2918,520.509765625,9.550877571105957,1468246.030014038,25050.159260869026
2919,291.6055908203125,9.324416160583496,1468537.6356048584,25059.48367702961
2920,452.724365234375,8.413250923156738,1468990.3599700928,25067.896927952766
2921,396.28326416015625,9.622026443481445,1469386.643234253,25077.518954396248
2922,358.388916015625,9.092464447021484,1469745.0321502686,25086.61141884327
2923,321.2520751953125,10.046154022216797,1470066.2842254639,25096.657572865486
2924,256.3490905761719,8.900197982788086,1470322.63331604,25105.557770848274
2925,322.94122314453125,8.185368537902832,1470645.5745391846,25113.743139386177
2926,463.27301025390625,8.688848495483398,1471108.8475494385,25122.43198788166
2927,297.43450927734375,8.853198051452637,1471406.2820587158,25131.285185933113
2928,377.4980163574219,8.602184295654297,1471783.7800750732,25139.887370228767
2929,312.5814208984375,8.326855659484863,1472096.3614959717,25148.214225888252
2930,285.210205078125,9.120452880859375,1472381.5717010498,25157.33467876911
2931,187.54942321777344,8.293672561645508,1472569.1211242676,25165.628351330757
2932,345.25537109375,8.116961479187012,1472914.3764953613,25173.745312809944
2933,440.09417724609375,9.47933578491211,1473354.4706726074,25183.224648594856
2934,460.8912353515625,9.424222946166992,1473815.361907959,25192.648871541023
2935,166.1262664794922,7.342703819274902,1473981.4881744385,25199.991575360298
2936,287.5264892578125,8.638421058654785,1474269.0146636963,25208.629996418953
2937,171.72242736816406,7.4889702796936035,1474440.7370910645,25216.118966698647
2938,104.28950500488281,6.935961723327637,1474545.0265960693,25223.054928421974
2939,444.8418884277344,8.756426811218262,1474989.868484497,25231.811355233192
2940,226.918701171875,8.823965072631836,1475216.787185669,25240.635320305824
2941,261.88555908203125,10.332822799682617,1475478.672744751,25250.968143105507
2942,254.3798370361328,9.171422958374023,1475733.052581787,25260.13956606388
2943,345.127197265625,9.28695011138916,1476078.1797790527,25269.42651617527
2944,362.6580505371094,8.877345085144043,1476440.8378295898,25278.303861260414
2945,224.4637908935547,9.0603666305542,1476665.3016204834,25287.36422789097
2946,504.25250244140625,8.977910995483398,1477169.5541229248,25296.34213888645
2947,281.92022705078125,8.057917594909668,1477451.4743499756,25304.40005648136
2948,110.32634735107422,8.063511848449707,1477561.8006973267,25312.46356832981
2949,225.5834503173828,10.153142929077148,1477787.384147644,25322.61671125889
2950,584.2447509765625,10.132893562316895,1478371.6288986206,25332.749604821205
2951,302.8560791015625,8.699889183044434,1478674.4849777222,25341.44949400425
2952,281.1522216796875,8.919441223144531,1478955.6371994019,25350.368935227394
2953,610.517822265625,9.966711044311523,1479566.1550216675,25360.335646271706
2954,293.3604431152344,9.22964859008789,1479859.5154647827,25369.565294861794
2955,189.89334106445312,8.16617202758789,1480049.4088058472,25377.73146688938
2956,418.9259948730469,9.445233345031738,1480468.3348007202,25387.176700234413
2957,296.4674987792969,9.006535530090332,1480764.8022994995,25396.183235764503
2958,89.45889282226562,8.061704635620117,1480854.2611923218,25404.244940400124
2959,585.1625366210938,9.048931121826172,1481439.4237289429,25413.29387152195
2960,253.2409210205078,7.9080305099487305,1481692.6646499634,25421.2019020319
2961,439.0728759765625,7.939016819000244,1482131.73752594,25429.1409188509
2962,225.88385009765625,9.428955078125,1482357.6213760376,25438.569873929024
2963,61.86574935913086,3.623844861984253,1482419.4871253967,25442.193718791008
2964,392.04376220703125,9.247928619384766,1482811.5308876038,25451.441647410393
2965,922.1261596679688,9.83419418334961,1483733.6570472717,25461.275841593742
2966,203.7733154296875,8.283883094787598,1483937.4303627014,25469.55972468853
2967,73.01591491699219,4.9992218017578125,1484010.4462776184,25474.558946490288
2968,471.42034912109375,9.228161811828613,1484481.8666267395,25483.787108302116
2969,407.23052978515625,9.451739311218262,1484889.0971565247,25493.238847613335
2970,295.93560791015625,10.572484970092773,1485185.0327644348,25503.811332583427
2971,386.4435119628906,8.97846508026123,1485571.4762763977,25512.78979766369
2972,405.32470703125,8.562898635864258,1485976.800983429,25521.352696299553
2973,455.6800537109375,9.756828308105469,1486432.48103714,25531.10952460766
2974,717.9560546875,10.585649490356445,1487150.4370918274,25541.695174098015
2975,224.30157470703125,8.956835746765137,1487374.7386665344,25550.65200984478
2976,487.1604309082031,11.47689437866211,1487861.8990974426,25562.128904223442
2977,392.85845947265625,8.786346435546875,1488254.7575569153,25570.91525065899
2978,414.506591796875,9.212759017944336,1488669.2641487122,25580.128009676933
2979,526.3179321289062,9.628232955932617,1489195.582080841,25589.756242632866
2980,79.3048095703125,3.672635793685913,1489274.8868904114,25593.42887842655
2981,599.9357299804688,8.534994125366211,1489874.8226203918,25601.963872551918
2982,209.14059448242188,8.896734237670898,1490083.9632148743,25610.86060678959
2983,405.8855285644531,9.438020706176758,1490489.8487434387,25620.298627495766
2984,672.7293701171875,9.021170616149902,1491162.578113556,25629.319798111916
2985,202.60011291503906,7.895849227905273,1491365.178226471,25637.21564733982
2986,371.8770751953125,8.470649719238281,1491737.0553016663,25645.68629705906
2987,149.84829711914062,7.854773044586182,1491886.9035987854,25653.541070103645
2988,198.7264404296875,8.440604209899902,1492085.630039215,25661.981674313545
2989,69.85688018798828,6.848109245300293,1492155.486919403,25668.829783558846
2990,354.39434814453125,8.606768608093262,1492509.8812675476,25677.43655216694
2991,475.7115478515625,9.266434669494629,1492985.5928153992,25686.702986836433
2992,100.22024536132812,6.683676242828369,1493085.8130607605,25693.38666307926
2993,191.7803955078125,8.121109962463379,1493277.5934562683,25701.507773041725
2994,331.68951416015625,8.691344261169434,1493609.2829704285,25710.199117302895
2995,567.4259033203125,9.303352355957031,1494176.7088737488,25719.50246965885
2996,454.90399169921875,10.016538619995117,1494631.612865448,25729.519008278847
2997,78.28668212890625,3.2737386226654053,1494709.899547577,25732.792746901512
2998,515.7821655273438,9.604610443115234,1495225.6817131042,25742.397357344627
2999,327.0382080078125,8.56829833984375,1495552.719921112,25750.96565568447
3000,328.99847412109375,8.932343482971191,1495881.7183952332,25759.897999167442
3001,275.38629150390625,8.941862106323242,1496157.104686737,25768.839861273766
3002,210.4991455078125,8.497093200683594,1496367.6038322449,25777.33695447445
3003,218.29983520507812,8.812756538391113,1496585.90366745,25786.14971101284
3004,537.05126953125,9.947800636291504,1497122.9549369812,25796.09751164913
3005,360.37542724609375,9.20138168334961,1497483.3303642273,25805.29889333248
3006,643.6346435546875,10.435066223144531,1498126.965007782,25815.733959555626
3007,76.02339172363281,7.568622589111328,1498202.9883995056,25823.302582144737
3008,257.13702392578125,8.44184398651123,1498460.1254234314,25831.74442613125
3009,224.64540100097656,8.140189170837402,1498684.7708244324,25839.884615302086
3010,242.4046173095703,8.701521873474121,1498927.175441742,25848.58613717556
3011,194.5647735595703,9.374485969543457,1499121.7402153015,25857.960623145103
3012,83.24072265625,4.508455276489258,1499204.9809379578,25862.469078421593
3013,396.3631286621094,9.293269157409668,1499601.3440666199,25871.762347579002
3014,305.4551086425781,8.921974182128906,1499906.7991752625,25880.68432176113
3015,294.46673583984375,7.73907470703125,1500201.2659111023,25888.423396468163
3016,690.537109375,9.766831398010254,1500891.8030204773,25898.190227866173
3017,176.28494262695312,9.02913761138916,1501068.0879631042,25907.219365477562
3018,316.11395263671875,8.134034156799316,1501384.201915741,25915.35339963436
3019,69.27433013916016,5.020423889160156,1501453.4762458801,25920.37382352352
3020,178.80517578125,7.90969181060791,1501632.2814216614,25928.28351533413
3021,316.14093017578125,8.962721824645996,1501948.4223518372,25937.246237158775
3022,60.94016647338867,4.565792560577393,1502009.3625183105,25941.812029719353
3023,350.0004577636719,8.612923622131348,1502359.3629760742,25950.424953341484
3024,317.2232971191406,8.33957290649414,1502676.5862731934,25958.76452624798
3025,150.67935180664062,7.720307350158691,1502827.265625,25966.484833598137
3026,518.3018798828125,9.32982349395752,1503345.5675048828,25975.814657092094
3027,476.2662353515625,9.30906867980957,1503821.8337402344,25985.123725771904
3028,151.04312133789062,8.461047172546387,1503972.8768615723,25993.58477294445
3029,186.68453979492188,9.661123275756836,1504159.5614013672,26003.245896220207
3030,158.90371704101562,8.105302810668945,1504318.4651184082,26011.351199030876
3031,370.9654541015625,8.597373008728027,1504689.4305725098,26019.948572039604
3032,263.799560546875,8.521395683288574,1504953.2301330566,26028.469967722893
3033,317.7655334472656,8.96964168548584,1505270.995666504,26037.43960940838
3034,104.08294677734375,8.033941268920898,1505375.0786132812,26045.4735506773
3035,349.75390625,9.050132751464844,1505724.8325195312,26054.523683428764
3036,322.04254150390625,8.832083702087402,1506046.8750610352,26063.35576713085
3037,461.89202880859375,9.650317192077637,1506508.7670898438,26073.00608432293
3038,195.00717163085938,8.697806358337402,1506703.7742614746,26081.703890681267
3039,407.2966613769531,9.746441841125488,1507111.0709228516,26091.450332522392
3040,306.86468505859375,9.220052719116211,1507417.9356079102,26100.67038524151
3041,541.8980102539062,8.061187744140625,1507959.833618164,26108.73157298565
3042,95.37738800048828,7.02626895904541,1508055.2110061646,26115.757841944695
3043,567.0468139648438,9.110722541809082,1508622.2578201294,26124.868564486504
3044,717.741943359375,9.116150856018066,1509339.9997634888,26133.98471534252
3045,352.90301513671875,8.013145446777344,1509692.9027786255,26141.9978607893
3046,468.7025146484375,8.912945747375488,1510161.605293274,26150.910806536674
3047,176.50592041015625,9.048040390014648,1510338.111213684,26159.95884692669
3048,126.42623901367188,8.454989433288574,1510464.5374526978,26168.413836359978
3049,178.91339111328125,7.90117883682251,1510643.450843811,26176.3150151968
3050,510.40362548828125,9.668364524841309,1511153.8544692993,26185.98337972164
3051,394.4166259765625,9.47205638885498,1511548.2710952759,26195.455436110497
3052,211.57012939453125,7.769620418548584,1511759.8412246704,26203.225056529045
3053,480.9986877441406,8.617217063903809,1512240.8399124146,26211.84227359295
3054,295.43804931640625,9.215697288513184,1512536.277961731,26221.057970881462
3055,249.0679931640625,8.630536079406738,1512785.345954895,26229.68850696087
3056,77.38560485839844,2.7530314922332764,1512862.7315597534,26232.441538453102
3057,796.031494140625,9.353021621704102,1513658.763053894,26241.794560074806
3058,430.60980224609375,9.347700119018555,1514089.3728561401,26251.142260193825
3059,358.06396484375,10.447461128234863,1514447.436820984,26261.58972132206
3060,260.147705078125,9.387079238891602,1514707.584526062,26270.97680056095
3061,298.5535888671875,8.916253089904785,1515006.1381149292,26279.893053650856
3062,264.456787109375,9.395716667175293,1515270.5949020386,26289.28877031803
3063,430.48504638671875,9.341257095336914,1515701.0799484253,26298.63002741337
3064,168.76007080078125,9.158121109008789,1515869.840019226,26307.788148522377
3065,75.015869140625,3.783658742904663,1515944.8558883667,26311.57180726528
3066,182.2517547607422,7.6690568923950195,1516127.1076431274,26319.240864157677
3067,627.3256225585938,8.737617492675781,1516754.433265686,26327.978481650352
3068,531.9304809570312,9.806387901306152,1517286.363746643,26337.78486955166
3069,322.4900817871094,9.271561622619629,1517608.8538284302,26347.05643117428
3070,463.02703857421875,9.2076997756958,1518071.8808670044,26356.264130949974
3071,554.1493530273438,9.337596893310547,1518626.0302200317,26365.601727843285
3072,83.26399993896484,2.424182653427124,1518709.2942199707,26368.02591049671
3073,274.95794677734375,8.107297897338867,1518984.252166748,26376.13320839405
3074,230.56240844726562,10.44837760925293,1519214.8145751953,26386.581586003304
3075,580.783935546875,9.286826133728027,1519795.5985107422,26395.86841213703
3076,643.014404296875,9.336564064025879,1520438.612915039,26405.204976201057
3077,523.595703125,9.101919174194336,1520962.208618164,26414.30689537525
3078,183.9208221435547,7.423069477081299,1521146.1294403076,26421.729964852333
3079,271.57305908203125,9.346128463745117,1521417.7024993896,26431.07609331608
3080,496.12188720703125,10.157379150390625,1521913.8243865967,26441.23347246647
3081,240.6572265625,8.368276596069336,1522154.4816131592,26449.601749062538
3082,208.21778869628906,9.682228088378906,1522362.6994018555,26459.283977150917
3083,244.14097595214844,8.495698928833008,1522606.8403778076,26467.77967607975
3084,281.72967529296875,8.314523696899414,1522888.5700531006,26476.09419977665
3085,256.2654724121094,8.379891395568848,1523144.8355255127,26484.47409117222
3086,246.54734802246094,8.06043529510498,1523391.3828735352,26492.534526467323
3087,199.71617126464844,8.998054504394531,1523591.0990447998,26501.532580971718
3088,380.3211669921875,9.309063911437988,1523971.420211792,26510.841644883156
3089,451.514404296875,9.422342300415039,1524422.9346160889,26520.26398718357
3090,216.3594970703125,8.797658920288086,1524639.2941131592,26529.06164610386
3091,219.61605834960938,8.353475570678711,1524858.9101715088,26537.415121674538
3092,162.2198944091797,8.793598175048828,1525021.130065918,26546.208719849586
3093,173.45993041992188,8.697038650512695,1525194.589996338,26554.9057585001
3094,233.54080200195312,8.387864112854004,1525428.1307983398,26563.293622612953
3095,340.0994873046875,9.21123218536377,1525768.2302856445,26572.504854798317
3096,298.9576110839844,8.389054298400879,1526067.1878967285,26580.893909096718
3097,66.89216613769531,3.0622239112854004,1526134.0800628662,26583.956133008003
3098,162.78109741210938,8.314190864562988,1526296.8611602783,26592.270323872566
3099,155.49778747558594,8.52379322052002,1526452.358947754,26600.794117093086
3100,286.6617126464844,8.507875442504883,1526739.0206604004,26609.30199253559
3101,187.6149139404297,8.004547119140625,1526926.6355743408,26617.30653965473
3102,323.5450439453125,8.836836814880371,1527250.1806182861,26626.143376469612
3103,74.34739685058594,3.599395990371704,1527324.5280151367,26629.742772459984
3104,276.06890869140625,10.520647048950195,1527600.5969238281,26640.263419508934
3105,224.01702880859375,9.402057647705078,1527824.6139526367,26649.66547715664
3106,330.17584228515625,8.85489559173584,1528154.7897949219,26658.520372748375
3107,185.42764282226562,8.627069473266602,1528340.2174377441,26667.14744222164
3108,75.00250244140625,6.487717628479004,1528415.2199401855,26673.63515985012
3109,339.9636535644531,9.355795860290527,1528755.18359375,26682.99095571041
3110,118.06187438964844,7.780886650085449,1528873.2454681396,26690.771842360497
3111,150.69932556152344,6.8840107917785645,1529023.9447937012,26697.655853152275
3112,70.05586242675781,4.0562214851379395,1529094.000656128,26701.712074637413
3113,212.83731079101562,9.081887245178223,1529306.837966919,26710.79396188259
3114,438.695068359375,8.86567497253418,1529745.5330352783,26719.659636855125
3115,252.8805389404297,8.47687816619873,1529998.4135742188,26728.136515021324
3116,319.6841735839844,8.204105377197266,1530318.0977478027,26736.34062039852
3117,145.00062561035156,8.240095138549805,1530463.098373413,26744.58071553707
3118,500.99261474609375,9.593975067138672,1530964.0909881592,26754.17469060421
3119,382.4028625488281,8.623506546020508,1531346.493850708,26762.79819715023
3120,213.2822265625,8.419946670532227,1531559.7760772705,26771.218143820763
3121,382.04888916015625,9.021475791931152,1531941.8249664307,26780.239619612694
3122,605.294921875,9.57183837890625,1532547.1198883057,26789.8114579916
3123,176.64993286132812,7.77253532409668,1532723.769821167,26797.583993315697
3124,527.26025390625,9.4947509765625,1533251.0300750732,26807.07874429226
3125,536.3667602539062,10.01099967956543,1533787.3968353271,26817.089743971825
3126,419.921630859375,9.241190910339355,1534207.3184661865,26826.330934882164
3127,70.69076538085938,3.889596939086914,1534278.0092315674,26830.22053182125
3128,485.3104553222656,8.915343284606934,1534763.3196868896,26839.135875105858
3129,115.79374694824219,8.874588966369629,1534879.113433838,26848.010464072227
3130,160.82679748535156,8.492656707763672,1535039.9402313232,26856.50312077999
3131,355.59197998046875,8.489700317382812,1535395.5322113037,26864.992821097374
3132,199.3882293701172,8.634553909301758,1535594.9204406738,26873.627375006676
3133,343.23907470703125,8.308545112609863,1535938.1595153809,26881.935920119286
3134,363.76910400390625,8.13394832611084,1536301.9286193848,26890.069868445396
3135,241.04017639160156,7.336437702178955,1536542.9687957764,26897.406306147575
3136,255.232177734375,8.233635902404785,1536798.2009735107,26905.63994204998
3137,533.0736694335938,9.693477630615234,1537331.2746429443,26915.333419680595
3138,367.7421875,8.381436347961426,1537699.0168304443,26923.714856028557
3139,499.656494140625,9.326804161071777,1538198.673324585,26933.04166018963
3140,379.974365234375,9.295550346374512,1538578.6476898193,26942.337210536003
3141,418.521240234375,9.5556058883667,1538997.1689300537,26951.89281642437
3142,391.754638671875,8.885099411010742,1539388.9235687256,26960.77791583538
3143,235.69590759277344,9.408799171447754,1539624.6194763184,26970.18671500683
3144,90.24580383300781,5.475671291351318,1539714.8652801514,26975.66238629818
3145,291.6663818359375,9.149840354919434,1540006.5316619873,26984.8122266531
3146,348.933349609375,10.11214542388916,1540355.4650115967,26994.92437207699
3147,284.4993591308594,9.077386856079102,1540639.9643707275,27004.001758933067
3148,207.4460906982422,7.921524524688721,1540847.4104614258,27011.923283457756
3149,448.3875732421875,8.857515335083008,1541295.798034668,27020.78079879284
3150,522.1981201171875,10.694122314453125,1541817.9961547852,27031.474921107292
3151,442.2041015625,9.25971508026123,1542260.2002563477,27040.734636187553
3152,522.4627685546875,8.965618133544922,1542782.6630249023,27049.7002543211
3153,208.57896423339844,8.442626953125,1542991.2419891357,27058.142881274223
3154,143.30026245117188,10.498955726623535,1543134.542251587,27068.641837000847
3155,253.00173950195312,9.01967716217041,1543387.5439910889,27077.661514163017
3156,491.3285217285156,9.165215492248535,1543878.8725128174,27086.826729655266
3157,219.0118865966797,7.783333778381348,1544097.884399414,27094.610063433647
3158,233.06500244140625,8.043107032775879,1544330.9494018555,27102.653170466423
3159,188.70233154296875,7.868271350860596,1544519.6517333984,27110.521441817284
3160,201.60308837890625,7.747470855712891,1544721.2548217773,27118.268912672997
3161,236.41567993164062,9.076679229736328,1544957.670501709,27127.345591902733
3162,199.505859375,7.8757758140563965,1545157.176361084,27135.22136771679
3163,490.8310546875,9.410697937011719,1545648.0074157715,27144.6320656538
3164,362.6429748535156,9.902010917663574,1546010.650390625,27154.534076571465
3165,211.81088256835938,8.579896926879883,1546222.4612731934,27163.113973498344
3166,245.35426330566406,8.840171813964844,1546467.815536499,27171.95414531231
3167,68.72289276123047,3.026092290878296,1546536.5384292603,27174.980237603188
3168,424.0616760253906,8.844837188720703,1546960.6001052856,27183.82507479191
3169,78.61740112304688,2.1660451889038086,1547039.2175064087,27185.991119980812
3170,132.0582275390625,8.407212257385254,1547171.2757339478,27194.398332238197
3171,62.278167724609375,3.5872793197631836,1547233.5539016724,27197.98561155796
3172,225.26275634765625,8.328876495361328,1547458.81665802,27206.314488053322
3173,208.43104553222656,9.16299819946289,1547667.2477035522,27215.477486252785
3174,235.44692993164062,8.533416748046875,1547902.694633484,27224.01090300083
3175,359.2603759765625,9.299956321716309,1548261.9550094604,27233.310859322548
3176,190.8383026123047,8.130184173583984,1548452.7933120728,27241.441043496132
3177,98.12620544433594,5.878579616546631,1548550.919517517,27247.31962311268
3178,383.0009765625,8.58388900756836,1548933.9204940796,27255.903512120247
3179,356.3769226074219,9.47945785522461,1549290.297416687,27265.38296997547
3180,76.14921569824219,4.755030632019043,1549366.4466323853,27270.13800060749
3181,418.352783203125,9.377126693725586,1549784.7994155884,27279.515127301216
3182,258.30572509765625,9.370015144348145,1550043.105140686,27288.885142445564
3183,439.5794982910156,9.404095649719238,1550482.684638977,27298.289238095284
3184,307.151123046875,8.569167137145996,1550789.835762024,27306.85840523243
3185,301.6799621582031,8.900816917419434,1551091.5157241821,27315.75922214985
3186,234.08135986328125,8.185784339904785,1551325.5970840454,27323.945006489754
3187,79.71253967285156,3.4095144271850586,1551405.3096237183,27327.35452091694
3188,450.6810302734375,9.133293151855469,1551855.9906539917,27336.487814068794
3189,410.30120849609375,8.90073299407959,1552266.2918624878,27345.388547062874
3190,525.0068969726562,9.917831420898438,1552791.2987594604,27355.306378483772
3191,302.218994140625,8.763511657714844,1553093.517753601,27364.069890141487
3192,507.1847839355469,10.098868370056152,1553600.7025375366,27374.168758511543
3193,372.5555725097656,8.446643829345703,1553973.2581100464,27382.61540234089
3194,315.252685546875,8.354366302490234,1554288.5107955933,27390.96976864338
3195,515.3902587890625,9.646880149841309,1554803.9010543823,27400.61664879322
3196,417.8505554199219,8.613421440124512,1555221.7516098022,27409.230070233345
3197,449.5851135253906,9.12057876586914,1555671.3367233276,27418.350648999214
3198,65.96564483642578,3.948594093322754,1555737.302368164,27422.299243092537
3199,286.00689697265625,8.485072135925293,1556023.3092651367,27430.784315228462
3200,95.56654357910156,7.346545219421387,1556118.8758087158,27438.130860447884
3201,81.85789489746094,7.539696216583252,1556200.7337036133,27445.670556664467
3202,229.4091796875,8.573589324951172,1556430.1428833008,27454.244145989418
3203,244.11083984375,9.344718933105469,1556674.2537231445,27463.588864922523
3204,199.9658966064453,8.58169174194336,1556874.219619751,27472.170556664467
3205,446.7825927734375,9.077348709106445,1557321.0022125244,27481.247905373573
3206,293.4041442871094,8.343070030212402,1557614.4063568115,27489.590975403786
3207,154.46255493164062,8.080228805541992,1557768.8689117432,27497.671204209328
3208,95.79719543457031,6.764204978942871,1557864.6661071777,27504.43540918827
3209,357.134765625,8.466794967651367,1558221.8008728027,27512.902204155922
3210,377.2982177734375,8.921368598937988,1558599.0990905762,27521.82357275486
3211,529.7677001953125,9.021806716918945,1559128.8667907715,27530.84537947178
3212,718.5704345703125,10.738286018371582,1559847.4372253418,27541.58366549015
3213,402.7377014160156,9.752506256103516,1560250.1749267578,27551.336171746254
3214,332.4198913574219,9.378172874450684,1560582.5948181152,27560.714344620705
3215,545.4476318359375,9.195853233337402,1561128.0424499512,27569.910197854042
3216,462.0621643066406,9.434877395629883,1561590.1046142578,27579.345075249672
3217,213.22393798828125,8.79675579071045,1561803.328552246,27588.141831040382
3218,206.91314697265625,8.921887397766113,1562010.2416992188,27597.06371843815
3219,73.47322082519531,3.4358716011047363,1562083.714920044,27600.499590039253
3220,524.4004516601562,8.892746925354004,1562608.115371704,27609.392336964607
3221,326.95458984375,8.604692459106445,1562935.0699615479,27617.997029423714
3222,71.58570861816406,5.590889930725098,1563006.655670166,27623.58791935444
3223,361.88714599609375,8.974615097045898,1563368.542816162,27632.562534451485
3224,561.8202514648438,9.771990776062012,1563930.363067627,27642.334525227547
3225,275.74395751953125,7.9351806640625,1564206.1070251465,27650.26970589161
3226,110.22793579101562,6.804616928100586,1564316.3349609375,27657.07432281971
3227,80.38247680664062,7.786468505859375,1564396.7174377441,27664.86079132557
3228,341.7696228027344,8.821328163146973,1564738.4870605469,27673.682119488716
3229,159.44309997558594,7.657793045043945,1564897.9301605225,27681.33991253376
3230,371.01495361328125,8.214791297912598,1565268.9451141357,27689.554703831673
3231,363.0372009277344,9.383970260620117,1565631.9823150635,27698.938674092293
3232,321.59661865234375,8.879241943359375,1565953.5789337158,27707.817916035652
3233,387.4171142578125,9.34400749206543,1566340.9960479736,27717.161923527718
3234,70.61902618408203,2.2470951080322266,1566411.6150741577,27719.40901863575
3235,310.44146728515625,8.506112098693848,1566722.0565414429,27727.915130734444
3236,76.0230712890625,3.307316780090332,1566798.079612732,27731.222447514534
3237,106.14944458007812,6.493899822235107,1566904.229057312,27737.71634733677
3238,357.51116943359375,8.324675559997559,1567261.7402267456,27746.041022896767
3239,193.22802734375,8.661271095275879,1567454.9682540894,27754.702293992043
3240,217.69918823242188,8.26270580291748,1567672.6674423218,27762.96499979496
3241,388.63702392578125,9.647645950317383,1568061.3044662476,27772.612645745277
3242,497.1716003417969,8.759533882141113,1568558.4760665894,27781.37217962742
3243,189.38645935058594,8.98257064819336,1568747.86252594,27790.354750275612
3244,159.0809326171875,8.046311378479004,1568906.9434585571,27798.40106165409
3245,220.60214233398438,9.380692481994629,1569127.545600891,27807.781754136086
3246,284.2848815917969,8.722801208496094,1569411.830482483,27816.50455534458
3247,497.6940612792969,9.284509658813477,1569909.5245437622,27825.789065003395
3248,349.99810791015625,9.666914939880371,1570259.5226516724,27835.455979943275
3249,456.37396240234375,9.156342506408691,1570715.8966140747,27844.612322449684
3250,318.5350646972656,9.026802062988281,1571034.431678772,27853.639124512672
3251,436.1810302734375,9.367661476135254,1571470.6127090454,27863.006785988808
3252,501.7422790527344,8.82706356048584,1571972.3549880981,27871.833849549294
3253,198.4788818359375,7.709376335144043,1572170.833869934,27879.543225884438
3254,65.05694580078125,5.336723804473877,1572235.8908157349,27884.87994968891
3255,349.68170166015625,8.654441833496094,1572585.572517395,27893.534391522408
3256,380.56695556640625,9.57136058807373,1572966.1394729614,27903.10575211048
3257,355.2404479980469,8.237349510192871,1573321.3799209595,27911.343101620674
3258,489.1112060546875,9.143607139587402,1573810.4911270142,27920.48670876026
3259,179.16912841796875,9.363250732421875,1573989.6602554321,27929.849959492683
3260,283.82745361328125,8.199098587036133,1574273.4877090454,27938.04905807972
3261,195.72744750976562,8.889886856079102,1574469.2151565552,27946.9389449358
3262,362.38690185546875,9.283344268798828,1574831.6020584106,27956.222289204597
3263,478.1092529296875,9.233414649963379,1575309.7113113403,27965.45570385456
3264,438.921142578125,9.406932830810547,1575748.6324539185,27974.86263668537
3265,280.92608642578125,8.997627258300781,1576029.5585403442,27983.860263943672
3266,418.60235595703125,9.04631519317627,1576448.1608963013,27992.90657913685
3267,495.9892578125,9.904668807983398,1576944.1501541138,28002.811247944832
3268,175.42628479003906,8.173625946044922,1577119.5764389038,28010.984873890877
3269,288.9410400390625,9.029732704162598,1577408.5174789429,28020.01460659504
3270,295.70013427734375,8.965826034545898,1577704.2176132202,28028.980432629585
3271,475.76025390625,10.033015251159668,1578179.9778671265,28039.013447880745
3272,371.564697265625,8.843578338623047,1578551.542564392,28047.857026219368
3273,224.3258819580078,9.103261947631836,1578775.86844635,28056.960288167
3274,309.2744445800781,9.062394142150879,1579085.1428909302,28066.02268230915
3275,335.448974609375,8.598824501037598,1579420.5918655396,28074.62150681019
3276,281.2356262207031,8.202953338623047,1579701.8274917603,28082.82446014881
3277,247.58602905273438,9.698269844055176,1579949.413520813,28092.522729992867
3278,472.3253173828125,8.59582233428955,1580421.7388381958,28101.118552327156
3279,245.33132934570312,9.238869667053223,1580667.0701675415,28110.35742199421
3280,455.0497741699219,8.690957069396973,1581122.1199417114,28119.048379063606
3281,366.8759765625,8.049144744873047,1581488.995918274,28127.09752380848
3282,216.38259887695312,8.566742897033691,1581705.3785171509,28135.664266705513
3283,203.15670776367188,8.313169479370117,1581908.5352249146,28143.977436184883
3284,179.7830810546875,7.886383533477783,1582088.3183059692,28151.86381971836
3285,588.0936279296875,8.95475959777832,1582676.411933899,28160.81857931614
3286,257.0503845214844,8.731938362121582,1582933.4623184204,28169.55051767826
3287,211.76242065429688,9.239691734313965,1583145.2247390747,28178.790209412575
3288,257.87860107421875,8.43424129486084,1583403.103340149,28187.224450707436
3289,495.4732666015625,8.770319938659668,1583898.5766067505,28195.994770646095
3290,365.34722900390625,8.102161407470703,1584263.9238357544,28204.096932053566
3291,770.6573486328125,9.172325134277344,1585034.5811843872,28213.269257187843
3292,321.0789794921875,9.15078067779541,1585355.6601638794,28222.42003786564
3293,71.51436614990234,5.3925347328186035,1585427.1745300293,28227.812572598457
3294,284.745361328125,8.413590431213379,1585711.9198913574,28236.22616302967
3295,277.95208740234375,8.915802955627441,1585989.8719787598,28245.141965985298
3296,339.74188232421875,8.710779190063477,1586329.613861084,28253.85274517536
3297,433.7730712890625,9.668709754943848,1586763.386932373,28263.521454930305
3298,270.35736083984375,9.039795875549316,1587033.744293213,28272.561250805855
3299,615.7526245117188,9.312407493591309,1587649.4969177246,28281.873658299446
3300,74.61328887939453,3.8298065662384033,1587724.110206604,28285.703464865685
3301,139.6664581298828,7.872337341308594,1587863.776664734,28293.575802206993
3302,289.6882629394531,9.173195838928223,1588153.4649276733,28302.74899804592
3303,225.9477996826172,8.416579246520996,1588379.412727356,28311.165577292442
3304,251.60848999023438,8.475752830505371,1588631.0212173462,28319.641330122948
3305,478.33319091796875,9.252331733703613,1589109.3544082642,28328.89366185665
3306,78.2014389038086,5.666183948516846,1589187.555847168,28334.559845805168
3307,721.1561279296875,8.872038841247559,1589908.7119750977,28343.431884646416
3308,318.9058837890625,9.016374588012695,1590227.6178588867,28352.44825923443
3309,310.7135925292969,7.923308849334717,1590538.331451416,28360.371568083763
3310,72.90342712402344,3.2383310794830322,1590611.23487854,28363.609899163246
3311,326.1493835449219,9.307092666625977,1590937.384262085,28372.916991829872
3312,744.6600341796875,10.562312126159668,1591682.0442962646,28383.47930395603
3313,290.38482666015625,11.875850677490234,1591972.4291229248,28395.355154633522
3314,470.9944152832031,9.203021049499512,1592443.423538208,28404.55817568302
3315,436.8949890136719,9.076516151428223,1592880.3185272217,28413.63469183445
3316,478.20465087890625,9.076026916503906,1593358.5231781006,28422.710718750954
3317,496.95526123046875,9.321708679199219,1593855.478439331,28432.032427430153
3318,101.71414947509766,7.16566276550293,1593957.1925888062,28439.198090195656
3319,622.34228515625,10.01870346069336,1594579.5348739624,28449.21679365635
3320,273.074462890625,8.316017150878906,1594852.609336853,28457.532810807228
3321,588.6436767578125,9.439339637756348,1595441.2530136108,28466.972150444984
3322,241.61834716796875,9.157015800476074,1595682.8713607788,28476.12916624546
3323,351.19281005859375,8.70186996459961,1596034.0641708374,28484.83103621006
3324,227.980712890625,8.329291343688965,1596262.044883728,28493.16032755375
3325,427.7748107910156,9.39638614654541,1596689.819694519,28502.556713700294
3326,74.07742309570312,5.384464263916016,1596763.8971176147,28507.94117796421
3327,293.26580810546875,7.934571266174316,1597057.1629257202,28515.875749230385
3328,175.54173278808594,8.054367065429688,1597232.7046585083,28523.930116295815
3329,185.3994140625,8.53266429901123,1597418.1040725708,28532.462780594826
3330,446.044189453125,9.385132789611816,1597864.148262024,28541.847913384438
3331,215.29373168945312,9.159516334533691,1598079.4419937134,28551.00742971897
3332,401.9268493652344,10.54434871673584,1598481.3688430786,28561.551778435707
3333,411.3004150390625,8.844796180725098,1598892.6692581177,28570.396574616432
3334,484.0265808105469,10.031912803649902,1599376.6958389282,28580.428487420082
3335,121.81092834472656,8.520895004272461,1599498.506767273,28588.949382424355
3336,343.26837158203125,9.295940399169922,1599841.775138855,28598.245322823524
3337,111.1051025390625,7.584932804107666,1599952.880241394,28605.830255627632
3338,71.75074005126953,5.17782735824585,1600024.6309814453,28611.008082985878
3339,211.42404174804688,9.573585510253906,1600236.0550231934,28620.581668496132
3340,278.6663513183594,9.184494018554688,1600514.7213745117,28629.766162514687
3341,351.7293701171875,8.181605339050293,1600866.450744629,28637.947767853737
3342,84.497802734375,7.430861473083496,1600950.9485473633,28645.37862932682
3343,149.6917724609375,7.389510154724121,1601100.6403198242,28652.768139481544
3344,261.0855712890625,10.424347877502441,1601361.7258911133,28663.192487359047
3345,146.00790405273438,7.961016654968262,1601507.733795166,28671.153504014015
3346,233.800048828125,8.894965171813965,1601741.5338439941,28680.04846918583
3347,563.7681274414062,9.215928077697754,1602305.3019714355,28689.264397263527
3348,98.83543395996094,7.028260707855225,1602404.1374053955,28696.292657971382
3349,431.05682373046875,9.50555419921875,1602835.194229126,28705.7982121706
3350,386.1443176269531,8.737051010131836,1603221.338546753,28714.535263180733
3351,289.41766357421875,10.107458114624023,1603510.7562103271,28724.642721295357
3352,310.2040710449219,10.374872207641602,1603820.960281372,28735.017593503
3353,212.0433807373047,8.836709022521973,1604033.0036621094,28743.85430252552
3354,232.2645263671875,8.727058410644531,1604265.2681884766,28752.581360936165
3355,78.26693725585938,3.879814624786377,1604343.5351257324,28756.46117556095
3356,166.0767364501953,7.489828109741211,1604509.6118621826,28763.951003670692
3357,234.9440460205078,7.6041259765625,1604744.5559082031,28771.555129647255
3358,342.31195068359375,8.751176834106445,1605086.8678588867,28780.30630648136
3359,224.96600341796875,9.086203575134277,1605311.8338623047,28789.392510056496
3360,91.46995544433594,6.029881477355957,1605403.303817749,28795.42239153385
3361,180.5965576171875,7.879739284515381,1605583.9003753662,28803.302130818367
3362,269.97796630859375,7.935454368591309,1605853.8783416748,28811.23758518696
3363,202.18148803710938,9.241381645202637,1606056.059829712,28820.47896683216
3364,388.8540954589844,8.81486701965332,1606444.913925171,28829.293833851814
3365,489.8890380859375,9.534186363220215,1606934.8029632568,28838.828020215034
3366,122.36439514160156,7.7920403480529785,1607057.1673583984,28846.620060563087
3367,448.2936096191406,8.29590129852295,1607505.4609680176,28854.91596186161
3368,226.9561309814453,9.303630828857422,1607732.417098999,28864.219592690468
3369,67.62062072753906,3.570530891418457,1607800.0377197266,28867.790123581886
3370,169.62579345703125,8.467695236206055,1607969.6635131836,28876.257818818092
3371,381.0035705566406,8.433639526367188,1608350.6670837402,28884.69145834446
3372,147.6036376953125,7.6602463722229,1608498.2707214355,28892.351704716682
3373,67.87281799316406,3.272529125213623,1608566.1435394287,28895.624233841896
3374,541.3017578125,9.676504135131836,1609107.4452972412,28905.300737977028
3375,229.4647674560547,8.340095520019531,1609336.9100646973,28913.640833497047
3376,580.065673828125,10.39099407196045,1609916.9757385254,28924.031827569008
3377,666.7838134765625,9.549314498901367,1610583.759552002,28933.58114206791
3378,520.5277709960938,8.626015663146973,1611104.287322998,28942.207157731056
3379,446.714599609375,9.101201057434082,1611551.0019226074,28951.30835878849
3380,337.4976806640625,9.396827697753906,1611888.4996032715,28960.705186486244
3381,434.2329406738281,8.884462356567383,1612322.7325439453,28969.58964884281
3382,359.22845458984375,8.857232093811035,1612681.9609985352,28978.446880936623
3383,70.31531524658203,5.465147495269775,1612752.2763137817,28983.912028431892
3384,295.7222900390625,9.872562408447266,1613047.9986038208,28993.78459084034
3385,325.6470031738281,9.081585884094238,1613373.6456069946,29002.866176724434
3386,185.34886169433594,9.106791496276855,1613558.994468689,29011.97296822071
3387,240.03823852539062,8.59920883178711,1613799.0327072144,29020.572177052498
3388,372.55401611328125,9.58682918548584,1614171.5867233276,29030.159006237984
3389,435.825927734375,8.819478988647461,1614607.412651062,29038.97848522663
3390,506.7989501953125,9.409711837768555,1615114.2116012573,29048.3881970644
3391,336.3653869628906,10.867977142333984,1615450.5769882202,29059.256174206734
3392,572.9105834960938,10.071480751037598,1616023.4875717163,29069.32765495777
3393,98.35763549804688,6.892923831939697,1616121.8452072144,29076.22057878971
3394,395.29156494140625,10.084308624267578,1616517.1367721558,29086.30488741398
3395,529.9947509765625,9.250032424926758,1617047.1315231323,29095.554919838905
3396,288.0699157714844,9.144526481628418,1617335.2014389038,29104.699446320534
3397,556.6915283203125,10.162101745605469,1617891.8929672241,29114.86154806614
3398,71.75375366210938,3.7304317951202393,1617963.6467208862,29118.59197986126
3399,520.09423828125,9.965840339660645,1618483.7409591675,29128.55782020092
3400,546.65234375,9.187052726745605,1619030.3933029175,29137.744872927666
3401,82.21746826171875,3.7037932872772217,1619112.6107711792,29141.448666214943
3402,234.68948364257812,9.132576942443848,1619347.3002548218,29150.581243157387
3403,801.969482421875,10.343423843383789,1620149.2697372437,29160.92466700077
3404,406.51422119140625,9.771682739257812,1620555.783958435,29170.69634974003
3405,118.99516296386719,7.263394355773926,1620674.779121399,29177.959744095802
3406,101.32211303710938,7.300049781799316,1620776.101234436,29185.2597938776
3407,520.65869140625,9.473278999328613,1621296.7599258423,29194.73307287693
3408,99.45407104492188,6.5590081214904785,1621396.2139968872,29201.29208099842
3409,260.48089599609375,8.440299034118652,1621656.6948928833,29209.73238003254
3410,461.12628173828125,8.62121868133545,1622117.8211746216,29218.353598713875
3411,270.7755432128906,8.976701736450195,1622388.5967178345,29227.330300450325
3412,75.73011779785156,3.7624144554138184,1622464.3268356323,29231.09271490574
3413,459.79156494140625,9.536819458007812,1622924.1184005737,29240.629534363747
3414,289.0021057128906,8.679550170898438,1623213.1205062866,29249.309084534645
3415,562.7763671875,9.28506088256836,1623775.8968734741,29258.594145417213
3416,328.0093688964844,9.006627082824707,1624103.9062423706,29267.600772500038
3417,268.376220703125,9.037137031555176,1624372.2824630737,29276.637909531593
3418,256.8576354980469,8.670968055725098,1624629.1400985718,29285.30887758732
3419,531.324951171875,9.118151664733887,1625160.4650497437,29294.427029252052
3420,299.39678955078125,9.570932388305664,1625459.8618392944,29303.997961640358
3421,157.83963012695312,8.67902946472168,1625617.7014694214,29312.67699110508
3422,308.88580322265625,8.083548545837402,1625926.587272644,29320.760539650917
3423,318.52130126953125,9.126134872436523,1626245.1085739136,29329.886674523354
3424,280.05303955078125,8.642303466796875,1626525.1616134644,29338.52897799015
3425,207.55245971679688,9.94080924987793,1626732.7140731812,29348.46978724003
3426,423.2153625488281,8.19910717010498,1627155.92943573,29356.668894410133
3427,216.99240112304688,8.57352352142334,1627372.921836853,29365.242417931557
3428,299.3410339355469,8.615623474121094,1627672.2628707886,29373.858041405678
3429,371.4878845214844,8.99061393737793,1628043.75075531,29382.848655343056
3430,421.7989501953125,10.468451499938965,1628465.5497055054,29393.317106842995
3431,416.57611083984375,10.161036491394043,1628882.1258163452,29403.47814333439
3432,90.9982681274414,7.200889587402344,1628973.1240844727,29410.67903292179
3433,294.901611328125,9.199956893920898,1629268.0256958008,29419.878989815712
3434,485.38519287109375,9.454715728759766,1629753.4108886719,29429.33370554447
3435,626.1901245117188,8.995306968688965,1630379.6010131836,29438.32901251316
3436,150.49734497070312,7.382469654083252,1630530.0983581543,29445.711482167244
3437,577.183837890625,9.720691680908203,1631107.282196045,29455.432173848152
3438,480.3389892578125,8.74183464050293,1631587.6211853027,29464.174008488655
3439,446.5445556640625,10.037674903869629,1632034.1657409668,29474.211683392525
3440,343.197509765625,8.540406227111816,1632377.3632507324,29482.752089619637
3441,294.498046875,8.962811470031738,1632671.8612976074,29491.71490108967
3442,85.49742126464844,5.576162338256836,1632757.358718872,29497.291063427925
3443,301.59014892578125,9.546162605285645,1633058.9488677979,29506.83722603321
3444,68.35371398925781,4.131874084472656,1633127.302581787,29510.969100117683
3445,252.9712371826172,10.684906959533691,1633380.2738189697,29521.654007077217
3446,289.2137451171875,7.985836982727051,1633669.487564087,29529.639844059944
3447,388.646728515625,9.673937797546387,1634058.1342926025,29539.31378185749
3448,254.55657958984375,8.095390319824219,1634312.6908721924,29547.409172177315
3449,320.3802185058594,8.379945755004883,1634633.0710906982,29555.78911793232
3450,76.19540405273438,5.33059024810791,1634709.266494751,29561.119708180428
3451,388.47625732421875,9.003133773803711,1635097.7427520752,29570.12284195423
3452,386.6955871582031,8.736709594726562,1635484.4383392334,29578.859551548958
3453,655.8145751953125,9.65567398071289,1636140.2529144287,29588.51522552967
3454,445.2586975097656,9.988663673400879,1636585.5116119385,29598.50388920307
3455,171.24122619628906,7.763437747955322,1636756.7528381348,29606.267326951027
3456,196.38983154296875,8.615159034729004,1636953.1426696777,29614.882485985756
3457,365.739013671875,8.684956550598145,1637318.8816833496,29623.567442536354
3458,518.3746337890625,10.12397575378418,1637837.2563171387,29633.69141829014
3459,203.36988830566406,8.87551498413086,1638040.6262054443,29642.56693327427
3460,181.71884155273438,7.569985389709473,1638222.345046997,29650.13691866398
3461,292.5192565917969,9.991711616516113,1638514.8643035889,29660.128630280495
3462,305.01776123046875,9.138449668884277,1638819.8820648193,29669.26707994938
3463,497.7350769042969,11.955891609191895,1639317.6171417236,29681.22297155857
3464,494.79150390625,9.309428215026855,1639812.4086456299,29690.532399773598
3465,327.945556640625,9.307760238647461,1640140.3542022705,29699.840160012245
3466,316.278564453125,9.02957820892334,1640456.6327667236,29708.86973822117
3467,502.91351318359375,9.522785186767578,1640959.5462799072,29718.392523407936
3468,94.45487976074219,7.2665557861328125,1641054.001159668,29725.65907919407
3469,322.97906494140625,8.287342071533203,1641376.9802246094,29733.946421265602
3470,72.08184051513672,5.385834693908691,1641449.0620651245,29739.33225595951
3471,240.49484252929688,8.65335750579834,1641689.5569076538,29747.98561346531
3472,270.288818359375,8.874266624450684,1641959.8457260132,29756.85988008976
3473,321.79901123046875,8.49839973449707,1642281.6447372437,29765.358279824257
3474,287.7129211425781,8.564388275146484,1642569.3576583862,29773.922668099403
3475,72.9422607421875,3.7205374240875244,1642642.2999191284,29777.64320552349
3476,548.385498046875,8.938902854919434,1643190.6854171753,29786.58210837841
3477,440.99365234375,10.276410102844238,1643631.679069519,29796.858518481255
3478,415.7093505859375,8.62385082244873,1644047.388420105,29805.482369303703
3479,262.25067138671875,9.634261131286621,1644309.6390914917,29815.11663043499
3480,426.05145263671875,9.601065635681152,1644735.6905441284,29824.71769607067
3481,69.63753509521484,4.195144176483154,1644805.3280792236,29828.912840247154
3482,115.29890441894531,7.304536819458008,1644920.6269836426,29836.217377066612
3483,251.92803955078125,9.008211135864258,1645172.5550231934,29845.225588202477
3484,71.81364440917969,4.681880950927734,1645244.3686676025,29849.907469153404
3485,311.40655517578125,9.850777626037598,1645555.7752227783,29859.758246779442
3486,579.635986328125,9.048693656921387,1646135.4112091064,29868.806940436363
3487,503.9918212890625,8.632338523864746,1646639.4030303955,29877.439278960228
3488,345.4630126953125,8.536673545837402,1646984.8660430908,29885.975952506065
3489,354.99566650390625,8.778778076171875,1647339.8617095947,29894.754730582237
3490,76.542724609375,5.420535564422607,1647416.404434204,29900.17526614666
3491,363.95703125,9.27668285369873,1647780.361465454,29909.45194900036
3492,355.6043701171875,8.175997734069824,1648135.9658355713,29917.62794673443
3493,64.73885345458984,3.7032103538513184,1648200.7046890259,29921.33115708828
3494,120.27899169921875,7.131479740142822,1648320.983680725,29928.462636828423
3495,550.4545288085938,10.654715538024902,1648871.4382095337,29939.117352366447
3496,308.229736328125,9.31507682800293,1649179.6679458618,29948.43242919445
3497,748.4484252929688,11.124856948852539,1649928.1163711548,29959.557286143303
3498,325.613037109375,9.34161376953125,1650253.7294082642,29968.898899912834
3499,175.10226440429688,8.677046775817871,1650428.8316726685,29977.575946688652
3500,387.65118408203125,8.646428108215332,1650816.4828567505,29986.222374796867
3501,182.4703369140625,9.363085746765137,1650998.9531936646,29995.585460543633
3502,92.91563415527344,7.242883205413818,1651091.8688278198,30002.828343749046
3503,192.30435180664062,8.106571197509766,1651284.1731796265,30010.934914946556
3504,235.01629638671875,8.677563667297363,1651519.1894760132,30019.612478613853
3505,271.5525207519531,8.270700454711914,1651790.7419967651,30027.883179068565
3506,206.68630981445312,9.595477104187012,1651997.4283065796,30037.478656172752
3507,589.1199340820312,9.135774612426758,1652586.5482406616,30046.61443078518
3508,70.52159881591797,3.9909799098968506,1652657.0698394775,30050.605410695076
3509,393.21075439453125,9.18918514251709,1653050.280593872,30059.794595837593
3510,257.2522888183594,8.530092239379883,1653307.5328826904,30068.324688076973
3511,400.2774353027344,9.39439582824707,1653707.8103179932,30077.71908390522
3512,549.560791015625,9.204500198364258,1654257.3711090088,30086.923584103584
3513,222.74217224121094,8.38293743133545,1654480.11328125,30095.30652153492
3514,69.81098937988281,2.7581496238708496,1654549.9242706299,30098.06467115879
3515,191.3790283203125,9.268898963928223,1654741.3032989502,30107.33357012272
3516,183.8489990234375,8.350445747375488,1654925.1522979736,30115.684015870094
3517,396.71661376953125,10.878889083862305,1655321.8689117432,30126.562904953957
3518,284.85498046875,8.807353973388672,1655606.723892212,30135.370258927345
3519,430.77581787109375,10.496429443359375,1656037.499710083,30145.866688370705
3520,367.41656494140625,10.006698608398438,1656404.9162750244,30155.873386979103
3521,276.487060546875,9.607564926147461,1656681.4033355713,30165.48095190525
3522,408.74774169921875,8.780092239379883,1657090.1510772705,30174.26104414463
3523,212.37503051757812,8.901668548583984,1657302.526107788,30183.162712693214
3524,350.976806640625,9.378129005432129,1657653.5029144287,30192.540841698647
3525,77.5827407836914,3.7955424785614014,1657731.0856552124,30196.336384177208
3526,278.666748046875,9.434391975402832,1658009.7524032593,30205.77077615261
3527,291.73016357421875,8.69998836517334,1658301.4825668335,30214.470764517784
3528,141.69174194335938,8.475349426269531,1658443.1743087769,30222.946113944054
3529,413.547607421875,8.990877151489258,1658856.7219161987,30231.936991095543
3530,199.15016174316406,8.844293594360352,1659055.872077942,30240.781284689903
3531,504.19091796875,9.422698974609375,1659560.0629959106,30250.203983664513
3532,116.54862213134766,7.5486907958984375,1659676.611618042,30257.75267446041
3533,244.4724884033203,9.048022270202637,1659921.0841064453,30266.800696730614
3534,480.59820556640625,9.326690673828125,1660401.6823120117,30276.127387404442
3535,350.9019775390625,9.321137428283691,1660752.5842895508,30285.448524832726
3536,298.1327209472656,8.173774719238281,1661050.717010498,30293.622299551964
3537,210.73171997070312,8.476888656616211,1661261.4487304688,30302.09918820858
3538,197.8792266845703,8.084158897399902,1661459.3279571533,30310.18334710598
3539,247.66729736328125,8.702873229980469,1661706.9952545166,30318.88622033596
3540,246.4239959716797,8.530128479003906,1661953.4192504883,30327.416348814964
3541,72.97608947753906,2.673856019973755,1662026.3953399658,30330.090204834938
3542,173.32183837890625,7.719712734222412,1662199.7171783447,30337.80991756916
3543,419.41937255859375,8.972077369689941,1662619.1365509033,30346.78199493885
3544,524.9789428710938,9.21967887878418,1663144.1154937744,30356.001673817635
3545,92.84869384765625,7.1732025146484375,1663236.964187622,30363.174876332283
3546,346.3798828125,9.516225814819336,1663583.3440704346,30372.691102147102
3547,345.1792297363281,8.477835655212402,1663928.523300171,30381.168937802315
3548,159.26055908203125,7.607411861419678,1664087.783859253,30388.776349663734
3549,296.7293701171875,8.92526912689209,1664384.5132293701,30397.701618790627
3550,240.53321838378906,9.47972583770752,1664625.046447754,30407.181344628334
3551,504.8885803222656,8.915437698364258,1665129.9350280762,30416.0967823267
3552,516.0733642578125,9.739816665649414,1665646.008392334,30425.836598992348
3553,218.0301513671875,9.122478485107422,1665864.0385437012,30434.959077477455
3554,255.0804901123047,8.60896110534668,1666119.1190338135,30443.5680385828
3555,394.83624267578125,9.411057472229004,1666513.9552764893,30452.97909605503
3556,277.55718994140625,8.71893310546875,1666791.5124664307,30461.6980291605
3557,513.0535888671875,9.379087448120117,1667304.5660552979,30471.07711660862
3558,575.7491455078125,8.934086799621582,1667880.3152008057,30480.01120340824
3559,212.57110595703125,9.530511856079102,1668092.8863067627,30489.54171526432
3560,239.65185546875,8.184928894042969,1668332.5381622314,30497.726644158363
3561,209.36492919921875,9.354182243347168,1668541.9030914307,30507.08082640171
3562,265.2921447753906,9.672934532165527,1668807.195236206,30516.753760933876
3563,99.61808776855469,8.11020565032959,1668906.8133239746,30524.863966584206
3564,193.15679931640625,7.751197338104248,1669099.970123291,30532.61516392231
3565,267.8379211425781,8.54642391204834,1669367.8080444336,30541.16158783436
3566,366.0378723144531,9.00788402557373,1669733.845916748,30550.169471859932
3567,341.9696044921875,8.529979705810547,1670075.8155212402,30558.699451565742
3568,179.463623046875,8.207514762878418,1670255.279144287,30566.90696632862
3569,405.7484130859375,9.154214859008789,1670661.027557373,30576.06118118763
3570,388.5002136230469,9.229690551757812,1671049.527770996,30585.290871739388
3571,339.3497314453125,8.887969017028809,1671388.8775024414,30594.178840756416
3572,550.0185546875,8.514607429504395,1671938.896057129,30602.69344818592
3573,213.5748748779297,8.271954536437988,1672152.4709320068,30610.96540272236
3574,181.5322723388672,7.8023810386657715,1672334.0032043457,30618.767783761024
3575,189.03378295898438,9.306327819824219,1672523.0369873047,30628.07411158085
3576,324.868896484375,8.72008228302002,1672847.905883789,30636.79419386387
3577,70.8623046875,5.1746392250061035,1672918.7681884766,30641.968833088875
3578,194.1554412841797,8.095206260681152,1673112.9236297607,30650.064039349556
3579,495.34442138671875,11.801884651184082,1673608.2680511475,30661.86592400074
3580,238.09530639648438,9.710640907287598,1673846.363357544,30671.576564908028
3581,361.9969177246094,10.016470909118652,1674208.3602752686,30681.593035817146
3582,876.7595825195312,10.584476470947266,1675085.119857788,30692.177512288094
3583,173.73052978515625,8.900668144226074,1675258.8503875732,30701.07818043232
3584,313.07568359375,9.927774429321289,1675571.926071167,30711.00595486164
3585,353.2591552734375,10.558969497680664,1675925.1852264404,30721.56492435932
3586,290.0828857421875,9.227288246154785,1676215.2681121826,30730.792212605476
3587,67.5948715209961,7.535560131072998,1676282.8629837036,30738.32777273655
3588,79.13946533203125,6.219930648803711,1676362.0024490356,30744.547703385353
3589,212.50146484375,8.39771842956543,1676574.5039138794,30752.94542181492
3590,421.4141540527344,9.309614181518555,1676995.9180679321,30762.255035996437
3591,347.7472229003906,8.512214660644531,1677343.6652908325,30770.76725065708
3592,362.9749450683594,8.954069137573242,1677706.6402359009,30779.721319794655
3593,313.75018310546875,9.040386199951172,1678020.3904190063,30788.761705994606
3594,235.24351501464844,8.51837158203125,1678255.633934021,30797.280077576637
3595,63.007789611816406,4.560737609863281,1678318.6417236328,30801.8408151865
3596,268.1849365234375,9.082181930541992,1678586.8266601562,30810.922997117043
3597,677.1837158203125,8.712919235229492,1679264.0103759766,30819.635916352272
3598,389.708740234375,8.193860054016113,1679653.719116211,30827.829776406288
3599,264.7408142089844,8.4310302734375,1679918.45993042,30836.260806679726
3600,143.95407104492188,7.862156391143799,1680062.4140014648,30844.12296307087
3601,396.2516784667969,11.459441184997559,1680458.6656799316,30855.582404255867
3602,240.11224365234375,9.956300735473633,1680698.777923584,30865.53870499134
3603,71.39168548583984,4.859263896942139,1680770.1696090698,30870.397968888283
3604,69.05818176269531,2.982159376144409,1680839.2277908325,30873.380128264427
3605,157.2777862548828,8.754008293151855,1680996.5055770874,30882.13413655758
3606,217.54811096191406,8.435836791992188,1681214.0536880493,30890.56997334957
3607,518.0184326171875,9.371960639953613,1681732.0721206665,30899.941933989525
3608,220.68557739257812,8.705635070800781,1681952.757698059,30908.647569060326
3609,271.1317443847656,10.806612968444824,1682223.8894424438,30919.45418202877
3610,186.82757568359375,9.324942588806152,1682410.7170181274,30928.779124617577
3611,428.10968017578125,9.19344425201416,1682838.8266983032,30937.97256886959
3612,237.5325927734375,9.071258544921875,1683076.3592910767,30947.043827414513
3613,326.1809387207031,9.204212188720703,1683402.5402297974,30956.248039603233
3614,70.04109191894531,5.738584041595459,1683472.5813217163,30961.98662364483
3615,322.2327880859375,8.842168807983398,1683794.8141098022,30970.828792452812
3616,90.58184051513672,7.264360427856445,1683885.3959503174,30978.09315288067
3617,108.16034698486328,7.594642162322998,1683993.5562973022,30985.68779504299
3618,575.8383178710938,9.262968063354492,1684569.3946151733,30994.950763106346
3619,204.35400390625,9.043013572692871,1684773.7486190796,31003.99377667904
3620,498.0728759765625,9.086562156677246,1685271.8214950562,31013.080338835716
3621,71.48179626464844,3.0101795196533203,1685343.3032913208,31016.09051835537
3622,471.6600341796875,8.463099479675293,1685814.9633255005,31024.553617835045
3623,406.61553955078125,8.790081977844238,1686221.5788650513,31033.34369981289
3624,269.2210693359375,8.356428146362305,1686490.7999343872,31041.70012795925
3625,135.6190185546875,6.958746910095215,1686626.418952942,31048.658874869347
3626,461.325927734375,8.597187042236328,1687087.7448806763,31057.256061911583
3627,241.73634338378906,8.053020477294922,1687329.48122406,31065.309082388878
3628,394.0462951660156,9.566265106201172,1687723.527519226,31074.87534749508
3629,706.0272216796875,9.501190185546875,1688429.5547409058,31084.376537680626
3630,430.6142272949219,9.027835845947266,1688860.1689682007,31093.404373526573
3631,269.2022705078125,9.836177825927734,1689129.3712387085,31103.2405513525
3632,204.383056640625,8.47538948059082,1689333.7542953491,31111.71594083309
3633,162.72653198242188,8.273514747619629,1689496.4808273315,31119.98945558071
3634,334.7549743652344,8.932350158691406,1689831.2358016968,31128.921805739403
3635,447.9022216796875,8.524731636047363,1690279.1380233765,31137.44653737545
3636,405.6055908203125,10.594498634338379,1690684.7436141968,31148.04103600979
3637,164.9273681640625,7.380006313323975,1690849.6709823608,31155.421042323112
3638,465.272216796875,9.574285507202148,1691314.9431991577,31164.995327830315
3639,417.09051513671875,9.256328582763672,1691732.0337142944,31174.25165641308
3640,71.78028869628906,2.945371389389038,1691803.8140029907,31177.197027802467
3641,72.57960510253906,2.7932896614074707,1691876.3936080933,31179.990317463875
3642,381.39141845703125,9.643047332763672,1692257.7850265503,31189.63336479664
3643,298.99591064453125,9.811274528503418,1692556.7809371948,31199.444639325142
3644,295.7742919921875,8.248089790344238,1692852.555229187,31207.692729115486
3645,351.0311584472656,9.035928726196289,1693203.5863876343,31216.728657841682
3646,253.49786376953125,9.877737045288086,1693457.0842514038,31226.60639488697
3647,195.96719360351562,8.193594932556152,1693653.0514450073,31234.799989819527
3648,525.8887939453125,9.304774284362793,1694178.9402389526,31244.10476410389
3649,431.08575439453125,9.368006706237793,1694610.0259933472,31253.472770810127
3650,267.20086669921875,8.586309432983398,1694877.2268600464,31262.05908024311
3651,74.58029174804688,5.795032978057861,1694951.8071517944,31267.85411322117
3652,478.8688659667969,9.469069480895996,1695430.6760177612,31277.323182702065
3653,675.935302734375,10.077972412109375,1696106.6113204956,31287.401155114174
3654,311.68243408203125,8.544503211975098,1696418.2937545776,31295.94565832615
3655,351.4291687011719,8.790215492248535,1696769.7229232788,31304.735873818398
3656,65.89862060546875,3.3649048805236816,1696835.6215438843,31308.10077869892
3657,402.214599609375,8.801249504089355,1697237.8361434937,31316.90202820301
3658,231.236572265625,9.1488676071167,1697469.0727157593,31326.050895810127
3659,287.2962646484375,8.678215980529785,1697756.3689804077,31334.729111790657
3660,607.411865234375,9.26450252532959,1698363.780845642,31343.993614315987
3661,319.3868408203125,8.718356132507324,1698683.1676864624,31352.711970448494
3662,164.75741577148438,8.566323280334473,1698847.925102234,31361.27829372883
3663,203.34786987304688,9.649210929870605,1699051.272972107,31370.9275046587
3664,622.1515502929688,10.359353065490723,1699673.4245224,31381.28685772419
3665,328.8562927246094,9.194112777709961,1700002.2808151245,31390.4809705019
3666,203.05288696289062,8.67724609375,1700205.3337020874,31399.15821659565
3667,151.2388916015625,8.671442985534668,1700356.572593689,31407.829659581184
3668,139.0666961669922,6.601841449737549,1700495.639289856,31414.431501030922
3669,272.90911865234375,10.269041061401367,1700768.5484085083,31424.700542092323
3670,177.1720733642578,9.241421699523926,1700945.7204818726,31433.941963791847
3671,221.80667114257812,9.337778091430664,1701167.5271530151,31443.279741883278
3672,258.40740966796875,8.25713062286377,1701425.934562683,31451.53687250614
3673,176.55841064453125,7.915211200714111,1701602.4929733276,31459.452083706856
3674,312.9659118652344,9.24576187133789,1701915.4588851929,31468.697845578194
3675,477.720947265625,9.099458694458008,1702393.1798324585,31477.79730427265
3676,238.27511596679688,8.610485076904297,1702631.4549484253,31486.407789349556
3677,491.50982666015625,9.582414627075195,1703122.9647750854,31495.99020397663
3678,89.79608154296875,6.385368347167969,1703212.7608566284,31502.3755723238
3679,266.8629150390625,8.596650123596191,1703479.6237716675,31510.972222447395
3680,296.0010986328125,8.523509979248047,1703775.6248703003,31519.495732426643
3681,455.4565124511719,9.030216217041016,1704231.0813827515,31528.525948643684
3682,346.724365234375,8.102474212646484,1704577.8057479858,31536.62842285633
3683,315.3059997558594,8.70343017578125,1704893.1117477417,31545.331853032112
3684,291.2577209472656,8.324313163757324,1705184.369468689,31553.65616619587
3685,242.04840087890625,9.169821739196777,1705426.4178695679,31562.825987935066
3686,178.569091796875,8.203941345214844,1705604.9869613647,31571.02992928028
3687,274.142333984375,9.785039901733398,1705879.1292953491,31580.814969182014
3688,171.33018493652344,8.240406036376953,1706050.4594802856,31589.05537521839
3689,289.3409729003906,10.545842170715332,1706339.800453186,31599.601217389107
3690,469.59423828125,9.145710945129395,1706809.3946914673,31608.746928334236
3691,265.40972900390625,8.874367713928223,1707074.8044204712,31617.621296048164
3692,360.6189880371094,8.759049415588379,1707435.4234085083,31626.380345463753
3693,433.0476989746094,9.875675201416016,1707868.471107483,31636.25602066517
3694,92.57356262207031,6.856865406036377,1707961.044670105,31643.112886071205
3695,346.55218505859375,8.826780319213867,1708307.5968551636,31651.93966639042
3696,67.58523559570312,2.23128080368042,1708375.1820907593,31654.1709471941
3697,69.53218841552734,3.4498791694641113,1708444.7142791748,31657.620826363564
3698,511.8397216796875,10.95678424835205,1708956.5540008545,31668.577610611916
3699,93.47682189941406,6.757967948913574,1709050.030822754,31675.33557856083
3700,554.8330688476562,8.767936706542969,1709604.8638916016,31684.103515267372
3701,399.05804443359375,8.936816215515137,1710003.9219360352,31693.040331482887
3702,89.05763244628906,7.038313865661621,1710092.9795684814,31700.07864534855
3703,250.04188537597656,8.984249114990234,1710343.0214538574,31709.06289446354
3704,517.1502075195312,9.71076488494873,1710860.171661377,31718.773659348488
3705,216.93951416015625,9.557817459106445,1711077.111175537,31728.331476807594
3706,180.18527221679688,8.66412353515625,1711257.296447754,31736.99560034275
3707,212.29078674316406,9.719311714172363,1711469.587234497,31746.714912056923
3708,212.77330017089844,7.833747863769531,1711682.360534668,31754.548659920692
3709,175.6546630859375,7.77407169342041,1711858.015197754,31762.322731614113
3710,225.8865966796875,8.160131454467773,1712083.9017944336,31770.48286306858
3711,424.28619384765625,8.988570213317871,1712508.1879882812,31779.4714332819
3712,339.1273193359375,9.622763633728027,1712847.3153076172,31789.094196915627
3713,107.41913604736328,6.666433811187744,1712954.7344436646,31795.760630726814
3714,480.6044006347656,9.504789352416992,1713435.3388442993,31805.26542007923
3715,145.6875457763672,7.499918460845947,1713581.0263900757,31812.765338540077
3716,505.12939453125,9.914305686950684,1714086.155784607,31822.679644227028
3717,210.63380432128906,8.209733009338379,1714296.7895889282,31830.889377236366
3718,137.7046661376953,7.273340225219727,1714434.494255066,31838.162717461586
3719,73.26182556152344,4.299258708953857,1714507.7560806274,31842.46197617054
3720,441.25469970703125,8.799488067626953,1714949.0107803345,31851.261464238167
3721,267.8484191894531,9.240931510925293,1715216.859199524,31860.502395749092
3722,254.03115844726562,8.656012535095215,1715470.8903579712,31869.158408284187
3723,258.3133544921875,9.468173027038574,1715729.2037124634,31878.626581311226
3724,321.6448974609375,9.652223587036133,1716050.8486099243,31888.278804898262
3725,353.0860595703125,9.348896026611328,1716403.9346694946,31897.627700924873
3726,74.13259887695312,4.877424240112305,1716478.0672683716,31902.505125164986
3727,259.97650146484375,9.805948257446289,1716738.0437698364,31912.311073422432
3728,352.59332275390625,9.786694526672363,1717090.6370925903,31922.097767949104
3729,329.6761779785156,9.48155689239502,1717420.3132705688,31931.5793248415
3730,179.40679931640625,8.838264465332031,1717599.7200698853,31940.41758930683
3731,380.8570861816406,8.734210014343262,1717980.577156067,31949.151799321175
3732,261.9415588378906,9.360199928283691,1718242.5187149048,31958.51199924946
3733,417.04083251953125,9.582974433898926,1718659.5595474243,31968.094973683357
3734,158.22671508789062,7.334665775299072,1718817.7862625122,31975.429639458656
3735,312.33734130859375,7.999464988708496,1719130.1236038208,31983.429104447365
3736,410.38665771484375,8.844925880432129,1719540.5102615356,31992.274030327797
3737,268.8060607910156,9.061092376708984,1719809.3163223267,32001.335122704506
3738,67.29693603515625,7.041168212890625,1719876.6132583618,32008.376290917397
3739,70.6174545288086,3.2081549167633057,1719947.2307128906,32011.58444583416
3740,94.33232116699219,6.479167461395264,1720041.5630340576,32018.063613295555
3741,70.51931762695312,3.248366355895996,1720112.0823516846,32021.31197965145
3742,205.5233917236328,9.168318748474121,1720317.6057434082,32030.480298399925
3743,196.17190551757812,8.422529220581055,1720513.7776489258,32038.902827620506
3744,433.52313232421875,9.011808395385742,1720947.30078125,32047.914636015892
3745,428.217529296875,9.677600860595703,1721375.5183105469,32057.592236876488
3746,70.85537719726562,4.275165557861328,1721446.3736877441,32061.86740243435
3747,384.0152587890625,9.402765274047852,1721830.3889465332,32071.270167708397
3748,262.33935546875,9.108148574829102,1722092.728302002,32080.378316283226
3749,305.09326171875,8.38215160369873,1722397.8215637207,32088.760467886925
3750,226.36875915527344,8.269208908081055,1722624.190322876,32097.029676795006
3751,465.17718505859375,9.685461044311523,1723089.3675079346,32106.715137839317
3752,292.17413330078125,8.182114601135254,1723381.5416412354,32114.897252440453
3753,501.8507995605469,8.774285316467285,1723883.392440796,32123.67153775692
3754,265.40679931640625,9.003279685974121,1724148.7992401123,32132.674817442894
3755,78.50432586669922,5.901779651641846,1724227.303565979,32138.576597094536
3756,219.19656372070312,9.639004707336426,1724446.5001296997,32148.215601801872
3757,350.7950439453125,8.892426490783691,1724797.295173645,32157.108028292656
3758,152.9200439453125,8.430596351623535,1724950.2152175903,32165.53862464428
3759,222.6562042236328,8.391886711120605,1725172.871421814,32173.9305113554
3760,644.8216552734375,9.0878267288208,1725817.6930770874,32183.01833808422
3761,250.4528045654297,8.55562686920166,1726068.1458816528,32191.573964953423
3762,332.0982666015625,8.427492141723633,1726400.2441482544,32200.001457095146
3763,63.99351119995117,5.393315315246582,1726464.2376594543,32205.394772410393
3764,360.04718017578125,8.641337394714355,1726824.2848396301,32214.036109805107
3765,391.0336608886719,9.127184867858887,1727215.3185005188,32223.163294672966
3766,141.41409301757812,7.03044319152832,1727356.7325935364,32230.193737864494
3767,121.35958862304688,7.7380242347717285,1727478.0921821594,32237.931762099266
3768,170.58670043945312,8.365682601928711,1727648.6788825989,32246.297444701195
3769,316.33184814453125,9.195355415344238,1727965.0107307434,32255.49280011654
3770,348.99078369140625,8.761306762695312,1728314.0015144348,32264.254106879234
3771,276.0986328125,8.804842948913574,1728590.1001472473,32273.058949828148
3772,267.63458251953125,8.680697441101074,1728857.7347297668,32281.73964726925
3773,201.95550537109375,8.220540046691895,1729059.690235138,32289.96018731594
3774,452.89678955078125,8.673689842224121,1729512.5870246887,32298.633877158165
3775,538.601318359375,8.972732543945312,1730051.188343048,32307.60660970211
3776,459.8301086425781,8.489307403564453,1730511.0184516907,32316.095917105675
3777,280.3829345703125,9.957418441772461,1730791.401386261,32326.053335547447
3778,315.364990234375,8.542819023132324,1731106.7663764954,32334.59615457058
3779,405.0479736328125,9.156649589538574,1731511.8143501282,32343.752804160118
3780,291.27569580078125,10.00709342956543,1731803.090045929,32353.759897589684
3781,334.8265380859375,10.477640151977539,1732137.916584015,32364.23753774166
3782,319.32666015625,9.008861541748047,1732457.2432441711,32373.24639928341
3783,71.4767074584961,4.585739612579346,1732528.7199516296,32377.83213889599
3784,353.10333251953125,9.035664558410645,1732881.8232841492,32386.8678034544
3785,403.1679382324219,9.380136489868164,1733284.9912223816,32396.247939944267
3786,437.1380310058594,9.614339828491211,1733722.1292533875,32405.86227977276
3787,483.22161865234375,8.845436096191406,1734205.3508720398,32414.70771586895
3788,275.5217590332031,8.644111633300781,1734480.872631073,32423.35182750225
3789,467.8643798828125,9.211230278015137,1734948.7370109558,32432.563057780266
3790,85.22273254394531,4.296163082122803,1735033.9597434998,32436.85922086239
3791,456.60882568359375,9.185295104980469,1735490.5685691833,32446.04451596737
3792,211.74151611328125,8.7233304977417,1735702.3100852966,32454.76784646511
3793,165.66055297851562,8.421059608459473,1735867.9706382751,32463.18890607357
3794,429.9582824707031,9.176261901855469,1736297.9289207458,32472.365167975426
3795,188.11026000976562,8.963078498840332,1736486.0391807556,32481.328246474266
3796,204.758544921875,8.13393783569336,1736690.7977256775,32489.46218430996
3797,456.2158203125,8.785070419311523,1737147.01354599,32498.24725472927
3798,77.6119613647461,4.129677772521973,1737224.6255073547,32502.376932501793
3799,269.72735595703125,9.385133743286133,1737494.3528633118,32511.76206624508
3800,69.66203308105469,4.32850980758667,1737564.0148963928,32516.090576052666
3801,360.5730895996094,10.092264175415039,1737924.5879859924,32526.18284022808
3802,238.08383178710938,10.13546371459961,1738162.6718177795,32536.31830394268
3803,103.49983215332031,7.542245388031006,1738266.1716499329,32543.86054933071
3804,276.859375,8.421534538269043,1738543.0310249329,32552.28208386898
3805,205.2606658935547,9.352008819580078,1738748.2916908264,32561.63409268856
3806,311.4990234375,9.827603340148926,1739059.790714264,32571.46169602871
3807,214.15374755859375,9.352954864501953,1739273.9444618225,32580.81465089321
3808,363.8007507324219,8.435872077941895,1739637.745212555,32589.250522971153
3809,75.726318359375,5.059128284454346,1739713.4715309143,32594.309651255608
3810,501.34271240234375,9.385117530822754,1740214.8142433167,32603.69476878643
3811,129.30715942382812,8.293105125427246,1740344.1214027405,32611.987873911858
3812,371.3160705566406,9.367141723632812,1740715.4374732971,32621.35501563549
3813,345.67718505859375,9.794690132141113,1741061.1146583557,32631.14970576763
3814,311.24090576171875,10.041236877441406,1741372.3555641174,32641.190942645073
3815,431.0406494140625,8.293834686279297,1741803.3962135315,32649.484777331352
3816,295.42205810546875,8.52942180633545,1742098.818271637,32658.014199137688
3817,255.61404418945312,8.71751880645752,1742354.4323158264,32666.731717944145
3818,399.0087585449219,8.939887046813965,1742753.4410743713,32675.67160499096
3819,573.7032470703125,8.91105842590332,1743327.1443214417,32684.582663416862
3820,420.9721984863281,9.270316123962402,1743748.116519928,32693.852979540825
3821,171.87313842773438,8.486820220947266,1743919.9896583557,32702.339799761772
3822,149.24171447753906,9.395108222961426,1744069.2313728333,32711.734907984734
3823,167.66944885253906,9.331478118896484,1744236.9008216858,32721.06638610363
3824,467.7327880859375,9.566929817199707,1744704.6336097717,32730.63331592083
3825,289.19317626953125,9.716155052185059,1744993.8267860413,32740.349470973015
3826,155.09710693359375,8.400601387023926,1745148.9238929749,32748.75007236004
3827,188.29571533203125,8.093626022338867,1745337.219608307,32756.843698382378
3828,298.00262451171875,9.537300109863281,1745635.2222328186,32766.38099849224
3829,128.5418243408203,9.066825866699219,1745763.7640571594,32775.44782435894
3830,188.2415313720703,8.954598426818848,1745952.0055885315,32784.40242278576
3831,306.0503234863281,8.33849048614502,1746258.0559120178,32792.740913271904
3832,248.8634033203125,8.715222358703613,1746506.9193153381,32801.45613563061
3833,367.3126220703125,9.216841697692871,1746874.2319374084,32810.6729773283
3834,487.4559020996094,9.617349624633789,1747361.687839508,32820.290326952934
3835,386.90447998046875,9.076834678649902,1747748.5923194885,32829.367161631584
3836,442.968505859375,8.81579303741455,1748191.560825348,32838.182954669
3837,311.450927734375,8.74860668182373,1748503.0117530823,32846.93156135082
3838,266.3189697265625,9.817370414733887,1748769.3307228088,32856.748931765556
3839,374.28594970703125,8.2233247756958,1749143.6166725159,32864.97225654125
3840,210.80770874023438,8.48335075378418,1749354.424381256,32873.455607295036
3841,190.77459716796875,8.183083534240723,1749545.198978424,32881.63869082928
3842,178.43406677246094,9.134577751159668,1749723.6330451965,32890.77326858044
3843,614.106201171875,8.883874893188477,1750337.7392463684,32899.657143473625
3844,76.08621215820312,3.418247938156128,1750413.8254585266,32903.07539141178
3845,363.48992919921875,8.442276954650879,1750777.3153877258,32911.51766836643
3846,560.8763427734375,10.091604232788086,1751338.1917304993,32921.60927259922
3847,80.12599182128906,3.7364189624786377,1751418.3177223206,32925.3456915617
3848,448.50799560546875,10.372934341430664,1751866.825717926,32935.71862590313
3849,255.10533142089844,10.48607349395752,1752121.931049347,32946.20469939709
3850,143.47349548339844,7.270998954772949,1752265.4045448303,32953.47569835186
3851,246.290771484375,9.04157829284668,1752511.6953163147,32962.51727664471
3852,69.80014038085938,5.244437217712402,1752581.4954566956,32967.76171386242
3853,403.8435363769531,8.529047966003418,1752985.3389930725,32976.29076182842
3854,376.72406005859375,8.951879501342773,1753362.063053131,32985.242641329765
3855,274.1375732421875,8.172149658203125,1753636.2006263733,32993.41479098797
3856,154.6676025390625,8.038959503173828,1753790.8682289124,33001.45375049114
3857,200.1315155029297,7.951695919036865,1753990.9997444153,33009.40544641018
3858,410.8117980957031,9.13566780090332,1754401.811542511,33018.54111421108
3859,199.12298583984375,8.298436164855957,1754600.9345283508,33026.83955037594
3860,292.4023132324219,9.140121459960938,1754893.3368415833,33035.9796718359
3861,159.93038940429688,7.128754138946533,1755053.2672309875,33043.108425974846
3862,64.36518859863281,4.637976169586182,1755117.6324195862,33047.74640214443
3863,66.56438446044922,3.337794303894043,1755184.1968040466,33051.084196448326
3864,277.496337890625,8.745244979858398,1755461.6931419373,33059.829441428185
3865,294.6407470703125,8.376992225646973,1755756.3338890076,33068.20643365383
3866,223.13229370117188,9.42543888092041,1755979.4661827087,33077.63187253475
3867,103.56211853027344,6.729973793029785,1756083.028301239,33084.36184632778
3868,177.56069946289062,7.520661354064941,1756260.589000702,33091.88250768185
3869,186.80406188964844,9.260076522827148,1756447.3930625916,33101.142584204674
3870,136.99554443359375,8.013103485107422,1756584.3886070251,33109.15568768978
3871,68.93144226074219,2.8236541748046875,1756653.320049286,33111.979341864586
3872,693.3944702148438,9.606496810913086,1757346.7145195007,33121.5858386755
3873,593.2832641601562,9.703251838684082,1757939.997783661,33131.28909051418
3874,158.48446655273438,8.59334659576416,1758098.4822502136,33139.88243710995
3875,80.85458374023438,6.808750152587891,1758179.3368339539,33146.691187262535
3876,495.53302001953125,9.064135551452637,1758674.8698539734,33155.75532281399
3877,317.777587890625,8.969029426574707,1758992.647441864,33164.72435224056
3878,178.49160766601562,9.154991149902344,1759171.13904953,33173.879343390465
3879,321.03460693359375,8.811112403869629,1759492.1736564636,33182.690455794334
3880,162.1749267578125,8.06853199005127,1759654.3485832214,33190.758987784386
3881,266.787109375,9.168423652648926,1759921.1356925964,33199.927411437035
3882,195.97509765625,8.470025062561035,1760117.1107902527,33208.397436499596
3883,323.6318359375,8.700674057006836,1760440.7426261902,33217.0981105566
3884,527.8709716796875,9.265802383422852,1760968.6135978699,33226.363912940025
3885,60.573387145996094,5.27206563949585,1761029.1869850159,33231.63597857952
3886,68.52816009521484,3.3053646087646484,1761097.715145111,33234.941343188286
3887,229.16561889648438,8.955830574035645,1761326.8807640076,33243.89717376232
3888,232.85372924804688,8.453946113586426,1761559.7344932556,33252.35111987591
3889,71.26847839355469,3.711442470550537,1761631.0029716492,33256.06256234646
3890,85.9348373413086,6.255444526672363,1761716.9378089905,33262.31800687313
3891,306.616943359375,9.085687637329102,1762023.5547523499,33271.40369451046
3892,234.53985595703125,8.353569984436035,1762258.094608307,33279.757264494896
3893,427.0240478515625,8.81298828125,1762685.1186561584,33288.570252776146
3894,85.40235900878906,6.091277122497559,1762770.5210151672,33294.66152989864
3895,313.6689147949219,9.389836311340332,1763084.1899299622,33304.051366209984
3896,422.2725830078125,9.396958351135254,1763506.46251297,33313.44832456112
3897,343.2093505859375,9.305736541748047,1763849.671863556,33322.75406110287
3898,436.931640625,9.780226707458496,1764286.603504181,33332.534287810326
3899,225.45614624023438,8.775941848754883,1764512.0596504211,33341.31022965908
3900,68.8712387084961,2.617990016937256,1764580.9308891296,33343.92821967602
3901,440.4493103027344,9.250371932983398,1765021.3801994324,33353.178591609
3902,67.34443664550781,3.807689666748047,1765088.7246360779,33356.98628127575
3903,181.95266723632812,8.368497848510742,1765270.6773033142,33365.35477912426
3904,497.3141784667969,8.949228286743164,1765767.991481781,33374.304007411
3905,169.76141357421875,8.611175537109375,1765937.7528953552,33382.91518294811
3906,626.96630859375,9.664633750915527,1766564.719203949,33392.57981669903
3907,164.82827758789062,8.652488708496094,1766729.5474815369,33401.232305407524
3908,334.4395751953125,9.879691123962402,1767063.9870567322,33411.11199653149
3909,451.25189208984375,9.129372596740723,1767515.238948822,33420.24136912823
3910,405.9252624511719,9.297721862792969,1767921.1642112732,33429.53909099102
3911,419.672607421875,8.921699523925781,1768340.836818695,33438.460790514946
3912,417.3289489746094,9.742410659790039,1768758.1657676697,33448.203201174736
3913,146.26922607421875,8.587617874145508,1768904.434993744,33456.79081904888
3914,209.68771362304688,8.09995174407959,1769114.122707367,33464.89077079296
3915,278.4499816894531,9.710159301757812,1769392.5726890564,33474.60093009472
3916,235.267333984375,9.045869827270508,1769627.8400230408,33483.64679992199
3917,529.7432250976562,9.455307006835938,1770157.5832481384,33493.102106928825
3918,195.05850219726562,9.056966781616211,1770352.6417503357,33502.15907371044
3919,269.47979736328125,9.616165161132812,1770622.121547699,33511.775238871574
3920,231.81935119628906,8.412385940551758,1770853.9408988953,33520.187624812126
3921,335.3480224609375,9.554621696472168,1771189.2889213562,33529.7422465086
3922,74.69288635253906,5.996606349945068,1771263.9818077087,33535.73885285854
3923,224.68104553222656,8.516963958740234,1771488.662853241,33544.25581681728
3924,258.02032470703125,8.481439590454102,1771746.683177948,33552.73725640774
3925,546.3040161132812,10.72014045715332,1772292.9871940613,33563.45739686489
3926,167.7176971435547,8.674948692321777,1772460.7048912048,33572.13234555721
3927,339.8899230957031,9.50861644744873,1772800.5948143005,33581.64096200466
3928,94.11750793457031,7.569928169250488,1772894.712322235,33589.21089017391
3929,335.97650146484375,8.713201522827148,1773230.6888237,33597.92409169674
3930,333.33209228515625,8.767348289489746,1773564.020915985,33606.69143998623
3931,338.21832275390625,8.14688777923584,1773902.239238739,33614.838327765465
3932,349.845703125,9.346846580505371,1774252.084941864,33624.18517434597
3933,143.51882934570312,8.474311828613281,1774395.6037712097,33632.65948617458
3934,344.38970947265625,9.333895683288574,1774739.9934806824,33641.99338185787
3935,73.46437072753906,3.2811155319213867,1774813.45785141,33645.27449738979
3936,275.9119567871094,10.336713790893555,1775089.369808197,33655.61121118069
3937,540.505615234375,11.129011154174805,1775629.8754234314,33666.74022233486
3938,455.59564208984375,8.731698989868164,1776085.4710655212,33675.47192132473
3939,342.1968078613281,8.159150123596191,1776427.6678733826,33683.631071448326
3940,335.78607177734375,8.697149276733398,1776763.45394516,33692.32822072506
3941,64.97984313964844,2.990368604660034,1776828.4337882996,33695.31858932972
3942,372.5887756347656,8.837515830993652,1777201.0225639343,33704.15610516071
3943,387.44525146484375,9.135485649108887,1777588.4678153992,33713.29159080982
3944,543.27392578125,9.441506385803223,1778131.7417411804,33722.733097195625
3945,194.52276611328125,8.796219825744629,1778326.2645072937,33731.52931702137
3946,347.30810546875,9.337662696838379,1778673.5726127625,33740.86697971821
3947,304.8455505371094,8.607400894165039,1778978.4181632996,33749.47438061237
3948,267.67584228515625,9.671494483947754,1779246.0940055847,33759.14587509632
3949,369.3899841308594,7.890231132507324,1779615.4839897156,33767.03610622883
3950,290.42120361328125,8.933377265930176,1779905.9051933289,33775.96948349476
3951,67.05577087402344,1.7800918817520142,1779972.9609642029,33777.74957537651
3952,485.4093017578125,9.53629207611084,1780458.3702659607,33787.28586745262
3953,74.32730102539062,2.954744338989258,1780532.697566986,33790.24061179161
3954,237.0662384033203,7.5901947021484375,1780769.7638053894,33797.83080649376
3955,140.58871459960938,7.078932762145996,1780910.352519989,33804.909739255905
3956,164.26129150390625,7.329160213470459,1781074.613811493,33812.238899469376
3957,312.16058349609375,8.53926944732666,1781386.774394989,33820.7781689167
3958,90.63227844238281,6.510001182556152,1781477.4066734314,33827.28817009926
3959,415.3390197753906,9.35171127319336,1781892.7456932068,33836.63988137245
3960,256.0356750488281,8.694485664367676,1782148.7813682556,33845.33436703682
3961,158.81631469726562,8.50580883026123,1782307.5976829529,33853.84017586708
3962,244.22865295410156,9.597042083740234,1782551.826335907,33863.43721795082
3963,297.09527587890625,8.799712181091309,1782848.921611786,33872.23693013191
3964,232.86952209472656,9.134232521057129,1783081.7911338806,33881.37116265297
3965,278.74896240234375,8.932796478271484,1783360.540096283,33890.30395913124
3966,304.133056640625,8.762331008911133,1783664.6731529236,33899.06629014015
3967,469.7981262207031,9.029861450195312,1784134.4712791443,33908.09615159035
3968,138.68055725097656,7.885589122772217,1784273.1518363953,33915.98174071312
3969,183.6142578125,7.819159507751465,1784456.7660942078,33923.80090022087
3970,460.427490234375,9.31705379486084,1784917.1935844421,33933.11795401573
3971,216.54283142089844,9.098360061645508,1785133.736415863,33942.21631407738
3972,186.88101196289062,7.837028980255127,1785320.617427826,33950.05334305763
3973,533.5292358398438,9.810721397399902,1785854.1466636658,33959.86406445503
3974,419.14227294921875,8.81860065460205,1786273.288936615,33968.682665109634
3975,309.51812744140625,9.161412239074707,1786582.8070640564,33977.84407734871
3976,84.99436950683594,5.137911796569824,1786667.8014335632,33982.98198914528
3977,178.94700622558594,8.922611236572266,1786846.7484397888,33991.90460038185
3978,69.6612548828125,3.9920525550842285,1786916.4096946716,33995.896652936935
3979,294.0526123046875,9.21804141998291,1787210.4623069763,34005.11469435692
3980,203.69033813476562,8.533859252929688,1787414.152645111,34013.64855360985
3981,420.2255859375,9.550507545471191,1787834.3782310486,34023.19906115532
3982,428.62408447265625,8.83366870880127,1788263.0023155212,34032.03272986412
3983,254.62109375,9.201159477233887,1788517.6234092712,34041.233889341354
3984,439.2623596191406,8.898297309875488,1788956.8857688904,34050.13218665123
3985,76.89501953125,2.351452112197876,1789033.7807884216,34052.48363876343
3986,432.8782043457031,10.535917282104492,1789466.6589927673,34063.01955604553
3987,474.39569091796875,8.601036071777344,1789941.0546836853,34071.62059211731
3988,151.30072021484375,8.447861671447754,1790092.3554039001,34080.06845378876
3989,214.7159881591797,9.06847858428955,1790307.0713920593,34089.13693237305
3990,198.093994140625,7.501918315887451,1790505.1653862,34096.638850688934
3991,475.27899169921875,9.904034614562988,1790980.4443778992,34106.5428853035
3992,353.2944030761719,9.314724922180176,1791333.7387809753,34115.85761022568
3993,366.76348876953125,12.028977394104004,1791700.5022697449,34127.88658761978
3994,448.60198974609375,9.882126808166504,1792149.104259491,34137.76871442795
3995,475.40478515625,9.198262214660645,1792624.5090446472,34146.96697664261
3996,320.94677734375,8.43802547454834,1792945.455821991,34155.40500211716
3997,425.3336181640625,8.837446212768555,1793370.789440155,34164.242448329926
3998,153.98797607421875,8.6245756149292,1793524.7774162292,34172.867023944855
3999,393.31878662109375,9.712040901184082,1793918.0962028503,34182.57906484604
4000,298.1146545410156,9.971790313720703,1794216.2108573914,34192.55085515976
4001,203.05784606933594,7.698792934417725,1794419.2687034607,34200.24964809418
4002,72.14212799072266,2.6567957401275635,1794491.4108314514,34202.906443834305
4003,237.40164184570312,8.688376426696777,1794728.8124732971,34211.594820261
4004,77.80281066894531,5.5842204093933105,1794806.615283966,34217.179040670395
4005,369.22613525390625,8.712303161621094,1795175.84141922,34225.891343832016
4006,156.18231201171875,9.060647010803223,1795332.0237312317,34234.95199084282
4007,369.78857421875,9.038008689880371,1795701.8123054504,34243.9899995327
4008,351.65655517578125,9.381786346435547,1796053.4688606262,34253.371785879135
4009,267.92352294921875,8.379191398620605,1796321.3923835754,34261.750977277756
4010,154.239501953125,9.044514656066895,1796475.6318855286,34270.79549193382
4011,390.97021484375,9.43014907836914,1796866.6021003723,34280.22564101219
4012,268.3003845214844,8.370261192321777,1797134.9024848938,34288.59590220451
4013,315.44476318359375,8.910564422607422,1797450.3472480774,34297.50646662712
4014,172.3924102783203,7.850139617919922,1797622.7396583557,34305.35660624504
4015,224.85806274414062,8.073840141296387,1797847.5977210999,34313.43044638634
4016,71.59840393066406,6.407651901245117,1797919.1961250305,34319.83809828758
4017,539.4515991210938,10.30659008026123,1798458.6477241516,34330.14468836784
4018,85.26366424560547,8.255946159362793,1798543.9113883972,34338.40063452721
4019,522.1953125,9.663064002990723,1799066.1067008972,34348.0636985302
4020,491.81805419921875,8.975214004516602,1799557.9247550964,34357.038912534714
4021,63.27777099609375,5.319609642028809,1799621.2025260925,34362.35852217674
4022,270.3305358886719,10.840970039367676,1799891.5330619812,34373.19949221611
4023,256.13055419921875,8.654789924621582,1800147.6636161804,34381.85428214073
4024,193.33419799804688,7.932591915130615,1800340.9978141785,34389.78687405586
4025,319.75616455078125,9.362353324890137,1800660.7539787292,34399.14922738075
4026,343.58294677734375,9.117640495300293,1801004.3369255066,34408.26686787605
4027,270.6484069824219,8.475558280944824,1801274.985332489,34416.742426157
4028,443.1227111816406,9.320411682128906,1801718.1080436707,34426.06283783913
4029,72.30628204345703,2.6525774002075195,1801790.414325714,34428.715415239334
4030,261.4441833496094,9.028277397155762,1802051.8585090637,34437.74369263649
4031,215.064453125,8.967470169067383,1802266.9229621887,34446.71116280556
4032,387.143310546875,9.457863807678223,1802654.0662727356,34456.169026613235
4033,148.37933349609375,7.958192348480225,1802802.4456062317,34464.127218961716
4034,342.185546875,10.114875793457031,1803144.6311531067,34474.24209475517
4035,64.17875671386719,4.88232421875,1803208.8099098206,34479.12441897392
4036,466.13287353515625,9.464767456054688,1803674.9427833557,34488.58918642998
4037,132.32460021972656,7.255622863769531,1803807.2673835754,34495.84480929375
4038,340.4029541015625,9.698988914489746,1804147.670337677,34505.54379820824
4039,160.00283813476562,7.410508155822754,1804307.6731758118,34512.95430636406
4040,246.1949920654297,9.316204071044922,1804553.8681678772,34522.270510435104
4041,209.5818328857422,8.345611572265625,1804763.450000763,34530.61612200737
4042,297.09442138671875,10.307347297668457,1805060.5444221497,34540.92346930504
4043,292.94097900390625,8.82384967803955,1805353.4854011536,34549.74731898308
4044,157.48233032226562,8.753729820251465,1805510.9677314758,34558.50104880333
4045,327.2681884765625,8.795808792114258,1805838.2359199524,34567.296857595444
4046,288.8539123535156,9.490641593933105,1806127.089832306,34576.78749918938
4047,284.8676452636719,8.486824035644531,1806411.9574775696,34585.27432322502
4048,352.7396545410156,8.88770866394043,1806764.6971321106,34594.16203188896
4049,239.64727783203125,9.414828300476074,1807004.3444099426,34603.57686018944
4050,402.4180908203125,10.2234525680542,1807406.762500763,34613.80031275749
4051,501.09783935546875,8.808612823486328,1807907.8603401184,34622.60892558098
4052,78.08792114257812,4.048377513885498,1807985.948261261,34626.657303094864
4053,409.60272216796875,9.067538261413574,1808395.550983429,34635.72484135628
4054,248.98374938964844,9.046305656433105,1808644.5347328186,34644.77114701271
4055,325.28155517578125,8.532756805419922,1808969.8162879944,34653.30390381813
4056,385.72283935546875,9.425989151000977,1809355.5391273499,34662.72989296913
4057,70.61660766601562,5.676042079925537,1809426.1557350159,34668.40593504906
4058,297.5893859863281,8.150352478027344,1809723.7451210022,34676.556287527084
4059,361.7264709472656,9.747764587402344,1810085.4715919495,34686.30405211449
4060,419.798828125,9.572562217712402,1810505.2704200745,34695.8766143322
4061,520.8526000976562,8.747247695922852,1811026.1230201721,34704.62386202812
4062,266.59564208984375,8.560250282287598,1811292.718662262,34713.18411231041
4063,458.57244873046875,9.710474967956543,1811751.2911109924,34722.894587278366
4064,260.41302490234375,9.288905143737793,1812011.7041358948,34732.183492422104
4065,318.09564208984375,9.242729187011719,1812329.7997779846,34741.426221609116
4066,388.203125,9.651310920715332,1812718.0029029846,34751.07753252983
4067,335.4053955078125,10.280324935913086,1813053.4082984924,34761.357857465744
4068,413.8514404296875,10.076516151428223,1813467.2597389221,34771.43437361717
4069,226.5657958984375,8.362770080566406,1813693.8255348206,34779.79714369774
4070,314.5299072265625,9.12080192565918,1814008.3554420471,34788.9179456234
4071,489.294921875,9.01644515991211,1814497.6503639221,34797.93439078331
4072,127.00694274902344,7.264973163604736,1814624.6573066711,34805.199363946915
4073,282.31207275390625,8.81799602508545,1814906.969379425,34814.017359972
4074,233.77676391601562,10.01034164428711,1815140.746143341,34824.02770161629
4075,404.036865234375,9.894253730773926,1815544.7830085754,34833.92195534706
4076,160.49887084960938,8.03182315826416,1815705.281879425,34841.953778505325
4077,69.07601928710938,2.0074338912963867,1815774.3578987122,34843.96121239662
4078,198.81179809570312,9.10031795501709,1815973.1696968079,34853.06153035164
4079,197.85415649414062,9.18408203125,1816171.023853302,34862.24561238289
4080,285.9961853027344,9.673433303833008,1816457.0200386047,34871.91904568672
4081,340.279296875,8.784591674804688,1816797.2993354797,34880.70363736153
4082,447.364013671875,9.59449577331543,1817244.6633491516,34890.29813313484
4083,89.41326904296875,5.4082112312316895,1817334.0766181946,34895.70634436607
4084,344.15179443359375,8.370258331298828,1817678.2284126282,34904.07660269737
4085,334.06585693359375,9.926783561706543,1818012.2942695618,34914.00338625908
4086,155.22821044921875,8.165791511535645,1818167.522480011,34922.169177770615
4087,335.1602478027344,8.4476957321167,1818502.6827278137,34930.61687350273
4088,269.66229248046875,10.766819953918457,1818772.3450202942,34941.38369345665
4089,72.49034881591797,4.388561248779297,1818844.83536911,34945.77225470543
4090,243.5583038330078,9.058640480041504,1819088.393672943,34954.83089518547
4091,467.93341064453125,9.244874000549316,1819556.3270835876,34964.07576918602
4092,344.8509521484375,8.595951080322266,1819901.178035736,34972.67172026634
4093,133.45790100097656,8.655387878417969,1820034.635936737,34981.32710814476
4094,149.01840209960938,8.356354713439941,1820183.6543388367,34989.6834628582
4095,159.8217315673828,7.885033130645752,1820343.476070404,34997.568495988846
4096,431.8618469238281,9.23485279083252,1820775.3379173279,35006.80334877968
4097,426.24932861328125,9.17007827758789,1821201.5872459412,35015.973427057266
4098,226.17942810058594,8.895109176635742,1821427.7666740417,35024.8685362339
4099,370.3992004394531,9.573092460632324,1821798.1658744812,35034.441628694534
4100,236.58303833007812,9.05897331237793,1822034.7489128113,35043.50060200691
4101,387.98333740234375,8.172228813171387,1822422.7322502136,35051.67283082008
4102,211.23605346679688,8.133898735046387,1822633.9683036804,35059.80672955513
4103,466.6575927734375,9.43597412109375,1823100.6258964539,35069.242703676224
4104,273.910888671875,8.489790916442871,1823374.5367851257,35077.73249459267
4105,340.1401672363281,8.513043403625488,1823714.676952362,35086.24553799629
4106,73.61894226074219,6.33710241317749,1823788.2958946228,35092.58264040947
4107,293.20343017578125,9.585162162780762,1824081.4993247986,35102.16780257225
4108,197.62564086914062,9.486002922058105,1824279.1249656677,35111.65380549431
4109,556.21435546875,9.06151008605957,1824835.3393211365,35120.71531558037
4110,410.66632080078125,8.89605712890625,1825246.0056419373,35129.611372709274
4111,66.8385238647461,4.540947914123535,1825312.844165802,35134.1523206234
4112,166.73486328125,8.035747528076172,1825479.5790290833,35142.188068151474
4113,313.44842529296875,8.968778610229492,1825793.0274543762,35151.1568467617
4114,459.16375732421875,8.727707862854004,1826252.1912117004,35159.88455462456
4115,191.09942626953125,9.196863174438477,1826443.29063797,35169.081417798996
4116,427.4447326660156,9.359848976135254,1826870.735370636,35178.44126677513
4117,184.55502319335938,9.585155487060547,1827055.2903938293,35188.02642226219
4118,176.6306915283203,8.61384391784668,1827231.9210853577,35196.64026618004
4119,68.84729766845703,2.817180633544922,1827300.7683830261,35199.45744681358
4120,219.98756408691406,8.466638565063477,1827520.755947113,35207.92408537865
4121,291.3387145996094,8.659676551818848,1827812.0946617126,35216.583761930466
4122,522.43994140625,11.001623153686523,1828334.534603119,35227.58538508415
4123,280.75408935546875,8.507287979125977,1828615.2886924744,35236.09267306328
4124,257.9132080078125,10.242813110351562,1828873.2019004822,35246.33548617363
4125,161.83682250976562,8.000051498413086,1829035.038722992,35254.33553767204
4126,210.56729125976562,7.47457218170166,1829245.6060142517,35261.810109853745
4127,235.4486846923828,10.455479621887207,1829481.054698944,35272.26558947563
4128,73.96897888183594,2.698359251022339,1829555.023677826,35274.963948726654
4129,160.89450073242188,9.389006614685059,1829715.9181785583,35284.35295534134
4130,125.95304107666016,7.785711765289307,1829841.871219635,35292.13866710663
4131,121.79255676269531,7.787425518035889,1829963.6637763977,35299.926092624664
4132,202.256591796875,8.309757232666016,1830165.9203681946,35308.23584985733
4133,209.95053100585938,9.153697967529297,1830375.8708992004,35317.38954782486
4134,276.50616455078125,9.374054908752441,1830652.3770637512,35326.76360273361
4135,228.9770965576172,9.10151481628418,1830881.3541603088,35335.865117549896
4136,152.25558471679688,8.381967544555664,1831033.6097450256,35344.24708509445
4137,348.8699645996094,8.805520057678223,1831382.4797096252,35353.05260515213
4138,339.398681640625,8.650471687316895,1831721.8783912659,35361.70307683945
4139,426.4180908203125,9.58033561706543,1832148.2964820862,35371.28341245651
4140,400.479736328125,9.538963317871094,1832548.7762184143,35380.82237577438
4141,397.33502197265625,8.150809288024902,1832946.111240387,35388.97318506241
4142,172.37298583984375,7.691977500915527,1833118.4842262268,35396.665162563324
4143,138.925048828125,8.675801277160645,1833257.409275055,35405.340963840485
4144,67.10365295410156,2.8951218128204346,1833324.512928009,35408.236085653305
4145,585.9632568359375,9.554774284362793,1833910.476184845,35417.79085993767
4146,474.0256652832031,8.584978103637695,1834384.5018501282,35426.375838041306
4147,234.25270080566406,9.748331069946289,1834618.7545509338,35436.12416911125
4148,141.37806701660156,8.855504035949707,1834760.1326179504,35444.9796731472
4149,264.35992431640625,9.36194896697998,1835024.4925422668,35454.34162211418
4150,147.3390350341797,7.733588218688965,1835171.831577301,35462.07521033287
4151,590.8468017578125,9.528419494628906,1835762.6783790588,35471.6036298275
4152,62.85606384277344,2.972963809967041,1835825.5344429016,35474.57659363747
4153,554.0147094726562,9.012444496154785,1836379.5491523743,35483.58903813362
4154,67.16522979736328,2.506370782852173,1836446.7143821716,35486.09540891647
4155,163.61024475097656,7.782835960388184,1836610.3246269226,35493.87824487686
4156,213.57730102539062,9.530213356018066,1836823.901927948,35503.40845823288
4157,186.61715698242188,8.153753280639648,1837010.5190849304,35511.56221151352
4158,475.2933654785156,8.94210433959961,1837485.812450409,35520.50431585312
4159,343.6369323730469,8.787803649902344,1837829.449382782,35529.29211950302
4160,144.17791748046875,7.523880958557129,1837973.6273002625,35536.81600046158
4161,310.510009765625,8.35175609588623,1838284.137310028,35545.167756557465
4162,384.3171081542969,9.015185356140137,1838668.4544181824,35554.182941913605
4163,364.77740478515625,8.476628303527832,1839033.2318229675,35562.65957021713
4164,161.221923828125,7.8315606117248535,1839194.4537467957,35570.49113082886
4165,326.72039794921875,9.010306358337402,1839521.1741447449,35579.501437187195
4166,316.8300476074219,8.027454376220703,1839838.0041923523,35587.528891563416
4167,200.231201171875,7.549396514892578,1840038.2353935242,35595.07828807831
4168,410.2549743652344,10.129961013793945,1840448.4903678894,35605.2082490921
4169,417.3742980957031,9.341797828674316,1840865.864665985,35614.55004692078
4170,306.6435852050781,8.242133140563965,1841172.5082511902,35622.79218006134
4171,341.7572326660156,9.689382553100586,1841514.2654838562,35632.48156261444
4172,371.72198486328125,9.580656051635742,1841885.9874687195,35642.06221866608
4173,334.6825866699219,9.455907821655273,1842220.6700553894,35651.51812648773
4174,366.52398681640625,8.802552223205566,1842587.1940422058,35660.32067871094
4175,261.15545654296875,8.975488662719727,1842848.3494987488,35669.29616737366
4176,259.94921875,8.402619361877441,1843108.2987174988,35677.698786735535
4177,64.99951171875,5.189921855926514,1843173.2982292175,35682.88870859146
4178,71.070556640625,5.552456855773926,1843244.3687858582,35688.441165447235
4179,286.20703125,8.782318115234375,1843530.5758171082,35697.22348356247
4180,153.58665466308594,7.488070011138916,1843684.1624717712,35704.71155357361
4181,278.0151062011719,8.653207778930664,1843962.1775779724,35713.36476135254
4182,223.87001037597656,9.028185844421387,1844186.0475883484,35722.39294719696
4183,91.43667602539062,6.035343170166016,1844277.4842643738,35728.42829036713
4184,207.36865234375,8.197265625,1844484.8529167175,35736.62555599213
4185,277.63763427734375,8.699291229248047,1844762.4905509949,35745.324847221375
4186,67.72784423828125,2.2444121837615967,1844830.2183952332,35747.569259405136
4187,64.74989318847656,4.856134414672852,1844894.9682884216,35752.42539381981
4188,158.3594970703125,8.291940689086914,1845053.327785492,35760.717334508896
4189,562.23779296875,9.41317081451416,1845615.5655784607,35770.13050532341
4190,523.6957397460938,9.71665096282959,1846139.2613182068,35779.84715628624
4191,60.09650421142578,4.789798736572266,1846199.3578224182,35784.63695502281
4192,77.8583984375,3.365692138671875,1846277.2162208557,35788.002647161484
4193,341.4800109863281,9.614990234375,1846618.696231842,35797.61763739586
4194,260.546875,8.480772972106934,1846879.243106842,35806.098410367966
4195,190.32603454589844,8.379234313964844,1847069.569141388,35814.47764468193
4196,453.8580322265625,8.281822204589844,1847523.4271736145,35822.75946688652
4197,148.31973266601562,9.086723327636719,1847671.7469062805,35831.84619021416
4198,341.430908203125,9.335257530212402,1848013.1778144836,35841.18144774437
4199,298.45269775390625,9.408251762390137,1848311.6305122375,35850.58969950676
4200,71.1624526977539,4.182582855224609,1848382.7929649353,35854.772282361984
4201,286.2978515625,8.913260459899902,1848669.0908164978,35863.685542821884
4202,390.4750671386719,9.397167205810547,1849059.5658836365,35873.082710027695
4203,67.11936950683594,1.897531270980835,1849126.6852531433,35874.980241298676
4204,208.89419555664062,9.261098861694336,1849335.5794487,35884.24134016037
4205,62.18004608154297,5.232741832733154,1849397.7594947815,35889.4740819931
4206,210.69729614257812,9.00352954864502,1849608.456790924,35898.47761154175
4207,386.22021484375,8.808876991271973,1849994.6770057678,35907.28648853302
4208,166.30294799804688,8.053933143615723,1850160.9799537659,35915.340421676636
4209,256.3272399902344,8.102311134338379,1850417.307193756,35923.442732810974
4210,446.2828369140625,11.12741756439209,1850863.5900306702,35934.570150375366
4211,257.76763916015625,9.319751739501953,1851121.3576698303,35943.88990211487
4212,336.9689636230469,9.892623901367188,1851458.3266334534,35953.782526016235
4213,124.56283569335938,8.08476448059082,1851582.8894691467,35961.867290496826
4214,364.7117919921875,8.549140930175781,1851947.601261139,35970.416431427
4215,114.77690124511719,7.320080757141113,1852062.378162384,35977.73651218414
4216,376.64581298828125,9.056975364685059,1852439.0239753723,35986.79348754883
4217,495.4032287597656,9.204561233520508,1852934.427204132,35995.99804878235
4218,273.88641357421875,8.308168411254883,1853208.3136177063,36004.3062171936
4219,364.34417724609375,8.37917709350586,1853572.6577949524,36012.68539428711
4220,307.58984375,8.672954559326172,1853880.2476387024,36021.358348846436
4221,283.1514892578125,9.327455520629883,1854163.3991279602,36030.685804367065
4222,369.71502685546875,9.415200233459473,1854533.1141548157,36040.101004600525
4223,553.14111328125,9.216078758239746,1855086.255268097,36049.317083358765
4224,299.01226806640625,8.814024925231934,1855385.2675361633,36058.131108284
4225,196.532958984375,9.722529411315918,1855581.8004951477,36067.85363769531
4226,232.79275512695312,8.727965354919434,1855814.5932502747,36076.58160305023
4227,75.61178588867188,5.901638984680176,1855890.2050361633,36082.48324203491
4228,247.9009246826172,8.572433471679688,1856138.105960846,36091.05567550659
4229,156.36891174316406,8.656005859375,1856294.474872589,36099.71168136597
4230,80.77499389648438,6.518664360046387,1856375.2498664856,36106.23034572601
4231,324.9295654296875,9.821197509765625,1856700.1794319153,36116.05154323578
4232,126.21329498291016,8.481738090515137,1856826.3927268982,36124.533281326294
4233,182.36962890625,8.14635181427002,1857008.7623558044,36132.679633140564
4234,78.3619384765625,4.020031929016113,1857087.124294281,36136.69966506958
4235,341.66265869140625,9.312119483947754,1857428.7869529724,36146.01178455353
4236,188.16429138183594,9.139028549194336,1857616.9512443542,36155.15081310272
4237,70.48536682128906,4.053020000457764,1857687.4366111755,36159.20383310318
4238,308.5386657714844,8.85366439819336,1857995.975276947,36168.05749750137
4239,334.85565185546875,8.575855255126953,1858330.8309288025,36176.6333527565
4240,328.22039794921875,8.645758628845215,1858659.0513267517,36185.279111385345
4241,254.4767608642578,8.780338287353516,1858913.528087616,36194.0594496727
4242,157.86512756347656,8.296392440795898,1859071.3932151794,36202.355842113495
4243,59.575477600097656,5.238879680633545,1859130.9686927795,36207.59472179413
4244,104.77586364746094,6.4505109786987305,1859235.744556427,36214.04523277283
4245,328.8141784667969,8.886502265930176,1859564.5587348938,36222.93173503876
4246,145.35684204101562,8.965084075927734,1859709.9155769348,36231.896819114685
4247,144.02761840820312,7.160732746124268,1859853.943195343,36239.05755186081
4248,301.84710693359375,8.910298347473145,1860155.7903022766,36247.96785020828
4249,171.61119079589844,8.467864036560059,1860327.4014930725,36256.43571424484
4250,424.3382568359375,8.94229793548584,1860751.7397499084,36265.37801218033
4251,462.6741943359375,9.571150779724121,1861214.4139442444,36274.94916296005
4252,408.6799011230469,9.102887153625488,1861623.0938453674,36284.05205011368
4253,335.17596435546875,8.347779273986816,1861958.269809723,36292.399829387665
4254,360.52032470703125,8.34533977508545,1862318.79013443,36300.74516916275
4255,497.93670654296875,9.120100975036621,1862816.726840973,36309.86527013779
4256,132.44090270996094,7.267843723297119,1862949.1677436829,36317.133113861084
4257,139.13824462890625,7.075806617736816,1863088.3059883118,36324.20892047882
4258,66.03569030761719,3.267195701599121,1863154.3416786194,36327.47611618042
4259,278.9117126464844,9.2983980178833,1863433.2533912659,36336.7745141983
4260,497.7376708984375,10.863492965698242,1863930.9910621643,36347.638007164
4261,223.20211791992188,9.441978454589844,1864154.1931800842,36357.07998561859
4262,424.1343994140625,8.90967845916748,1864578.3275794983,36365.98966407776
4263,475.34747314453125,11.899731636047363,1865053.6750526428,36377.889395713806
4264,314.2406921386719,8.848549842834473,1865367.9157447815,36386.73794555664
4265,86.20397186279297,7.010702610015869,1865454.1197166443,36393.74864816666
4266,362.2555236816406,8.199941635131836,1865816.375240326,36401.94858980179
4267,190.22052001953125,8.506332397460938,1866006.5957603455,36410.45492219925
4268,296.138916015625,9.564160346984863,1866302.734676361,36420.019082546234
4269,217.87026977539062,8.73608112335205,1866520.6049461365,36428.755163669586
4270,316.71136474609375,8.560391426086426,1866837.3163108826,36437.31555509567
4271,371.2489929199219,9.075857162475586,1867208.5653038025,36446.39141225815
4272,72.91230773925781,3.05155086517334,1867281.4776115417,36449.44296312332
4273,477.6295166015625,8.907004356384277,1867759.1071281433,36458.349967479706
4274,427.74346923828125,8.885658264160156,1868186.8505973816,36467.235625743866
4275,212.12432861328125,7.772517204284668,1868398.9749259949,36475.00814294815
4276,280.29229736328125,9.823297500610352,1868679.2672233582,36484.83144044876
4277,148.63198852539062,7.6800127029418945,1868827.8992118835,36492.5114531517
4278,346.62884521484375,8.61530876159668,1869174.5280570984,36501.1267619133
4279,158.7559356689453,7.507109642028809,1869333.2839927673,36508.63387155533
4280,62.70166778564453,4.626502513885498,1869395.985660553,36513.260374069214
4281,142.96173095703125,8.72275161743164,1869538.94739151,36521.983125686646
4282,65.70680236816406,5.470083236694336,1869604.6541938782,36527.45320892334
4283,575.1301879882812,9.475303649902344,1870179.7843818665,36536.92851257324
4284,334.16485595703125,9.896114349365234,1870513.9492378235,36546.82462692261
4285,345.59368896484375,8.918395042419434,1870859.5429267883,36555.74302196503
4286,376.09124755859375,9.374933242797852,1871235.634174347,36565.117955207825
4287,330.975830078125,9.52197265625,1871566.610004425,36574.639927864075
4288,352.82098388671875,9.805407524108887,1871919.4309883118,36584.44533538818
4289,554.88330078125,9.282339096069336,1872474.314289093,36593.72767448425
4290,104.18267059326172,8.053902626037598,1872578.4969596863,36601.78157711029
4291,408.9856872558594,12.409370422363281,1872987.4826469421,36614.190947532654
4292,332.6170654296875,8.313497543334961,1873320.0997123718,36622.50444507599
4293,324.13836669921875,8.568849563598633,1873644.238079071,36631.07329463959
4294,328.5894775390625,9.416192054748535,1873972.82755661,36640.489486694336
4295,88.44377136230469,5.6080756187438965,1874061.2713279724,36646.09756231308
4296,338.81060791015625,9.506322860717773,1874400.0819358826,36655.6038851738
4297,255.88482666015625,9.276472091674805,1874655.9667625427,36664.88035726547
4298,227.60211181640625,9.837079048156738,1874883.5688743591,36674.71743631363
4299,238.10037231445312,9.138808250427246,1875121.6692466736,36683.85624456406
4300,184.66842651367188,8.534229278564453,1875306.3376731873,36692.39047384262
4301,391.788818359375,10.0178861618042,1875698.1264915466,36702.408360004425
4302,549.8634643554688,9.572855949401855,1876247.989955902,36711.98121595383
4303,271.14971923828125,8.558159828186035,1876519.1396751404,36720.53937578201
4304,193.74832153320312,8.357187271118164,1876712.8879966736,36728.89656305313
4305,378.08843994140625,9.657992362976074,1877090.976436615,36738.55455541611
4306,237.05372619628906,7.736850738525391,1877328.0301628113,36746.29140615463
4307,410.31585693359375,9.721114158630371,1877738.3460197449,36756.01252031326
4308,265.6070251464844,8.403254508972168,1878003.9530448914,36764.415774822235
4309,65.38104248046875,3.6507527828216553,1878069.3340873718,36768.06652760506
4310,397.9650573730469,10.633851051330566,1878467.2991447449,36778.70037865639
4311,225.4937744140625,9.34392261505127,1878692.792919159,36788.04430127144
4312,332.52490234375,9.269503593444824,1879025.3178215027,36797.31380486488
4313,234.38479614257812,10.801957130432129,1879259.7026176453,36808.115761995316
4314,329.84033203125,8.545186042785645,1879589.5429496765,36816.6609480381
4315,400.0352783203125,8.883729934692383,1879989.5782279968,36825.54467797279
4316,220.55918884277344,8.928140640258789,1880210.1374168396,36834.47281861305
4317,144.77609252929688,8.517053604125977,1880354.913509369,36842.98987221718
4318,471.751953125,9.140843391418457,1880826.665462494,36852.1307156086
4319,240.2820281982422,8.455484390258789,1881066.9474906921,36860.586199998856
4320,261.6560363769531,8.939177513122559,1881328.603527069,36869.52537751198
4321,246.34144592285156,8.752140045166016,1881574.944972992,36878.277517557144
4322,242.160400390625,9.10131549835205,1881817.1053733826,36887.378833055496
4323,185.1202392578125,7.928812026977539,1882002.2256126404,36895.307645082474
4324,417.8756103515625,9.537318229675293,1882420.101222992,36904.84496331215
4325,475.3641662597656,8.977715492248535,1882895.4653892517,36913.8226788044
4326,498.6540222167969,10.280708312988281,1883394.1194114685,36924.103387117386
4327,242.72640991210938,9.598315238952637,1883636.8458213806,36933.70170235634
4328,197.6492919921875,8.525938987731934,1883834.4951133728,36942.22764134407
4329,159.58135986328125,8.82883071899414,1883994.076473236,36951.056472063065
4330,284.9815673828125,8.920275688171387,1884279.058040619,36959.976747751236
4331,220.43206787109375,8.155116081237793,1884499.49010849,36968.131863832474
4332,207.3219757080078,8.43752384185791,1884706.812084198,36976.56938767433
4333,267.03924560546875,9.188638687133789,1884973.8513298035,36985.758026361465
4334,436.9501953125,9.790647506713867,1885410.801525116,36995.54867386818
4335,291.81793212890625,9.303510665893555,1885702.6194572449,37004.85218453407
4336,330.74755859375,9.209396362304688,1886033.3670158386,37014.06158089638
4337,250.46347045898438,9.882323265075684,1886283.8304862976,37023.94390416145
4338,167.23391723632812,8.781947135925293,1886451.064403534,37032.72585129738
4339,578.250732421875,9.69752311706543,1887029.3151359558,37042.423374414444
4340,219.66519165039062,8.231562614440918,1887248.9803276062,37050.654937028885
4341,188.005615234375,8.053045272827148,1887436.9859428406,37058.70798230171
4342,352.8341064453125,9.121280670166016,1887789.820049286,37067.82926297188
4343,148.32730102539062,8.32580280303955,1887938.1473503113,37076.15506577492
4344,365.25103759765625,8.629301071166992,1888303.398387909,37084.784366846085
4345,346.3701171875,9.33979606628418,1888649.7685050964,37094.12416291237
4346,261.4256591796875,8.70762825012207,1888911.1941642761,37102.83179116249
4347,153.46963500976562,8.242637634277344,1889064.663799286,37111.07442879677
4348,225.99623107910156,8.719279289245605,1889290.660030365,37119.793708086014
4349,144.75418090820312,8.135697364807129,1889435.4142112732,37127.92940545082
4350,209.8385009765625,8.399977684020996,1889645.2527122498,37136.32938313484
4351,381.07598876953125,8.547791481018066,1890026.3287010193,37144.87717461586
4352,91.37451171875,6.692648887634277,1890117.703212738,37151.569823503494
4353,449.0675048828125,8.636759757995605,1890566.7707176208,37160.20658326149
4354,234.43753051757812,9.900773048400879,1890801.2082481384,37170.10735630989
4355,280.96875,9.86028003692627,1891082.1769981384,37179.96763634682
4356,70.50534057617188,2.4875853061676025,1891152.6823387146,37182.455221652985
4357,178.98928833007812,7.698061466217041,1891331.6716270447,37190.1532831192
4358,80.87898254394531,6.353280544281006,1891412.5506095886,37196.50656366348
4359,284.1881103515625,11.264412879943848,1891696.7387199402,37207.77097654343
4360,216.89764404296875,8.347831726074219,1891913.6363639832,37216.1188082695
4361,307.8696594238281,8.58072280883789,1892221.506023407,37224.69953107834
4362,219.77984619140625,8.870535850524902,1892441.2858695984,37233.57006692886
4363,205.3562774658203,9.124577522277832,1892646.6421470642,37242.69464445114
4364,71.10257720947266,5.067188739776611,1892717.7447242737,37247.76183319092
4365,322.1204528808594,9.087196350097656,1893039.8651771545,37256.849029541016
4366,236.81434631347656,8.313546180725098,1893276.679523468,37265.16257572174
4367,81.9178237915039,3.914865255355835,1893358.5973472595,37269.0774409771
4368,160.26022338867188,7.72483491897583,1893518.8575706482,37276.80227589607
4369,67.97071838378906,2.368960380554199,1893586.828289032,37279.17123627663
4370,165.55831909179688,8.389756202697754,1893752.3866081238,37287.560992479324
4371,78.18855285644531,6.457677841186523,1893830.5751609802,37294.01867032051
4372,460.99371337890625,9.111331939697266,1894291.5688743591,37303.13000226021
4373,200.82192993164062,8.864529609680176,1894492.3908042908,37311.99453186989
4374,145.4769287109375,8.507002830505371,1894637.8677330017,37320.501534700394
4375,94.1095199584961,7.3205695152282715,1894731.9772529602,37327.82210421562
4376,230.21331787109375,8.081170082092285,1894962.1905708313,37335.903274297714
4377,272.4966735839844,9.514019012451172,1895234.6872444153,37345.417293310165
4378,175.54266357421875,8.356812477111816,1895410.2299079895,37353.77410578728
4379,289.8522033691406,11.144174575805664,1895700.0821113586,37364.91828036308
4380,220.22274780273438,9.370911598205566,1895920.3048591614,37374.28919196129
4381,331.3516845703125,8.676594734191895,1896251.6565437317,37382.96578669548
4382,401.1611022949219,9.494678497314453,1896652.8176460266,37392.460465192795
4383,272.29632568359375,9.093214988708496,1896925.1139717102,37401.5536801815
4384,296.1693115234375,8.897682189941406,1897221.2832832336,37410.451362371445
4385,192.90139770507812,8.731474876403809,1897414.1846809387,37419.18283724785
4386,67.37966918945312,4.620025157928467,1897481.5643501282,37423.80286240578
4387,444.0548095703125,9.823294639587402,1897925.6191596985,37433.626157045364
4388,132.34225463867188,8.454214096069336,1898057.9614143372,37442.080371141434
4389,59.61381530761719,2.853757381439209,1898117.5752296448,37444.93412852287
4390,157.3922119140625,7.834353446960449,1898274.9674415588,37452.76848196983
4391,467.4192810058594,9.724040985107422,1898742.3867225647,37462.49252295494
4392,381.9737548828125,8.893228530883789,1899124.3604774475,37471.385751485825
4393,312.5928955078125,8.404776573181152,1899436.9533729553,37479.790528059006
4394,67.65684509277344,3.203728675842285,1899504.610218048,37482.99425673485
4395,175.72177124023438,7.57432746887207,1899680.3319892883,37490.56858420372
4396,632.1566162109375,9.78878116607666,1900312.4886054993,37500.3573653698
4397,346.5565185546875,8.641420364379883,1900659.045124054,37508.99878573418
4398,153.53158569335938,9.151350975036621,1900812.5767097473,37518.15013670921
4399,497.24468994140625,9.728285789489746,1901309.8213996887,37527.8784224987
4400,264.7103271484375,8.138727188110352,1901574.5317268372,37536.01714968681
4401,221.7447509765625,8.856355667114258,1901796.2764778137,37544.87350535393
4402,171.39395141601562,8.239291191101074,1901967.6704292297,37553.11279654503
4403,458.1142272949219,10.521410942077637,1902425.7846565247,37563.634207487106
4404,235.6796875,8.371796607971191,1902661.4643440247,37572.00600409508
4405,345.65411376953125,10.589874267578125,1903007.1184577942,37582.595878362656
4406,62.046634674072266,6.166866302490234,1903069.1650924683,37588.762744665146
4407,257.076416015625,8.361283302307129,1903326.241508484,37597.12402796745
4408,172.94894409179688,7.974727153778076,1903499.1904525757,37605.09875512123
4409,144.72882080078125,9.466598510742188,1903643.9192733765,37614.56535363197
4410,120.72964477539062,7.62147331237793,1903764.6489181519,37622.18682694435
4411,213.61776733398438,9.198226928710938,1903978.2666854858,37631.38505387306
4412,156.53172302246094,7.895105838775635,1904134.7984085083,37639.28015971184
4413,258.885498046875,8.521557807922363,1904393.6839065552,37647.80171751976
4414,371.116943359375,10.20241641998291,1904764.8008499146,37658.00413393974
4415,305.8332824707031,8.439467430114746,1905070.6341323853,37666.44360136986
4416,318.0470886230469,9.032133102416992,1905388.6812210083,37675.475734472275
4417,379.88555908203125,8.541667938232422,1905768.5667800903,37684.01740241051
4418,253.36270141601562,8.457659721374512,1906021.9294815063,37692.47506213188
4419,448.960693359375,9.67000961303711,1906470.8901748657,37702.14507174492
4420,66.1817626953125,2.842092752456665,1906537.071937561,37704.987164497375
4421,403.69329833984375,9.048307418823242,1906940.7652359009,37714.0354719162
4422,255.27410888671875,8.782492637634277,1907196.0393447876,37722.81796455383
4423,243.1512908935547,8.72445297241211,1907439.1906356812,37731.542417526245
4424,355.203125,9.071735382080078,1907794.3937606812,37740.614152908325
4425,346.6273193359375,9.151026725769043,1908141.021080017,37749.765179634094
4426,143.51812744140625,8.482590675354004,1908284.5392074585,37758.24777030945
4427,186.53701782226562,8.148478507995605,1908471.0762252808,37766.396248817444
4428,324.531494140625,8.921501159667969,1908795.6077194214,37775.31774997711
4429,145.6319122314453,8.26184368133545,1908941.2396316528,37783.57959365845
4430,370.8389892578125,9.694689750671387,1909312.0786209106,37793.27428340912
4431,211.72665405273438,7.882855415344238,1909523.8052749634,37801.15713882446
4432,377.94683837890625,8.951130867004395,1909901.7521133423,37810.10826969147
4433,550.8421020507812,8.35780143737793,1910452.594215393,37818.466071128845
4434,331.6826477050781,8.261780738830566,1910784.2768630981,37826.727851867676
4435,164.0897979736328,7.150307655334473,1910948.3666610718,37833.87815952301
4436,348.22125244140625,9.120214462280273,1911296.5879135132,37842.99837398529
4437,141.67337036132812,7.114718437194824,1911438.2612838745,37850.113092422485
4438,172.13082885742188,8.022263526916504,1911610.392112732,37858.1353559494
4439,220.76803588867188,8.658119201660156,1911831.1601486206,37866.79347515106
4440,87.27025604248047,6.821469306945801,1911918.430404663,37873.61494445801
4441,67.77653503417969,4.769023418426514,1911986.2069396973,37878.383967876434
4442,246.95767211914062,9.185211181640625,1912233.1646118164,37887.569179058075
4443,230.614501953125,9.812522888183594,1912463.7791137695,37897.38170194626
4444,224.7308807373047,9.921928405761719,1912688.5099945068,37907.30363035202
4445,344.5611267089844,9.449064254760742,1913033.0711212158,37916.75269460678
4446,285.6291198730469,9.40998363494873,1913318.7002410889,37926.16267824173
4447,190.37832641601562,9.517843246459961,1913509.0785675049,37935.68052148819
4448,176.77809143066406,8.71996784210205,1913685.8566589355,37944.40048933029
4449,392.7019348144531,9.484428405761719,1914078.55859375,37953.88491773605
4450,254.23402404785156,8.271163940429688,1914332.7926177979,37962.15608167648
4451,234.9481201171875,8.57875919342041,1914567.740737915,37970.7348408699
4452,67.29322052001953,4.985936164855957,1914635.033958435,37975.72077703476
4453,472.38323974609375,8.484587669372559,1915107.4171981812,37984.20536470413
4454,353.60052490234375,8.946794509887695,1915461.0177230835,37993.15215921402
4455,316.5072937011719,9.071248054504395,1915777.5250167847,38002.223407268524
4456,176.81495666503906,8.297394752502441,1915954.3399734497,38010.52080202103
4457,241.8912353515625,9.15515422821045,1916196.2312088013,38019.67595624924
4458,506.62579345703125,9.998396873474121,1916702.8570022583,38029.67435312271
4459,300.81060791015625,8.596664428710938,1917003.6676101685,38038.27101755142
4460,254.08924865722656,8.477326393127441,1917257.7568588257,38046.74834394455
4461,184.78591918945312,8.414989471435547,1917442.5427780151,38055.163333415985
4462,274.3438720703125,9.85067081451416,1917716.8866500854,38065.0140042305
4463,312.0870666503906,8.66098690032959,1918028.9737167358,38073.67499113083
4464,406.1514892578125,9.055514335632324,1918435.1252059937,38082.73050546646
4465,161.2457733154297,8.555635452270508,1918596.370979309,38091.28614091873
4466,172.9139862060547,8.58769702911377,1918769.2849655151,38099.873837947845
4467,225.20291137695312,8.049181938171387,1918994.487876892,38107.92301988602
4468,188.8663330078125,9.347672462463379,1919183.3542099,38117.27069234848
4469,64.29081726074219,4.298448085784912,1919247.6450271606,38121.569140434265
4470,62.97431564331055,3.2127933502197266,1919310.619342804,38124.781933784485
4471,196.23529052734375,8.219083786010742,1919506.8546333313,38133.001017570496
4472,309.3553466796875,9.354484558105469,1919816.209980011,38142.3555021286
4473,184.197509765625,8.237565040588379,1920000.4074897766,38150.59306716919
4474,442.4237976074219,9.844454765319824,1920442.831287384,38160.43752193451
4475,274.4106750488281,10.724474906921387,1920717.2419624329,38171.16199684143
4476,152.59097290039062,8.405494689941406,1920869.8329353333,38179.56749153137
4477,240.01429748535156,8.04713249206543,1921109.8472328186,38187.61462402344
4478,370.5887451171875,9.5640287399292,1921480.4359779358,38197.17865276337
4479,71.69094848632812,2.851771593093872,1921552.1269264221,38200.03042435646
4480,208.9654998779297,8.001260757446289,1921761.0924263,38208.03168511391
4481,517.0569458007812,9.24034309387207,1922278.1493721008,38217.27202820778
4482,249.3742218017578,8.509845733642578,1922527.5235939026,38225.78187394142
4483,415.4255676269531,8.865218162536621,1922942.9491615295,38234.64709210396
4484,360.9087219238281,10.199149131774902,1923303.8578834534,38244.84624123573
4485,263.5771484375,9.271575927734375,1923567.4350318909,38254.11781716347
4486,246.54324340820312,9.734890937805176,1923813.978275299,38263.85270810127
4487,186.6783447265625,7.523718357086182,1924000.6566200256,38271.37642645836
4488,87.10816955566406,7.156458377838135,1924087.7647895813,38278.5328848362
4489,106.82254028320312,7.501035213470459,1924194.5873298645,38286.03392004967
4490,397.6498107910156,8.399911880493164,1924592.2371406555,38294.43383193016
4491,357.1590576171875,8.862568855285645,1924949.3961982727,38303.296400785446
4492,311.61083984375,9.1726713180542,1925261.0070381165,38312.4690721035
4493,74.39630126953125,3.660093307495117,1925335.403339386,38316.129165410995
4494,164.26181030273438,8.694586753845215,1925499.6651496887,38324.82375216484
4495,661.6490478515625,10.263009071350098,1926161.3141975403,38335.08676123619
4496,213.88751220703125,9.150116920471191,1926375.2017097473,38344.23687815666
4497,228.941162109375,8.767791748046875,1926604.1428718567,38353.00466990471
4498,252.02191162109375,8.351651191711426,1926856.1647834778,38361.35632109642
4499,291.921142578125,9.023211479187012,1927148.085926056,38370.37953257561
4500,310.8681945800781,8.650691986083984,1927458.954120636,38379.03022456169
4501,375.3680419921875,9.346357345581055,1927834.3221626282,38388.37658190727
4502,283.92523193359375,8.244614601135254,1928118.2473945618,38396.62119650841
4503,270.2105407714844,8.255556106567383,1928388.4579353333,38404.876752614975
4504,149.7358856201172,9.297155380249023,1928538.1938209534,38414.173907995224
4505,72.03665161132812,6.363379955291748,1928610.2304725647,38420.537287950516
4506,71.49827575683594,2.912856340408325,1928681.7287483215,38423.450144290924
4507,307.03997802734375,9.16352653503418,1928988.7687263489,38432.61367082596
4508,133.6254425048828,8.91411304473877,1929122.3941688538,38441.5277838707
4509,441.1020812988281,9.283317565917969,1929563.4962501526,38450.811101436615
4510,304.46624755859375,10.294268608093262,1929867.9624977112,38461.10537004471
4511,379.66278076171875,8.692289352416992,1930247.625278473,38469.797659397125
4512,331.6390380859375,10.222151756286621,1930579.2643165588,38480.01981115341
4513,364.1930847167969,9.247991561889648,1930943.4574012756,38489.2678027153
4514,75.93671417236328,4.289315223693848,1931019.394115448,38493.557117938995
4515,406.6842041015625,9.956158638000488,1931426.0783195496,38503.513276576996
4516,257.8052978515625,8.068242073059082,1931683.8836174011,38511.581518650055
4517,402.07293701171875,9.215662002563477,1932085.9565544128,38520.79718065262
4518,349.8719482421875,9.92927360534668,1932435.828502655,38530.726454257965
4519,119.92937469482422,8.035809516906738,1932555.7578773499,38538.76226377487
4520,409.06536865234375,9.93161678314209,1932964.8232460022,38548.693880558014
4521,65.58638000488281,3.8104679584503174,1933030.409626007,38552.504348516464
4522,534.8101806640625,8.907172203063965,1933565.2198066711,38561.41152071953
4523,66.28217315673828,2.676788806915283,1933631.5019798279,38564.08830952644
4524,293.1152038574219,9.315750122070312,1933924.6171836853,38573.404059648514
4525,460.711181640625,9.307987213134766,1934385.328365326,38582.71204686165
4526,74.86997985839844,6.200676918029785,1934460.1983451843,38588.91272377968
4527,69.20780944824219,2.5762088298797607,1934529.4061546326,38591.48893260956
4528,128.4326629638672,7.552509784698486,1934657.8388175964,38599.04144239426
4529,169.03065490722656,8.755265235900879,1934826.8694725037,38607.79670763016
4530,64.2220458984375,6.206196308135986,1934891.091518402,38614.00290393829
4531,326.2234802246094,8.883721351623535,1935217.3149986267,38622.88662528992
4532,65.49235534667969,3.9996728897094727,1935282.8073539734,38626.88629817963
4533,320.81622314453125,9.010615348815918,1935603.623577118,38635.89691352844
4534,59.752723693847656,4.155449867248535,1935663.3763008118,38640.05236339569
4535,188.64151000976562,8.15674114227295,1935852.0178108215,38648.209104537964
4536,233.17483520507812,9.6867094039917,1936085.1926460266,38657.895813941956
4537,234.16525268554688,8.69190788269043,1936319.3578987122,38666.587721824646
4538,213.47689819335938,9.333853721618652,1936532.8347969055,38675.921575546265
4539,281.37921142578125,8.883304595947266,1936814.2140083313,38684.80488014221
4540,443.2835388183594,10.325233459472656,1937257.4975471497,38695.130113601685
4541,261.23638916015625,10.125564575195312,1937518.7339363098,38705.25567817688
4542,448.5218200683594,9.348579406738281,1937967.2557563782,38714.60425758362
4543,76.66438293457031,5.4803338050842285,1938043.9201393127,38720.0845913887
4544,188.32957458496094,9.889498710632324,1938232.2497138977,38729.974090099335
4545,150.86431884765625,7.778253555297852,1938383.1140327454,38737.75234365463
4546,247.07192993164062,8.826345443725586,1938630.185962677,38746.57868909836
4547,362.81304931640625,8.556668281555176,1938992.9990119934,38755.13535737991
4548,429.5698547363281,10.07961368560791,1939422.5688667297,38765.21497106552
4549,143.0745849609375,6.983423233032227,1939565.6434516907,38772.19839429855
4550,420.9224853515625,8.571508407592773,1939986.5659370422,38780.769902706146
4551,152.84439086914062,8.07800006866455,1940139.4103279114,38788.84790277481
4552,287.62542724609375,8.58908462524414,1940427.0357551575,38797.436987400055
4553,210.7401123046875,9.780610084533691,1940637.7758674622,38807.21759748459
4554,333.30078125,10.093220710754395,1940971.0766487122,38817.31081819534
4555,62.353702545166016,3.9295856952667236,1941033.4303512573,38821.24040389061
4556,295.1257019042969,8.514079093933105,1941328.5560531616,38829.75448298454
4557,335.7278747558594,8.750967025756836,1941664.2839279175,38838.5054500103
4558,178.12350463867188,7.910712242126465,1941842.4074325562,38846.416162252426
4559,191.4182891845703,9.440917015075684,1942033.8257217407,38855.8570792675
4560,173.4263153076172,8.40794849395752,1942207.2520370483,38864.26502776146
4561,481.6068420410156,8.334552764892578,1942688.8588790894,38872.59958052635
4562,252.61862182617188,8.741286277770996,1942941.4775009155,38881.34086680412
4563,266.0959167480469,8.077731132507324,1943207.5734176636,38889.41859793663
4564,128.1914520263672,8.163866996765137,1943335.76486969,38897.582464933395
4565,195.75054931640625,9.112100601196289,1943531.5154190063,38906.69456553459
4566,268.12921142578125,9.161128044128418,1943799.6446304321,38915.85569357872
4567,201.7434539794922,9.888310432434082,1944001.3880844116,38925.744004011154
4568,63.85602569580078,4.310110569000244,1944065.2441101074,38930.054114580154
4569,180.21136474609375,8.88731575012207,1944245.4554748535,38938.94143033028
4570,61.391937255859375,3.8858485221862793,1944306.8474121094,38942.82727885246
4571,210.755615234375,8.92404556274414,1944517.6030273438,38951.75132441521
4572,412.98565673828125,10.075459480285645,1944930.588684082,38961.82678389549
4573,231.51686096191406,10.88393783569336,1945162.105545044,38972.710721731186
4574,76.70011901855469,7.11350679397583,1945238.8056640625,38979.82422852516
4575,284.04791259765625,8.365772247314453,1945522.8535766602,38988.190000772476
4576,344.65496826171875,9.505738258361816,1945867.5085449219,38997.69573903084
4577,63.09975814819336,2.0313286781311035,1945930.60830307,38999.72706770897
4578,194.5284423828125,7.348934650421143,1946125.1367454529,39007.07600235939
4579,191.40664672851562,8.104863166809082,1946316.5433921814,39015.1808655262
4580,61.682716369628906,1.9304982423782349,1946378.226108551,39017.11136376858
4581,204.77146911621094,8.542607307434082,1946582.9975776672,39025.65397107601
4582,253.1683349609375,8.776820182800293,1946836.1659126282,39034.43079125881
4583,273.19000244140625,8.36436653137207,1947109.3559150696,39042.795157790184
4584,76.867919921875,7.319610118865967,1947186.2238349915,39050.11476790905
4585,279.67547607421875,8.655879974365234,1947465.8993110657,39058.770647883415
4586,278.450439453125,7.867769718170166,1947744.3497505188,39066.638417601585
4587,328.2384033203125,9.10119342803955,1948072.588153839,39075.739611029625
4588,136.01235961914062,8.519222259521484,1948208.6005134583,39084.25883328915
4589,290.99688720703125,9.023292541503906,1948499.5974006653,39093.28212583065
4590,330.1858825683594,8.711762428283691,1948829.7832832336,39101.993888258934
4591,127.20451354980469,7.738379001617432,1948956.9877967834,39109.73226726055
4592,328.01611328125,9.033731460571289,1949285.0039100647,39118.76599872112
4593,313.12164306640625,9.049187660217285,1949598.125553131,39127.81518638134
4594,420.13531494140625,8.657565116882324,1950018.2608680725,39136.47275149822
4595,362.8161315917969,9.030028343200684,1950381.0769996643,39145.50277984142
4596,66.30352783203125,4.109340667724609,1950447.3805274963,39149.61212050915
4597,315.5909423828125,8.804393768310547,1950762.9714698792,39158.41651427746
4598,233.79092407226562,7.83514404296875,1950996.7623939514,39166.25165832043
4599,63.43412780761719,3.9066178798675537,1951060.196521759,39170.158276200294
4600,271.17755126953125,8.403334617614746,1951331.3740730286,39178.56161081791
4601,80.10076904296875,6.251422882080078,1951411.4748420715,39184.81303369999
4602,285.77520751953125,10.657063484191895,1951697.250049591,39195.47009718418
4603,353.4152526855469,12.25720500946045,1952050.6653022766,39207.72730219364
4604,306.3807067871094,9.563313484191895,1952357.0460090637,39217.29061567783
4605,334.7009582519531,9.223004341125488,1952691.7469673157,39226.51362001896
4606,78.58302307128906,6.482624530792236,1952770.329990387,39232.99624454975
4607,58.84504699707031,6.123049259185791,1952829.175037384,39239.11929380894
4608,184.4110107421875,8.700254440307617,1953013.5860481262,39247.819548249245
4609,261.640380859375,8.696680068969727,1953275.2264289856,39256.516228318214
4610,256.05340576171875,8.959127426147461,1953531.2798347473,39265.47535574436
4611,94.72504425048828,8.163857460021973,1953626.0048789978,39273.639213204384
4612,523.4561767578125,9.604826927185059,1954149.4610557556,39283.24404013157
4613,233.42678833007812,8.916340827941895,1954382.8878440857,39292.16038095951
4614,225.39633178710938,9.42577075958252,1954608.2841758728,39301.58615171909
4615,81.92668151855469,5.609847068786621,1954690.2108573914,39307.19599878788
4616,393.95904541015625,9.206026077270508,1955084.1699028015,39316.40202486515
4617,196.77188110351562,8.673225402832031,1955280.941783905,39325.07525026798
4618,417.336669921875,8.803018569946289,1955698.278453827,39333.87826883793
4619,480.10626220703125,9.096929550170898,1956178.384716034,39342.9751983881
4620,134.58328247070312,7.387650966644287,1956312.9679985046,39350.362849354744
4621,336.2561950683594,8.407001495361328,1956649.224193573,39358.769850850105
4622,193.5356903076172,9.149236679077148,1956842.7598838806,39367.91908752918
4623,186.22735595703125,9.150671005249023,1957028.9872398376,39377.06975853443
4624,241.2755126953125,9.48591423034668,1957270.262752533,39386.55567276478
4625,539.8031005859375,8.711817741394043,1957810.065853119,39395.26749050617
4626,65.53368377685547,3.9195821285247803,1957875.5995368958,39399.1870726347
4627,221.90133666992188,9.118139266967773,1958097.5008735657,39408.305211901665
4628,123.63761901855469,7.102174758911133,1958221.1384925842,39415.407386660576
4629,347.5125732421875,8.61619758605957,1958568.6510658264,39424.023584246635
4630,228.2554473876953,9.037399291992188,1958796.906513214,39433.06098353863
4631,403.8326416015625,8.791598320007324,1959200.7391548157,39441.852581858635
4632,423.4311828613281,9.375974655151367,1959624.170337677,39451.228556513786
4633,330.296875,9.334541320800781,1959954.467212677,39460.56309783459
4634,186.2681884765625,8.498787879943848,1960140.7354011536,39469.06188571453
4635,71.26232147216797,4.00806188583374,1960211.9977226257,39473.069947600365
4636,233.65472412109375,9.49195384979248,1960445.6524467468,39482.56190145016
4637,479.2286376953125,9.085874557495117,1960924.8810844421,39491.64777600765
4638,216.97998046875,9.484598159790039,1961141.861064911,39501.13237416744
4639,390.43817138671875,9.306937217712402,1961532.2992362976,39510.439311385155
4640,324.615478515625,8.498634338378906,1961856.9147148132,39518.93794572353
4641,234.99203491210938,9.518074035644531,1962091.9067497253,39528.45601975918
4642,368.37774658203125,9.899378776550293,1962460.2844963074,39538.35539853573
4643,333.38507080078125,9.14770221710205,1962793.6695671082,39547.50310075283
4644,266.53338623046875,9.27430248260498,1963060.2029533386,39556.777403235435
4645,342.22869873046875,9.56481647491455,1963402.431652069,39566.34221971035
4646,255.1480712890625,10.048978805541992,1963657.5797233582,39576.39119851589
4647,282.6656188964844,9.312830924987793,1963940.2453422546,39585.70402944088
4648,61.876502990722656,3.140122175216675,1964002.1218452454,39588.8441516161
4649,88.15259552001953,4.90526819229126,1964090.2744407654,39593.74941980839
4650,175.7158203125,7.331748962402344,1964265.9902610779,39601.08116877079
4651,319.86737060546875,8.952641487121582,1964585.8576316833,39610.03381025791
4652,135.01487731933594,8.740363121032715,1964720.8725090027,39618.774173378944
4653,382.8435363769531,9.109115600585938,1965103.7160453796,39627.88328897953
4654,273.71240234375,9.095871925354004,1965377.4284477234,39636.979160904884
4655,300.874755859375,9.532630920410156,1965678.3032035828,39646.511791825294
4656,107.44615173339844,7.242699146270752,1965785.7493553162,39653.754490971565
4657,403.54547119140625,8.736482620239258,1966189.2948265076,39662.490973591805
4658,325.440185546875,8.726308822631836,1966514.7350120544,39671.217282414436
4659,192.7842559814453,8.73514461517334,1966707.519268036,39679.95242702961
4660,62.85676574707031,2.903021812438965,1966770.376033783,39682.85544884205
4661,299.6185302734375,8.511163711547852,1967069.9945640564,39691.3666125536
4662,241.17691040039062,8.179855346679688,1967311.1714744568,39699.546467900276
4663,245.6521759033203,9.178237915039062,1967556.82365036,39708.724705815315
4664,474.1107482910156,8.729297637939453,1968030.9343986511,39717.454003453255
4665,233.37843322753906,8.69415283203125,1968264.3128318787,39726.148156285286
4666,156.94796752929688,8.227819442749023,1968421.260799408,39734.375975728035
4667,272.9077453613281,9.224034309387207,1968694.1685447693,39743.60001003742
4668,277.4114990234375,8.681281089782715,1968971.5800437927,39752.281291127205
4669,504.67437744140625,9.034140586853027,1969476.2544212341,39761.31543171406
4670,303.66064453125,9.086751937866211,1969779.9150657654,39770.402183651924
4671,641.55078125,11.002239227294922,1970421.4658470154,39781.40442287922
4672,171.92266845703125,8.371406555175781,1970593.3885154724,39789.775829434395
4673,305.07415771484375,9.114693641662598,1970898.4626731873,39798.89052307606
4674,71.26800537109375,3.9696195125579834,1970969.7306785583,39802.860142588615
4675,308.0007019042969,8.355053901672363,1971277.7313804626,39811.21519649029
4676,220.0469970703125,8.694350242614746,1971497.778377533,39819.9095467329
4677,285.84942626953125,8.52702522277832,1971783.6278038025,39828.43657195568
4678,72.55863952636719,3.2009284496307373,1971856.1864433289,39831.63750040531
4679,280.5172424316406,8.483966827392578,1972136.7036857605,39840.121467232704
4680,285.6898498535156,8.422367095947266,1972422.393535614,39848.54383432865
4681,349.46551513671875,8.530591011047363,1972771.8590507507,39857.0744253397
4682,196.86976623535156,9.356184959411621,1972968.728816986,39866.43061029911
4683,278.31622314453125,12.23643684387207,1973247.0450401306,39878.66704714298
4684,241.31930541992188,8.958045959472656,1973488.3643455505,39887.625093102455
4685,66.88926696777344,1.902045726776123,1973555.2536125183,39889.52713882923
4686,64.00048065185547,4.19037389755249,1973619.2540931702,39893.717512726784
4687,170.7840118408203,9.059906005859375,1973790.038105011,39902.77741873264
4688,62.964210510253906,3.312115430831909,1973853.0023155212,39906.089534163475
4689,62.15667724609375,2.773158311843872,1973915.1589927673,39908.86269247532
4690,387.1508483886719,9.323440551757812,1974302.309841156,39918.18613302708
4691,63.34014129638672,4.889395236968994,1974365.6499824524,39923.075528264046
4692,195.19581604003906,8.100358963012695,1974560.8457984924,39931.17588722706
4693,415.7186584472656,8.576998710632324,1974976.5644569397,39939.75288593769
4694,68.327880859375,3.7455317974090576,1975044.892337799,39943.4984177351
4695,154.8133087158203,9.614232063293457,1975199.705646515,39953.11264979839
4696,161.79501342773438,8.343727111816406,1975361.5006599426,39961.45637691021
4697,276.2279052734375,9.05277156829834,1975637.728565216,39970.50914847851
4698,395.6619873046875,8.815237045288086,1976033.3905525208,39979.324385523796
4699,415.32513427734375,9.47219181060791,1976448.715686798,39988.796577334404
4700,193.05210876464844,9.13687801361084,1976641.7677955627,39997.933455348015
4701,61.084632873535156,4.399900913238525,1976702.8524284363,40002.33335626125
4702,273.72283935546875,7.955152988433838,1976976.5752677917,40010.28850924969
4703,187.169921875,8.01795768737793,1977163.7451896667,40018.306466937065
4704,389.06805419921875,9.333209991455078,1977552.813243866,40027.63967692852
4705,182.99813842773438,9.331714630126953,1977735.8113822937,40036.97139155865
4706,383.14019775390625,8.382627487182617,1978118.9515800476,40045.35401904583
4707,283.91217041015625,9.64644718170166,1978402.8637504578,40055.00046622753
4708,346.0904846191406,8.28603744506836,1978748.954235077,40063.2865036726
4709,183.63914489746094,9.186864852905273,1978932.5933799744,40072.473368525505
4710,336.8956298828125,9.299039840698242,1979269.4890098572,40081.7724083662
4711,306.5013732910156,9.027876853942871,1979575.9903831482,40090.800285220146
4712,186.13748168945312,8.038942337036133,1979762.1278648376,40098.83922755718
4713,265.1292724609375,10.852469444274902,1980027.2571372986,40109.69169700146
4714,381.6297607421875,9.110410690307617,1980408.8868980408,40118.802107691765
4715,194.2421417236328,9.053728103637695,1980603.1290397644,40127.8558357954
4716,178.7024383544922,9.628193855285645,1980781.831478119,40137.48402965069
4717,261.7220153808594,9.511096000671387,1981043.5534934998,40146.99512565136
4718,63.34975814819336,4.275094985961914,1981106.903251648,40151.27022063732
4719,64.92731475830078,5.705888271331787,1981171.8305664062,40156.97610890865
4720,314.9434814453125,8.703452110290527,1981486.7740478516,40165.679561018944
4721,200.750244140625,8.350255012512207,1981687.5242919922,40174.029816031456
4722,413.92291259765625,8.564129829406738,1982101.4472045898,40182.59394586086
4723,443.8426513671875,10.357481002807617,1982545.289855957,40192.95142686367
4724,208.7523193359375,8.444185256958008,1982754.042175293,40201.39561212063
4725,167.4636688232422,8.506253242492676,1982921.5058441162,40209.90186536312
4726,292.1983642578125,8.378146171569824,1983213.704208374,40218.28001153469
4727,214.02821350097656,9.32766056060791,1983427.732421875,40227.6076720953
4728,381.25897216796875,8.363120079040527,1983808.991394043,40235.97079217434
4729,135.27664184570312,7.1335859298706055,1983944.2680358887,40243.10437810421
4730,215.79872131347656,9.262948036193848,1984160.0667572021,40252.367326140404
4731,390.0013732910156,8.756890296936035,1984550.0681304932,40261.12421643734
4732,77.5472412109375,5.178324222564697,1984627.615371704,40266.302540659904
4733,235.31134033203125,9.707805633544922,1984862.9267120361,40276.01034629345
4734,154.5968475341797,8.545846939086914,1985017.5235595703,40284.556193232536
4735,557.4451904296875,9.9789400100708,1985574.96875,40294.53513324261
4736,271.3157958984375,8.437417984008789,1985846.2845458984,40302.972551226616
4737,157.05792236328125,7.747269630432129,1986003.3424682617,40310.71982085705
4738,186.04908752441406,7.406427383422852,1986189.3915557861,40318.12624824047
4739,531.3695678710938,8.998366355895996,1986720.7611236572,40327.12461459637
4740,309.6019287109375,9.082986831665039,1987030.3630523682,40336.20760142803
4741,171.3663330078125,8.110794067382812,1987201.729385376,40344.318395495415
4742,175.88092041015625,8.193534851074219,1987377.6103057861,40352.51193034649
4743,93.92561340332031,7.802342891693115,1987471.5359191895,40360.31427323818
4744,379.93841552734375,8.362500190734863,1987851.4743347168,40368.67677342892
4745,172.52178955078125,9.199921607971191,1988023.9961242676,40377.87669503689
4746,353.6075134277344,10.37140941619873,1988377.6036376953,40388.24810445309
4747,166.69873046875,8.733829498291016,1988544.302368164,40396.98193395138
4748,541.27392578125,11.73777961730957,1989085.5762939453,40408.71971356869
4749,145.21568298339844,7.8536529541015625,1989230.7919769287,40416.57336652279
4750,339.4045104980469,9.24553108215332,1989570.1964874268,40425.81889760494
4751,343.17669677734375,8.911787986755371,1989913.373184204,40434.7306855917
4752,386.7400817871094,8.68175220489502,1990300.1132659912,40443.41243779659
4753,301.9092712402344,9.490374565124512,1990602.0225372314,40452.90281236172
4754,451.0738525390625,9.520112037658691,1991053.0963897705,40462.422924399376
4755,293.2515869140625,8.92599868774414,1991346.3479766846,40471.34892308712
4756,62.369171142578125,3.967402219772339,1991408.7171478271,40475.31632530689
4757,416.69000244140625,10.043728828430176,1991825.4071502686,40485.36005413532
4758,190.5758056640625,8.68399429321289,1992015.9829559326,40494.044048428535
4759,409.33013916015625,8.80224323272705,1992425.3130950928,40502.84629166126
4760,300.9536437988281,8.989801406860352,1992726.2667388916,40511.83609306812
4761,256.2491455078125,8.367297172546387,1992982.5158843994,40520.20339024067
4762,440.80401611328125,9.79739761352539,1993423.3199005127,40530.000787854195
4763,102.85984802246094,8.042466163635254,1993526.1797485352,40538.04325401783
4764,227.03982543945312,8.765413284301758,1993753.2195739746,40546.80866730213
4765,340.18157958984375,9.0636568069458,1994093.4011535645,40555.87232410908
4766,148.4581298828125,7.516401290893555,1994241.8592834473,40563.38872539997
4767,282.3979797363281,8.99799919128418,1994524.2572631836,40572.386724591255
4768,136.29666137695312,7.899718761444092,1994660.5539245605,40580.2864433527
4769,447.68316650390625,8.806899070739746,1995108.2370910645,40589.09334242344
4770,189.00839233398438,7.529952049255371,1995297.2454833984,40596.623294472694
4771,573.521240234375,9.390338897705078,1995870.7667236328,40606.0136333704
4772,445.89483642578125,9.687933921813965,1996316.6615600586,40615.70156729221
4773,440.70648193359375,9.004426002502441,1996757.3680419922,40624.705993294716
4774,184.34237670898438,8.241317749023438,1996941.7104187012,40632.94731104374
4775,113.07597351074219,7.279232025146484,1997054.786392212,40640.226543068886
4776,65.3757553100586,6.586174011230469,1997120.162147522,40646.812717080116
4777,283.605224609375,9.109271049499512,1997403.7673721313,40655.921988129616
4778,379.0031433105469,9.893842697143555,1997782.770515442,40665.81583082676
4779,91.5452651977539,6.340600490570068,1997874.3157806396,40672.15643131733
4780,365.2244873046875,8.645391464233398,1998239.5402679443,40680.80182278156
4781,396.0474548339844,8.798545837402344,1998635.5877227783,40689.600368618965
4782,148.94989013671875,8.879007339477539,1998784.537612915,40698.47937595844
4783,190.53045654296875,7.825908660888672,1998975.068069458,40706.30528461933
4784,345.79998779296875,9.662074089050293,1999320.868057251,40715.96735870838
4785,153.21810913085938,8.409692764282227,1999474.0861663818,40724.377051472664
4786,193.72142028808594,8.595166206359863,1999667.80758667,40732.972217679024
4787,66.10206604003906,2.4457311630249023,1999733.90965271,40735.41794884205
4788,257.0250549316406,7.819016456604004,1999990.9347076416,40743.23696529865
4789,129.18893432617188,8.397290229797363,2000120.1236419678,40751.63425552845
4790,73.7337417602539,3.4609615802764893,2000193.857383728,40755.09521710873
4791,265.8151550292969,8.149547576904297,2000459.6725387573,40763.24476468563
4792,215.740234375,8.701634407043457,2000675.4127731323,40771.946399092674
4793,416.98040771484375,8.919564247131348,2001092.3931808472,40780.865963339806
4794,173.56402587890625,9.065411567687988,2001265.957206726,40789.93137490749
4795,289.721923828125,8.034733772277832,2001555.6791305542,40797.96610867977
4796,278.55487060546875,8.482736587524414,2001834.2340011597,40806.448845267296
4797,349.966552734375,9.083470344543457,2002184.200553894,40815.53231561184
4798,287.4927978515625,8.4812650680542,2002471.6933517456,40824.01358067989
4799,299.8660583496094,8.968146324157715,2002771.5594100952,40832.98172700405
4800,82.64800262451172,6.844676494598389,2002854.2074127197,40839.82640349865
4801,673.2015380859375,10.8021821975708,2003527.4089508057,40850.62858569622
4802,246.17605590820312,8.72216796875,2003773.5850067139,40859.35075366497
4803,163.6585693359375,8.008284568786621,2003937.2435760498,40867.35903823376
4804,184.05355834960938,8.976892471313477,2004121.2971343994,40876.33593070507
4805,71.68437194824219,4.68379020690918,2004192.9815063477,40881.01972091198
4806,187.13650512695312,8.102828979492188,2004380.1180114746,40889.12254989147
4807,150.36045837402344,7.579934120178223,2004530.4784698486,40896.70248401165
4808,148.45062255859375,8.360993385314941,2004678.9290924072,40905.063477396965
4809,340.6119689941406,8.656658172607422,2005019.5410614014,40913.72013556957
4810,317.22119140625,10.294621467590332,2005336.7622528076,40924.01475703716
4811,61.166229248046875,2.3754563331604004,2005397.9284820557,40926.39021337032
4812,426.24176025390625,8.728014945983887,2005824.1702423096,40935.11822831631
4813,145.761962890625,8.749526977539062,2005969.9322052002,40943.867755293846
4814,318.6579284667969,9.397125244140625,2006288.590133667,40953.26488053799
4815,264.0230712890625,8.839751243591309,2006552.613204956,40962.10463178158
4816,145.80979919433594,7.703035831451416,2006698.4230041504,40969.80766761303
4817,346.9824523925781,8.824190139770508,2007045.405456543,40978.6318577528
4818,190.82427978515625,8.505926132202148,2007236.2297363281,40987.137783885
4819,300.1959228515625,9.601219177246094,2007536.4256591797,40996.73900306225
4820,290.6877136230469,9.057409286499023,2007827.1133728027,41005.79641234875
4821,285.53302001953125,8.443632125854492,2008112.6463928223,41014.2400444746
4822,74.09114837646484,5.457995414733887,2008186.7375411987,41019.698039889336
4823,184.16360473632812,9.887612342834473,2008370.901145935,41029.58565223217
4824,64.45649719238281,2.9010331630706787,2008435.3576431274,41032.48668539524
4825,160.84774780273438,8.688854217529297,2008596.2053909302,41041.17553961277
4826,270.2904052734375,9.236714363098145,2008866.4957962036,41050.41225397587
4827,263.0056457519531,8.20645809173584,2009129.5014419556,41058.618712067604
4828,276.50634765625,8.114718437194824,2009406.0077896118,41066.7334305048
4829,114.46678161621094,7.52213716506958,2009520.474571228,41074.25556766987
4830,138.20834350585938,7.257333755493164,2009658.682914734,41081.51290142536
4831,279.62078857421875,8.925113677978516,2009938.303703308,41090.43801510334
4832,251.85714721679688,10.015073776245117,2010190.160850525,41100.453088879585
4833,216.15345764160156,8.744394302368164,2010406.3143081665,41109.19748318195
4834,305.8392639160156,9.45327091217041,2010712.1535720825,41118.650754094124
4835,226.2213134765625,10.56389045715332,2010938.374885559,41129.21464455128
4836,169.69129943847656,9.55751895904541,2011108.0661849976,41138.77216351032
4837,171.9078826904297,8.3141450881958,2011279.974067688,41147.08630859852
4838,432.0906066894531,9.402759552001953,2011712.0646743774,41156.48906815052
4839,184.55584716796875,8.784971237182617,2011896.6205215454,41165.2740393877
4840,70.37396240234375,3.228368043899536,2011966.9944839478,41168.5024074316
4841,321.2801208496094,9.650466918945312,2012288.2746047974,41178.15287435055
4842,460.03369140625,9.390249252319336,2012748.3082962036,41187.54312360287
4843,314.3488464355469,9.268903732299805,2013062.6571426392,41196.81202733517
4844,272.89385986328125,8.289134979248047,2013335.5510025024,41205.101162314415
4845,163.30441284179688,8.872830390930176,2013498.8554153442,41213.973992705345
4846,192.5676727294922,8.593591690063477,2013691.4230880737,41222.56758439541
4847,159.4395751953125,8.207332611083984,2013850.862663269,41230.77491700649
4848,67.35627746582031,2.384824275970459,2013918.2189407349,41233.15974128246
4849,287.06512451171875,8.993309020996094,2014205.2840652466,41242.15305030346
4850,361.9555969238281,9.999421119689941,2014567.2396621704,41252.15247142315
4851,335.8436279296875,9.518715858459473,2014903.0832901,41261.67118728161
4852,197.20001220703125,8.744083404541016,2015100.2833023071,41270.41527068615
4853,378.6282043457031,8.935502052307129,2015478.9115066528,41279.35077273846
4854,189.57955932617188,7.827152729034424,2015668.491065979,41287.17792546749
4855,249.63502502441406,8.870781898498535,2015918.1260910034,41296.04870736599
4856,399.8907470703125,8.444137573242188,2016318.0168380737,41304.49284493923
4857,187.3234405517578,8.732527732849121,2016505.3402786255,41313.22537267208
4858,201.2275390625,7.597611904144287,2016706.567817688,41320.822984576225
4859,197.4478759765625,8.83983039855957,2016904.0156936646,41329.662814974785
4860,122.0837631225586,7.880117416381836,2017026.099456787,41337.54293239117
4861,383.9918518066406,9.803781509399414,2017410.0913085938,41347.346713900566
4862,186.38739013671875,9.420555114746094,2017596.4786987305,41356.76726901531
4863,134.3262939453125,7.905996322631836,2017730.8049926758,41364.673265337944
4864,208.52609252929688,9.635913848876953,2017939.331085205,41374.30917918682
4865,253.50119018554688,8.747978210449219,2018192.8322753906,41383.05715739727
4866,172.13629150390625,8.169393539428711,2018364.9685668945,41391.2265509367
4867,62.749290466308594,2.2968971729278564,2018427.7178573608,41393.52344810963
4868,516.5369262695312,10.824555397033691,2018944.2547836304,41404.34800350666
4869,86.15808868408203,6.34758186340332,2019030.4128723145,41410.695585370064
4870,316.1273193359375,9.864920616149902,2019346.5401916504,41420.560505986214
4871,244.27630615234375,10.047972679138184,2019590.8164978027,41430.60847866535
4872,143.70632934570312,7.674997806549072,2019734.5228271484,41438.2834764719
4873,193.85104370117188,8.751405715942383,2019928.3738708496,41447.03488218784
4874,337.7833557128906,8.400846481323242,2020266.1572265625,41455.43572866917
4875,244.4757537841797,7.241805076599121,2020510.6329803467,41462.677533745766
4876,362.3796691894531,8.559467315673828,2020873.0126495361,41471.23700106144
4877,347.6766357421875,9.100115776062012,2021220.6892852783,41480.3371168375
4878,182.37277221679688,8.25907039642334,2021403.0620574951,41488.596187233925
4879,221.86398315429688,7.759568691253662,2021624.9260406494,41496.35575592518
4880,86.67485046386719,7.71621036529541,2021711.6008911133,41504.071966290474
4881,261.46002197265625,9.261004447937012,2021973.060913086,41513.33297073841
4882,274.49603271484375,9.692777633666992,2022247.5569458008,41523.02574837208
4883,167.02273559570312,7.383088111877441,2022414.5796813965,41530.408836483955
4884,418.80419921875,10.13681411743164,2022833.3838806152,41540.54565060139
4885,99.38868713378906,6.909465789794922,2022932.772567749,41547.45511639118
4886,182.97543334960938,8.668524742126465,2023115.7480010986,41556.12364113331
4887,432.35986328125,9.683121681213379,2023548.1078643799,41565.80676281452
4888,362.81024169921875,9.717911720275879,2023910.918106079,41575.5246745348
4889,69.05552673339844,4.607414722442627,2023979.9736328125,41580.13208925724
4890,465.0468444824219,9.190510749816895,2024445.020477295,41589.32260000706
4891,384.98504638671875,8.069077491760254,2024830.0055236816,41597.39167749882
4892,364.6473388671875,9.053004264831543,2025194.6528625488,41606.44468176365
4893,205.58079528808594,8.56061840057373,2025400.233657837,41615.00530016422
4894,73.34042358398438,2.578495979309082,2025473.574081421,41617.58379614353
4895,456.8162841796875,9.758323669433594,2025930.3903656006,41627.342119812965
4896,284.7362060546875,8.83692455291748,2026215.1265716553,41636.17904436588
4897,360.35400390625,9.118941307067871,2026575.4805755615,41645.29798567295
4898,286.91510009765625,9.385193824768066,2026862.3956756592,41654.68317949772
4899,272.1480712890625,9.244681358337402,2027134.5437469482,41663.927860856056
4900,332.43353271484375,10.08062744140625,2027466.977279663,41674.00848829746
4901,83.76640319824219,5.99623966217041,2027550.7436828613,41680.00472795963
4902,366.2801818847656,9.741581916809082,2027917.023864746,41689.74630987644
4903,134.96795654296875,6.582735061645508,2028051.991821289,41696.32904493809
4904,412.42449951171875,9.306496620178223,2028464.4163208008,41705.635541558266
4905,179.53561401367188,8.643047332763672,2028643.9519348145,41714.27858889103
4906,263.7645568847656,9.144207954406738,2028907.7164916992,41723.422796845436
4907,241.62442016601562,8.975208282470703,2029149.3409118652,41732.39800512791
4908,332.1037292480469,9.078082084655762,2029481.4446411133,41741.47608721256
4909,284.55328369140625,9.185511589050293,2029765.9979248047,41750.66159880161
4910,373.5755920410156,9.63556957244873,2030139.5735168457,41760.29716837406
4911,276.2122802734375,8.62801456451416,2030415.7857971191,41768.925182938576
4912,204.462890625,8.708436012268066,2030620.2486877441,41777.633618950844
4913,323.9310302734375,8.77975082397461,2030944.1797180176,41786.41336977482
4914,401.04669189453125,10.94989013671875,2031345.226409912,41797.36325991154
4915,293.2406311035156,8.853730201721191,2031638.4670410156,41806.21699011326
4916,194.8939971923828,8.623412132263184,2031833.361038208,41814.84040224552
4917,174.49267578125,7.767208099365234,2032007.8537139893,41822.60761034489
4918,130.372314453125,7.411231517791748,2032138.2260284424,41830.01884186268
4919,226.7958984375,8.201998710632324,2032365.0219268799,41838.22084057331
4920,327.85589599609375,8.929966926574707,2032692.877822876,41847.150807499886
4921,77.1480712890625,5.0157470703125,2032770.025894165,41852.1665545702
4922,115.44566345214844,6.709229946136475,2032885.4715576172,41858.875784516335
4923,260.3588562011719,8.95220947265625,2033145.8304138184,41867.82799398899
4924,178.1624755859375,7.688309669494629,2033323.9928894043,41875.516303658485
4925,181.03099060058594,8.252163887023926,2033505.0238800049,41883.76846754551
4926,206.94677734375,8.209129333496094,2033711.9706573486,41891.977596879005
4927,237.0403289794922,8.26268482208252,2033949.0109863281,41900.24028170109
4928,286.7829895019531,8.34881591796875,2034235.79397583,41908.58909761906
4929,398.1057434082031,8.829864501953125,2034633.8997192383,41917.41896212101
4930,223.478515625,8.590965270996094,2034857.3782348633,41926.009927392006
4931,120.73990631103516,7.05181884765625,2034978.1181411743,41933.06174623966
4932,401.31475830078125,9.604028701782227,2035379.432899475,41942.665774941444
4933,155.98873901367188,8.666230201721191,2035535.4216384888,41951.332005143166
4934,166.44493103027344,9.590058326721191,2035701.866569519,41960.92206346989
4935,294.40673828125,9.579468727111816,2035996.2733078003,41970.501532197
4936,465.5982360839844,9.0679349899292,2036461.8715438843,41979.56946718693
4937,311.2627258300781,9.05141830444336,2036773.1342697144,41988.62088549137
4938,225.50836181640625,8.796476364135742,2036998.6426315308,41997.41736185551
4939,171.62339782714844,9.08892822265625,2037170.266029358,42006.50629007816
4940,317.88128662109375,9.476394653320312,2037488.147315979,42015.98268473148
4941,116.41041564941406,7.141963481903076,2037604.5577316284,42023.12464821339
4942,60.605438232421875,4.029175281524658,2037665.1631698608,42027.15382349491
4943,305.8590087890625,8.776095390319824,2037971.02217865,42035.92991888523
4944,231.24526977539062,9.268692970275879,2038202.2674484253,42045.19861185551
4945,143.75759887695312,7.487648963928223,2038346.0250473022,42052.686260819435
4946,58.425411224365234,3.6020619869232178,2038404.4504585266,42056.28832280636
4947,304.94683837890625,8.317008018493652,2038709.3972969055,42064.60533082485
4948,331.81805419921875,9.44803237915039,2039041.2153511047,42074.053363204
4949,219.37747192382812,8.769597053527832,2039260.5928230286,42082.82296025753
4950,325.24749755859375,9.311360359191895,2039585.8403205872,42092.13432061672
4951,180.69419860839844,8.882587432861328,2039766.5345191956,42101.01690804958
4952,514.01220703125,8.958938598632812,2040280.5467262268,42109.975846648216
4953,409.316650390625,10.510491371154785,2040689.8633766174,42120.48633801937
4954,81.3505859375,5.296945571899414,2040771.213962555,42125.78328359127
4955,369.0157165527344,9.024675369262695,2041140.2296791077,42134.80795896053
4956,135.79302978515625,7.9055047035217285,2041276.0227088928,42142.713463664055
4957,284.8609924316406,8.438230514526367,2041560.8837013245,42151.15169417858
4958,65.37466430664062,3.232056140899658,2041626.258365631,42154.38375031948
4959,316.7015075683594,8.673588752746582,2041942.9598731995,42163.05733907223
4960,297.6282958984375,9.664506912231445,2042240.588169098,42172.72184598446
4961,69.0118637084961,6.78262996673584,2042309.6000328064,42179.504475951195
4962,569.484375,9.818231582641602,2042879.0844078064,42189.32270753384
4963,214.572021484375,8.257516860961914,2043093.6564292908,42197.5802243948
4964,235.02252197265625,9.574479103088379,2043328.6789512634,42207.15470349789
4965,389.63909912109375,9.804208755493164,2043718.3180503845,42216.95891225338
4966,278.53814697265625,9.654813766479492,2043996.8561973572,42226.61372601986
4967,408.7789306640625,8.85775375366211,2044405.6351280212,42235.47147977352
4968,143.68014526367188,7.7427473068237305,2044549.315273285,42243.214227080345
4969,284.67919921875,9.434700965881348,2044833.9944725037,42252.64892804623
4970,80.80259704589844,5.033353328704834,2044914.7970695496,42257.68228137493
4971,213.1263427734375,8.311483383178711,2045127.923412323,42265.99376475811
4972,298.8528747558594,8.759407997131348,2045426.7762870789,42274.75317275524
4973,79.17351531982422,4.954197883605957,2045505.9498023987,42279.70737063885
4974,343.17047119140625,7.9956817626953125,2045849.12027359,42287.70305240154
4975,176.89622497558594,8.457098007202148,2046026.0164985657,42296.160150408745
4976,243.09872436523438,9.07763385772705,2046269.115222931,42305.23778426647
4977,161.46084594726562,8.27161979675293,2046430.5760688782,42313.509404063225
4978,206.36712646484375,9.003496170043945,2046636.943195343,42322.51290023327
4979,62.679969787597656,3.3610000610351562,2046699.6231651306,42325.873900294304
4980,138.5543975830078,8.159162521362305,2046838.1775627136,42334.033062815666
4981,328.47808837890625,9.128679275512695,2047166.6556510925,42343.16174209118
4982,212.4510040283203,8.74318790435791,2047379.1066551208,42351.90492999554
4983,71.97325897216797,4.155228137969971,2047451.079914093,42356.06015813351
4984,151.33441162109375,8.595927238464355,2047602.414325714,42364.65608537197
4985,207.06829833984375,9.732746124267578,2047809.482624054,42374.38883149624
4986,276.2993469238281,8.470504760742188,2048085.7819709778,42382.85933625698
4987,330.1612854003906,8.94297981262207,2048415.9432563782,42391.8023160696
4988,278.2486877441406,8.610928535461426,2048694.1919441223,42400.413244605064
4989,424.0843505859375,9.071904182434082,2049118.2762947083,42409.4851487875
4990,353.1914367675781,9.596782684326172,2049471.4677314758,42419.081931471825
4991,71.52826690673828,3.09952449798584,2049542.9959983826,42422.18145596981
4992,306.4798889160156,10.243568420410156,2049849.4758872986,42432.42502439022
4993,243.5897979736328,9.367475509643555,2050093.0656852722,42441.792499899864
4994,322.9675598144531,10.5869722366333,2050416.0332450867,42452.3794721365
4995,191.0006561279297,7.910995960235596,2050607.0339012146,42460.29046809673
4996,210.39901733398438,8.071940422058105,2050817.4329185486,42468.36240851879
4997,300.45770263671875,8.40843391418457,2051117.8906211853,42476.770842432976
4998,89.92926025390625,6.220720291137695,2051207.8198814392,42482.99156272411
4999,371.4440002441406,10.406242370605469,2051579.2638816833,42493.39780509472
5000,525.9583129882812,9.111764907836914,2052105.2221946716,42502.509570002556
5001,300.1123046875,9.288390159606934,2052405.3344993591,42511.79796016216
5002,398.96185302734375,9.469796180725098,2052804.2963523865,42521.26775634289
5003,124.19583129882812,7.848719120025635,2052928.4921836853,42529.11647546291
5004,106.85940551757812,7.426928520202637,2053035.3515892029,42536.543403983116
5005,165.5728759765625,8.248316764831543,2053200.9244651794,42544.79172074795
5006,176.45790100097656,9.53770637512207,2053377.3823661804,42554.32942712307
5007,65.42374420166016,4.810108184814453,2053442.806110382,42559.139535307884
5008,63.18317413330078,3.8729159832000732,2053505.9892845154,42563.012451291084
5009,183.77345275878906,9.524574279785156,2053689.7627372742,42572.53702557087
5010,489.28228759765625,9.893141746520996,2054179.0450248718,42582.43016731739
5011,168.51034545898438,7.63446044921875,2054347.5553703308,42590.06462776661
5012,132.5531005859375,7.377329349517822,2054480.1084709167,42597.44195711613
5013,265.82196044921875,8.692562103271484,2054745.930431366,42606.1345192194
5014,264.2030029296875,8.609004974365234,2055010.1334342957,42614.743524193764
5015,282.53741455078125,9.712685585021973,2055292.6708488464,42624.456209778786
5016,394.562255859375,9.26143741607666,2055687.2331047058,42633.71764719486
5017,244.32688903808594,9.615059852600098,2055931.559993744,42643.33270704746
5018,122.9831771850586,7.948554515838623,2056054.543170929,42651.2812615633
5019,147.26666259765625,8.900651931762695,2056201.8098335266,42660.181913495064
5020,59.70988845825195,3.8660173416137695,2056261.5197219849,42664.04793083668
5021,175.90969848632812,8.699882507324219,2056437.4294204712,42672.747813344
5022,279.0400695800781,9.504901885986328,2056716.4694900513,42682.25271522999
5023,441.6297302246094,9.661314964294434,2057158.0992202759,42691.91403019428
5024,196.79139709472656,9.001845359802246,2057354.8906173706,42700.915875554085
5025,202.091552734375,8.508995056152344,2057556.982170105,42709.42487061024
5026,287.1536560058594,9.199657440185547,2057844.1358261108,42718.62452805042
5027,374.36865234375,11.146186828613281,2058218.5044784546,42729.770714879036
5028,436.134765625,9.580947875976562,2058654.6392440796,42739.35166275501
5029,418.63055419921875,8.759124755859375,2059073.2697982788,42748.11078751087
5030,203.34979248046875,8.410772323608398,2059276.6195907593,42756.52155983448
5031,324.2640380859375,9.906420707702637,2059600.8836288452,42766.42798054218
5032,235.82762145996094,9.065664291381836,2059836.7112503052,42775.493644833565
5033,273.94970703125,8.781912803649902,2060110.6609573364,42784.275557637215
5034,113.0394287109375,6.7606730461120605,2060223.7003860474,42791.03623068333
5035,505.5203552246094,9.535405158996582,2060729.220741272,42800.57163584232
5036,62.458866119384766,3.314000129699707,2060791.6796073914,42803.88563597202
5037,99.13050842285156,6.622932434082031,2060890.8101158142,42810.508568406105
5038,71.14068603515625,6.09829568862915,2060961.9508018494,42816.606864094734
5039,211.28367614746094,8.881586074829102,2061173.2344779968,42825.48845016956
5040,285.10791015625,8.91816234588623,2061458.342388153,42834.40661251545
5041,188.62367248535156,8.669820785522461,2061646.9660606384,42843.07643330097
5042,233.60140991210938,8.366604804992676,2061880.5674705505,42851.443038105965
5043,322.9517822265625,8.913300514221191,2062203.519252777,42860.356338620186
5044,464.7513427734375,9.354613304138184,2062668.2705955505,42869.710951924324
5045,90.76651000976562,2.3129374980926514,2062759.0371055603,42872.02388942242
5046,510.0436096191406,10.128849983215332,2063269.0807151794,42882.15273940563
5047,165.40615844726562,7.833567142486572,2063434.4868736267,42889.98630654812
5048,199.68017578125,8.473231315612793,2063634.167049408,42898.45953786373
5049,129.43234252929688,7.980051517486572,2063763.5993919373,42906.43958938122
5050,300.9775695800781,9.871896743774414,2064064.5769615173,42916.31148612499
5051,221.7017822265625,8.1826171875,2064286.278743744,42924.49410331249
5052,214.8896026611328,8.97832202911377,2064501.168346405,42933.472425341606
5053,78.41507720947266,5.630639553070068,2064579.5834236145,42939.103064894676
5054,275.5363464355469,8.066170692443848,2064855.11977005,42947.16923558712
5055,242.6566925048828,8.35364818572998,2065097.776462555,42955.52288377285
5056,89.20695495605469,2.08770751953125,2065186.983417511,42957.61059129238
5057,78.178955078125,3.675611734390259,2065265.162372589,42961.28620302677
5058,228.9249267578125,9.562767028808594,2065494.087299347,42970.84897005558
5059,204.28067016601562,8.679624557495117,2065698.367969513,42979.528594613075
5060,257.2859191894531,9.062439918518066,2065955.6538887024,42988.59103453159
5061,376.27154541015625,8.289485931396484,2066331.9254341125,42996.88052046299
5062,193.7322998046875,9.269037246704102,2066525.6577339172,43006.149557709694
5063,91.74931335449219,3.010669708251953,2066617.4070472717,43009.160227417946
5064,338.7916259765625,8.913681983947754,2066956.1986732483,43018.07390940189
5065,275.5084533691406,9.04762077331543,2067231.7071266174,43027.12153017521
5066,426.0055236816406,8.81267261505127,2067657.712650299,43035.93420279026
5067,132.04922485351562,7.47595739364624,2067789.7618751526,43043.41016018391
5068,74.21044921875,2.556187391281128,2067863.9723243713,43045.96634757519
5069,265.57666015625,9.501805305480957,2068129.5489845276,43055.46815288067
5070,270.8350524902344,8.221705436706543,2068400.3840370178,43063.689858317375
5071,284.03533935546875,8.905275344848633,2068684.4193763733,43072.595133662224
5072,72.44587707519531,2.3828868865966797,2068756.8652534485,43074.97802054882
5073,259.99993896484375,9.217103958129883,2069016.8651924133,43084.19512450695
5074,69.66793823242188,3.8773324489593506,2069086.5331306458,43088.07245695591
5075,64.232177734375,2.1125898361206055,2069150.7653083801,43090.18504679203
5076,65.818359375,2.0054986476898193,2069216.5836677551,43092.19054543972
5077,298.868896484375,9.371630668640137,2069515.4525642395,43101.56217610836
5078,62.766136169433594,3.433605670928955,2069578.218700409,43104.99578177929
5079,286.7535400390625,8.650078773498535,2069864.972240448,43113.64586055279
5080,324.579833984375,8.256778717041016,2070189.5520744324,43121.90263926983
5081,171.3182373046875,7.811303615570068,2070360.870311737,43129.7139428854
5082,342.2472839355469,8.995532035827637,2070703.1175956726,43138.70947492123
5083,304.0779724121094,9.814748764038086,2071007.1955680847,43148.524223685265
5084,75.72895050048828,6.391838550567627,2071082.9245185852,43154.91606223583
5085,192.69027709960938,7.7875590324401855,2071275.6147956848,43162.70362126827
5086,314.75439453125,8.680049896240234,2071590.369190216,43171.38367116451
5087,69.1070556640625,3.378657341003418,2071659.4762458801,43174.762328505516
5088,469.99517822265625,11.116036415100098,2072129.4714241028,43185.878364920616
5089,157.82574462890625,7.160191535949707,2072287.2971687317,43193.038556456566
5090,258.6317138671875,10.330034255981445,2072545.9288825989,43203.36859071255
5091,86.91488647460938,8.003129005432129,2072632.8437690735,43211.37171971798
5092,153.70639038085938,7.105747222900391,2072786.5501594543,43218.47746694088
5093,388.8897399902344,9.90506649017334,2073175.4398994446,43228.38253343105
5094,276.4101867675781,8.543683052062988,2073451.8500862122,43236.926216483116
5095,348.01287841796875,8.590188980102539,2073799.8629646301,43245.51640546322
5096,199.17938232421875,9.301308631896973,2073999.0423469543,43254.817714095116
5097,298.75628662109375,8.850910186767578,2074297.7986335754,43263.66862428188
5098,62.66596221923828,1.8840491771697998,2074360.4645957947,43265.55267345905
5099,375.9940185546875,9.53101634979248,2074736.4586143494,43275.083689808846
5100,127.97767639160156,8.137773513793945,2074864.436290741,43283.22146332264
5101,98.90165710449219,7.353938579559326,2074963.3379478455,43290.5754019022
5102,210.12535095214844,8.61374282836914,2075173.4632987976,43299.18914473057
5103,137.75491333007812,7.613685607910156,2075311.2182121277,43306.80283033848
5104,297.1184997558594,8.96973705291748,2075608.3367118835,43315.772567391396
5105,324.951904296875,9.425983428955078,2075933.2886161804,43325.19855082035
5106,313.1800842285156,8.343866348266602,2076246.468700409,43333.54241716862
5107,483.8184814453125,8.545036315917969,2076730.2871818542,43342.087453484535
5108,76.7306900024414,5.973617076873779,2076807.0178718567,43348.06107056141
5109,261.97711181640625,8.45726490020752,2077068.994983673,43356.51833546162
5110,364.417236328125,8.91923713684082,2077433.4122200012,43365.43757259846
5111,263.29833984375,9.838678359985352,2077696.710559845,43375.27625095844
5112,408.28997802734375,10.081676483154297,2078105.0005378723,43385.3579274416
5113,194.12493896484375,8.269428253173828,2078299.1254768372,43393.62735569477
5114,124.3043212890625,8.858651161193848,2078423.4297981262,43402.486006855965
5115,489.22119140625,9.042155265808105,2078912.6509895325,43411.52816212177
5116,67.86174011230469,3.1720879077911377,2078980.5127296448,43414.700250029564
5117,223.6976776123047,8.142266273498535,2079204.210407257,43422.84251630306
5118,284.4853515625,9.137660026550293,2079488.6957588196,43431.98017632961
5119,229.33596801757812,8.198465347290039,2079718.0317268372,43440.1786416769
5120,180.478515625,8.402402877807617,2079898.5102424622,43448.58104455471
5121,138.63168334960938,7.666087627410889,2080037.1419258118,43456.24713218212
5122,257.7501220703125,8.76180362701416,2080294.892047882,43465.008935809135
5123,190.8874053955078,7.4598069190979,2080485.7794532776,43472.46874272823
5124,263.02264404296875,8.356371879577637,2080748.8020973206,43480.82511460781
5125,237.18553161621094,8.232563018798828,2080985.9876289368,43489.05767762661
5126,70.59452819824219,6.1463470458984375,2081056.582157135,43495.20402467251
5127,314.90277099609375,8.844582557678223,2081371.484928131,43504.04860723019
5128,264.0536193847656,7.82821798324585,2081635.5385475159,43511.87682521343
5129,337.5404052734375,8.06181812286377,2081973.0789527893,43519.938643336296
5130,72.61959075927734,6.300030708312988,2082045.6985435486,43526.23867404461
5131,59.74376678466797,5.185680866241455,2082105.4423103333,43531.42435491085
5132,284.6752624511719,9.845547676086426,2082390.1175727844,43541.26990258694
5133,282.36834716796875,8.823869705200195,2082672.4859199524,43550.09377229214
5134,279.38848876953125,9.554818153381348,2082951.874408722,43559.64859044552
5135,87.77926635742188,6.480966567993164,2083039.6536750793,43566.12955701351
5136,256.47998046875,8.538238525390625,2083296.133655548,43574.6677955389
5137,224.3780517578125,8.515641212463379,2083520.511707306,43583.183436751366
5138,158.6798095703125,8.142680168151855,2083679.1915168762,43591.32611691952
5139,265.4355773925781,8.294075012207031,2083944.6270942688,43599.620191931725
5140,265.0357666015625,8.184574127197266,2084209.6628608704,43607.80476605892
5141,332.77581787109375,9.615151405334473,2084542.4386787415,43617.419917464256
5142,67.36219024658203,6.303930282592773,2084609.800868988,43623.72384774685
5143,154.42364501953125,8.567270278930664,2084764.2245140076,43632.29111802578
5144,355.4179382324219,8.982037544250488,2085119.64245224,43641.27315557003
5145,178.74880981445312,8.098522186279297,2085298.3912620544,43649.37167775631
5146,257.13934326171875,9.403494834899902,2085555.5306053162,43658.77517259121
5147,244.29217529296875,9.63073444366455,2085799.8227806091,43668.405907034874
5148,500.180419921875,9.91994571685791,2086300.003200531,43678.32585275173
5149,387.8255310058594,9.99492359161377,2086687.8287315369,43688.320776343346
5150,421.3463439941406,10.362109184265137,2087109.175075531,43698.68288552761
5151,88.88346099853516,7.327126502990723,2087198.0585365295,43706.0100120306
5152,223.9011993408203,7.984755516052246,2087421.9597358704,43713.994767546654
5153,466.09912109375,9.553398132324219,2087888.058856964,43723.54816567898
5154,256.15380859375,8.864788055419922,2088144.2126655579,43732.4129537344
5155,178.2533416748047,8.434938430786133,2088322.4660072327,43740.847892165184
5156,382.8466491699219,9.437504768371582,2088705.3126564026,43750.285396933556
5157,211.968505859375,8.994492530822754,2088917.281162262,43759.27988946438
5158,351.440673828125,8.993961334228516,2089268.72183609,43768.27385079861
5159,398.80706787109375,9.887396812438965,2089667.5289039612,43778.161247611046
5160,538.3043212890625,9.830351829528809,2090205.8332252502,43787.991599440575
5161,384.4756164550781,9.479153633117676,2090590.3088417053,43797.47075307369
5162,248.876708984375,8.96302318572998,2090839.1855506897,43806.43377625942
5163,267.06597900390625,9.634937286376953,2091106.2515296936,43816.0687135458
5164,126.02496337890625,7.801577568054199,2091232.2764930725,43823.87029111385
5165,123.37471008300781,8.299386978149414,2091355.6512031555,43832.169678092
5166,62.13513946533203,2.206331729888916,2091417.7863426208,43834.37600982189
5167,252.94949340820312,8.306670188903809,2091670.735836029,43842.682680010796
5168,224.2371826171875,9.468735694885254,2091894.9730186462,43852.15141570568
5169,95.83556365966797,7.454519748687744,2091990.808582306,43859.60593545437
5170,305.3166198730469,8.705028533935547,2092296.125202179,43868.310963988304
5171,237.98532104492188,9.071252822875977,2092534.1105232239,43877.38221681118
5172,183.68792724609375,7.344461441040039,2092717.79845047,43884.72667825222
5173,72.6611328125,3.7197818756103516,2092790.4595832825,43888.44646012783
5174,61.62615966796875,2.4548375606536865,2092852.0857429504,43890.901297688484
5175,381.55865478515625,8.929574966430664,2093233.6443977356,43899.830872654915
5176,318.9559326171875,13.235424041748047,2093552.6003303528,43913.06629669666
5177,303.3440856933594,9.66966724395752,2093855.9444160461,43922.73596394062
5178,122.71946716308594,7.6462883949279785,2093978.6638832092,43930.38225233555
5179,231.21975708007812,8.651277542114258,2094209.8836402893,43939.03352987766
5180,170.4069061279297,7.754532814025879,2094380.2905464172,43946.78806269169
5181,213.49826049804688,8.383235931396484,2094593.7888069153,43955.171298623085
5182,255.97166442871094,8.076204299926758,2094849.760471344,43963.24750292301
5183,280.88372802734375,8.835745811462402,2095130.6441993713,43972.083248734474
5184,453.5589599609375,9.356115341186523,2095584.2031593323,43981.43936407566
5185,253.5099639892578,8.577278137207031,2095837.7131233215,43990.01664221287
5186,290.494140625,8.678085327148438,2096128.2072639465,43998.694727540016
5187,160.18307495117188,9.063186645507812,2096288.3903388977,44007.757914185524
5188,208.5208282470703,9.541753768920898,2096496.9111671448,44017.299667954445
5189,401.4394836425781,9.601103782653809,2096898.3506507874,44026.9007717371
5190,67.27738952636719,3.871095895767212,2096965.6280403137,44030.771867632866
5191,156.77230834960938,9.044578552246094,2097122.4003486633,44039.81644618511
5192,161.77294921875,8.625799179077148,2097284.173297882,44048.44224536419
5193,67.50816345214844,2.569319725036621,2097351.681461334,44051.011565089226
5194,63.38306427001953,2.276979446411133,2097415.0645256042,44053.28854453564
5195,577.7884521484375,9.068939208984375,2097992.8529777527,44062.35748374462
5196,165.45004272460938,8.607511520385742,2098158.3030204773,44070.96499526501
5197,305.6837158203125,9.658744812011719,2098463.9867362976,44080.62374007702
5198,411.2651062011719,9.929081916809082,2098875.251842499,44090.55282199383
5199,192.24673461914062,8.395828247070312,2099067.498577118,44098.9486502409
5200,131.78195190429688,7.585846424102783,2099199.280529022,44106.534496665
5201,158.4580078125,8.275407791137695,2099357.7385368347,44114.80990445614
5202,93.91144561767578,6.42707633972168,2099451.6499824524,44121.23698079586
5203,247.1091766357422,8.460172653198242,2099698.759159088,44129.69715344906
5204,80.96866607666016,6.023262977600098,2099779.727825165,44135.72041642666
5205,377.7420959472656,9.891064643859863,2100157.469921112,44145.61148107052
5206,65.0041732788086,5.1789631843566895,2100222.474094391,44150.790444254875
5207,215.88876342773438,8.324127197265625,2100438.3628578186,44159.11457145214
5208,146.8648681640625,7.546234130859375,2100585.2277259827,44166.660805583
5209,54.29918670654297,2.826500177383423,2100639.526912689,44169.48730576038
5210,60.815975189208984,1.6860870122909546,2100700.3428878784,44171.173392772675
5211,166.40818786621094,9.265426635742188,2100866.7510757446,44180.43881940842
5212,124.25323486328125,6.491950035095215,2100991.004310608,44186.93076944351
5213,244.17013549804688,8.256633758544922,2101235.174446106,44195.18740320206
5214,196.15760803222656,8.4328031539917,2101431.332054138,44203.62020635605
5215,166.332275390625,7.592560291290283,2101597.664329529,44211.21276664734
5216,382.10260009765625,8.416985511779785,2101979.7669296265,44219.62975215912
5217,281.11383056640625,7.674586296081543,2102260.880760193,44227.3043384552
5218,203.29049682617188,8.741647720336914,2102464.171257019,44236.04598617554
5219,325.63330078125,9.345137596130371,2102789.8045578003,44245.39112377167
5220,241.21328735351562,8.093563079833984,2103031.017845154,44253.4846868515
5221,93.33484649658203,7.856736183166504,2103124.3526916504,44261.34142303467
5222,473.3009948730469,10.057265281677246,2103597.6536865234,44271.398688316345
5223,253.93038940429688,8.169377326965332,2103851.5840759277,44279.56806564331
5224,322.28509521484375,9.701794624328613,2104173.8691711426,44289.26986026764
5225,188.99404907226562,8.309698104858398,2104362.863220215,44297.5795583725
5226,494.6109924316406,9.461284637451172,2104857.4742126465,44307.04084300995
5227,222.2089080810547,8.678534507751465,2105079.6831207275,44315.7193775177
5228,433.4688720703125,9.493932723999023,2105513.151992798,44325.2133102417
5229,412.93463134765625,8.725675582885742,2105926.0866241455,44333.938985824585
5230,265.6887512207031,8.561009407043457,2106191.775375366,44342.49999523163
5231,270.3677978515625,8.339070320129395,2106462.143173218,44350.83906555176
5232,63.55675506591797,5.720668792724609,2106525.6999282837,44356.55973434448
5233,65.08058166503906,4.50853967666626,2106590.7805099487,44361.06827402115
5234,151.6876220703125,9.173324584960938,2106742.468132019,44370.24159860611
5235,266.88958740234375,10.365386009216309,2107009.3577194214,44380.606984615326
5236,319.45916748046875,11.0872163772583,2107328.816886902,44391.694200992584
5237,432.50732421875,9.443471908569336,2107761.3242111206,44401.13767290115
5238,246.748779296875,10.318541526794434,2108008.0729904175,44411.45621442795
5239,241.86260986328125,8.62609577178955,2108249.9356002808,44420.08231019974
5240,319.16534423828125,8.986284255981445,2108569.100944519,44429.06859445572
5241,66.54700469970703,2.566741943359375,2108635.6479492188,44431.63533639908
5242,122.28327941894531,6.74592399597168,2108757.9312286377,44438.38126039505
5243,171.5941162109375,8.005902290344238,2108929.5253448486,44446.387162685394
5244,404.55706787109375,9.117636680603027,2109334.0824127197,44455.504799366
5245,166.1539764404297,7.569063663482666,2109500.23638916,44463.07386302948
5246,162.07229614257812,8.797503471374512,2109662.3086853027,44471.871366500854
5247,197.47592163085938,8.623623847961426,2109859.7846069336,44480.494990348816
5248,195.72296142578125,9.119443893432617,2110055.5075683594,44489.61443424225
5249,256.5792236328125,10.515430450439453,2110312.086791992,44500.12986469269
5250,70.58645629882812,2.567811965942383,2110382.673248291,44502.69767665863
5251,280.16717529296875,10.235496520996094,2110662.840423584,44512.93317317963
5252,249.67105102539062,8.08252239227295,2110912.5114746094,44521.0156955719
5253,264.517333984375,8.691713333129883,2111177.0288085938,44529.70740890503
5254,128.8926544189453,7.955248832702637,2111305.9214630127,44537.66265773773
5255,339.459716796875,8.951089859008789,2111645.3811798096,44546.61374759674
5256,354.63958740234375,8.534276962280273,2112000.020767212,44555.14802455902
5257,140.46995544433594,8.219354629516602,2112140.4907226562,44563.36737918854
5258,111.11717224121094,7.082545280456543,2112251.6078948975,44570.449924468994
5259,291.97174072265625,10.039904594421387,2112543.57963562,44580.489829063416
5260,319.34716796875,9.308287620544434,2112862.926803589,44589.79811668396
5261,87.21115112304688,7.098702430725098,2112950.137954712,44596.896819114685
5262,74.98493957519531,3.025080680847168,2113025.122894287,44599.92189979553
5263,95.27790832519531,6.529371738433838,2113120.4008026123,44606.451271533966
5264,133.1754608154297,8.851507186889648,2113253.5762634277,44615.302778720856
5265,405.7903137207031,10.19627571105957,2113659.3665771484,44625.499054431915
5266,289.6937561035156,8.42322063446045,2113949.060333252,44633.922275066376
5267,71.65165710449219,1.9867621660232544,2114020.7119903564,44635.9090372324
5268,137.23977661132812,8.72854232788086,2114157.951766968,44644.63757956028
5269,320.2845458984375,10.086658477783203,2114478.236312866,44654.72423803806
5270,228.0511474609375,8.705571174621582,2114706.287460327,44663.429809212685
5271,229.084716796875,8.604158401489258,2114935.372177124,44672.033967614174
5272,367.10662841796875,9.108702659606934,2115302.478805542,44681.14267027378
5273,176.783447265625,8.79810619354248,2115479.2622528076,44689.94077646732
5274,203.24282836914062,10.020681381225586,2115682.5050811768,44699.96145784855
5275,61.23124313354492,3.2023608684539795,2115743.7363243103,44703.163818717
5276,56.444847106933594,3.097811460494995,2115800.1811714172,44706.2616301775
5277,62.868736267089844,1.9428141117095947,2115863.0499076843,44708.20444428921
5278,280.33099365234375,9.415149688720703,2116143.3809013367,44717.61959397793
5279,399.5536193847656,9.32136058807373,2116542.9345207214,44726.940954566
5280,59.53522491455078,2.096525192260742,2116602.469745636,44729.03747975826
5281,310.2901611328125,10.259256362915039,2116912.759906769,44739.29673612118
5282,229.52638244628906,8.221562385559082,2117142.286289215,44747.51829850674
5283,99.27360534667969,6.970334529876709,2117241.559894562,44754.48863303661
5284,213.38870239257812,9.105226516723633,2117454.9485969543,44763.59385955334
5285,321.17059326171875,8.90087604522705,2117776.119190216,44772.494735598564
5286,320.7767028808594,12.589369773864746,2118096.895893097,44785.08410537243
5287,350.37200927734375,9.373868942260742,2118447.2679023743,44794.45797431469
5288,198.61798095703125,8.686895370483398,2118645.8858833313,44803.14486968517
5289,207.87054443359375,8.392736434936523,2118853.756427765,44811.53760612011
5290,383.6626281738281,8.386054039001465,2119237.4190559387,44819.92366015911
5291,167.18710327148438,9.04015064239502,2119404.60615921,44828.963810801506
5292,269.67669677734375,9.245553970336914,2119674.2828559875,44838.20936477184
5293,278.19891357421875,9.147127151489258,2119952.481769562,44847.35649192333
5294,145.4410858154297,7.593939781188965,2120097.922855377,44854.95043170452
5295,269.0311584472656,8.771112442016602,2120366.9540138245,44863.72154414654
5296,273.3360290527344,11.063546180725098,2120640.290042877,44874.78509032726
5297,221.510498046875,9.319873809814453,2120861.800540924,44884.10496413708
5298,152.95407104492188,8.197774887084961,2121014.754611969,44892.30273902416
5299,152.35806274414062,9.199165344238281,2121167.112674713,44901.5019043684
5300,176.83349609375,8.2055082321167,2121343.946170807,44909.70741260052
5301,142.92022705078125,8.49733829498291,2121486.8663978577,44918.2047508955
5302,339.04095458984375,8.723188400268555,2121825.9073524475,44926.92793929577
5303,347.5830078125,8.732315063476562,2122173.49036026,44935.660254359245
5304,169.3888702392578,7.989767074584961,2122342.8792304993,44943.65002143383
5305,391.9383850097656,9.193962097167969,2122734.817615509,44952.843983531
5306,63.10078430175781,2.0126335620880127,2122797.918399811,44954.856617093086
5307,206.48435974121094,8.930095672607422,2123004.402759552,44963.786712765694
5308,301.70849609375,8.904092788696289,2123306.1112556458,44972.69080555439
5309,89.7669448852539,6.720191955566406,2123395.878200531,44979.410997509956
5310,170.38458251953125,7.602804183959961,2123566.2627830505,44987.013801693916
5311,186.22605895996094,8.9091157913208,2123752.4888420105,44995.92291748524
5312,350.2497863769531,8.670574188232422,2124102.7386283875,45004.59349167347
5313,316.52679443359375,8.649808883666992,2124419.265422821,45013.24330055714
5314,110.95418548583984,6.993439197540283,2124530.219608307,45020.23673975468
5315,197.04843139648438,9.428536415100098,2124727.2680397034,45029.66527616978
5316,204.3035888671875,8.461358070373535,2124931.5716285706,45038.12663424015
5317,181.02389526367188,8.12913990020752,2125112.595523834,45046.25577414036
5318,356.7646789550781,9.32736873626709,2125469.3602027893,45055.583142876625
5319,168.69349670410156,8.423583030700684,2125638.0536994934,45064.006725907326
5320,353.60211181640625,8.455967903137207,2125991.65581131,45072.46269381046
5321,526.338623046875,9.21245288848877,2126517.9944343567,45081.67514669895
5322,253.6335906982422,9.256495475769043,2126771.628025055,45090.93164217472
5323,253.73934936523438,8.657957077026367,2127025.36737442,45099.58959925175
5324,411.9781494140625,9.066431045532227,2127437.345523834,45108.65603029728
5325,244.39385986328125,8.978075981140137,2127681.7393836975,45117.63410627842
5326,315.41473388671875,8.857093811035156,2127997.154117584,45126.491200089455
5327,67.06184387207031,2.582045078277588,2128064.2159614563,45129.07324516773
5328,181.53707885742188,8.96278190612793,2128245.7530403137,45138.03602707386
5329,399.2232666015625,9.469947814941406,2128644.9763069153,45147.5059748888
5330,493.9414978027344,9.592570304870605,2129138.917804718,45157.09854519367
5331,409.7729797363281,9.337206840515137,2129548.6907844543,45166.43575203419
5332,171.02867126464844,8.492228507995605,2129719.719455719,45174.92798054218
5333,71.05282592773438,2.6159887313842773,2129790.7722816467,45177.54396927357
5334,172.06912231445312,7.873810768127441,2129962.841403961,45185.417780041695
5335,135.74639892578125,7.710509300231934,2130098.587802887,45193.12828934193
5336,234.96128845214844,9.066322326660156,2130333.549091339,45202.19461166859
5337,231.4460906982422,8.927223205566406,2130564.9951820374,45211.12183487415
5338,258.30126953125,8.572992324829102,2130823.2964515686,45219.69482719898
5339,122.70916748046875,6.814464569091797,2130946.005619049,45226.509291768074
5340,353.22735595703125,8.800971984863281,2131299.232975006,45235.31026375294
5341,201.70811462402344,7.802433013916016,2131500.94108963,45243.11269676685
5342,98.20663452148438,7.566012382507324,2131599.1477241516,45250.67870914936
5343,374.24639892578125,8.461175918579102,2131973.3941230774,45259.13988506794
5344,183.22486877441406,9.598371505737305,2132156.618991852,45268.73825657368
5345,446.61773681640625,10.136269569396973,2132603.236728668,45278.874526143074
5346,132.88536071777344,7.67022180557251,2132736.122089386,45286.54474794865
5347,155.0521240234375,7.5855607986450195,2132891.1742134094,45294.13030874729
5348,268.529296875,8.749371528625488,2133159.7035102844,45302.87968027592
5349,146.40394592285156,8.630829811096191,2133306.1074562073,45311.51051008701
5350,241.38795471191406,8.953428268432617,2133547.495410919,45320.463938355446
5351,354.6634826660156,9.87972640991211,2133902.158893585,45330.34366476536
5352,256.30645751953125,8.572359085083008,2134158.4653511047,45338.91602385044
5353,150.09243774414062,8.209110260009766,2134308.557788849,45347.12513411045
5354,160.27520751953125,8.975736618041992,2134468.8329963684,45356.10087072849
5355,264.6357116699219,9.252392768859863,2134733.4687080383,45365.35326349735
5356,300.8375244140625,7.973568916320801,2135034.3062324524,45373.32683241367
5357,256.48553466796875,8.535590171813965,2135290.7917671204,45381.86242258549
5358,342.63763427734375,8.957730293273926,2135633.4294013977,45390.82015287876
5359,460.932861328125,9.448307991027832,2136094.362262726,45400.26846086979
5360,157.0292205810547,8.328536033630371,2136251.391483307,45408.59699690342
5361,205.27713012695312,8.178730010986328,2136456.668613434,45416.775726914406
5362,64.50642395019531,4.572983264923096,2136521.175037384,45421.34871017933
5363,373.21160888671875,8.892635345458984,2136894.3866462708,45430.24134552479
5364,300.04913330078125,9.14441204071045,2137194.4357795715,45439.3857575655
5365,404.44342041015625,10.389246940612793,2137598.8791999817,45449.77500450611
5366,111.63125610351562,8.377971649169922,2137710.510456085,45458.15297615528
5367,61.70743942260742,4.407103061676025,2137772.217895508,45462.56007921696
5368,203.220458984375,8.52613639831543,2137975.438354492,45471.08621561527
5369,202.53196716308594,8.444063186645508,2138177.9703216553,45479.53027880192
5370,160.1142120361328,9.089954376220703,2138338.0845336914,45488.62023317814
5371,156.82955932617188,8.198625564575195,2138494.9140930176,45496.818858742714
5372,263.2760925292969,9.020268440246582,2138758.190185547,45505.83912718296
5373,285.7621154785156,9.192099571228027,2139043.9523010254,45515.03122675419
5374,257.62200927734375,10.559622764587402,2139301.5743103027,45525.590849518776
5375,68.29376220703125,4.672083377838135,2139369.8680725098,45530.262932896614
5376,326.98590087890625,10.597539901733398,2139696.8539733887,45540.86047279835
5377,332.6397705078125,7.992744445800781,2140029.4937438965,45548.85321724415
5378,202.42526245117188,8.746739387512207,2140231.9190063477,45557.59995663166
5379,176.09625244140625,9.0913724899292,2140408.015258789,45566.69132912159
5380,133.5673370361328,8.071930885314941,2140541.582595825,45574.763260006905
5381,185.26046752929688,9.986913681030273,2140726.8430633545,45584.750173687935
5382,327.53143310546875,8.835784912109375,2141054.37449646,45593.585958600044
5383,59.562294006347656,1.7499209642410278,2141113.9367904663,45595.335879564285
5384,130.73284912109375,7.143923282623291,2141244.6696395874,45602.47980284691
5385,268.6008605957031,8.900125503540039,2141513.270500183,45611.37992835045
5386,339.40240478515625,8.773870468139648,2141852.6729049683,45620.15379881859
5387,242.32742309570312,8.96030044555664,2142095.000328064,45629.114099264145
5388,244.6910858154297,9.522708892822266,2142339.6914138794,45638.63680815697
5389,286.184326171875,8.352771759033203,2142625.8757400513,45646.989579916
5390,353.8238525390625,9.312341690063477,2142979.6995925903,45656.301921606064
5391,185.80563354492188,8.458882331848145,2143165.5052261353,45664.76080393791
5392,206.51889038085938,8.546767234802246,2143372.024116516,45673.307571172714
5393,64.553466796875,3.359180212020874,2143436.577583313,45676.666751384735
5394,116.92584991455078,8.715728759765625,2143553.5034332275,45685.3824801445
5395,125.97572326660156,7.706008434295654,2143679.479156494,45693.0884885788
5396,278.68243408203125,9.047506332397461,2143958.161590576,45702.135994911194
5397,156.43975830078125,7.95669412612915,2144114.601348877,45710.09268903732
5398,407.08447265625,9.184162139892578,2144521.685821533,45719.276851177216
5399,146.40518188476562,8.519350051879883,2144668.091003418,45727.796201229095
5400,352.6988830566406,7.969762802124023,2145020.7898864746,45735.76596403122
5401,59.498085021972656,2.1065902709960938,2145080.2879714966,45737.872554302216
5402,280.6046142578125,7.894586086273193,2145360.8925857544,45745.76714038849
5403,248.50527954101562,8.488859176635742,2145609.3978652954,45754.255999565125
5404,343.8758239746094,9.15967082977295,2145953.27368927,45763.4156703949
5405,264.53289794921875,8.944576263427734,2146217.8065872192,45772.360246658325
5406,204.7793731689453,8.739700317382812,2146422.585960388,45781.09994697571
5407,459.517578125,9.38676929473877,2146882.103538513,45790.48671627045
5408,300.42694091796875,9.025951385498047,2147182.530479431,45799.512667655945
5409,240.13287353515625,9.237933158874512,2147422.6633529663,45808.75060081482
5410,457.3646545410156,10.216172218322754,2147880.0280075073,45818.96677303314
5411,68.87982177734375,2.967491388320923,2147948.9078292847,45821.93426442146
5412,197.3193817138672,7.569136142730713,2148146.2272109985,45829.503400564194
5413,259.31201171875,8.709879875183105,2148405.5392227173,45838.21328043938
5414,217.56106567382812,9.33181095123291,2148623.100288391,45847.54509139061
5415,166.75225830078125,8.474234580993652,2148789.852546692,45856.0193259716
5416,277.99432373046875,8.072407722473145,2149067.8468704224,45864.09173369408
5417,190.44920349121094,9.174495697021484,2149258.2960739136,45873.2662293911
5418,490.81488037109375,8.974690437316895,2149749.1109542847,45882.240919828415
5419,333.1139831542969,8.590798377990723,2150082.224937439,45890.831718206406
5420,88.56094360351562,6.419534683227539,2150170.7858810425,45897.25125288963
5421,191.64923095703125,8.228924751281738,2150362.4351119995,45905.480177640915
5422,371.00665283203125,9.383773803710938,2150733.4417648315,45914.863951444626
5423,208.09080505371094,9.322882652282715,2150941.5325698853,45924.18683409691
5424,165.11761474609375,8.957738876342773,2151106.6501846313,45933.14457297325
5425,424.27374267578125,8.970752716064453,2151530.923927307,45942.115325689316
5426,212.689208984375,8.210399627685547,2151743.6131362915,45950.325725317
5427,228.94326782226562,9.067386627197266,2151972.556404114,45959.3931119442
5428,251.61293029785156,9.024048805236816,2152224.1693344116,45968.417160749435
5429,171.6856689453125,8.028379440307617,2152395.855003357,45976.44554018974
5430,238.86231994628906,8.89764404296875,2152634.717323303,45985.34318423271
5431,63.175594329833984,3.353071689605713,2152697.892917633,45988.69625592232
5432,491.6972351074219,9.385613441467285,2153189.5901527405,45998.081869363785
5433,182.3331298828125,8.411105155944824,2153371.9232826233,46006.49297451973
5434,263.5504150390625,9.031180381774902,2153635.4736976624,46015.524154901505
5435,331.65338134765625,9.447042465209961,2153967.12707901,46024.971197366714
5436,155.74583435058594,8.751070976257324,2154122.8729133606,46033.72226834297
5437,178.68763732910156,8.486043930053711,2154301.5605506897,46042.208312273026
5438,195.34576416015625,9.216373443603516,2154496.90631485,46051.42468571663
5439,376.7983093261719,9.3355131149292,2154873.704624176,46060.76019883156
5440,168.8110809326172,8.10032844543457,2155042.5157051086,46068.86052727699
5441,264.7605285644531,8.565184593200684,2155307.276233673,46077.42571187019
5442,170.88760375976562,8.346739768981934,2155478.163837433,46085.772451639175
5443,274.8873596191406,9.073966026306152,2155753.051197052,46094.84641766548
5444,303.29364013671875,8.209866523742676,2156056.3448371887,46103.056284189224
5445,274.59765625,8.493368148803711,2156330.9424934387,46111.54965233803
5446,250.515380859375,8.240912437438965,2156581.457874298,46119.79056477547
5447,143.70928955078125,8.142370223999023,2156725.167163849,46127.932934999466
5448,461.14971923828125,8.954012870788574,2157186.316883087,46136.886947870255
5449,91.75534057617188,7.645177841186523,2157278.0722236633,46144.53212571144
5450,449.78826904296875,9.283123970031738,2157727.8604927063,46153.81524968147
5451,214.81272888183594,9.563772201538086,2157942.673221588,46163.37902188301
5452,310.41400146484375,8.654498100280762,2158253.087223053,46172.03351998329
5453,255.516357421875,8.321342468261719,2158508.603580475,46180.35486245155
5454,441.2184753417969,8.704389572143555,2158949.8220558167,46189.0592520237
5455,459.98980712890625,9.003276824951172,2159409.8118629456,46198.06252884865
5456,70.94731140136719,4.858619213104248,2159480.759174347,46202.92114806175
5457,331.360107421875,9.468894004821777,2159812.119281769,46212.390042066574
5458,330.432861328125,9.603311538696289,2160142.552143097,46221.99335360527
5459,241.22137451171875,8.94018840789795,2160383.7735176086,46230.93354201317
5460,192.9472198486328,9.24832820892334,2160576.7207374573,46240.18187022209
5461,298.2528076171875,9.728099822998047,2160874.9735450745,46249.90997004509
5462,183.841796875,8.463936805725098,2161058.8153419495,46258.373906850815
5463,203.8063507080078,8.280547142028809,2161262.6216926575,46266.65445399284
5464,157.40902709960938,8.802339553833008,2161420.030719757,46275.45679354668
5465,448.08642578125,9.171073913574219,2161868.1171455383,46284.62786746025
5466,190.00564575195312,8.648924827575684,2162058.1227912903,46293.27679228783
5467,480.3929748535156,9.470190048217773,2162538.515766144,46302.746982336044
5468,144.16552734375,8.406962394714355,2162682.6812934875,46311.15394473076
5469,155.49954223632812,7.863549709320068,2162838.180835724,46319.01749444008
5470,380.9072265625,9.71582317352295,2163219.0880622864,46328.7333176136
5471,473.48114013671875,9.330080032348633,2163692.569202423,46338.06339764595
5472,289.86553955078125,8.748323440551758,2163982.434741974,46346.8117210865
5473,150.08033752441406,7.554135322570801,2164132.5150794983,46354.36585640907
5474,191.85577392578125,8.49522876739502,2164324.370853424,46362.86108517647
5475,223.80532836914062,8.340520858764648,2164548.176181793,46371.20160603523
5476,69.37261962890625,2.35806941986084,2164617.548801422,46373.55967545509
5477,225.68121337890625,8.786806106567383,2164843.230014801,46382.34648156166
5478,145.32501220703125,8.829620361328125,2164988.555027008,46391.17610192299
5479,298.3016357421875,9.791418075561523,2165286.8566627502,46400.96751999855
5480,135.69419860839844,7.870140552520752,2165422.5508613586,46408.83766055107
5481,215.75656127929688,9.410514831542969,2165638.307422638,46418.248175382614
5482,262.20135498046875,8.783621788024902,2165900.5087776184,46427.03179717064
5483,235.13082885742188,9.014020919799805,2166135.639606476,46436.04581809044
5484,187.4243927001953,8.357443809509277,2166323.063999176,46444.40326189995
5485,224.7197265625,8.060169219970703,2166547.7837257385,46452.46343111992
5486,300.6309814453125,8.504340171813965,2166848.414707184,46460.96777129173
5487,402.1937255859375,9.342098236083984,2167250.60843277,46470.30986952782
5488,237.33660888671875,8.36862850189209,2167487.9450416565,46478.67849802971
5489,356.75628662109375,9.148943901062012,2167844.7013282776,46487.82744193077
5490,224.25241088867188,8.296224594116211,2168068.9537391663,46496.12366652489
5491,192.5399169921875,8.216084480285645,2168261.4936561584,46504.33975100517
5492,337.04278564453125,8.884485244750977,2168598.536441803,46513.224236249924
5493,67.95858764648438,3.21528697013855,2168666.4950294495,46516.43952322006
5494,318.84442138671875,9.594427108764648,2168985.339450836,46526.03395032883
5495,397.8233947753906,9.84223747253418,2169383.1628456116,46535.87618780136
5496,88.22111511230469,7.57959508895874,2169471.383960724,46543.45578289032
5497,284.78350830078125,8.594045639038086,2169756.1674690247,46552.04982852936
5498,178.16258239746094,8.616145133972168,2169934.330051422,46560.66597366333
5499,64.02609252929688,2.5110926628112793,2169998.3561439514,46563.17706632614
5500,59.654518127441406,3.396409749984741,2170058.010662079,46566.573476076126
5501,214.16275024414062,9.262383460998535,2170272.173412323,46575.835859537125
5502,124.49729919433594,8.561408042907715,2170396.6707115173,46584.39726758003
5503,257.4594421386719,8.557910919189453,2170654.130153656,46592.95517849922
5504,184.64833068847656,8.825047492980957,2170838.7784843445,46601.7802259922
5505,132.63604736328125,8.610664367675781,2170971.4145317078,46610.39089035988
5506,202.92098999023438,8.467029571533203,2171174.335521698,46618.85791993141
5507,136.31207275390625,9.08759593963623,2171310.647594452,46627.94551587105
5508,543.9404296875,9.599649429321289,2171854.5880241394,46637.54516530037
5509,136.637939453125,7.938695907592773,2171991.2259635925,46645.48386120796
5510,169.25482177734375,8.28094482421875,2172160.48078537,46653.76480603218
5511,239.16583251953125,10.00533676147461,2172399.6466178894,46663.770142793655
5512,84.93096923828125,5.749090671539307,2172484.5775871277,46669.519233465195
5513,161.70306396484375,8.98231315612793,2172646.2806510925,46678.50154662132
5514,84.88153839111328,5.853413105010986,2172731.1621894836,46684.35495972633
5515,163.93338012695312,8.877199172973633,2172895.0955696106,46693.23215889931
5516,103.59140014648438,7.1474785804748535,2172998.686969757,46700.37963747978
5517,293.5480651855469,10.514887809753418,2173292.2350349426,46710.894525289536
5518,134.26611328125,7.72055721282959,2173426.501148224,46718.615082502365
5519,188.16616821289062,10.250225067138672,2173614.667316437,46728.865307569504
5520,145.82614135742188,7.419313907623291,2173760.493457794,46736.28462147713
5521,67.07710266113281,5.415160179138184,2173827.5705604553,46741.699781656265
5522,267.6817321777344,9.445995330810547,2174095.252292633,46751.145776987076
5523,355.1133728027344,9.631298065185547,2174450.365665436,46760.77707505226
5524,258.1429443359375,8.750083923339844,2174708.5086097717,46769.5271589756
5525,177.69503784179688,7.912678241729736,2174886.2036476135,46777.43983721733
5526,322.4721374511719,8.86768627166748,2175208.6757850647,46786.307523489
5527,241.60992431640625,8.634121894836426,2175450.285709381,46794.941645383835
5528,296.4720458984375,10.01042366027832,2175746.7577552795,46804.95206904411
5529,95.3353271484375,7.174299240112305,2175842.093082428,46812.126368284225
5530,314.32440185546875,8.6795015335083,2176156.4174842834,46820.805869817734
5531,280.0787353515625,8.791440963745117,2176436.496219635,46829.59731078148
5532,67.35478210449219,4.250128269195557,2176503.8510017395,46833.847439050674
5533,197.94021606445312,9.685396194458008,2176701.791217804,46843.53283524513
5534,129.01107788085938,7.300429821014404,2176830.802295685,46850.83326506615
5535,354.2110900878906,8.874505996704102,2177185.0133857727,46859.70777106285
5536,220.5926513671875,8.79476261138916,2177405.60603714,46868.50253367424
5537,381.29229736328125,9.31797981262207,2177786.898334503,46877.82051348686
5538,401.359375,9.241781234741211,2178188.257709503,46887.0622947216
5539,364.1143493652344,11.663054466247559,2178552.3720588684,46898.72534918785
5540,127.45465087890625,7.390102863311768,2178679.8267097473,46906.11545205116
5541,58.170902252197266,4.451400279998779,2178737.9976119995,46910.56685233116
5542,62.58518981933594,2.3455700874328613,2178800.582801819,46912.912422418594
5543,282.76824951171875,8.846060752868652,2179083.3510513306,46921.75848317146
5544,290.11572265625,9.304285049438477,2179373.466773987,46931.0627682209
5545,245.2189483642578,9.608314514160156,2179618.685722351,46940.67108273506
5546,133.87066650390625,7.645572662353516,2179752.556388855,46948.316655397415
5547,479.1265869140625,9.422820091247559,2180231.682975769,46957.73947548866
5548,57.239933013916016,3.849924087524414,2180288.922908783,46961.58939957619
5549,67.89791870117188,5.226112365722656,2180356.820827484,46966.81551194191
5550,286.7333984375,7.699645519256592,2180643.5542259216,46974.51515746117
5551,69.35185241699219,2.904541015625,2180712.9060783386,46977.41969847679
5552,240.6632537841797,8.9284029006958,2180953.569332123,46986.34810137749
5553,344.8507995605469,9.504261016845703,2181298.4201316833,46995.85236239433
5554,251.71624755859375,9.09164810180664,2181550.136379242,47004.94401049614
5555,309.4176025390625,9.974725723266602,2181859.553981781,47014.918736219406
5556,239.7604522705078,9.925268173217773,2182099.3144340515,47024.844004392624
5557,178.9718017578125,8.528825759887695,2182278.2862358093,47033.37283015251
5558,271.0497131347656,9.743210792541504,2182549.335948944,47043.11604094505
5559,267.456787109375,9.068578720092773,2182816.7927360535,47052.184619665146
5560,484.35198974609375,9.330379486083984,2183301.1447257996,47061.51499915123
5561,131.546630859375,8.036437034606934,2183432.691356659,47069.55143618584
5562,279.0375671386719,8.738235473632812,2183711.7289237976,47078.28967165947
5563,153.23916625976562,7.493287563323975,2183864.9680900574,47085.78295922279
5564,205.17076110839844,7.966092109680176,2184070.138851166,47093.749051332474
5565,54.590030670166016,4.3754706382751465,2184124.728881836,47098.12452197075
5566,200.41893005371094,8.927814483642578,2184325.1478118896,47107.05233645439
5567,166.90625,9.066530227661133,2184492.0540618896,47116.11886668205
5568,168.89755249023438,8.417323112487793,2184660.95161438,47124.53618979454
5569,322.6314697265625,8.596061706542969,2184983.5830841064,47133.13225150108
5570,200.787353515625,8.538274765014648,2185184.370437622,47141.6705262661
5571,285.2846984863281,8.580507278442383,2185469.6551361084,47150.25103354454
5572,186.33676147460938,8.985461235046387,2185655.991897583,47159.23649477959
5573,129.69815063476562,7.942485332489014,2185785.690048218,47167.178980112076
5574,324.71270751953125,10.069527626037598,2186110.4027557373,47177.24850773811
5575,236.8817901611328,8.583405494689941,2186347.2845458984,47185.8319132328
5576,182.55673217773438,7.323690891265869,2186529.841278076,47193.15560412407
5577,307.7067565917969,10.928587913513184,2186837.548034668,47204.08419203758
5578,231.28887939453125,8.805441856384277,2187068.8369140625,47212.88963389397
5579,438.5169982910156,8.471713066101074,2187507.3539123535,47221.36134696007
5580,58.32209777832031,2.208460569381714,2187565.676010132,47223.56980752945
5581,279.46685791015625,9.252168655395508,2187845.142868042,47232.821976184845
5582,203.42750549316406,8.059625625610352,2188048.570373535,47240.881601810455
5583,316.86505126953125,9.7891845703125,2188365.4354248047,47250.67078638077
5584,260.64691162109375,8.18761157989502,2188626.082336426,47258.85839796066
5585,72.00189971923828,6.218597888946533,2188698.084236145,47265.07699584961
5586,129.27061462402344,7.306483745574951,2188827.354850769,47272.383479595184
5587,551.283935546875,10.068737030029297,2189378.638786316,47282.45221662521
5588,79.11692810058594,6.264516830444336,2189457.7557144165,47288.71673345566
5589,63.36650848388672,3.25750994682312,2189521.1222229004,47291.97424340248
5590,131.01779174804688,7.336177349090576,2189652.1400146484,47299.31042075157
5591,187.6875457763672,8.28034782409668,2189839.827560425,47307.59076857567
5592,174.65817260742188,8.028338432312012,2190014.485733032,47315.61910700798
5593,249.02676391601562,9.259121894836426,2190263.5124969482,47324.87822890282
5594,135.81109619140625,8.23750114440918,2190399.3235931396,47333.115730047226
5595,273.11383056640625,9.396583557128906,2190672.437423706,47342.512313604355
5596,264.2911682128906,8.433540344238281,2190936.728591919,47350.94585394859
5597,193.2353057861328,8.466815948486328,2191129.963897705,47359.41266989708
5598,215.84906005859375,8.487603187561035,2191345.8129577637,47367.90027308464
5599,364.29827880859375,9.119108200073242,2191710.1112365723,47377.019381284714
5600,220.934326171875,8.31096363067627,2191931.045562744,47385.33034491539
5601,130.56626892089844,6.7888503074646,2192061.611831665,47392.119195222855
5602,445.29595947265625,10.608211517333984,2192506.9077911377,47402.72740674019
5603,67.78607177734375,3.6823391914367676,2192574.693862915,47406.409745931625
5604,116.31720733642578,7.799890041351318,2192691.0110702515,47414.20963597298
5605,404.8744201660156,9.588173866271973,2193095.8854904175,47423.79780983925
5606,218.955322265625,9.354830741882324,2193314.840812683,47433.15264058113
5607,182.2857208251953,8.068415641784668,2193497.1265335083,47441.221056222916
5608,353.5959777832031,8.265146255493164,2193850.7225112915,47449.48620247841
5609,70.84442138671875,5.256124019622803,2193921.566932678,47454.74232649803
5610,387.1102294921875,9.097853660583496,2194308.6771621704,47463.840180158615
5611,305.5187683105469,9.63696575164795,2194614.195930481,47473.47714591026
5612,118.04133605957031,7.576857566833496,2194732.2372665405,47481.0540034771
5613,178.9346160888672,9.25930404663086,2194911.1718826294,47490.31330752373
5614,290.6112976074219,9.653294563293457,2195201.783180237,47499.96660208702
5615,153.58843994140625,8.766724586486816,2195355.371620178,47508.73332667351
5616,217.19976806640625,8.876483917236328,2195572.5713882446,47517.609810590744
5617,267.68719482421875,7.861765384674072,2195840.258583069,47525.47157597542
5618,234.6647186279297,8.564201354980469,2196074.923301697,47534.0357773304
5619,214.6409912109375,8.1850004196167,2196289.5642929077,47542.220777750015
5620,182.6058349609375,8.749105453491211,2196472.1701278687,47550.96988320351
5621,57.27894973754883,1.719179391860962,2196529.449077606,47552.68906259537
5622,266.0143127441406,9.58316421508789,2196795.4633903503,47562.272226810455
5623,106.90090942382812,7.850706577301025,2196902.364299774,47570.122933387756
5624,170.696533203125,8.462051391601562,2197073.0608329773,47578.58498477936
5625,523.921875,8.863747596740723,2197596.9827079773,47587.4487323761
5626,362.92919921875,9.057385444641113,2197959.911907196,47596.50611782074
5627,250.08363342285156,9.348101615905762,2198209.995540619,47605.854219436646
5628,416.5531311035156,9.244775772094727,2198626.5486717224,47615.09899520874
5629,186.46920776367188,8.335115432739258,2198813.017879486,47623.43411064148
5630,168.20196533203125,8.13708782196045,2198981.219844818,47631.57119846344
5631,228.03555297851562,8.602866172790527,2199209.2553977966,47640.17406463623
5632,169.54937744140625,9.38900375366211,2199378.804775238,47649.56306838989
5633,90.49879455566406,7.95751953125,2199469.3035697937,47657.52058792114
5634,323.876708984375,8.0762300491333,2199793.180278778,47665.596817970276
5635,132.14163208007812,8.065464973449707,2199925.321910858,47673.662282943726
5636,66.55734252929688,3.4742443561553955,2199991.8792533875,47677.13652729988
5637,117.63674926757812,7.923685073852539,2200109.516002655,47685.06021237373
5638,374.039306640625,8.76716136932373,2200483.5553092957,47693.82737374306
5639,208.8118438720703,9.098221778869629,2200692.3671531677,47702.92559552193
5640,142.5201416015625,8.92403793334961,2200834.8872947693,47711.84963345528
5641,257.38909912109375,8.439144134521484,2201092.2763938904,47720.2887775898
5642,112.36468505859375,7.359800815582275,2201204.641078949,47727.64857840538
5643,155.92352294921875,7.544189453125,2201360.564601898,47735.192767858505
5644,269.0035095214844,10.421327590942383,2201629.5681114197,47745.61409544945
5645,398.6612243652344,8.73471450805664,2202028.229335785,47754.348809957504
5646,391.7361145019531,9.330888748168945,2202419.965450287,47763.67969870567
5647,266.00390625,9.324377059936523,2202685.969356537,47773.00407576561
5648,428.76751708984375,9.392434120178223,2203114.7368736267,47782.39650988579
5649,244.4464111328125,9.152384757995605,2203359.1832847595,47791.54889464378
5650,60.62847137451172,2.160703182220459,2203419.811756134,47793.709597826004
5651,200.1097412109375,9.85505485534668,2203619.921497345,47803.56465268135
5652,106.52787780761719,6.946369647979736,2203726.4493751526,47810.51102232933
5653,139.69496154785156,8.169293403625488,2203866.1443367004,47818.680315732956
5654,129.3460693359375,7.470808029174805,2203995.4904060364,47826.15112376213
5655,59.274269104003906,4.444899082183838,2204054.7646751404,47830.596022844315
5656,316.7225036621094,8.744449615478516,2204371.4871788025,47839.34047245979
5657,58.67024612426758,4.867692470550537,2204430.1574249268,47844.20816493034
5658,140.13531494140625,7.976637363433838,2204570.292739868,47852.18480229378
5659,187.31729125976562,8.070073127746582,2204757.610031128,47860.254875421524
5660,132.6863555908203,7.68987512588501,2204890.2963867188,47867.94475054741
5661,255.49209594726562,8.07965087890625,2205145.788482666,47876.024401426315
5662,222.6584014892578,8.520106315612793,2205368.4468841553,47884.54450774193
5663,250.94253540039062,8.971814155578613,2205619.3894195557,47893.51632189751
5664,318.4493713378906,9.881926536560059,2205937.8387908936,47903.39824843407
5665,154.66265869140625,8.814152717590332,2206092.501449585,47912.21240115166
5666,156.8759765625,8.23079776763916,2206249.3774261475,47920.443198919296
5667,282.23040771484375,9.559706687927246,2206531.6078338623,47930.00290560722
5668,242.5928955078125,8.596015930175781,2206774.20072937,47938.5989215374
5669,61.43495178222656,5.389776229858398,2206835.6356811523,47943.98869776726
5670,242.03424072265625,9.448749542236328,2207077.669921875,47953.437447309494
5671,241.33103942871094,8.981667518615723,2207319.0009613037,47962.41911482811
5672,384.2748107910156,9.598461151123047,2207703.2757720947,47972.01757597923
5673,247.0709228515625,8.441227912902832,2207950.3466949463,47980.458803892136
5674,186.14532470703125,9.179701805114746,2208136.4920196533,47989.63850569725
5675,329.27325439453125,8.27908706665039,2208465.765274048,47997.9175927639
5676,233.00180053710938,9.362515449523926,2208698.767074585,48007.280108213425
5677,234.68508911132812,9.491715431213379,2208933.4521636963,48016.77182364464
5678,226.90353393554688,8.82840633392334,2209160.355697632,48025.60022997856
5679,219.9321746826172,8.705284118652344,2209380.2878723145,48034.305514097214
5680,60.418582916259766,3.9773998260498047,2209440.7064552307,48038.28291392326
5681,53.065711975097656,3.833935499191284,2209493.772167206,48042.116849422455
5682,168.3459014892578,8.229671478271484,2209662.118068695,48050.346520900726
5683,198.16458129882812,8.067747116088867,2209860.282649994,48058.414268016815
5684,238.7456817626953,8.606554985046387,2210099.0283317566,48067.02082300186
5685,406.2913513183594,9.56031322479248,2210505.319683075,48076.581136226654
5686,92.74830627441406,6.592039108276367,2210598.0679893494,48083.17317533493
5687,265.9349365234375,8.18758487701416,2210864.002925873,48091.360760211945
5688,65.9299087524414,5.802220344543457,2210929.9328346252,48097.16298055649
5689,77.62128448486328,5.817200660705566,2211007.55411911,48102.98018121719
5690,143.015380859375,8.759232521057129,2211150.5694999695,48111.73941373825
5691,238.56658935546875,8.467663764953613,2211389.136089325,48120.207077503204
5692,79.8818130493164,5.624622821807861,2211469.0179023743,48125.83170032501
5693,160.13455200195312,8.771394729614258,2211629.152454376,48134.60309505463
5694,240.99456787109375,9.089299201965332,2211870.1470222473,48143.69239425659
5695,337.5486145019531,10.502703666687012,2212207.6956367493,48154.19509792328
5696,365.6173095703125,8.865394592285156,2212573.3129463196,48163.060492515564
5697,194.92816162109375,8.546911239624023,2212768.2411079407,48171.60740375519
5698,282.68060302734375,8.945219993591309,2213050.921710968,48180.55262374878
5699,267.1795959472656,8.702887535095215,2213318.1013069153,48189.255511283875
5700,303.77288818359375,9.029026985168457,2213621.874195099,48198.28453826904
5701,351.21258544921875,9.00680923461914,2213973.086780548,48207.29134750366
5702,104.22232055664062,7.30257511138916,2214077.3091011047,48214.59392261505
5703,255.14996337890625,8.520181655883789,2214332.4590644836,48223.114104270935
5704,204.3596954345703,8.618356704711914,2214536.818759918,48231.73246097565
5705,460.2410888671875,10.019843101501465,2214997.0598487854,48241.75230407715
5706,196.9072265625,9.272000312805176,2215193.967075348,48251.02430438995
5707,58.74052047729492,2.717194080352783,2215252.707595825,48253.74149847031
5708,371.95733642578125,8.625452041625977,2215624.664932251,48262.36695051193
5709,278.0673828125,8.235189437866211,2215902.7323150635,48270.6021399498
5710,244.63827514648438,8.679288864135742,2216147.37059021,48279.281428813934
5711,133.35423278808594,9.102910041809082,2216280.724822998,48288.38433885574
5712,388.2608642578125,9.488076210021973,2216668.985687256,48297.872415065765
5713,408.349853515625,8.924180030822754,2217077.3355407715,48306.79659509659
5714,271.96234130859375,9.351282119750977,2217349.29788208,48316.14787721634
5715,416.180419921875,9.220590591430664,2217765.478302002,48325.36846780777
5716,233.91796875,11.984251976013184,2217999.396270752,48337.35271978378
5717,71.65919494628906,2.610952854156494,2218071.0554656982,48339.96367263794
5718,62.65800476074219,3.6325039863586426,2218133.713470459,48343.5961766243
5719,216.15463256835938,8.95220947265625,2218349.8681030273,48352.548386096954
5720,149.04461669921875,8.679102897644043,2218498.9127197266,48361.2274889946
5721,284.09588623046875,9.139241218566895,2218783.008605957,48370.366730213165
5722,277.3633728027344,8.301535606384277,2219060.3719787598,48378.66826581955
5723,329.40814208984375,8.110433578491211,2219389.7801208496,48386.77869939804
5724,173.00173950195312,8.017106056213379,2219562.7818603516,48394.795805454254
5725,153.0587158203125,8.764922142028809,2219715.840576172,48403.56072759628
5726,164.32440185546875,8.334220886230469,2219880.1649780273,48411.89494848251
5727,320.56036376953125,9.182598114013672,2220200.725341797,48421.07754659653
5728,258.3287353515625,8.31671142578125,2220459.0540771484,48429.39425802231
5729,411.4548645019531,9.383434295654297,2220870.5089416504,48438.77769231796
5730,236.0858154296875,8.575631141662598,2221106.59475708,48447.353323459625
5731,270.81512451171875,8.627325057983398,2221377.409881592,48455.98064851761
5732,179.84014892578125,8.473727226257324,2221557.2500305176,48464.454375743866
5733,208.63934326171875,8.732900619506836,2221765.8893737793,48473.18727636337
5734,162.72506713867188,7.75351619720459,2221928.614440918,48480.94079256058
5735,130.66046142578125,7.816068172454834,2222059.2749023438,48488.75686073303
5736,144.31576538085938,8.565420150756836,2222203.5906677246,48497.32228088379
5737,215.67434692382812,8.7971773147583,2222419.2650146484,48506.11945819855
5738,258.71685791015625,8.819899559020996,2222677.9818725586,48514.93935775757
5739,229.2435760498047,8.705815315246582,2222907.2254486084,48523.645173072815
5740,67.7750244140625,4.6738762855529785,2222975.0004730225,48528.31904935837
5741,63.21845245361328,4.610141754150391,2223038.218925476,48532.92919111252
5742,126.37600708007812,7.596853256225586,2223164.594932556,48540.526044368744
5743,373.9937744140625,8.041779518127441,2223538.58870697,48548.56782388687
5744,63.823795318603516,4.1497979164123535,2223602.412502289,48552.717621803284
5745,290.984375,8.76344108581543,2223893.396877289,48561.4810628891
5746,95.97771453857422,8.230377197265625,2223989.3745918274,48569.711440086365
5747,249.71762084960938,8.663427352905273,2224239.092212677,48578.37486743927
5748,228.90704345703125,8.027715682983398,2224467.999256134,48586.40258312225
5749,296.3603515625,9.271303176879883,2224764.3596076965,48595.67388629913
5750,225.97547912597656,8.656359672546387,2224990.3350868225,48604.33024597168
5751,305.80328369140625,8.692825317382812,2225296.138370514,48613.02307128906
5752,243.53302001953125,8.360958099365234,2225539.6713905334,48621.38402938843
5753,245.9796142578125,8.687504768371582,2225785.6510047913,48630.0715341568
5754,304.2248840332031,8.493843078613281,2226089.8758888245,48638.56537723541
5755,150.89381408691406,7.936927318572998,2226240.7697029114,48646.502304553986
5756,136.78768920898438,8.555764198303223,2226377.5573921204,48655.05806875229
5757,243.84127807617188,9.460124969482422,2226621.3986701965,48664.51819372177
5758,127.8519287109375,8.00429916381836,2226749.2505989075,48672.52249288559
5759,385.35382080078125,10.228131294250488,2227134.6044197083,48682.75062417984
5760,164.33554077148438,9.04913330078125,2227298.9399604797,48691.79975748062
5761,353.627197265625,8.500777244567871,2227652.5671577454,48700.30053472519
5762,319.5771484375,9.180663108825684,2227972.144306183,48709.481197834015
5763,363.39361572265625,9.483460426330566,2228335.5379219055,48718.964658260345
5764,62.474388122558594,2.185985803604126,2228398.012310028,48721.15064406395
5765,190.62582397460938,8.690607070922852,2228588.6381340027,48729.84125113487
5766,291.5707702636719,8.957347869873047,2228880.2089042664,48738.798599004745
5767,385.53155517578125,9.430278778076172,2229265.740459442,48748.22887778282
5768,311.8052978515625,9.111018180847168,2229577.5457572937,48757.33989596367
5769,270.5593566894531,9.196495056152344,2229848.105113983,48766.53639101982
5770,291.94720458984375,8.249468803405762,2230140.052318573,48774.78585982323
5771,227.78054809570312,7.971199035644531,2230367.8328666687,48782.75705885887
5772,410.10284423828125,9.380114555358887,2230777.935710907,48792.13717341423
5773,58.760948181152344,2.379732608795166,2230836.696659088,48794.516906023026
5774,255.73463439941406,9.284769058227539,2231092.4312934875,48803.80167508125
5775,385.78533935546875,8.691926002502441,2231478.216632843,48812.493601083755
5776,204.71499633789062,8.754302978515625,2231682.931629181,48821.24790406227
5777,126.90345764160156,8.573521614074707,2231809.8350868225,48829.821425676346
5778,304.2071228027344,9.145545959472656,2232114.0422096252,48838.96697163582
5779,456.4877624511719,10.770125389099121,2232570.5299720764,48849.73709702492
5780,344.6175537109375,9.0050630569458,2232915.1475257874,48858.74216008186
5781,124.62330627441406,9.064133644104004,2233039.770832062,48867.80629372597
5782,70.25428771972656,5.929423809051514,2233110.0251197815,48873.73571753502
5783,327.17578125,9.135909080505371,2233437.2009010315,48882.871626615524
5784,292.60101318359375,9.895317077636719,2233729.801914215,48892.76694369316
5785,537.297607421875,10.268264770507812,2234267.099521637,48903.03520846367
5786,314.33502197265625,9.718981742858887,2234581.4345436096,48912.75419020653
5787,255.08607482910156,8.919178009033203,2234836.5206184387,48921.67336821556
5788,202.67501831054688,8.788854598999023,2235039.1956367493,48930.46222281456
5789,363.5159912109375,9.669437408447266,2235402.71162796,48940.13166022301
5790,344.690185546875,10.715269088745117,2235747.401813507,48950.84692931175
5791,480.98895263671875,9.397607803344727,2236228.390766144,48960.2445371151
5792,338.9306640625,8.571913719177246,2236567.3214302063,48968.816450834274
5793,370.6015625,9.245621681213379,2236937.9229927063,48978.06207251549
5794,77.58634948730469,5.317573547363281,2237015.5093421936,48983.37964606285
5795,233.64349365234375,8.82137680053711,2237249.152835846,48992.20102286339
5796,314.4124755859375,9.116363525390625,2237563.565311432,49001.31738638878
5797,284.81085205078125,9.874939918518066,2237848.3761634827,49011.1923263073
5798,179.39007568359375,8.324667930603027,2238027.7662391663,49019.5169942379
5799,263.39642333984375,9.174101829528809,2238291.162662506,49028.69109606743
5800,165.82957458496094,8.240473747253418,2238456.992237091,49036.93156981468
5801,289.4981994628906,10.13670539855957,2238746.490436554,49047.06827521324
5802,293.8463134765625,10.06473445892334,2239040.3367500305,49057.133009672165
5803,215.18679809570312,8.70922565460205,2239255.523548126,49065.84223532677
5804,322.222900390625,8.434465408325195,2239577.746448517,49074.27670073509
5805,83.05607604980469,6.849111557006836,2239660.8025245667,49081.1258122921
5806,164.86888122558594,8.366353034973145,2239825.6714057922,49089.49216532707
5807,143.14862060546875,8.405394554138184,2239968.8200263977,49097.89755988121
5808,258.643798828125,9.038454055786133,2240227.463825226,49106.936013937
5809,109.0563735961914,7.119178295135498,2240336.520198822,49114.05519223213
5810,222.77349853515625,8.37796688079834,2240559.293697357,49122.43315911293
5811,275.12823486328125,8.369654655456543,2240834.4219322205,49130.80281376839
5812,204.37498474121094,8.693421363830566,2241038.7969169617,49139.49623513222
5813,50.921451568603516,2.949336051940918,2241089.7183685303,49142.44557118416
5814,170.32794189453125,8.801692962646484,2241260.046310425,49151.247264146805
5815,274.718505859375,8.787095069885254,2241534.764816284,49160.03435921669
5816,356.3150634765625,9.463459968566895,2241891.0798797607,49169.49781918526
5817,288.8447265625,9.590545654296875,2242179.9246063232,49179.088364839554
5818,418.8851318359375,9.617889404296875,2242598.809738159,49188.70625424385
5819,62.23117446899414,2.5137178897857666,2242661.040912628,49191.21997213364
5820,404.2427673339844,9.027647972106934,2243065.283679962,49200.24762010574
5821,236.4555206298828,8.646529197692871,2243301.739200592,49208.894149303436
5822,461.722900390625,9.456725120544434,2243763.4621009827,49218.35087442398
5823,93.75296020507812,8.230344772338867,2243857.2150611877,49226.58121919632
5824,292.7470703125,9.53480052947998,2244149.9621315002,49236.1160197258
5825,409.2239074707031,8.554718017578125,2244559.186038971,49244.67073774338
5826,334.8761291503906,9.06323528289795,2244894.0621681213,49253.733973026276
5827,275.37213134765625,9.60915470123291,2245169.434299469,49263.34312772751
5828,165.61026000976562,7.8596625328063965,2245335.0445594788,49271.202790260315
5829,72.86787414550781,1.970153570175171,2245407.9124336243,49273.17294383049
5830,276.280029296875,10.632072448730469,2245684.192462921,49283.80501627922
5831,255.13174438476562,9.190740585327148,2245939.324207306,49292.99575686455
5832,62.27967071533203,4.795149803161621,2246001.6038780212,49297.79090666771
5833,126.4508285522461,9.3152437210083,2246128.0547065735,49307.10615038872
5834,272.5400390625,8.308358192443848,2246400.594745636,49315.41450858116
5835,355.06658935546875,8.445047378540039,2246755.6613349915,49323.8595559597
5836,383.9485778808594,9.351837158203125,2247139.6099128723,49333.211393117905
5837,138.9232177734375,7.797207832336426,2247278.5331306458,49341.00860095024
5838,361.19940185546875,9.232024192810059,2247639.732532501,49350.24062514305
5839,232.06407165527344,8.549356460571289,2247871.7966041565,49358.78998160362
5840,247.42825317382812,7.9800591468811035,2248119.2248573303,49366.7700407505
5841,58.80634307861328,1.919432282447815,2248178.031200409,49368.68947303295
5842,164.760498046875,8.49514102935791,2248342.791698456,49377.18461406231
5843,211.40695190429688,9.57258415222168,2248554.19865036,49386.75719821453
5844,66.42359161376953,6.245073318481445,2248620.622241974,49393.00227153301
5845,64.96434020996094,2.099893808364868,2248685.586582184,49395.10216534138
5846,230.38101196289062,9.041927337646484,2248915.9675941467,49404.144092679024
5847,389.6151428222656,9.587498664855957,2249305.582736969,49413.73159134388
5848,55.75475311279297,4.785426139831543,2249361.337490082,49418.51701748371
5849,165.43576049804688,8.654067993164062,2249526.77325058,49427.171085476875
5850,142.7413330078125,8.915888786315918,2249669.5145835876,49436.08697426319
5851,360.20269775390625,10.368741989135742,2250029.7172813416,49446.45571625233
5852,292.520751953125,8.700512886047363,2250322.2380332947,49455.156229138374
5853,103.54456329345703,7.284302711486816,2250425.782596588,49462.44053184986
5854,62.775108337402344,3.058344841003418,2250488.5577049255,49465.498876690865
5855,259.12872314453125,8.94626235961914,2250747.68642807,49474.445139050484
5856,291.59722900390625,9.117005348205566,2251039.283657074,49483.56214439869
5857,379.1603088378906,9.634359359741211,2251418.443965912,49493.19650375843
5858,207.94607543945312,7.399014472961426,2251626.3900413513,49500.59551823139
5859,225.3287353515625,8.541708946228027,2251851.718776703,49509.13722717762
5860,60.23101043701172,1.5353423357009888,2251911.94978714,49510.67256951332
5861,338.1796875,10.177972793579102,2252250.12947464,49520.8505423069
5862,234.04644775390625,7.886690139770508,2252484.175922394,49528.73723244667
5863,159.9764404296875,8.001737594604492,2252644.1523628235,49536.738970041275
5864,403.00457763671875,8.862297058105469,2253047.15694046,49545.60126709938
5865,145.4967041015625,7.2144083976745605,2253192.653644562,49552.815675497055
5866,287.25042724609375,9.152970314025879,2253479.904071808,49561.96864581108
5867,285.28131103515625,8.727761268615723,2253765.185382843,49570.6964070797
5868,294.84320068359375,9.642373085021973,2254060.0285835266,49580.33878016472
5869,371.87890625,8.805484771728516,2254431.9074897766,49589.14426493645
5870,178.18646240234375,7.94525146484375,2254610.093952179,49597.08951640129
5871,235.34249877929688,8.665678024291992,2254845.4364509583,49605.75519442558
5872,160.923583984375,8.811723709106445,2255006.3600349426,49614.56691813469
5873,175.956787109375,8.053309440612793,2255182.316822052,49622.6202275753
5874,65.23921203613281,2.0693488121032715,2255247.556034088,49624.689576387405
5875,144.8875732421875,9.421830177307129,2255392.4436073303,49634.11140656471
5876,200.50277709960938,8.719464302062988,2255592.94638443,49642.830870866776
5877,443.24310302734375,8.786972999572754,2256036.1894874573,49651.61784386635
5878,318.68865966796875,8.34121036529541,2256354.8781471252,49659.959054231644
5879,65.91083526611328,3.2264654636383057,2256420.7889823914,49663.18551969528
5880,368.4111328125,9.276845932006836,2256789.200115204,49672.46236562729
5881,346.89190673828125,9.39668083190918,2257136.092021942,49681.8590464592
5882,270.6447448730469,9.283063888549805,2257406.736766815,49691.14211034775
5883,67.54684448242188,4.7284932136535645,2257474.2836112976,49695.8706035614
5884,188.37716674804688,8.195393562316895,2257662.6607780457,49704.06599712372
5885,236.98484802246094,7.793246269226074,2257899.645626068,49711.859243392944
5886,203.826171875,8.55496883392334,2258103.471797943,49720.41421222687
5887,83.09033966064453,6.192986011505127,2258186.5621376038,49726.60719823837
5888,94.297119140625,6.234805583953857,2258280.8592567444,49732.84200382233
5889,263.5823974609375,8.07284927368164,2258544.4416542053,49740.91485309601
5890,261.34130859375,9.151588439941406,2258805.782962799,49750.06644153595
5891,391.6941833496094,8.765646934509277,2259197.4771461487,49758.83208847046
5892,229.28749084472656,8.586443901062012,2259426.7646369934,49767.41853237152
5893,221.2394561767578,9.273387908935547,2259648.00409317,49776.69192028046
5894,243.6519317626953,8.330195426940918,2259891.656024933,49785.0221157074
5895,65.73426818847656,5.872718334197998,2259957.3902931213,49790.894834041595
5896,60.33055114746094,4.493574142456055,2260017.720844269,49795.38840818405
5897,327.7784729003906,8.749859809875488,2260345.499317169,49804.13826799393
5898,95.26132202148438,5.878408908843994,2260440.7606391907,49810.01667690277
5899,246.0875701904297,8.154898643493652,2260686.848209381,49818.171575546265
5900,241.2780303955078,8.751592636108398,2260928.1262397766,49826.92316818237
5901,357.7887268066406,9.058633804321289,2261285.9149665833,49835.981801986694
5902,230.38087463378906,8.78408432006836,2261516.295841217,49844.76588630676
5903,243.06968688964844,8.291045188903809,2261759.3655281067,49853.05693149567
5904,124.77095031738281,8.548099517822266,2261884.136478424,49861.60503101349
5905,236.83859252929688,9.24377727508545,2262120.9750709534,49870.848808288574
5906,82.25361633300781,5.66450309753418,2262203.2286872864,49876.51331138611
5907,68.67039489746094,5.183687686920166,2262271.899082184,49881.69699907303
5908,193.55575561523438,8.641754150390625,2262465.454837799,49890.33875322342
5909,152.46176147460938,9.487539291381836,2262617.9165992737,49899.8262925148
5910,61.438541412353516,2.5650315284729004,2262679.355140686,49902.391324043274
5911,213.40066528320312,8.393364906311035,2262892.7558059692,49910.784688949585
5912,317.1730041503906,9.70197582244873,2263209.9288101196,49920.486664772034
5913,179.20840454101562,7.763195037841797,2263389.1372146606,49928.249859809875
5914,68.48272705078125,4.278444290161133,2263457.6199417114,49932.52830410004
5915,155.74539184570312,9.021700859069824,2263613.365333557,49941.55000495911
5916,227.82901000976562,8.705876350402832,2263841.194343567,49950.25588130951
5917,129.569091796875,8.531670570373535,2263970.763435364,49958.78755187988
5918,174.32485961914062,8.54622745513916,2264145.088294983,49967.33377933502
5919,311.0316467285156,9.851544380187988,2264456.1199417114,49977.18532371521
5920,66.04606628417969,2.3509106636047363,2264522.1660079956,49979.536234378815
5921,127.80587768554688,8.266295433044434,2264649.971885681,49987.80252981186
5922,319.45318603515625,9.370455741882324,2264969.4250717163,49997.17298555374
5923,307.1209716796875,9.174101829528809,2265276.546043396,50006.34708738327
5924,170.536865234375,9.119338035583496,2265447.0829086304,50015.466425418854
5925,104.73750305175781,7.301244258880615,2265551.820411682,50022.767669677734
5926,104.9290542602539,6.617617607116699,2265656.7494659424,50029.38528728485
5927,355.65045166015625,9.295413970947266,2266012.3999176025,50038.6807012558
5928,176.73114013671875,9.434126853942871,2266189.1310577393,50048.11482810974
5929,231.72116088867188,8.952527046203613,2266420.852218628,50057.067355155945
5930,82.07469177246094,2.9703993797302246,2266502.9269104004,50060.037754535675
5931,198.9279022216797,8.695056915283203,2266701.854812622,50068.73281145096
5932,196.26609802246094,8.436241149902344,2266898.1209106445,50077.16905260086
5933,304.3233947753906,9.217765808105469,2267202.44430542,50086.386818408966
5934,70.449951171875,6.327992916107178,2267272.894256592,50092.71481132507
5935,262.940673828125,8.486936569213867,2267535.83493042,50101.20174789429
5936,67.45094299316406,3.1131668090820312,2267603.285873413,50104.31491470337
5937,68.62185668945312,5.627023220062256,2267671.9077301025,50109.94193792343
5938,201.5038604736328,7.776584625244141,2267873.411590576,50117.718522548676
5939,479.03399658203125,9.134556770324707,2268352.445587158,50126.853079319
5940,257.01397705078125,7.958817481994629,2268609.459564209,50134.811896800995
5941,149.00999450683594,7.293229579925537,2268758.469558716,50142.10512638092
5942,346.306884765625,8.90479564666748,2269104.7764434814,50151.00992202759
5943,502.2848205566406,9.724053382873535,2269607.061264038,50160.73397541046
5944,123.59718322753906,7.86848783493042,2269730.6584472656,50168.60246324539
5945,232.70913696289062,8.651899337768555,2269963.3675842285,50177.25436258316
5946,269.702392578125,10.778876304626465,2270233.0699768066,50188.03323888779
5947,366.846435546875,10.937531471252441,2270599.9164123535,50198.97077035904
5948,314.552490234375,10.82982063293457,2270914.468902588,50209.800590991974
5949,269.623046875,8.62829875946045,2271184.091949463,50218.428889751434
5950,136.1205596923828,7.296272277832031,2271320.2125091553,50225.725162029266
5951,167.16766357421875,7.00978946685791,2271487.3801727295,50232.734951496124
5952,381.0814514160156,9.398494720458984,2271868.4616241455,50242.13344621658
5953,261.38726806640625,9.611092567443848,2272129.848892212,50251.74453878403
5954,221.11492919921875,8.758505821228027,2272350.963821411,50260.503044605255
5955,125.07318878173828,7.931294918060303,2272476.037010193,50268.434339523315
5956,238.44955444335938,8.983777046203613,2272714.486564636,50277.41811656952
5957,265.8243713378906,8.088234901428223,2272980.310935974,50285.50635147095
5958,161.80886840820312,8.313186645507812,2273142.1198043823,50293.819538116455
5959,402.8861083984375,9.147268295288086,2273545.0059127808,50302.96680641174
5960,173.90927124023438,8.89969539642334,2273718.915184021,50311.86650180817
5961,125.02207946777344,7.929408073425293,2273843.937263489,50319.79590988159
5962,66.9898910522461,4.150774002075195,2273910.927154541,50323.94668388367
5963,79.00068664550781,6.368441104888916,2273989.9278411865,50330.315124988556
5964,368.8073425292969,8.515829086303711,2274358.735183716,50338.83095407486
5965,141.44261169433594,8.025459289550781,2274500.17779541,50346.85641336441
5966,198.67022705078125,9.469300270080566,2274698.848022461,50356.32571363449
5967,369.08892822265625,8.794318199157715,2275067.9369506836,50365.12003183365
5968,186.47457885742188,8.860912322998047,2275254.411529541,50373.98094415665
5969,195.72772216796875,9.377240180969238,2275450.139251709,50383.358184337616
5970,100.863037109375,7.736570358276367,2275551.0022888184,50391.09475469589
5971,348.456787109375,8.649918556213379,2275899.4590759277,50399.744673252106
5972,164.99658203125,8.105555534362793,2276064.455657959,50407.85022878647
5973,61.41054153442383,2.5572640895843506,2276125.8661994934,50410.40749287605
5974,69.50152587890625,6.174468517303467,2276195.3677253723,50416.581961393356
5975,123.92565155029297,7.829925537109375,2276319.2933769226,50424.411886930466
5976,197.85154724121094,8.799406051635742,2276517.144924164,50433.2112929821
5977,58.41740417480469,3.880347728729248,2276575.5623283386,50437.09164071083
5978,306.00225830078125,9.23901653289795,2276881.5645866394,50446.33065724373
5979,290.9095458984375,8.245321273803711,2277172.474132538,50454.57597851753
5980,230.97181701660156,8.848963737487793,2277403.4459495544,50463.42494225502
5981,140.38525390625,8.467185974121094,2277543.8312034607,50471.89212822914
5982,150.8285369873047,8.64833927154541,2277694.659740448,50480.54046750069
5983,331.9556579589844,8.488506317138672,2278026.615398407,50489.028973817825
5984,243.20181274414062,9.440390586853027,2278269.817211151,50498.46936440468
5985,271.0323486328125,9.24856948852539,2278540.849559784,50507.717933893204
5986,402.47857666015625,9.461007118225098,2278943.328136444,50517.17894101143
5987,258.4951171875,8.254432678222656,2279201.8232536316,50525.43337368965
5988,211.99090576171875,8.811970710754395,2279413.8141593933,50534.245344400406
5989,254.84848022460938,8.830327033996582,2279668.662639618,50543.0756714344
5990,317.09478759765625,9.767122268676758,2279985.7574272156,50552.84279370308
5991,57.45296096801758,4.912476539611816,2280043.2103881836,50557.75527024269
5992,262.1307373046875,8.565595626831055,2280305.3411254883,50566.32086586952
5993,64.57461547851562,5.468614101409912,2280369.915740967,50571.78947997093
5994,148.92742919921875,7.78301477432251,2280518.843170166,50579.572494745255
5995,61.33773422241211,3.518200635910034,2280580.1809043884,50583.090695381165
5996,84.85261535644531,5.765041351318359,2280665.033519745,50588.85573673248
5997,322.2088623046875,9.25249195098877,2280987.2423820496,50598.10822868347
5998,378.98583984375,9.219888687133789,2281366.2282218933,50607.328117370605
5999,146.72714233398438,8.366772651672363,2281512.9553642273,50615.69489002228
6000,187.60733032226562,8.057124137878418,2281700.5626945496,50623.752014160156
6001,271.23284912109375,9.524630546569824,2281971.7955436707,50633.276644706726
6002,321.68133544921875,8.402942657470703,2282293.47687912,50641.6795873642
6003,331.31170654296875,9.52872371673584,2282624.788585663,50651.20831108093
6004,367.33404541015625,9.302699089050293,2282992.122631073,50660.51101016998
6005,221.52517700195312,8.730833053588867,2283213.647808075,50669.24184322357
6006,122.22811889648438,7.95445442199707,2283335.8759269714,50677.19629764557
6007,280.318115234375,9.907666206359863,2283616.194042206,50687.10396385193
6008,57.710975646972656,2.3982136249542236,2283673.905017853,50689.50217747688
6009,71.02398681640625,6.496612548828125,2283744.929004669,50695.99879002571
6010,197.08364868164062,8.361410140991211,2283942.012653351,50704.3602001667
6011,54.97644805908203,1.5438697338104248,2283996.98910141,50705.90406990051
6012,246.0023193359375,8.754315376281738,2284242.991420746,50714.658385276794
6013,250.16943359375,8.515326499938965,2284493.1608543396,50723.17371177673
6014,384.58062744140625,9.070311546325684,2284877.741481781,50732.24402332306
6015,424.340576171875,9.111307144165039,2285302.082057953,50741.355330467224
6016,120.68736267089844,8.488744735717773,2285422.769420624,50749.84407520294
6017,62.15314483642578,2.2886030673980713,2285484.92256546,50752.13267827034
6018,150.41871643066406,7.96402645111084,2285635.341281891,50760.09670472145
6019,261.26055908203125,8.91640567779541,2285896.601840973,50769.013110399246
6020,244.6626739501953,8.095991134643555,2286141.264514923,50777.10910153389
6021,343.2239990234375,8.912118911743164,2286484.4885139465,50786.02122044563
6022,234.34291076660156,9.01052188873291,2286718.831424713,50795.031742334366
6023,272.9567565917969,8.529927253723145,2286991.788181305,50803.56166958809
6024,235.25225830078125,8.970027923583984,2287227.0404396057,50812.53169751167
6025,173.6140594482422,9.566092491149902,2287400.654499054,50822.09779000282
6026,375.086181640625,11.107545852661133,2287775.7406806946,50833.205335855484
6027,201.52297973632812,9.052547454833984,2287977.263660431,50842.25788331032
6028,200.76425170898438,9.936246871948242,2288178.02791214,50852.194130182266
6029,295.0845947265625,9.14991569519043,2288473.1125068665,50861.34404587746
6030,177.2371826171875,8.490141868591309,2288650.3496894836,50869.83418774605
6031,289.553466796875,8.528315544128418,2288939.9031562805,50878.36250329018
6032,67.83699035644531,6.464310169219971,2289007.740146637,50884.8268134594
6033,105.85842895507812,6.765886306762695,2289113.598575592,50891.59269976616
6034,505.64801025390625,9.581591606140137,2289619.246585846,50901.1742913723
6035,133.316650390625,7.689239025115967,2289752.5632362366,50908.863530397415
6036,74.74720764160156,5.376608371734619,2289827.310443878,50914.24013876915
6037,272.60595703125,9.143814086914062,2290099.9164009094,50923.383952856064
6038,241.98748779296875,9.23027515411377,2290341.9038887024,50932.61422801018
6039,213.61839294433594,8.625750541687012,2290555.5222816467,50941.239978551865
6040,151.699951171875,8.957460403442383,2290707.2222328186,50950.19743895531
6041,236.60130310058594,8.125057220458984,2290943.823535919,50958.322496175766
6042,228.12184143066406,8.120495796203613,2291171.94537735,50966.44299197197
6043,334.554443359375,8.176798820495605,2291506.499820709,50974.619790792465
6044,207.87265014648438,9.263324737548828,2291714.3724708557,50983.883115530014
6045,161.87722778320312,9.146712303161621,2291876.249698639,50993.029827833176
6046,60.069427490234375,2.9784531593322754,2291936.319126129,50996.00828099251
6047,290.8593444824219,8.2266206741333,2292227.1784706116,51004.23490166664
6048,209.81939697265625,8.911128997802734,2292436.997867584,51013.146030664444
6049,277.79156494140625,9.181150436401367,2292714.7894325256,51022.327181100845
6050,278.17523193359375,9.791050910949707,2292992.964664459,51032.118232011795
6051,268.804443359375,8.745600700378418,2293261.7691078186,51040.86383271217
6052,253.3673095703125,8.927376747131348,2293515.136417389,51049.791209459305
6053,150.63739013671875,7.823234558105469,2293665.7738075256,51057.61444401741
6054,120.27030944824219,9.014119148254395,2293786.044116974,51066.628563165665
6055,437.7097473144531,9.585434913635254,2294223.7538642883,51076.2139980793
6056,201.57876586914062,8.345203399658203,2294425.3326301575,51084.55920147896
6057,163.31678771972656,7.821140289306641,2294588.649417877,51092.380341768265
6058,266.99951171875,8.87533950805664,2294855.648929596,51101.25568127632
6059,60.63071060180664,2.383072853088379,2294916.2796401978,51103.63875412941
6060,235.4505615234375,8.499227523803711,2295151.730201721,51112.13798165321
6061,182.3716583251953,9.62193775177002,2295334.1018600464,51121.75991940498
6062,198.1103973388672,8.407322883605957,2295532.2122573853,51130.16724228859
6063,128.98159790039062,9.119508743286133,2295661.1938552856,51139.286751031876
6064,264.36968994140625,8.788345336914062,2295925.563545227,51148.07509636879
6065,63.72218322753906,1.7072449922561646,2295989.2857284546,51149.782341361046
6066,66.1693115234375,2.808483362197876,2296055.455039978,51152.590824723244
6067,271.97711181640625,8.898775100708008,2296327.4321517944,51161.48959982395
6068,239.80918884277344,7.928402423858643,2296567.241340637,51169.41800224781
6069,232.0020751953125,8.468855857849121,2296799.2434158325,51177.88685810566
6070,265.27423095703125,8.970606803894043,2297064.5176467896,51186.85746490955
6071,272.4183349609375,8.396242141723633,2297336.9359817505,51195.25370705128
6072,217.23602294921875,8.176198959350586,2297554.1720046997,51203.42990601063
6073,332.65875244140625,9.126129150390625,2297886.830757141,51212.55603516102
6074,77.93914031982422,2.1761670112609863,2297964.769897461,51214.73220217228
6075,57.614967346191406,2.5607857704162598,2298022.384864807,51217.292987942696
6076,108.63642120361328,7.653215408325195,2298131.0212860107,51224.94620335102
6077,210.2849578857422,8.140944480895996,2298341.3062438965,51233.08714783192
6078,238.30682373046875,8.4437255859375,2298579.613067627,51241.530873417854
6079,309.7162780761719,9.297247886657715,2298889.329345703,51250.82812130451
6080,250.59886169433594,8.845274925231934,2299139.9282073975,51259.673396229744
6081,234.60275268554688,9.019100189208984,2299374.530960083,51268.69249641895
6082,329.8632507324219,9.032167434692383,2299704.3942108154,51277.724663853645
6083,139.14492797851562,8.355905532836914,2299843.539138794,51286.08056938648
6084,272.22662353515625,8.836884498596191,2300115.765762329,51294.91745388508
6085,74.20665740966797,4.683880805969238,2300189.972419739,51299.60133469105
6086,167.8372802734375,8.42369556427002,2300357.809700012,51308.02503025532
6087,327.124755859375,8.863702774047852,2300684.9344558716,51316.888733029366
6088,216.17874145507812,9.829307556152344,2300901.1131973267,51326.71804058552
6089,137.0947265625,7.5982279777526855,2301038.207923889,51334.31626856327
6090,233.64239501953125,7.684799671173096,2301271.8503189087,51342.001068234444
6091,197.06149291992188,8.5443754196167,2301468.9118118286,51350.54544365406
6092,278.5080261230469,8.862539291381836,2301747.4198379517,51359.40798294544
6093,289.4666748046875,8.907279014587402,2302036.8865127563,51368.31526196003
6094,143.13119506835938,7.37692928314209,2302180.0177078247,51375.69219124317
6095,233.41122436523438,8.473881721496582,2302413.42893219,51384.16607296467
6096,57.1575927734375,4.696690082550049,2302470.5865249634,51388.86276304722
6097,284.29571533203125,8.3323974609375,2302754.8822402954,51397.195160508156
6098,287.3046569824219,8.428991317749023,2303042.186897278,51405.624151825905
6099,229.3189239501953,9.400457382202148,2303271.505821228,51415.02460920811
6100,327.0562438964844,9.588025093078613,2303598.5620651245,51424.612634301186
6101,241.3841552734375,9.515913963317871,2303839.946220398,51434.1285482645
6102,112.5589599609375,7.70969295501709,2303952.505180359,51441.83824121952
6103,222.64511108398438,9.48083209991455,2304175.150291443,51451.319073319435
6104,88.28840637207031,8.040009498596191,2304263.438697815,51459.35908281803
6105,309.531494140625,9.047606468200684,2304572.9701919556,51468.40668928623
6106,301.2979736328125,8.849328994750977,2304874.2681655884,51477.25601828098
6107,64.36831665039062,7.064831733703613,2304938.636482239,51484.32085001469
6108,182.44467163085938,8.101990699768066,2305121.0811538696,51492.422840714455
6109,61.410667419433594,4.6883931159973145,2305182.491821289,51497.11123383045
6110,131.71435546875,7.115971088409424,2305314.206176758,51504.22720491886
6111,70.47611236572266,6.010183811187744,2305384.6822891235,51510.23738873005
6112,430.73016357421875,9.444022178649902,2305815.4124526978,51519.6814109087
6113,337.15673828125,8.536731719970703,2306152.569190979,51528.21814262867
6114,146.32382202148438,7.392086029052734,2306298.8930130005,51535.61022865772
6115,62.20419692993164,2.842815637588501,2306361.0972099304,51538.45304429531
6116,397.8754577636719,9.042632102966309,2306758.972667694,51547.49567639828
6117,61.124656677246094,6.816381454467773,2306820.0973243713,51554.312057852745
6118,187.56863403320312,8.334234237670898,2307007.6659584045,51562.646292090416
6119,186.54605102539062,10.299973487854004,2307194.21200943,51572.94626557827
6120,130.31764221191406,7.691739559173584,2307324.529651642,51580.63800513744
6121,250.28793334960938,9.26602554321289,2307574.8175849915,51589.90403068066
6122,187.1754150390625,8.214470863342285,2307761.9930000305,51598.118501544
6123,200.69155883789062,8.153894424438477,2307962.6845588684,51606.27239596844
6124,111.48554992675781,7.648734092712402,2308074.170108795,51613.92113006115
6125,64.63236236572266,1.6096323728561401,2308138.802471161,51615.530762434006
6126,168.9273223876953,8.584945678710938,2308307.7297935486,51624.11570811272
6127,209.80703735351562,8.662515640258789,2308517.536830902,51632.778223752975
6128,278.60662841796875,8.450430870056152,2308796.14345932,51641.22865462303
6129,292.0802307128906,9.084443092346191,2309088.223690033,51650.31309771538
6130,364.933837890625,9.956840515136719,2309453.1575279236,51660.269938230515
6131,62.46622848510742,3.10977840423584,2309515.6237564087,51663.37971663475
6132,195.5469512939453,7.697659015655518,2309711.1707077026,51671.077375650406
6133,60.06013870239258,5.850138187408447,2309771.230846405,51676.927513837814
6134,391.5498962402344,9.573780059814453,2310162.7807426453,51686.50129389763
6135,320.0132141113281,9.964265823364258,2310482.7939567566,51696.46555972099
6136,158.63568115234375,8.991386413574219,2310641.429637909,51705.45694613457
6137,221.91488647460938,8.223628997802734,2310863.3445243835,51713.68057513237
6138,218.18804931640625,8.328201293945312,2311081.5325737,51722.008776426315
6139,303.74530029296875,9.415700912475586,2311385.277873993,51731.42447733879
6140,157.0853271484375,7.562570095062256,2311542.3632011414,51738.98704743385
6141,197.33050537109375,8.88677978515625,2311739.6937065125,51747.87382721901
6142,205.13587951660156,8.241510391235352,2311944.829586029,51756.115337610245
6143,174.25482177734375,8.819404602050781,2312119.0844078064,51764.934742212296
6144,384.8305358886719,9.076870918273926,2312503.914943695,51774.01161313057
6145,200.79983520507812,8.389092445373535,2312704.7147789,51782.40070557594
6146,165.090087890625,8.976828575134277,2312869.804866791,51791.37753415108
6147,187.56314086914062,7.622772216796875,2313057.36800766,51799.000306367874
6148,173.86221313476562,9.22883415222168,2313231.2302207947,51808.229140520096
6149,273.8214111328125,9.411392211914062,2313505.0516319275,51817.64053273201
6150,63.578773498535156,2.6385338306427,2313568.630405426,51820.27906656265
6151,324.59033203125,9.01618766784668,2313893.2207374573,51829.2952542305
6152,219.09112548828125,8.293713569641113,2314112.3118629456,51837.58896780014
6153,97.65753936767578,7.722864151000977,2314209.969402313,51845.31183195114
6154,347.0994873046875,9.243535995483398,2314557.068889618,51854.555367946625
6155,324.3130798339844,9.940934181213379,2314881.381969452,51864.49630212784
6156,404.924560546875,8.404722213745117,2315286.306529999,51872.90102434158
6157,63.136173248291016,3.9136717319488525,2315349.442703247,51876.81469607353
6158,304.5418395996094,8.529899597167969,2315653.9845428467,51885.3445956707
6159,198.34207153320312,9.610088348388672,2315852.32661438,51894.95468401909
6160,122.00970458984375,8.48119068145752,2315974.3363189697,51903.435874700546
6161,64.60774230957031,2.4566614627838135,2316038.9440612793,51905.89253616333
6162,262.927978515625,9.064780235290527,2316301.872039795,51914.95731639862
6163,152.53643798828125,8.087127685546875,2316454.408477783,51923.04444408417
6164,175.5755615234375,7.931040287017822,2316629.9840393066,51930.975484371185
6165,179.71951293945312,9.717005729675293,2316809.703552246,51940.69249010086
6166,56.05176544189453,2.095705986022949,2316865.755317688,51942.78819608688
6167,248.38650512695312,9.382893562316895,2317114.141822815,51952.1710896492
6168,219.21986389160156,8.78992748260498,2317333.3616867065,51960.961017131805
6169,220.3907470703125,10.042769432067871,2317553.752433777,51971.00378656387
6170,60.316444396972656,3.3131704330444336,2317614.068878174,51974.31695699692
6171,291.5572509765625,9.883295059204102,2317905.6261291504,51984.20025205612
6172,200.13003540039062,8.725613594055176,2318105.756164551,51992.92586565018
6173,306.8735046386719,10.721037864685059,2318412.6296691895,52003.64690351486
6174,424.8909912109375,9.615781784057617,2318837.5206604004,52013.26268529892
6175,115.09130096435547,7.064623832702637,2318952.6119613647,52020.32730913162
6176,309.5750427246094,8.024198532104492,2319262.1870040894,52028.35150766373
6177,102.91907501220703,7.2934746742248535,2319365.1060791016,52035.64498233795
6178,245.80340576171875,9.178121566772461,2319610.9094848633,52044.823103904724
6179,238.8366241455078,8.455915451049805,2319849.746109009,52053.279019355774
6180,196.67807006835938,7.748812675476074,2320046.424179077,52061.02783203125
6181,138.0548858642578,8.615424156188965,2320184.4790649414,52069.64325618744
6182,143.5418243408203,8.010830879211426,2320328.020889282,52077.65408706665
6183,219.08062744140625,8.877477645874023,2320547.1015167236,52086.531564712524
6184,154.62002563476562,8.8941011428833,2320701.7215423584,52095.42566585541
6185,386.2734375,9.073108673095703,2321087.9949798584,52104.4987745285
6186,54.83271026611328,6.057631492614746,2321142.8276901245,52110.55640602112
6187,234.0621795654297,8.123466491699219,2321376.88986969,52118.67987251282
6188,244.65701293945312,8.609467506408691,2321621.5468826294,52127.289340019226
6189,106.34191131591797,6.684157371520996,2321727.8887939453,52133.97349739075
6190,286.9460754394531,8.880380630493164,2322014.8348693848,52142.85387802124
6191,244.09268188476562,7.812587261199951,2322258.9275512695,52150.66646528244
6192,56.90692138671875,2.984250783920288,2322315.8344726562,52153.65071606636
6193,304.86798095703125,9.128837585449219,2322620.7024536133,52162.77955365181
6194,130.3055419921875,8.928196907043457,2322751.0079956055,52171.70775055885
6195,197.0770721435547,8.558145523071289,2322948.085067749,52180.265896081924
6196,174.89613342285156,8.679126739501953,2323122.981201172,52188.94502282143
6197,155.5743408203125,8.547874450683594,2323278.555541992,52197.49289727211
6198,443.73907470703125,9.033838272094727,2323722.294616699,52206.526735544205
6199,129.30337524414062,7.94357442855835,2323851.5979919434,52214.47030997276
6200,281.1055603027344,9.026166915893555,2324132.703552246,52223.49647688866
6201,276.9687805175781,11.809954643249512,2324409.6723327637,52235.306431531906
6202,55.35382843017578,4.174259185791016,2324465.026161194,52239.4806907177
6203,325.28033447265625,8.85363483428955,2324790.3064956665,52248.33432555199
6204,213.88479614257812,7.946670055389404,2325004.191291809,52256.280995607376
6205,247.894287109375,9.207283973693848,2325252.0855789185,52265.48827958107
6206,212.64540100097656,9.68854808807373,2325464.7309799194,52275.176827669144
6207,160.44601440429688,8.55242919921875,2325625.1769943237,52283.72925686836
6208,262.980224609375,8.652546882629395,2325888.157218933,52292.38180375099
6209,192.27479553222656,7.859105110168457,2326080.4320144653,52300.24090886116
6210,227.21421813964844,8.559049606323242,2326307.646232605,52308.79995846748
6211,128.4011688232422,8.389373779296875,2326436.047401428,52317.18933224678
6212,62.005767822265625,2.96170711517334,2326498.0531692505,52320.151039361954
6213,156.4344024658203,7.691778659820557,2326654.4875717163,52327.842818021774
6214,58.076385498046875,3.423583507537842,2326712.5639572144,52331.26640152931
6215,312.9056396484375,10.935714721679688,2327025.469596863,52342.20211625099
6216,232.333984375,8.244844436645508,2327257.803581238,52350.44696068764
6217,244.53765869140625,8.001985549926758,2327502.341239929,52358.448946237564
6218,457.2507629394531,9.179450988769531,2327959.5920028687,52367.62839722633
6219,226.30856323242188,8.729482650756836,2328185.900566101,52376.35787987709
6220,342.9593200683594,10.435321807861328,2328528.8598861694,52386.79320168495
6221,209.56103515625,8.831690788269043,2328738.4209213257,52395.62489247322
6222,88.2135009765625,6.379209995269775,2328826.6344223022,52402.00410246849
6223,233.16314697265625,8.912894248962402,2329059.797569275,52410.91699671745
6224,77.19474792480469,5.373164176940918,2329136.9923171997,52416.290160894394
6225,53.05474853515625,5.171712875366211,2329190.047065735,52421.46187376976
6226,249.9759521484375,8.127941131591797,2329440.0230178833,52429.58981490135
6227,59.355567932128906,3.3216216564178467,2329499.3785858154,52432.91143655777
6228,195.06195068359375,8.201522827148438,2329694.440536499,52441.11295938492
6229,245.840576171875,8.556402206420898,2329940.281112671,52449.66936159134
6230,184.11016845703125,8.056585311889648,2330124.391281128,52457.72594690323
6231,287.0703125,8.12594223022461,2330411.461593628,52465.85188913345
6232,58.545955657958984,0.8952197432518005,2330470.007549286,52466.747108876705
6233,239.7452392578125,8.361639022827148,2330709.7527885437,52475.10874789953
6234,77.94161987304688,7.2300238609313965,2330787.6944084167,52482.338771760464
6235,359.8417663574219,8.805405616760254,2331147.536174774,52491.144177377224
6236,407.065185546875,9.282757759094238,2331554.601360321,52500.42693513632
6237,388.47393798828125,9.186495780944824,2331943.0752983093,52509.61343091726
6238,290.5798645019531,10.199758529663086,2332233.6551628113,52519.813189446926
6239,232.59588623046875,7.670367240905762,2332466.2510490417,52527.48355668783
6240,249.53408813476562,8.824950218200684,2332715.7851371765,52536.30850690603
6241,154.46087646484375,8.67617416381836,2332870.2460136414,52544.98468106985
6242,184.07464599609375,8.000429153442383,2333054.3206596375,52552.98511022329
6243,216.59341430664062,9.159035682678223,2333270.914073944,52562.14414590597
6244,442.2081298828125,8.769882202148438,2333713.122203827,52570.91402810812
6245,127.310302734375,7.7566118240356445,2333840.4325065613,52578.670639932156
6246,395.21478271484375,9.119632720947266,2334235.647289276,52587.7902726531
6247,297.33197021484375,9.491214752197266,2334532.979259491,52597.2814874053
6248,165.9772186279297,8.247013092041016,2334698.956478119,52605.52850049734
6249,275.663330078125,8.83356761932373,2334974.619808197,52614.362068116665
6250,249.67794799804688,8.642142295837402,2335224.297756195,52623.0042104125
6251,122.55290985107422,7.459301948547363,2335346.850666046,52630.46351236105
6252,338.1761474609375,9.979535102844238,2335685.026813507,52640.443047463894
6253,234.30715942382812,8.873963356018066,2335919.333972931,52649.31701081991
6254,221.33770751953125,8.429734230041504,2336140.6716804504,52657.74674504995
6255,292.77947998046875,9.64830207824707,2336433.451160431,52667.3950471282
6256,172.37997436523438,7.979867458343506,2336605.831134796,52675.374914586544
6257,54.699623107910156,5.044715881347656,2336660.530757904,52680.41963046789
6258,347.9353942871094,8.644182205200195,2337008.466152191,52689.06381267309
6259,104.5029296875,7.256690502166748,2337112.9690818787,52696.32050317526
6260,177.03607177734375,8.932329177856445,2337290.005153656,52705.252832353115
6261,271.7105407714844,9.517329216003418,2337561.7156944275,52714.77016156912
6262,73.177490234375,5.768316268920898,2337634.893184662,52720.53847783804
6263,175.6018524169922,8.062824249267578,2337810.495037079,52728.60130208731
6264,192.01429748535156,8.577483177185059,2338002.509334564,52737.17878526449
6265,179.83216857910156,8.915165901184082,2338182.3415031433,52746.093951165676
6266,318.44940185546875,8.77003002166748,2338500.790904999,52754.86398118734
6267,79.25447082519531,7.225072383880615,2338580.045375824,52762.089053571224
6268,257.9234313964844,8.462596893310547,2338837.9688072205,52770.551650464535
6269,180.3519287109375,8.302165985107422,2339018.3207359314,52778.85381644964
6270,126.00432586669922,7.677987575531006,2339144.325061798,52786.53180402517
6271,272.87628173828125,9.344193458557129,2339417.2013435364,52795.87599748373
6272,172.337890625,7.928436756134033,2339589.5392341614,52803.804434239864
6273,72.35650634765625,3.0562896728515625,2339661.895740509,52806.860723912716
6274,226.52243041992188,9.994926452636719,2339888.418170929,52816.85565036535
6275,166.68692016601562,9.583627700805664,2340055.105091095,52826.43927806616
6276,84.33592987060547,7.6235432624816895,2340139.4410209656,52834.06282132864
6277,303.5438537597656,11.461997985839844,2340442.9848747253,52845.52481931448
6278,174.0010528564453,9.248067855834961,2340616.985927582,52854.772887170315
6279,208.15093994140625,9.604636192321777,2340825.136867523,52864.37752336264
6280,261.9479064941406,8.853870391845703,2341087.0847740173,52873.23139375448
6281,253.2435302734375,9.171799659729004,2341340.328304291,52882.40319341421
6282,245.5943145751953,9.116825103759766,2341585.922618866,52891.52001851797
6283,140.04641723632812,8.520222663879395,2341725.9690361023,52900.04024118185
6284,93.04884338378906,7.119799613952637,2341819.017879486,52907.1600407958
6285,64.94738006591797,2.4371585845947266,2341883.965259552,52909.5971993804
6286,247.52090454101562,8.799610137939453,2342131.486164093,52918.39680951834
6287,379.59539794921875,9.952436447143555,2342511.0815620422,52928.34924596548
6288,182.08984375,7.122308731079102,2342693.1714057922,52935.47155469656
6289,165.80511474609375,8.572465896606445,2342858.9765205383,52944.044020593166
6290,164.13748168945312,7.8577799797058105,2343023.114002228,52951.90180057287
6291,204.97891235351562,8.354182243347168,2343228.0929145813,52960.25598281622
6292,168.82888793945312,8.002304077148438,2343396.9218025208,52968.25828689337
6293,305.29010009765625,9.160593032836914,2343702.2119026184,52977.418879926205
6294,141.55096435546875,8.1746826171875,2343843.762866974,52985.59356254339
6295,315.84912109375,9.234557151794434,2344159.6119880676,52994.82811969519
6296,174.97398376464844,8.678193092346191,2344334.5859718323,53003.50631278753
6297,152.96792602539062,8.737290382385254,2344487.5538978577,53012.24360316992
6298,434.0780944824219,10.263066291809082,2344921.63199234,53022.50666946173
6299,77.30210876464844,5.874244213104248,2344998.9341011047,53028.38091367483
6300,272.27276611328125,9.090215682983398,2345271.206867218,53037.471129357815
6301,315.8124694824219,8.361360549926758,2345587.0193367004,53045.83248990774
6302,155.33460998535156,9.49940299987793,2345742.353946686,53055.33189290762
6303,141.34075927734375,8.609463691711426,2345883.694705963,53063.94135659933
6304,279.4833984375,8.97622013092041,2346163.1781044006,53072.91757673025
6305,274.8777770996094,9.389241218566895,2346438.0558815002,53082.30681794882
6306,236.93850708007812,9.59340763092041,2346674.9943885803,53091.90022557974
6307,56.59431838989258,1.705370306968689,2346731.58870697,53093.60559588671
6308,312.1181640625,9.651893615722656,2347043.7068710327,53103.25748950243
6309,55.106632232666016,4.350981712341309,2347098.8135032654,53107.60847121477
6310,152.91897583007812,9.013427734375,2347251.7324790955,53116.621898949146
6311,324.8058776855469,11.049720764160156,2347576.538356781,53127.67161971331
6312,272.37042236328125,8.529219627380371,2347848.9087791443,53136.20083934069
6313,333.81036376953125,9.009700775146484,2348182.719142914,53145.21054011583
6314,232.4398651123047,8.704360961914062,2348415.159008026,53153.91490107775
6315,413.6177978515625,9.698501586914062,2348828.7768058777,53163.61340266466
6316,61.13551712036133,2.640916109085083,2348889.912322998,53166.25431877375
6317,201.1878204345703,8.657367706298828,2349091.1001434326,53174.911686480045
6318,96.89787292480469,7.133330821990967,2349187.9980163574,53182.045017302036
6319,147.45834350585938,7.10012674331665,2349335.4563598633,53189.14514404535
6320,196.46197509765625,8.327415466308594,2349531.918334961,53197.47255951166
6321,283.5321044921875,9.128376960754395,2349815.450439453,53206.600936472416
6322,291.6124267578125,8.620535850524902,2350107.062866211,53215.22147232294
6323,227.7678985595703,9.205446243286133,2350334.8307647705,53224.42691856623
6324,156.75636291503906,7.7961201667785645,2350491.5871276855,53232.223038733006
6325,58.763572692871094,5.078951835632324,2350550.3507003784,53237.30199056864
6326,314.6407470703125,8.640541076660156,2350864.9914474487,53245.9425316453
6327,395.6641845703125,8.97917366027832,2351260.655632019,53254.921705305576
6328,197.14776611328125,8.389128684997559,2351457.8033981323,53263.310833990574
6329,342.25164794921875,9.879216194152832,2351800.0550460815,53273.19005018473
6330,342.7827453613281,9.159967422485352,2352142.837791443,53282.35001760721
6331,344.7794494628906,8.657682418823242,2352487.6172409058,53291.007700026035
6332,348.11944580078125,8.93826961517334,2352835.7366867065,53299.94596964121
6333,267.484375,8.632331848144531,2353103.2210617065,53308.57830148935
6334,69.08174133300781,2.560199499130249,2353172.3028030396,53311.13850098848
6335,371.37347412109375,9.86081314086914,2353543.6762771606,53320.99931412935
6336,210.9632110595703,8.433332443237305,2353754.63948822,53329.43264657259
6337,54.65242385864258,3.5183980464935303,2353809.291912079,53332.95104461908
6338,317.9912109375,9.28509521484375,2354127.2831230164,53342.23613983393
6339,67.02400970458984,5.701176643371582,2354194.307132721,53347.9373164773
6340,125.52147674560547,8.38548755645752,2354319.8286094666,53356.322804033756
6341,411.4197998046875,8.571571350097656,2354731.2484092712,53364.894375383854
6342,216.49453735351562,8.22936725616455,2354947.7429466248,53373.12374264002
6343,64.65682983398438,3.5906145572662354,2355012.3997764587,53376.714357197285
6344,206.16970825195312,8.211670875549316,2355218.5694847107,53384.926028072834
6345,289.64178466796875,8.276227951049805,2355508.2112693787,53393.202256023884
6346,199.49917602539062,8.078251838684082,2355707.710445404,53401.28050786257
6347,80.78459167480469,5.776981353759766,2355788.495037079,53407.05748921633
6348,153.1459503173828,9.130456924438477,2355941.6409873962,53416.187946140766
6349,125.40887451171875,7.63580322265625,2356067.049861908,53423.82374936342
6350,80.13264465332031,7.2075700759887695,2356147.1825065613,53431.03131943941
6351,106.18251037597656,6.977184295654297,2356253.3650169373,53438.008503735065
6352,235.1287384033203,8.41071891784668,2356488.4937553406,53446.41922265291
6353,226.61376953125,8.465879440307617,2356715.107524872,53454.88510209322
6354,264.44580078125,8.796290397644043,2356979.553325653,53463.681392490864
6355,211.72994995117188,7.938747882843018,2357191.2832756042,53471.62014037371
6356,99.8498306274414,7.259512424468994,2357291.1331062317,53478.879652798176
6357,132.24684143066406,9.382573127746582,2357423.3799476624,53488.26222592592
6358,297.6339111328125,9.191636085510254,2357721.013858795,53497.45386201143
6359,219.2392120361328,8.588765144348145,2357940.2530708313,53506.04262715578
6360,167.45465087890625,7.942343711853027,2358107.70772171,53513.984970867634
6361,212.4464111328125,8.208853721618652,2358320.154132843,53522.19382458925
6362,148.39230346679688,8.559821128845215,2358468.54643631,53530.7536457181
6363,52.95915222167969,4.62886381149292,2358521.5055885315,53535.38250952959
6364,156.63973999023438,8.736437797546387,2358678.1453285217,53544.11894732714
6365,59.702308654785156,3.530817747116089,2358737.8476371765,53547.64976507425
6366,123.2821044921875,7.660376071929932,2358861.1297416687,53555.31014114618
6367,134.50559997558594,7.370170593261719,2358995.6353416443,53562.680311739445
6368,143.99920654296875,7.718025207519531,2359139.6345481873,53570.398336946964
6369,145.45974731445312,8.453554153442383,2359285.0942955017,53578.85189110041
6370,231.7328643798828,9.8284912109375,2359516.8271598816,53588.680382311344
6371,116.8840103149414,8.02045726776123,2359633.7111701965,53596.700839579105
6372,222.82728576660156,8.636474609375,2359856.538455963,53605.33731418848
6373,168.9561767578125,8.15721607208252,2360025.494632721,53613.49453026056
6374,130.2987518310547,7.186657428741455,2360155.793384552,53620.681187689304
6375,307.6107177734375,8.325305938720703,2360463.4041023254,53629.006493628025
6376,355.1951599121094,11.708234786987305,2360818.5992622375,53640.71472841501
6377,56.54610824584961,2.0367159843444824,2360875.1453704834,53642.75144439936
6378,311.9154052734375,8.776926040649414,2361187.060775757,53651.528370440006
6379,78.10676574707031,7.473459243774414,2361265.167541504,53659.00182968378
6380,161.36146545410156,8.725554466247559,2361426.529006958,53667.72738415003
6381,261.103515625,8.25409984588623,2361687.632522583,53675.981483995914
6382,177.49740600585938,8.100812911987305,2361865.129928589,53684.0822969079
6383,409.57489013671875,9.29885482788086,2362274.7048187256,53693.38115173578
6384,335.406982421875,9.37020206451416,2362610.1118011475,53702.7513538003
6385,191.8436737060547,8.181818962097168,2362801.9554748535,53710.933172762394
6386,209.56134033203125,9.914273262023926,2363011.5168151855,53720.84744602442
6387,64.13818359375,3.559366226196289,2363075.6549987793,53724.406812250614
6388,357.33685302734375,9.244131088256836,2363432.9918518066,53733.65094333887
6389,311.35076904296875,9.912877082824707,2363744.3426208496,53743.563820421696
6390,277.34771728515625,9.29693603515625,2364021.6903381348,53752.86075645685
6391,338.74420166015625,8.947786331176758,2364360.434539795,53761.80854278803
6392,210.00662231445312,7.656789779663086,2364570.4411621094,53769.46533256769
6393,65.84137725830078,5.706318378448486,2364636.2825393677,53775.17165094614
6394,64.86714172363281,2.402829885482788,2364701.1496810913,53777.57448083162
6395,66.03659057617188,6.471050262451172,2364767.1862716675,53784.045531094074
6396,383.520751953125,9.725076675415039,2365150.7070236206,53793.77060776949
6397,155.59402465820312,7.8389716148376465,2365306.301048279,53801.60957938433
6398,276.48193359375,8.30500316619873,2365582.7829818726,53809.914582550526
6399,316.20782470703125,8.894083976745605,2365898.9908065796,53818.80866652727
6400,263.43572998046875,9.198010444641113,2366162.42653656,53828.00667697191
6401,206.83773803710938,9.299358367919922,2366369.264274597,53837.30603533983
6402,73.46858215332031,1.6249065399169922,2366442.7328567505,53838.93094187975
6403,301.9278564453125,9.235176086425781,2366744.660713196,53848.166117966175
6404,152.35739135742188,8.362858772277832,2366897.018104553,53856.52897673845
6405,151.02700805664062,8.078615188598633,2367048.04511261,53864.60759192705
6406,360.426513671875,8.368363380432129,2367408.4716262817,53872.975955307484
6407,116.2804183959961,9.703014373779297,2367524.7520446777,53882.67896968126
6408,151.54234313964844,8.59800910949707,2367676.2943878174,53891.27697879076
6409,433.9461975097656,10.241349220275879,2368110.240585327,53901.518328011036
6410,422.3504638671875,9.937742233276367,2368532.5910491943,53911.45607024431
6411,273.468505859375,9.203810691833496,2368806.0595550537,53920.659880936146
6412,245.35211181640625,9.581369400024414,2369051.41166687,53930.24125033617
6413,354.9469909667969,11.032569885253906,2369406.358657837,53941.273820221424
6414,204.3315887451172,8.6196928024292,2369610.690246582,53949.89351302385
6415,354.812744140625,10.038529396057129,2369965.5029907227,53959.93204241991
6416,62.88886260986328,2.5634846687316895,2370028.3918533325,53962.49552708864
6417,344.65496826171875,9.351041793823242,2370373.0468215942,53971.846568882465
6418,53.67366027832031,2.064851760864258,2370426.7204818726,53973.91142064333
6419,80.70600891113281,4.039626121520996,2370507.4264907837,53977.95104676485
6420,131.13328552246094,7.90388298034668,2370638.559776306,53985.8549297452
6421,289.8458251953125,8.46850872039795,2370928.4056015015,53994.323438465595
6422,317.869384765625,8.684066772460938,2371246.274986267,54003.007505238056
6423,202.2834930419922,8.559673309326172,2371448.558479309,54011.56717854738
6424,389.31121826171875,8.854484558105469,2371837.869697571,54020.42166310549
6425,188.7500457763672,7.573649883270264,2372026.619743347,54027.99531298876
6426,358.61578369140625,8.379624366760254,2372385.2355270386,54036.37493735552
6427,158.33294677734375,8.344359397888184,2372543.568473816,54044.71929675341
6428,245.45361328125,8.590291023254395,2372789.022087097,54053.30958777666
6429,88.02439880371094,5.932798385620117,2372877.046485901,54059.24238616228
6430,252.32215881347656,8.937387466430664,2373129.3686447144,54068.17977362871
6431,242.6041259765625,9.051098823547363,2373371.972770691,54077.23087245226
6432,229.3205108642578,8.178990364074707,2373601.293281555,54085.409862816334
6433,373.11187744140625,8.26389217376709,2373974.4051589966,54093.6737549901
6434,300.87567138671875,9.631856918334961,2374275.2808303833,54103.305611908436
6435,260.3348388671875,8.732213020324707,2374535.6156692505,54112.03782492876
6436,137.02098083496094,7.496695041656494,2374672.6366500854,54119.53451997042
6437,126.04936218261719,7.985404014587402,2374798.686012268,54127.519923985004
6438,381.733642578125,9.824524879455566,2375180.419654846,54137.34444886446
6439,177.75973510742188,8.091645240783691,2375358.1793899536,54145.436094105244
6440,288.2757568359375,9.058680534362793,2375646.4551467896,54154.49477463961
6441,241.49710083007812,9.275484085083008,2375887.9522476196,54163.77025872469
6442,184.49093627929688,8.121743202209473,2376072.443183899,54171.8920019269
6443,256.6828308105469,8.790188789367676,2376329.1260147095,54180.68219071627
6444,131.5736541748047,8.607755661010742,2376460.6996688843,54189.28994637728
6445,101.43331909179688,7.249967098236084,2376562.132987976,54196.53991347551
6446,215.5172882080078,9.16312313079834,2376777.650276184,54205.70303660631
6447,190.97378540039062,9.325825691223145,2376968.6240615845,54215.028862297535
6448,287.91290283203125,8.444472312927246,2377256.5369644165,54223.47333461046
6449,191.44046020507812,8.228578567504883,2377447.9774246216,54231.70191317797
6450,59.85883712768555,2.966019630432129,2377507.8362617493,54234.6679328084
6451,167.11903381347656,8.77656078338623,2377674.9552955627,54243.444493591785
6452,205.24427795410156,8.55402946472168,2377880.199573517,54251.99852305651
6453,131.7653350830078,8.806257247924805,2378011.9649086,54260.80478030443
6454,482.4508972167969,8.785242080688477,2378494.4158058167,54269.59002238512
6455,185.32125854492188,8.414739608764648,2378679.7370643616,54278.004761993885
6456,74.16083526611328,6.239041328430176,2378753.8978996277,54284.243803322315
6457,242.61822509765625,9.420356750488281,2378996.5161247253,54293.6641600728
6458,305.73162841796875,8.700836181640625,2379302.2477531433,54302.364996254444
6459,269.3923645019531,9.407586097717285,2379571.6401176453,54311.77258235216
6460,229.89683532714844,8.224278450012207,2379801.5369529724,54319.99686080217
6461,66.09984588623047,2.1853864192962646,2379867.6367988586,54322.18224722147
6462,162.15257263183594,8.309785842895508,2380029.7893714905,54330.492033064365
6463,194.599365234375,8.74257755279541,2380224.388736725,54339.23461061716
6464,288.36212158203125,8.793790817260742,2380512.750858307,54348.02840143442
6465,219.15850830078125,8.779885292053223,2380731.9093666077,54356.808286726475
6466,125.36616516113281,7.504576683044434,2380857.275531769,54364.31286340952
6467,64.20913696289062,2.454617500305176,2380921.4846687317,54366.767480909824
6468,164.66452026367188,8.017139434814453,2381086.1491889954,54374.78462034464
6469,145.31434631347656,7.563312530517578,2381231.463535309,54382.34793287516
6470,50.61650085449219,2.1473171710968018,2381282.0800361633,54384.49525004625
6471,198.766357421875,8.67721939086914,2381480.846393585,54393.17246943712
6472,136.27017211914062,8.058252334594727,2381617.1165657043,54401.23072177172
6473,422.0646057128906,8.672869682312012,2382039.1811714172,54409.90359145403
6474,259.3306884765625,9.33940315246582,2382298.511859894,54419.242994606495
6475,63.430686950683594,1.9058502912521362,2382361.9425468445,54421.14884489775
6476,187.52346801757812,9.331405639648438,2382549.466014862,54430.480250537395
6477,170.13363647460938,8.649216651916504,2382719.5996513367,54439.12946718931
6478,331.0501708984375,8.074291229248047,2383050.649822235,54447.20375841856
6479,53.2142219543457,2.7746918201446533,2383103.8640441895,54449.978450238705
6480,65.00067901611328,5.448689937591553,2383168.8647232056,54455.427140176296
6481,328.0609130859375,8.548300743103027,2383496.9256362915,54463.9754409194
6482,265.09515380859375,10.03558349609375,2383762.0207901,54474.01102441549
6483,264.54046630859375,10.269746780395508,2384026.5612564087,54484.28077119589
6484,299.1396484375,8.454188346862793,2384325.700904846,54492.73495954275
6485,259.74468994140625,9.052607536315918,2384585.4455947876,54501.78756707907
6486,153.94363403320312,7.937915325164795,2384739.389228821,54509.72548240423
6487,183.2597198486328,7.990421772003174,2384922.6489486694,54517.715904176235
6488,156.17453002929688,8.03254222869873,2385078.8234786987,54525.748446404934
6489,202.11602783203125,9.19597053527832,2385280.9395065308,54534.94441694021
6490,272.574462890625,9.08123779296875,2385553.5139694214,54544.02565473318
6491,128.40560913085938,8.603728294372559,2385681.9195785522,54552.62938302755
6492,102.69595336914062,8.333231925964355,2385784.6155319214,54560.96261495352
6493,179.10418701171875,8.712427139282227,2385963.719718933,54569.6750420928
6494,296.2926025390625,9.429389953613281,2386260.012321472,54579.10443204641
6495,222.34490966796875,9.363049507141113,2386482.35723114,54588.467481553555
6496,118.40873718261719,7.575154781341553,2386600.7659683228,54596.042636334896
6497,58.90156173706055,4.220931529998779,2386659.66753006,54600.263567864895
6498,82.68913269042969,7.427732467651367,2386742.3566627502,54607.691300332546
6499,336.0277099609375,9.185409545898438,2387078.384372711,54616.876709878445
6500,207.50021362304688,9.699652671813965,2387285.884586334,54626.57636255026
6501,129.56382751464844,7.953304290771484,2387415.448413849,54634.52966684103
6502,117.44966888427734,7.6532487869262695,2387532.898082733,54642.18291562796
6503,336.70819091796875,10.136639595031738,2387869.606273651,54652.31955522299
6504,172.22561645507812,8.707221984863281,2388041.831890106,54661.02677720785
6505,62.401180267333984,4.682485580444336,2388104.2330703735,54665.709262788296
6506,275.28912353515625,8.908214569091797,2388379.5221939087,54674.61747735739
6507,270.7874450683594,9.263348579406738,2388650.309638977,54683.880825936794
6508,220.29385375976562,9.030240058898926,2388870.603492737,54692.91106599569
6509,407.93011474609375,9.531381607055664,2389278.533607483,54702.44244760275
6510,276.788330078125,8.573492050170898,2389555.321937561,54711.01593965292
6511,435.33856201171875,9.132332801818848,2389990.6604995728,54720.14827245474
6512,225.61041259765625,8.271472930908203,2390216.2709121704,54728.41974538565
6513,432.927978515625,9.922859191894531,2390649.198890686,54738.34260457754
6514,263.3051452636719,9.408421516418457,2390912.5040359497,54747.75102609396
6515,250.4593505859375,9.601862907409668,2391162.9633865356,54757.35288900137
6516,119.04035949707031,7.7485527992248535,2391282.0037460327,54765.101441800594
6517,307.40863037109375,9.258452415466309,2391589.412376404,54774.35989421606
6518,306.0487976074219,9.254175186157227,2391895.461174011,54783.61406940222
6519,97.53030395507812,7.009553909301758,2391992.9914779663,54790.62362331152
6520,71.93386840820312,5.103328227996826,2392064.9253463745,54795.72695153952
6521,127.01432800292969,8.672750473022461,2392191.9396743774,54804.39970201254
6522,167.16265869140625,7.968436241149902,2392359.102333069,54812.36813825369
6523,253.60935974121094,9.03260326385498,2392612.71169281,54821.400741517544
6524,133.37667846679688,8.04015064239502,2392746.088371277,54829.44089215994
6525,240.25912475585938,9.085305213928223,2392986.3474960327,54838.52619737387
6526,167.903076171875,8.637139320373535,2393154.2505722046,54847.16333669424
6527,290.72076416015625,8.58769702911377,2393444.9713363647,54855.751033723354
6528,290.1839599609375,9.382229804992676,2393735.1552963257,54865.13326352835
6529,320.0818176269531,8.631641387939453,2394055.2371139526,54873.76490491629
6530,174.45770263671875,8.840405464172363,2394229.6948165894,54882.60531038046
6531,57.88118362426758,3.8478715419769287,2394287.5760002136,54886.453181922436
6532,244.83718872070312,9.120621681213379,2394532.4131889343,54895.57380360365
6533,212.12448120117188,8.983384132385254,2394744.5376701355,54904.557187736034
6534,270.08026123046875,9.146336555480957,2395014.617931366,54913.703524291515
6535,182.41799926757812,8.742253303527832,2395197.0359306335,54922.44577759504
6536,314.52056884765625,8.344268798828125,2395511.556499481,54930.79004639387
6537,57.68963623046875,3.0350112915039062,2395569.2461357117,54933.825057685375
6538,158.71885681152344,8.873504638671875,2395727.964992523,54942.69856232405
6539,202.75399780273438,7.498091220855713,2395930.718990326,54950.1966535449
6540,304.88946533203125,8.75013256072998,2396235.608455658,54958.94678610563
6541,461.199462890625,9.391181945800781,2396696.8079185486,54968.33796805143
6542,188.39154052734375,8.39921760559082,2396885.199459076,54976.737185657024
6543,167.41175842285156,8.089899063110352,2397052.611217499,54984.827084720135
6544,319.4800109863281,9.06970500946045,2397372.091228485,54993.896789729595
6545,433.8339538574219,8.73737621307373,2397805.9251823425,55002.63416594267
6546,120.86405181884766,7.839130401611328,2397926.7892341614,55010.47329634428
6547,54.72554016113281,3.218639850616455,2397981.5147743225,55013.6919361949
6548,429.91802978515625,8.888177871704102,2398411.4328041077,55022.5801140666
6549,381.3353576660156,8.698272705078125,2398792.7681617737,55031.27838677168
6550,178.56040954589844,8.969061851501465,2398971.3285713196,55040.24744862318
6551,257.243896484375,9.712913513183594,2399228.572467804,55049.960362136364
6552,97.98464965820312,7.269721508026123,2399326.557117462,55057.23008364439
6553,118.94973754882812,7.334176540374756,2399445.506855011,55064.564260184765
6554,278.808349609375,10.427218437194824,2399724.3152046204,55074.99147862196
6555,306.8623046875,8.910151481628418,2400031.177509308,55083.90163010359
6556,112.77203369140625,8.347797393798828,2400143.9495429993,55092.24942749739
6557,353.372314453125,9.969164848327637,2400497.3218574524,55102.218592345715
6558,88.28459167480469,6.9173688888549805,2400585.606449127,55109.13596123457
6559,223.63641357421875,8.534430503845215,2400809.2428627014,55117.670391738415
6560,219.91598510742188,8.46772289276123,2401029.158847809,55126.138114631176
6561,292.3824462890625,10.106038093566895,2401321.541294098,55136.24415272474
6562,360.9376220703125,8.618736267089844,2401682.478916168,55144.86288899183
6563,307.983642578125,8.957772254943848,2401990.4625587463,55153.82066124678
6564,353.3424987792969,8.605132102966309,2402343.8050575256,55162.42579334974
6565,92.91456604003906,6.972811222076416,2402436.7196235657,55169.39860457182
6566,160.77899169921875,8.451684951782227,2402597.498615265,55177.8502895236
6567,318.73004150390625,8.7781400680542,2402916.228656769,55186.628429591656
6568,235.42987060546875,9.563728332519531,2403151.6585273743,55196.192157924175
6569,441.9051208496094,10.972002983093262,2403593.563648224,55207.16416090727
6570,249.54676818847656,9.005122184753418,2403843.1104164124,55216.16928309202
6571,206.61424255371094,9.643043518066406,2404049.724658966,55225.81232661009
6572,210.21568298339844,8.591700553894043,2404259.9403419495,55234.40402716398
6573,133.96493530273438,8.383519172668457,2404393.905277252,55242.78754633665
6574,58.96228790283203,4.589178562164307,2404452.867565155,55247.376724898815
6575,167.67120361328125,7.812244415283203,2404620.5387687683,55255.1889693141
6576,224.62582397460938,7.9115753173828125,2404845.164592743,55263.10054463148
6577,340.96612548828125,9.521864891052246,2405186.130718231,55272.62240952253
6578,159.1260528564453,9.074756622314453,2405345.2567710876,55281.69716614485
6579,246.73446655273438,8.746359825134277,2405591.9912376404,55290.44352596998
6580,127.41334533691406,7.93567419052124,2405719.4045829773,55298.3792001605
6581,159.7384033203125,8.312475204467773,2405879.1429862976,55306.69167536497
6582,249.73959350585938,8.78873348236084,2406128.8825798035,55315.48040884733
6583,220.79318237304688,8.004949569702148,2406349.6757621765,55323.485358417034
6584,438.82867431640625,9.347403526306152,2406788.504436493,55332.83276194334
6585,78.93092346191406,6.201081275939941,2406867.435359955,55339.03384321928
6586,222.88552856445312,8.840727806091309,2407090.3208885193,55347.87457102537
6587,134.07017517089844,7.9559807777404785,2407224.39106369,55355.83055180311
6588,375.8437194824219,9.519580841064453,2407600.2347831726,55365.35013264418
6589,50.76161193847656,3.7517266273498535,2407650.996395111,55369.101859271526
6590,135.9730224609375,8.038411140441895,2407786.969417572,55377.14027041197
6591,121.09187316894531,6.409457683563232,2407908.061290741,55383.54972809553
6592,175.28005981445312,8.813692092895508,2408083.3413505554,55392.36342018843
6593,190.239501953125,8.295329093933105,2408273.5808525085,55400.65874928236
6594,66.03829956054688,4.333770751953125,2408339.619152069,55404.99252003431
6595,169.27215576171875,9.088913917541504,2408508.891307831,55414.081433951855
6596,319.31622314453125,8.89635944366455,2408828.2075309753,55422.97779339552
6597,291.6640625,9.323225021362305,2409119.8715934753,55432.30101841688
6598,306.7431640625,7.925131320953369,2409426.614757538,55440.226149737835
6599,289.69927978515625,8.894453048706055,2409716.314037323,55449.12060278654
6600,263.0252990722656,8.12109661102295,2409979.3393363953,55457.241699397564
6601,240.26596069335938,7.8073506355285645,2410219.6052970886,55465.04905003309
6602,323.48828125,12.607695579528809,2410543.0935783386,55477.65674561262
6603,195.37330627441406,9.075762748718262,2410738.466884613,55486.73250836134
6604,354.00830078125,10.289017677307129,2411092.4751853943,55497.02152603865
6605,325.59429931640625,9.291193008422852,2411418.0694847107,55506.31271904707
6606,318.00799560546875,8.332573890686035,2411736.077480316,55514.645292937756
6607,232.06007385253906,8.212305068969727,2411968.1375541687,55522.857598006725
6608,231.79226684570312,9.035770416259766,2412199.9298210144,55531.893368422985
6609,57.559913635253906,5.01848840713501,2412257.4897346497,55536.91185683012
6610,156.16409301757812,8.331567764282227,2412413.6538276672,55545.2434245944
6611,123.95991516113281,8.759042739868164,2412537.6137428284,55554.00246733427
6612,148.93450927734375,9.376199722290039,2412686.5482521057,55563.37866705656
6613,127.96141052246094,7.714500427246094,2412814.509662628,55571.09316748381
6614,283.593017578125,8.57058048248291,2413098.1026802063,55579.66374796629
6615,392.6831970214844,10.376484870910645,2413490.785877228,55590.0402328372
6616,142.35342407226562,9.57835865020752,2413633.1393013,55599.61859148741
6617,113.18930053710938,8.262102127075195,2413746.328601837,55607.88069361448
6618,269.783447265625,8.338948249816895,2414016.112049103,55616.2196418643
6619,228.5188751220703,9.053437232971191,2414244.630924225,55625.27307909727
6620,231.7982940673828,9.653546333312988,2414476.4292182922,55634.926625430584
6621,130.0887451171875,7.7288970947265625,2414606.5179634094,55642.65552252531
6622,306.7431640625,9.29574966430664,2414913.261127472,55651.95127218962
6623,202.29054260253906,8.138958930969238,2415115.5516700745,55660.09023112059
6624,287.205078125,8.53411865234375,2415402.7567481995,55668.62434977293
6625,213.01622009277344,8.79131031036377,2415615.7729682922,55677.415660083294
6626,233.2877197265625,8.647475242614746,2415849.060688019,55686.06313532591
6627,195.86376953125,8.30237102508545,2416044.92445755,55694.365506350994
6628,449.7516174316406,9.796290397644043,2416494.6760749817,55704.16179674864
6629,261.3743896484375,8.8444185256958,2416756.05046463,55713.006215274334
6630,51.24782943725586,3.7955949306488037,2416807.2982940674,55716.80181020498
6631,361.1194763183594,9.557412147521973,2417168.4177703857,55726.359222352505
6632,231.95123291015625,8.792281150817871,2417400.369003296,55735.15150350332
6633,219.90240478515625,9.2665376663208,2417620.271408081,55744.41804116964
6634,265.80181884765625,9.200495719909668,2417886.0732269287,55753.61853688955
6635,145.03143310546875,8.237120628356934,2418031.104660034,55761.85565751791
6636,105.22943115234375,7.849099159240723,2418136.3340911865,55769.70475667715
6637,197.64251708984375,9.161118507385254,2418333.9766082764,55778.865875184536
6638,138.78257751464844,8.007153511047363,2418472.759185791,55786.87302869558
6639,75.09974670410156,5.7954888343811035,2418547.858932495,55792.668517529964
6640,187.60745239257812,10.873689651489258,2418735.4663848877,55803.542207181454
6641,155.680908203125,8.623491287231445,2418891.147293091,55812.165698468685
6642,116.5904541015625,7.8066606521606445,2419007.7377471924,55819.972359120846
6643,202.1564483642578,8.621124267578125,2419209.8941955566,55828.593483388424
6644,61.23790740966797,2.2828783988952637,2419271.1321029663,55830.87636178732
6645,318.890625,8.967774391174316,2419590.0227279663,55839.84413617849
6646,158.69195556640625,8.066773414611816,2419748.7146835327,55847.910909593105
6647,83.96507263183594,6.433035850524902,2419832.6797561646,55854.34394544363
6648,272.5859069824219,9.406634330749512,2420105.265663147,55863.75057977438
6649,301.9552001953125,8.819815635681152,2420407.2208633423,55872.57039541006
6650,267.758544921875,8.617136001586914,2420674.979408264,55881.18753141165
6651,122.83387756347656,8.282835006713867,2420797.8132858276,55889.47036641836
6652,187.06202697753906,9.327887535095215,2420984.875312805,55898.79825395346
6653,230.81161499023438,8.58946704864502,2421215.6869277954,55907.3877210021
6654,89.61283874511719,8.472406387329102,2421305.2997665405,55915.86012738943
6655,296.8211975097656,10.549935340881348,2421602.1209640503,55926.41006273031
6656,95.01746368408203,6.194148063659668,2421697.1384277344,55932.60421079397
6657,359.15850830078125,9.201104164123535,2422056.296936035,55941.805314958096
6658,359.78533935546875,8.619454383850098,2422416.0822753906,55950.424769341946
6659,193.07672119140625,10.092734336853027,2422609.158996582,55960.5175036788
6660,150.88340759277344,8.61816692352295,2422760.042404175,55969.13567060232
6661,131.0366973876953,7.7512526512146,2422891.0791015625,55976.886923253536
6662,69.86054992675781,6.030765533447266,2422960.9396514893,55982.91768878698
6663,159.02682495117188,8.1037015914917,2423119.9664764404,55991.021390378475
6664,126.98524475097656,8.055806159973145,2423246.9517211914,55999.07719653845
6665,324.60546875,8.438862800598145,2423571.5571899414,56007.51605933905
6666,62.70818328857422,3.039689064025879,2423634.26537323,56010.55574840307
6667,204.39614868164062,8.475092887878418,2423838.6615219116,56019.03084129095
6668,232.28860473632812,9.12045955657959,2424070.950126648,56028.15130084753
6669,117.96195220947266,7.346118450164795,2424188.9120788574,56035.497419297695
6670,112.49797821044922,8.847100257873535,2424301.410057068,56044.34451955557
6671,223.4994354248047,9.939425468444824,2424524.9094924927,56054.28394502401
6672,353.9784240722656,11.289678573608398,2424878.887916565,56065.57362359762
6673,244.72067260742188,8.740320205688477,2425123.6085891724,56074.31394380331
6674,155.10069274902344,8.524398803710938,2425278.7092819214,56082.83834260702
6675,366.21563720703125,8.257540702819824,2425644.9249191284,56091.09588330984
6676,200.7403106689453,8.715514183044434,2425845.6652297974,56099.811397492886
6677,145.44326782226562,8.221039772033691,2425991.1084976196,56108.03243726492
6678,200.4146728515625,8.088667869567871,2426191.523170471,56116.12110513449
6679,94.83213806152344,7.753951072692871,2426286.3553085327,56123.87505620718
6680,261.7491760253906,8.73231029510498,2426548.104484558,56132.607366502285
6681,59.07254409790039,3.207688331604004,2426607.177028656,56135.81505483389
6682,106.0484619140625,7.440394401550293,2426713.22549057,56143.25544923544
6683,53.72605895996094,1.8772920370101929,2426766.95154953,56145.13274127245
6684,148.90023803710938,8.644332885742188,2426915.851787567,56153.77707415819
6685,227.28636169433594,8.203121185302734,2427143.1381492615,56161.980195343494
6686,51.602882385253906,5.444199085235596,2427194.7410316467,56167.42439442873
6687,312.3973388671875,8.534937858581543,2427507.138370514,56175.95933228731
6688,313.3595886230469,8.448243141174316,2427820.497959137,56184.407575428486
6689,433.0966796875,8.199986457824707,2428253.5946388245,56192.60756188631
6690,193.44046020507812,7.419780254364014,2428447.0350990295,56200.027342140675
6691,323.18756103515625,8.673578262329102,2428770.2226600647,56208.700920403004
6692,287.55145263671875,9.093753814697266,2429057.7741127014,56217.7946742177
6693,226.6226806640625,8.6256685256958,2429284.3967933655,56226.4203427434
6694,279.66082763671875,9.168179512023926,2429564.057621002,56235.58852225542
6695,190.179443359375,8.403203964233398,2429754.2370643616,56243.991726219654
6696,152.15081787109375,7.764010429382324,2429906.3878822327,56251.75573664904
6697,212.75527954101562,9.358378410339355,2430119.1431617737,56261.114115059376
6698,271.513427734375,9.646787643432617,2430390.656589508,56270.76090270281
6699,93.38651275634766,7.913749694824219,2430484.0431022644,56278.67465239763
6700,296.5225830078125,8.65243148803711,2430780.565685272,56287.32708388567
6701,257.6964416503906,8.542807579040527,2431038.2621269226,56295.86989146471
6702,277.2624206542969,8.676937103271484,2431315.524547577,56304.54682856798
6703,219.81268310546875,9.5866060256958,2431535.3372306824,56314.13343459368
6704,278.1640319824219,8.73575496673584,2431813.501262665,56322.86918956041
6705,169.04263305664062,7.719112396240234,2431982.5438957214,56330.58830195665
6706,127.57779693603516,8.041908264160156,2432110.1216926575,56338.630210220814
6707,172.0314178466797,9.267529487609863,2432282.153110504,56347.89773970842
6708,125.94142150878906,7.397706031799316,2432408.094532013,56355.29544574022
6709,126.81051635742188,8.220561981201172,2432534.9050483704,56363.516007721424
6710,332.642578125,8.752293586730957,2432867.5476264954,56372.268301308155
6711,244.1905059814453,8.43979263305664,2433111.738132477,56380.70809394121
6712,155.9605255126953,7.432268142700195,2433267.6986579895,56388.14036208391
6713,72.10260009765625,5.567351818084717,2433339.801258087,56393.707713902
6714,55.50359344482422,3.8564651012420654,2433395.304851532,56397.56417900324
6715,271.4063415527344,8.43220043182373,2433666.7111930847,56405.99637943506
6716,179.06427001953125,8.485915184020996,2433845.7754631042,56414.48229461908
6717,449.392578125,10.33842658996582,2434295.1680412292,56424.82072120905
6718,332.65484619140625,9.881287574768066,2434627.8228874207,56434.70200878382
6719,424.18939208984375,9.074033737182617,2435052.0122795105,56443.776042521
6720,321.9275817871094,8.70215892791748,2435373.9398612976,56452.47820144892
6721,209.55621337890625,9.105451583862305,2435583.4960746765,56461.58365303278
6722,208.82891845703125,8.666417121887207,2435792.3249931335,56470.25007015467
6723,203.8023223876953,7.737085819244385,2435996.1273155212,56477.98715597391
6724,259.7356872558594,8.603331565856934,2436255.863002777,56486.59048753977
6725,187.09927368164062,9.057369232177734,2436442.9622764587,56495.647856771946
6726,331.5235595703125,8.804061889648438,2436774.485836029,56504.451918661594
6727,217.5895233154297,8.627976417541504,2436992.0753593445,56513.079895079136
6728,190.44581604003906,8.015419960021973,2437182.5211753845,56521.09531503916
6729,155.09019470214844,7.708047866821289,2437337.6113700867,56528.80336290598
6730,97.65251159667969,7.582825183868408,2437435.2638816833,56536.38618808985
6731,196.48223876953125,8.544662475585938,2437631.746120453,56544.93085056543
6732,214.38821411132812,8.733786582946777,2437846.134334564,56553.66463714838
6733,161.76583862304688,8.290966033935547,2438007.9001731873,56561.955603182316
6734,94.4984130859375,7.391502857208252,2438102.398586273,56569.347106039524
6735,215.98861694335938,8.93748664855957,2438318.3872032166,56578.284592688084
6736,280.90509033203125,8.42075252532959,2438599.2922935486,56586.70534521341
6737,148.60391235351562,7.646472454071045,2438747.896205902,56594.351817667484
6738,130.0640411376953,7.239545822143555,2438877.96024704,56601.59136348963
6739,119.26338195800781,7.989314556121826,2438997.223628998,56609.58067804575
6740,212.6639404296875,8.609227180480957,2439209.8875694275,56618.18990522623
6741,132.23291015625,7.278019905090332,2439342.1204795837,56625.46792513132
6742,97.69308471679688,7.256191253662109,2439439.8135643005,56632.72411638498
6743,239.60617065429688,8.136086463928223,2439679.419734955,56640.86020284891
6744,180.18075561523438,10.266523361206055,2439859.60049057,56651.12672621012
6745,175.69203186035156,8.513908386230469,2440035.2925224304,56659.64063459635
6746,60.90647506713867,3.1235506534576416,2440096.1989974976,56662.764185249805
6747,204.01248168945312,8.389541625976562,2440300.211479187,56671.15372687578
6748,148.46975708007812,7.663556098937988,2440448.681236267,56678.81728297472
6749,167.38511657714844,7.504789352416992,2440616.0663528442,56686.32207232714
6750,59.332584381103516,5.493525505065918,2440675.3989372253,56691.8155978322
6751,98.78170776367188,6.986202239990234,2440774.180644989,56698.80180007219
6752,323.6153259277344,8.748955726623535,2441097.7959709167,56707.55075579882
6753,168.30459594726562,9.242473602294922,2441266.100566864,56716.79322940111
6754,264.6550598144531,9.198055267333984,2441530.7556266785,56725.991284668446
6755,141.7001953125,8.21647834777832,2441672.455821991,56734.207763016224
6756,302.64056396484375,9.066713333129883,2441975.096385956,56743.274476349354
6757,121.8445816040039,7.81277322769165,2442096.94096756,56751.087249577045
6758,341.07733154296875,8.219550132751465,2442438.018299103,56759.3067997098
6759,203.94790649414062,9.02161693572998,2442641.966205597,56768.32841664553
6760,335.3598327636719,8.546781539916992,2442977.3260383606,56776.875198185444
6761,56.26593017578125,2.9455645084381104,2443033.5919685364,56779.82076269388
6762,125.75444793701172,6.971330642700195,2443159.3464164734,56786.79209333658
6763,143.05593872070312,8.312542915344238,2443302.402355194,56795.10463625193
6764,147.43814086914062,8.516022682189941,2443449.840496063,56803.62065893412
6765,136.30746459960938,7.492516040802002,2443586.147960663,56811.11317497492
6766,280.34100341796875,9.655405044555664,2443866.488964081,56820.768580019474
6767,70.54631805419922,5.137795925140381,2443937.035282135,56825.906375944614
6768,365.9034423828125,9.446446418762207,2444302.938724518,56835.35282236338
6769,105.23503112792969,7.228143215179443,2444408.1737556458,56842.580965578556
6770,51.388221740722656,4.484704971313477,2444459.5619773865,56847.06567054987
6771,165.26617431640625,9.621789932250977,2444624.828151703,56856.68746048212
6772,131.9921875,8.634391784667969,2444756.820339203,56865.32185226679
6773,114.24244689941406,7.371578693389893,2444871.0627861023,56872.69343096018
6774,119.0372085571289,7.843082904815674,2444990.0999946594,56880.536513864994
6775,136.07603454589844,8.422160148620605,2445126.1760292053,56888.958674013615
6776,209.43833923339844,8.857253074645996,2445335.6143684387,56897.81592708826
6777,218.344482421875,9.482808113098145,2445553.9588508606,56907.29873520136
6778,189.74069213867188,8.57618522644043,2445743.6995429993,56915.8749204278
6779,102.43603515625,6.114461421966553,2445846.1355781555,56921.989381849766
6780,171.8538055419922,7.544918537139893,2446017.9893836975,56929.534300386906
6781,257.7049560546875,9.475031852722168,2446275.694339752,56939.00933223963
6782,127.08279418945312,8.657594680786133,2446402.7771339417,56947.666926920414
6783,235.95217895507812,8.660196304321289,2446638.7293128967,56956.327123224735
6784,334.83966064453125,9.34855842590332,2446973.5689735413,56965.67568165064
6785,152.63804626464844,7.472244739532471,2447126.207019806,56973.14792639017
6786,323.9936218261719,9.428559303283691,2447450.200641632,56982.576485693455
6787,262.3423767089844,9.140669822692871,2447712.543018341,56991.71715551615
6788,154.69924926757812,8.665698051452637,2447867.2422676086,57000.3828535676
6789,107.28973388671875,7.537270545959473,2447974.5320014954,57007.92012411356
6790,309.29791259765625,8.970625877380371,2448283.829914093,57016.89074999094
6791,135.71176147460938,8.840387344360352,2448419.5416755676,57025.7311373353
6792,153.24957275390625,7.9796929359436035,2448572.7912483215,57033.710830271244
6793,225.1949920654297,8.777000427246094,2448797.986240387,57042.48783069849
6794,271.8138427734375,8.316612243652344,2449069.8000831604,57050.80444294214
6795,57.14134979248047,2.756269693374634,2449126.941432953,57053.56071263552
6796,213.95237731933594,8.783915519714355,2449340.893810272,57062.34462815523
6797,206.03713989257812,8.322178840637207,2449546.930950165,57070.66680699587
6798,225.01104736328125,8.48987102508545,2449771.941997528,57079.156678020954
6799,87.568115234375,6.814728260040283,2449859.5101127625,57085.971406280994
6800,238.63848876953125,9.015012741088867,2450098.148601532,57094.98641902208
6801,220.83355712890625,8.238483428955078,2450318.982158661,57103.22490245104
6802,102.15605163574219,7.192764759063721,2450421.1382102966,57110.4176672101
6803,376.50146484375,11.149687767028809,2450797.6396751404,57121.56735497713
6804,165.20875549316406,8.430366516113281,2450962.8484306335,57129.997721493244
6805,219.695556640625,8.325886726379395,2451182.543987274,57138.32360821962
6806,276.0683898925781,8.41223430633545,2451458.6123771667,57146.73584252596
6807,57.636959075927734,1.9456398487091064,2451516.2493362427,57148.68148237467
6808,203.904052734375,11.054720878601074,2451720.153388977,57159.73620325327
6809,72.3265380859375,6.353021144866943,2451792.479927063,57166.089224398136
6810,382.8209228515625,9.1292142868042,2452175.3008499146,57175.21843868494
6811,223.41217041015625,8.033578872680664,2452398.7130203247,57183.25201755762
6812,190.48092651367188,10.267739295959473,2452589.1939468384,57193.51975685358
6813,56.165489196777344,2.0326592922210693,2452645.359436035,57195.5524161458
6814,247.53280639648438,11.34836483001709,2452892.8922424316,57206.90078097582
6815,127.90117645263672,9.203743934631348,2453020.7934188843,57216.10452491045
6816,190.62435913085938,8.885351181030273,2453211.417778015,57224.98987609148
6817,344.634765625,8.586982727050781,2453556.05254364,57233.57685881853
6818,55.155067443847656,2.150928258895874,2453611.207611084,57235.72778707743
6819,129.47950744628906,7.62977409362793,2453740.6871185303,57243.357561171055
6820,231.09617614746094,8.23391056060791,2453971.7832946777,57251.59147173166
6821,133.62408447265625,8.811351776123047,2454105.4073791504,57260.402823507786
6822,115.04093170166016,8.394718170166016,2454220.448310852,57268.79754167795
6823,61.764095306396484,5.812017440795898,2454282.2124061584,57274.60955911875
6824,55.97550964355469,2.4171335697174072,2454338.187915802,57277.026692688465
6825,54.12678527832031,2.8914663791656494,2454392.3147010803,57279.91815906763
6826,110.31689453125,7.809926986694336,2454502.6315956116,57287.728086054325
6827,191.13140869140625,10.773518562316895,2454693.763004303,57298.50160461664
6828,220.7863311767578,8.01292896270752,2454914.5493354797,57306.51453357935
6829,54.28017044067383,1.8343009948730469,2454968.8295059204,57308.34883457422
6830,309.2242431640625,8.79861831665039,2455278.0537490845,57317.14745289087
6831,246.6019287109375,8.675453186035156,2455524.6556777954,57325.82290607691
6832,56.342769622802734,5.298459053039551,2455580.998447418,57331.12136512995
6833,181.35110473632812,9.398496627807617,2455762.3495521545,57340.519861757755
6834,197.9172821044922,9.133978843688965,2455960.266834259,57349.653840601444
6835,236.0562744140625,8.331576347351074,2456196.323108673,57357.985416948795
6836,346.6023254394531,8.672394752502441,2456542.9254341125,57366.6578117013
6837,88.28321838378906,6.106688976287842,2456631.2086524963,57372.764500677586
6838,375.0181884765625,9.126221656799316,2457006.226840973,57381.890722334385
6839,308.3244934082031,8.265485763549805,2457314.551334381,57390.156208097935
6840,342.5216064453125,9.278814315795898,2457657.0729408264,57399.43502241373
6841,260.25543212890625,9.63562297821045,2457917.3283729553,57409.07064539194
6842,227.51296997070312,7.786498546600342,2458144.841342926,57416.85714393854
6843,167.4661865234375,8.961461067199707,2458312.3075294495,57425.81860500574
6844,223.5991668701172,8.184220314025879,2458535.9066963196,57434.00282531977
6845,57.98808670043945,4.016428470611572,2458593.89478302,57438.01925379038
6846,332.8453369140625,8.154867172241211,2458926.740119934,57446.17412096262
6847,444.29248046875,9.191069602966309,2459371.032600403,57455.365190565586
6848,65.84442138671875,6.383079528808594,2459436.8770217896,57461.748270094395
6849,218.84915161132812,8.079399108886719,2459655.726173401,57469.82766920328
6850,110.85298156738281,9.946891784667969,2459766.5791549683,57479.77456098795
6851,275.5145568847656,9.425652503967285,2460042.093711853,57489.20021349192
6852,181.57537841796875,9.298694610595703,2460223.669090271,57498.49890810251
6853,298.5224304199219,9.148637771606445,2460522.191520691,57507.64754587412
6854,231.66307067871094,7.982304573059082,2460753.8545913696,57515.62985044718
6855,125.51153564453125,7.915726184844971,2460879.366127014,57523.54557663202
6856,325.9662170410156,8.902552604675293,2461205.332344055,57532.4481292367
6857,291.6390686035156,9.64824390411377,2461496.9714126587,57542.09637314081
6858,284.17333984375,9.259742736816406,2461781.1447525024,57551.35611587763
6859,178.32052612304688,8.67807388305664,2461959.4652786255,57560.034189760685
6860,287.74932861328125,9.098480224609375,2462247.214607239,57569.132669985294
6861,239.98753356933594,9.001606941223145,2462487.202140808,57578.13427692652
6862,290.86846923828125,8.218042373657227,2462778.0706100464,57586.352319300175
6863,199.04415893554688,8.86220645904541,2462977.114768982,57595.21452575922
6864,185.9192352294922,9.293625831604004,2463163.0340042114,57604.508151590824
6865,214.2476043701172,8.800691604614258,2463377.2816085815,57613.30884319544
6866,189.47055053710938,8.861196517944336,2463566.7521591187,57622.17003971338
6867,98.21821594238281,7.5573201179504395,2463664.970375061,57629.72735983133
6868,173.54058837890625,8.140043258666992,2463838.51096344,57637.86740309
6869,101.69537353515625,6.677527904510498,2463940.206336975,57644.54493099451
6870,101.99925231933594,7.89820671081543,2464042.2055892944,57652.443137705326
6871,101.97152709960938,7.542620658874512,2464144.177116394,57659.9857583642
6872,334.0404357910156,8.322274208068848,2464478.217552185,57668.30803257227
6873,225.4434814453125,8.383286476135254,2464703.6610336304,57676.691319048405
6874,52.93318176269531,2.539673328399658,2464756.594215393,57679.230992376804
6875,190.665283203125,8.031375885009766,2464947.259498596,57687.262368261814
6876,150.09954833984375,7.065204620361328,2465097.359046936,57694.327572882175
6877,149.54689025878906,8.707075119018555,2465246.905937195,57703.034648001194
6878,189.49746704101562,10.27228832244873,2465436.403404236,57713.30693632364
6879,340.9940185546875,9.729188919067383,2465777.3974227905,57723.03612524271
6880,128.67771911621094,8.537273406982422,2465906.0751419067,57731.57339864969
6881,232.97564697265625,9.331534385681152,2466139.0507888794,57740.904933035374
6882,134.65731811523438,7.625155925750732,2466273.7081069946,57748.530088961124
6883,148.3181610107422,8.734759330749512,2466422.0262680054,57757.264848291874
6884,197.63461303710938,8.716025352478027,2466619.6608810425,57765.98087364435
6885,165.3007354736328,8.246356010437012,2466784.961616516,57774.22722965479
6886,136.7373504638672,8.339136123657227,2466921.69896698,57782.566365778446
6887,166.5235137939453,9.029231071472168,2467088.222480774,57791.59559684992
6888,87.74040222167969,7.2420735359191895,2467175.9628829956,57798.83767038584
6889,197.76437377929688,8.258399963378906,2467373.727256775,57807.09607034922
6890,163.38381958007812,9.110291481018066,2467537.111076355,57816.206361830235
6891,138.2467041015625,8.360447883605957,2467675.3577804565,57824.56680971384
6892,121.92086029052734,7.975166320800781,2467797.278640747,57832.54197603464
6893,204.70867919921875,8.610459327697754,2468001.9873199463,57841.15243536234
6894,185.24044799804688,8.236312866210938,2468187.2277679443,57849.38874822855
6895,141.72219848632812,8.360444068908691,2468328.9499664307,57857.74919229746
6896,402.6863098144531,8.945295333862305,2468731.636276245,57866.69448763132
6897,283.1436767578125,8.83788013458252,2469014.779953003,57875.5323677659
6898,242.0518341064453,8.479131698608398,2469256.8317871094,57884.01149946451
6899,268.853759765625,8.01220703125,2469525.685546875,57892.02370649576
6900,301.88323974609375,10.522347450256348,2469827.568786621,57902.54605394602
6901,157.97482299804688,8.49934196472168,2469985.543609619,57911.04539591074
6902,149.13900756835938,8.596339225769043,2470134.6826171875,57919.64173513651
6903,80.89903259277344,6.9369683265686035,2470215.5816497803,57926.57870346308
6904,111.888671875,7.677011013031006,2470327.4703216553,57934.25571447611
6905,79.539794921875,5.95708703994751,2470407.010116577,57940.212801516056
6906,164.79574584960938,8.5668306350708,2470571.8058624268,57948.77963215113
6907,99.4781494140625,8.107314109802246,2470671.284011841,57956.88694626093
6908,156.89047241210938,7.325563907623291,2470828.174484253,57964.21251016855
6909,52.90114212036133,4.3426618576049805,2470881.0756263733,57968.55517202616
6910,57.34200668334961,3.2366979122161865,2470938.4176330566,57971.79186993837
6911,334.75701904296875,8.475062370300293,2471273.1746520996,57980.266932308674
6912,88.3013687133789,5.443291187286377,2471361.476020813,57985.71022349596
6913,131.3353271484375,7.7509684562683105,2471492.8113479614,57993.46119195223
6914,447.534912109375,9.021693229675293,2471940.346260071,58002.482885181904
6915,152.38128662109375,8.896766662597656,2472092.727546692,58011.3796518445
6916,161.0699462890625,9.181197166442871,2472253.797492981,58020.560849010944
6917,177.89520263671875,8.796128273010254,2472431.6926956177,58029.356977283955
6918,311.2598571777344,8.666159629821777,2472742.9525527954,58038.02313691378
6919,204.11566162109375,7.736471176147461,2472947.0682144165,58045.759608089924
6920,125.91041564941406,8.256318092346191,2473072.978630066,58054.01592618227
6921,261.9832763671875,9.09703540802002,2473334.961906433,58063.11296159029
6922,267.8680725097656,9.447735786437988,2473602.829978943,58072.56069737673
6923,136.42721557617188,7.758190155029297,2473739.257194519,58080.31888753176
6924,60.98155975341797,1.4592597484588623,2473800.2387542725,58081.778147280216
6925,206.91845703125,8.451211929321289,2474007.1572113037,58090.22935920954
6926,134.31748962402344,8.047508239746094,2474141.4747009277,58098.27686744928
6927,78.62276458740234,7.01134729385376,2474220.097465515,58105.28821474314
6928,133.9337158203125,8.444469451904297,2474354.0311813354,58113.73268419504
6929,147.2411346435547,6.684040546417236,2474501.272315979,58120.41672474146
6930,163.26531982421875,7.937666893005371,2474664.537635803,58128.354391634464
6931,195.96060180664062,8.93369197845459,2474860.49823761,58137.28808361292
6932,143.57687377929688,8.394411087036133,2475004.075111389,58145.682494699955
6933,252.47769165039062,8.730183601379395,2475256.5528030396,58154.412678301334
6934,191.23931884765625,8.81611156463623,2475447.792121887,58163.22878986597
6935,102.4115219116211,6.678028106689453,2475550.203643799,58169.90681797266
6936,79.05070495605469,6.859644412994385,2475629.254348755,58176.766462385654
6937,58.36504364013672,1.3423502445220947,2475687.619392395,58178.10881263018
6938,184.6526336669922,8.295320510864258,2475872.272026062,58186.40413314104
6939,311.01226806640625,9.486429214477539,2476183.2842941284,58195.89056235552
6940,218.20736694335938,9.066658973693848,2476401.491661072,58204.95722132921
6941,245.61712646484375,8.94376277923584,2476647.1087875366,58213.90098410845
6942,105.15687561035156,7.754368782043457,2476752.265663147,58221.65535289049
6943,375.35968017578125,8.632691383361816,2477127.6253433228,58230.28804427385
6944,162.2398681640625,7.720219135284424,2477289.865211487,58238.00826340914
6945,131.10888671875,8.385336875915527,2477420.9740982056,58246.39360028505
6946,211.92129516601562,9.75376033782959,2477632.8953933716,58256.14736062288
6947,315.8603210449219,8.697608947753906,2477948.7557144165,58264.84496957064
6948,447.75823974609375,8.840364456176758,2478396.5139541626,58273.68533402681
6949,222.24501037597656,8.472381591796875,2478618.7589645386,58282.15771561861
6950,177.73715209960938,8.591978073120117,2478796.496116638,58290.74969369173
6951,67.41059875488281,4.635167598724365,2478863.906715393,58295.384861290455
6952,315.2201843261719,9.85009479522705,2479179.1268997192,58305.23495608568
6953,249.24591064453125,9.293899536132812,2479428.372810364,58314.528855621815
6954,142.46234130859375,7.580450057983398,2479570.8351516724,58322.1093056798
6955,249.1400604248047,8.968647003173828,2479819.975212097,58331.07795268297
6956,118.29590606689453,8.575695991516113,2479938.271118164,58339.65364867449
6957,135.36911010742188,8.592544555664062,2480073.6402282715,58348.24619323015
6958,84.64210510253906,9.747000694274902,2480158.282333374,58357.99319392443
6959,182.56939697265625,8.130034446716309,2480340.8517303467,58366.12322837114
6960,51.82756805419922,3.715566873550415,2480392.679298401,58369.838795244694
6961,145.1212615966797,7.738251686096191,2480537.8005599976,58377.57704693079
6962,55.03200912475586,1.390532374382019,2480592.8325691223,58378.96757930517
6963,219.88690185546875,9.595673561096191,2480812.719470978,58388.56325286627
6964,158.2423858642578,7.830272674560547,2480970.961856842,58396.39352554083
6965,106.62808227539062,6.727105617523193,2481077.5899391174,58403.12063115835
6966,126.30818176269531,7.3600311279296875,2481203.89812088,58410.48066228628
6967,357.03253173828125,8.930347442626953,2481560.9306526184,58419.41100972891
6968,133.65603637695312,8.37559986114502,2481694.5866889954,58427.78660959005
6969,162.28070068359375,7.278842449188232,2481856.867389679,58435.06545203924
6970,129.23240661621094,7.977662086486816,2481986.099796295,58443.04311412573
6971,154.37738037109375,9.940149307250977,2482140.4771766663,58452.98326343298
6972,85.11723327636719,7.109228134155273,2482225.5944099426,58460.092491567135
6973,177.88302612304688,7.865720748901367,2482403.4774360657,58467.958212316036
6974,193.57981872558594,7.7628397941589355,2482597.0572547913,58475.721052110195
6975,49.60308074951172,2.1285173892974854,2482646.660335541,58477.84956949949
6976,155.400634765625,8.052915573120117,2482802.0609703064,58485.90248507261
6977,65.0362548828125,3.066823959350586,2482867.097225189,58488.96930903196
6978,180.83660888671875,8.522444725036621,2483047.933834076,58497.491753757
6979,53.37165069580078,2.3486382961273193,2483101.3054847717,58499.84039205313
6980,241.7595977783203,9.458162307739258,2483343.06508255,58509.29855436087
6981,421.8143005371094,8.924568176269531,2483764.879383087,58518.223122537136
6982,269.09466552734375,9.84353256225586,2484033.9740486145,58528.06665509939
6983,271.2798156738281,9.329689979553223,2484305.2538642883,58537.396345078945
6984,58.03355026245117,1.881314992904663,2484363.287414551,58539.27766007185
6985,293.2633361816406,9.846614837646484,2484656.5507507324,58549.124274909496
6986,125.70655822753906,7.8091559410095215,2484782.25730896,58556.933430850506
6987,223.3232421875,8.688047409057617,2485005.5805511475,58565.62147825956
6988,207.8983917236328,7.712166786193848,2485213.478942871,58573.33364504576
6989,179.57928466796875,7.9931159019470215,2485393.058227539,58581.326760947704
6990,192.29806518554688,7.516706943511963,2485585.3562927246,58588.843467891216
6991,307.30584716796875,10.21033000946045,2485892.6621398926,58599.05379790068
6992,115.1300048828125,6.878997802734375,2486007.7921447754,58605.93279570341
6993,74.5989990234375,6.596041202545166,2486082.391143799,58612.528836905956
6994,402.33038330078125,9.034821510314941,2486484.7215270996,58621.56365841627
6995,427.2312316894531,10.311595916748047,2486911.952758789,58631.87525433302
6996,277.6265869140625,9.151347160339355,2487189.579345703,58641.02660149336
6997,198.2765350341797,9.115828514099121,2487387.8558807373,58650.14243000746
6998,257.6913146972656,9.429451942443848,2487645.5471954346,58659.5718819499
6999,238.87351989746094,8.208373069763184,2487884.420715332,58667.780255019665
7000,118.29866027832031,8.276957511901855,2488002.7193756104,58676.05721253157
7001,172.66183471679688,8.29316520690918,2488175.381210327,58684.350377738476
7002,212.33438110351562,10.211292266845703,2488387.7155914307,58694.56167000532
7003,285.3682861328125,9.501009941101074,2488673.0838775635,58704.06267994642
7004,187.69142150878906,7.653835773468018,2488860.7752990723,58711.71651571989
7005,58.7061882019043,3.521944522857666,2488919.481487274,58715.23846024275
7006,259.5284729003906,9.097943305969238,2489179.0099601746,58724.33640354872
7007,194.1458282470703,8.268058776855469,2489373.1557884216,58732.60446232557
7008,268.35418701171875,8.962321281433105,2489641.5099754333,58741.566783607006
7009,255.79241943359375,8.556795120239258,2489897.302394867,58750.123578727245
7010,137.353515625,8.227765083312988,2490034.655910492,58758.35134381056
7011,182.1862030029297,7.525876045227051,2490216.842113495,58765.877219855785
7012,276.05438232421875,9.748955726623535,2490492.896495819,58775.62617558241
7013,312.12506103515625,9.408234596252441,2490805.0215568542,58785.03441017866
7014,145.85528564453125,7.966892242431641,2490950.876842499,58793.00130242109
7015,244.9056396484375,9.550442695617676,2491195.782482147,58802.55174511671
7016,58.43428421020508,1.5634111166000366,2491254.2167663574,58804.11515623331
7017,101.79700469970703,7.43446159362793,2491356.013771057,58811.54961782694
7018,132.35430908203125,8.015558242797852,2491488.368080139,58819.56517606974
7019,210.76296997070312,8.265412330627441,2491699.13105011,58827.830588400364
7020,185.5550537109375,8.579804420471191,2491884.686103821,58836.410392820835
7021,181.8402557373047,9.271441459655762,2492066.526359558,58845.68183428049
7022,55.52250289916992,1.324996829032898,2492122.0488624573,58847.006831109524
7023,195.2257537841797,8.502851486206055,2492317.2746162415,58855.50968259573
7024,149.98861694335938,8.354981422424316,2492467.263233185,58863.864664018154
7025,215.51292419433594,10.547414779663086,2492682.776157379,58874.41207879782
7026,117.20632934570312,8.591217041015625,2492799.982486725,58883.00329583883
7027,254.33482360839844,10.103132247924805,2493054.3173103333,58893.10642808676
7028,180.9127197265625,8.445622444152832,2493235.23003006,58901.55205053091
7029,226.83876037597656,7.925632476806641,2493462.068790436,58909.47768300772
7030,88.70681762695312,7.85244607925415,2493550.7756080627,58917.33012908697
7031,305.8111572265625,9.020722389221191,2493856.5867652893,58926.35085147619
7032,158.81820678710938,7.560860633850098,2494015.4049720764,58933.91171211004
7033,360.7541809082031,10.129127502441406,2494376.1591529846,58944.040839612484
7034,57.63164520263672,5.146559715270996,2494433.7907981873,58949.187399327755
7035,198.23760986328125,9.697212219238281,2494632.0284080505,58958.88461154699
7036,171.0093994140625,8.354105949401855,2494803.0378074646,58967.238717496395
7037,144.59005737304688,8.46304988861084,2494947.6278648376,58975.701767385006
7038,52.52608108520508,6.176325798034668,2495000.153945923,58981.87809318304
7039,108.70954895019531,8.272640228271484,2495108.863494873,58990.15073341131
7040,58.603363037109375,3.4664294719696045,2495167.46685791,58993.61716288328
7041,68.43843841552734,5.777196884155273,2495235.9052963257,58999.39435976744
7042,52.575401306152344,3.2007815837860107,2495288.480697632,59002.59514135122
7043,278.73614501953125,8.977334976196289,2495567.2168426514,59011.57247632742
7044,283.94677734375,8.585421562194824,2495851.163619995,59020.157897889614
7045,194.63340759277344,10.230093955993652,2496045.797027588,59030.38799184561
7046,167.64170837402344,7.66702938079834,2496213.438735962,59038.055021226406
7047,69.6654281616211,2.4512438774108887,2496283.1041641235,59040.50626510382
7048,123.53646087646484,8.353464126586914,2496406.640625,59048.859729230404
7049,320.7005615234375,9.278820991516113,2496727.3411865234,59058.13855022192
7050,204.869140625,7.26749324798584,2496932.2103271484,59065.406043469906
7051,220.2877197265625,8.659358978271484,2497152.498046875,59074.06540244818
7052,328.7933044433594,8.748714447021484,2497481.2913513184,59082.8141168952
7053,115.98252868652344,7.599776268005371,2497597.273880005,59090.413893163204
7054,234.1528778076172,8.602447509765625,2497831.4267578125,59099.01634067297
7055,306.9033203125,9.307153701782227,2498138.330078125,59108.32349437475
7056,249.98626708984375,8.975200653076172,2498388.316345215,59117.29869502783
7057,81.35836791992188,6.995650291442871,2498469.6747131348,59124.29434531927
7058,259.8004150390625,9.58364486694336,2498729.475128174,59133.877990186214
7059,323.5367431640625,9.340008735656738,2499053.011871338,59143.21799892187
7060,79.4298095703125,6.868252754211426,2499132.441680908,59150.08625167608
7061,220.98443603515625,9.211143493652344,2499353.4261169434,59159.297395169735
7062,165.73487854003906,8.695180892944336,2499519.1609954834,59167.99257606268
7063,382.1793212890625,9.2475004196167,2499901.3403167725,59177.240076482296
7064,363.343505859375,9.696267127990723,2500264.683822632,59186.93634361029
7065,148.05653381347656,8.28464412689209,2500412.7403564453,59195.22098773718
7066,252.23309326171875,9.713688850402832,2500664.973449707,59204.93467658758
7067,378.74127197265625,9.298770904541016,2501043.7147216797,59214.23344749212
7068,244.71929931640625,8.839944839477539,2501288.434020996,59223.0733923316
7069,55.09876251220703,1.5202082395553589,2501343.5327835083,59224.593600571156
7070,254.56761169433594,9.640643119812012,2501598.1003952026,59234.23424369097
7071,193.29087829589844,8.358270645141602,2501791.3912734985,59242.59251433611
7072,250.12557983398438,8.1404390335083,2502041.5168533325,59250.73295336962
7073,354.33697509765625,8.76581859588623,2502395.85382843,59259.498771965504
7074,171.8573455810547,8.26283073425293,2502567.711174011,59267.76160269976
7075,197.6080322265625,8.462671279907227,2502765.319206238,59276.224273979664
7076,58.075252532958984,1.690468668937683,2502823.3944587708,59277.9147426486
7077,138.82476806640625,8.977174758911133,2502962.219226837,59286.89191740751
7078,283.89215087890625,8.898624420166016,2503246.111377716,59295.79054182768
7079,119.38102722167969,8.217995643615723,2503365.4924049377,59304.008537471294
7080,340.20135498046875,10.146747589111328,2503705.693759918,59314.155285060406
7081,308.13275146484375,8.417864799499512,2504013.826511383,59322.573149859905
7082,130.42221069335938,8.23802661895752,2504144.2487220764,59330.81117647886
7083,361.30517578125,8.962738037109375,2504505.5538978577,59339.77391451597
7084,199.16714477539062,8.301895141601562,2504704.721042633,59348.075809657574
7085,250.41119384765625,8.57184886932373,2504955.1322364807,59356.6476585269
7086,246.56158447265625,8.582320213317871,2505201.6938209534,59365.229978740215
7087,136.52223205566406,7.994781970977783,2505338.216053009,59373.22476071119
7088,58.16712188720703,4.380985736846924,2505396.3831748962,59377.60574644804
7089,269.05853271484375,8.851641654968262,2505665.441707611,59386.45738810301
7090,55.873878479003906,1.5981653928756714,2505721.31558609,59388.055553495884
7091,56.611000061035156,2.6708080768585205,2505777.926586151,59390.72636157274
7092,138.23495483398438,8.443188667297363,2505916.161540985,59399.16955024004
7093,137.72735595703125,8.450987815856934,2506053.888896942,59407.6205380559
7094,138.82801818847656,8.301837921142578,2506192.7169151306,59415.92237597704
7095,211.06640625,8.518148422241211,2506403.7833213806,59424.44052439928
7096,182.33798217773438,8.140549659729004,2506586.1213035583,59432.58107405901
7097,335.46343994140625,9.03410530090332,2506921.5847434998,59441.61517935991
7098,400.08349609375,8.787171363830566,2507321.6682395935,59450.40235072374
7099,231.08453369140625,8.557202339172363,2507552.752773285,59458.959553062916
7100,227.54156494140625,7.780671119689941,2507780.2943382263,59466.740224182606
7101,254.5478057861328,7.707533836364746,2508034.8421440125,59474.44775801897
7102,118.62403106689453,6.927839756011963,2508153.4661750793,59481.37559777498
7103,267.6832275390625,8.289146423339844,2508421.1494026184,59489.66474419832
7104,176.5892791748047,8.409192085266113,2508597.738681793,59498.07393628359
7105,61.294925689697266,4.313412189483643,2508659.033607483,59502.38734847307
7106,151.8106231689453,8.789810180664062,2508810.844230652,59511.177158653736
7107,277.001220703125,9.006243705749512,2509087.845451355,59520.183402359486
7108,130.69085693359375,8.539721488952637,2509218.5363082886,59528.72312384844
7109,86.59068298339844,6.855839729309082,2509305.126991272,59535.57896357775
7110,348.56024169921875,8.974522590637207,2509653.687232971,59544.553486168385
7111,278.32470703125,9.675617218017578,2509932.0119400024,59554.2291033864
7112,116.7839126586914,6.917807102203369,2510048.795852661,59561.146910488605
7113,59.20647430419922,2.5894320011138916,2510108.0023269653,59563.73634248972
7114,225.02099609375,8.407047271728516,2510333.023323059,59572.14338976145
7115,351.7169189453125,9.292284965515137,2510684.7402420044,59581.43567472696
7116,275.682861328125,8.229549407958984,2510960.4231033325,59589.66522413492
7117,304.00604248046875,9.115260124206543,2511264.429145813,59598.78048425913
7118,298.2078552246094,8.225142478942871,2511562.6370010376,59607.00562673807
7119,309.678955078125,8.547757148742676,2511872.3159561157,59615.553383886814
7120,256.9035339355469,9.340291976928711,2512129.2194900513,59624.89367586374
7121,275.41845703125,8.484654426574707,2512404.6379470825,59633.37833029032
7122,65.63468933105469,3.2888264656066895,2512470.2726364136,59636.667156755924
7123,145.31201171875,7.1788811683654785,2512615.5846481323,59643.84603792429
7124,62.394859313964844,4.939929962158203,2512677.9795074463,59648.78596788645
7125,215.17144775390625,7.910679340362549,2512893.1509552,59656.69664722681
7126,162.7924346923828,9.088371276855469,2513055.9433898926,59665.785018503666
7127,92.279052734375,7.420167446136475,2513148.222442627,59673.2051859498
7128,180.43023681640625,8.590507507324219,2513328.6526794434,59681.79569345713
7129,390.3879699707031,8.903356552124023,2513719.040649414,59690.69905000925
7130,156.90640258789062,8.007014274597168,2513875.947052002,59698.70606428385
7131,233.84922790527344,8.9196138381958,2514109.796279907,59707.62567812204
7132,167.6978759765625,8.958281517028809,2514277.494155884,59716.58395963907
7133,114.10169982910156,8.22860336303711,2514391.595855713,59724.81256300211
7134,250.48764038085938,10.17871379852295,2514642.0834960938,59734.99127680063
7135,78.34935760498047,6.402597427368164,2514720.4328536987,59741.393874228
7136,58.15351867675781,2.668504238128662,2514778.5863723755,59744.06237846613
7137,328.5833740234375,9.254168510437012,2515107.169746399,59753.316546976566
7138,156.578125,7.412001132965088,2515263.747871399,59760.72854810953
7139,60.83467483520508,2.72918963432312,2515324.582546234,59763.457737743855
7140,192.34982299804688,8.637011528015137,2515516.932369232,59772.09474927187
7141,345.0585021972656,8.867751121520996,2515861.9908714294,59780.96250039339
7142,316.61981201171875,8.636322975158691,2516178.610683441,59789.59882336855
7143,247.4454345703125,8.691139221191406,2516426.0561180115,59798.28996258974
7144,128.55850219726562,7.802092552185059,2516554.6146202087,59806.092055141926
7145,353.14453125,8.481986045837402,2516907.7591514587,59814.57404118776
7146,218.44712829589844,8.495824813842773,2517126.2062797546,59823.069866001606
7147,135.216796875,8.346181869506836,2517261.4230766296,59831.41604787111
7148,57.811424255371094,1.465401291847229,2517319.234500885,59832.88144916296
7149,335.73077392578125,9.082910537719727,2517654.965274811,59841.96435970068
7150,494.826904296875,11.686379432678223,2518149.7921791077,59853.65073913336
7151,229.50112915039062,8.774839401245117,2518379.293308258,59862.4255785346
7152,66.59422302246094,4.165247917175293,2518445.8875312805,59866.59082645178
7153,230.40606689453125,8.47606372833252,2518676.293598175,59875.06689018011
7154,340.8974609375,11.070928573608398,2519017.1910591125,59886.13781875372
7155,55.34305953979492,2.543607473373413,2519072.5341186523,59888.68142622709
7156,123.7182846069336,8.243217468261719,2519196.2524032593,59896.924643695354
7157,106.07792663574219,7.512016296386719,2519302.330329895,59904.43665999174
7158,186.4170684814453,8.317968368530273,2519488.7473983765,59912.75462836027
7159,232.227783203125,7.736217021942139,2519720.9751815796,59920.49084538221
7160,392.66851806640625,9.604708671569824,2520113.643699646,59930.09555405378
7161,104.09671020507812,7.331396102905273,2520217.740409851,59937.42695015669
7162,134.4188232421875,8.154712677001953,2520352.1592330933,59945.58166283369
7163,220.28224182128906,9.074707984924316,2520572.4414749146,59954.656370818615
7164,159.78439331054688,8.231683731079102,2520732.225868225,59962.888054549694
7165,72.80586242675781,1.8505432605743408,2520805.031730652,59964.73859781027
7166,203.8182830810547,8.749311447143555,2521008.850013733,59973.48790925741
7167,332.3101806640625,8.61702823638916,2521341.160194397,59982.1049374938
7168,384.821044921875,9.312300682067871,2521725.981239319,59991.41723817587
7169,293.758544921875,8.938565254211426,2522019.7397842407,60000.35580343008
7170,220.9915771484375,7.629644393920898,2522240.731361389,60007.985447824
7171,58.81538009643555,3.7731642723083496,2522299.5467414856,60011.75861209631
7172,129.43716430664062,7.920499801635742,2522428.9839057922,60019.679111897945
7173,269.01025390625,7.857097148895264,2522697.9941596985,60027.53620904684
7174,129.56329345703125,8.122776985168457,2522827.5574531555,60035.65898603201
7175,133.81124877929688,7.43738317489624,2522961.368701935,60043.096369206905
7176,129.61856079101562,8.142088890075684,2523090.987262726,60051.23845809698
7177,101.19554901123047,6.995135307312012,2523192.182811737,60058.23359340429
7178,272.83367919921875,8.393515586853027,2523465.0164909363,60066.627108991146
7179,269.70660400390625,9.621604919433594,2523734.72309494,60076.24871391058
7180,141.07017517089844,8.653773307800293,2523875.793270111,60084.90248721838
7181,216.83346557617188,8.249495506286621,2524092.6267356873,60093.15198272467
7182,131.1173858642578,8.980720520019531,2524223.7441215515,60102.132703244686
7183,57.31474685668945,6.216641426086426,2524281.058868408,60108.34934467077
7184,209.47305297851562,8.942303657531738,2524490.5319213867,60117.291648328304
7185,58.42214584350586,1.493800163269043,2524548.95406723,60118.78544849157
7186,271.14703369140625,8.477498054504395,2524820.1011009216,60127.26294654608
7187,249.46029663085938,9.03030776977539,2525069.5613975525,60136.29325431585
7188,59.92244338989258,3.5997142791748047,2525129.4838409424,60139.89296859503
7189,173.6292724609375,7.589741230010986,2525303.1131134033,60147.48270982504
7190,334.117919921875,9.293158531188965,2525637.231033325,60156.77586835623
7191,51.5963020324707,2.0968639850616455,2525688.8273353577,60158.87273234129
7192,247.56991577148438,7.791836738586426,2525936.397251129,60166.664569079876
7193,285.47412109375,8.619132041931152,2526221.871372223,60175.28370112181
7194,255.98464965820312,8.476322174072266,2526477.856021881,60183.76002329588
7195,150.15000915527344,7.644351959228516,2526628.0060310364,60191.40437525511
7196,210.98043823242188,9.332194328308105,2526838.986469269,60200.736569583416
7197,366.72528076171875,8.741912841796875,2527205.7117500305,60209.47848242521
7198,238.9210968017578,8.636678695678711,2527444.6328468323,60218.11516112089
7199,163.8170623779297,9.420278549194336,2527608.44990921,60227.535439670086
7200,264.6561279296875,8.633715629577637,2527873.10603714,60236.16915529966
7201,53.419837951660156,5.3785576820373535,2527926.5258750916,60241.5477129817
7202,51.95532989501953,2.6680638790130615,2527978.4812049866,60244.215776860714
7203,53.34499740600586,3.5248301029205322,2528031.8262023926,60247.740606963634
7204,155.99769592285156,8.827853202819824,2528187.8238983154,60256.568460166454
7205,71.52470397949219,6.488316535949707,2528259.348602295,60263.056776702404
7206,135.80239868164062,8.20274829864502,2528395.1510009766,60271.25952500105
7207,133.4877471923828,7.378591060638428,2528528.638748169,60278.63811606169
7208,93.45355224609375,7.394102573394775,2528622.092300415,60286.03221863508
7209,110.47792053222656,7.980113983154297,2528732.5702209473,60294.01233261824
7210,220.16305541992188,8.91752815246582,2528952.733276367,60302.9298607707
7211,173.0699005126953,7.217774391174316,2529125.80317688,60310.14763516188
7212,236.2991485595703,8.801179885864258,2529362.1023254395,60318.94881504774
7213,133.94297790527344,7.063199520111084,2529496.0453033447,60326.01201456785
7214,65.16734313964844,4.619219779968262,2529561.2126464844,60330.63123434782
7215,426.4500732421875,10.763801574707031,2529987.6627197266,60341.39503592253
7216,57.027442932128906,3.390336275100708,2530044.6901626587,60344.78537219763
7217,97.42730712890625,6.7666544914245605,2530142.1174697876,60351.55202668905
7218,190.6096649169922,9.169261932373047,2530332.7271347046,60360.721288621426
7219,140.49981689453125,8.082175254821777,2530473.226951599,60368.80346387625
7220,326.1663818359375,8.752031326293945,2530799.393333435,60377.55549520254
7221,370.234375,8.953814506530762,2531169.627708435,60386.50930970907
7222,206.74905395507812,9.611395835876465,2531376.37676239,60396.12070554495
7223,293.01409912109375,8.83048152923584,2531669.390861511,60404.951187074184
7224,250.38839721679688,8.983113288879395,2531919.779258728,60413.934300363064
7225,53.62055969238281,3.82965087890625,2531973.3998184204,60417.76395124197
7226,184.04666137695312,8.227696418762207,2532157.4464797974,60425.99164766073
7227,66.4620132446289,6.412342071533203,2532223.908493042,60432.403989732265
7228,120.3899154663086,9.162031173706055,2532344.2984085083,60441.56602090597
7229,58.460243225097656,1.402854084968567,2532402.7586517334,60442.96887499094
7230,137.97421264648438,9.525029182434082,2532540.73286438,60452.493904173374
7231,63.58089828491211,6.672609806060791,2532604.313762665,60459.166513979435
7232,346.74334716796875,8.962725639343262,2532951.0571098328,60468.12923961878
7233,253.04534912109375,8.283705711364746,2533204.102458954,60476.41294533014
7234,60.57992172241211,3.6311919689178467,2533264.6823806763,60480.04413729906
7235,186.75482177734375,8.683506965637207,2533451.4372024536,60488.7276442647
7236,158.5989990234375,9.809088706970215,2533610.036201477,60498.53673297167
7237,256.3822021484375,8.295602798461914,2533866.4184036255,60506.83233577013
7238,177.9805908203125,9.338825225830078,2534044.398994446,60516.17116099596
7239,58.170799255371094,2.0891473293304443,2534102.569793701,60518.26030832529
7240,238.94900512695312,8.221603393554688,2534341.518798828,60526.481911718845
7241,172.12152099609375,9.504435539245605,2534513.640319824,60535.98634725809
7242,203.67372131347656,7.783783435821533,2534717.3140411377,60543.77013069391
7243,128.37664794921875,8.003692626953125,2534845.690689087,60551.773823320866
7244,205.18612670898438,7.921940326690674,2535050.876815796,60559.695763647556
7245,54.43135070800781,1.6873536109924316,2535105.308166504,60561.38311725855
7246,124.8060073852539,7.505869388580322,2535230.114173889,60568.88898664713
7247,186.88623046875,7.842372417449951,2535417.000404358,60576.73135906458
7248,116.34269714355469,8.320304870605469,2535533.3431015015,60585.051663935184
7249,226.044677734375,8.850156784057617,2535759.387779236,60593.90182071924
7250,59.691585540771484,3.8284683227539062,2535819.0793647766,60597.730289041996
7251,212.40670776367188,8.521036148071289,2536031.4860725403,60606.25132519007
7252,268.37841796875,8.561771392822266,2536299.864490509,60614.81309658289
7253,278.6376953125,8.221091270446777,2536578.5021858215,60623.034187853336
7254,249.0231475830078,8.551054954528809,2536827.5253334045,60631.585242807865
7255,74.19441223144531,5.507366180419922,2536901.719745636,60637.092608988285
7256,203.20870971679688,9.079797744750977,2537104.928455353,60646.172406733036
7257,129.98233032226562,8.017497062683105,2537234.910785675,60654.18990379572
7258,150.3654327392578,8.016633033752441,2537385.2762184143,60662.20653682947
7259,289.3677062988281,8.628381729125977,2537674.643924713,60670.8349185586
7260,49.99578094482422,4.060755252838135,2537724.639705658,60674.895673811436
7261,374.7620544433594,9.317760467529297,2538099.4017601013,60684.213434278965
7262,243.08807373046875,9.236974716186523,2538342.489833832,60693.45040899515
7263,131.23648071289062,8.737781524658203,2538473.7263145447,60702.18819051981
7264,222.78411865234375,9.022769927978516,2538696.510433197,60711.21096044779
7265,316.7272644042969,9.47024154663086,2539013.2376976013,60720.68120199442
7266,289.0973815917969,9.035834312438965,2539302.335079193,60729.71703630686
7267,59.21233367919922,2.2317862510681152,2539361.5474128723,60731.948822557926
7268,293.5712890625,9.749351501464844,2539655.118701935,60741.69817405939
7269,126.4577865600586,8.952725410461426,2539781.576488495,60750.65089946985
7270,291.1363830566406,8.380731582641602,2540072.7128715515,60759.031631052494
7271,282.3149719238281,9.561037063598633,2540355.0278434753,60768.59266811609
7272,321.0457763671875,9.42523193359375,2540676.0736198425,60778.01790004969
7273,211.94076538085938,9.62240982055664,2540888.0143852234,60787.64030987024
7274,196.59970092773438,8.536407470703125,2541084.614086151,60796.176717340946
7275,266.44439697265625,8.693087577819824,2541351.058483124,60804.869804918766
7276,52.74333953857422,1.5579147338867188,2541403.8018226624,60806.42771965265
7277,112.4754409790039,7.514781475067139,2541516.2772636414,60813.94250112772
7278,281.97723388671875,10.86205005645752,2541798.254497528,60824.80455118418
7279,174.8919677734375,8.224448204040527,2541973.1464653015,60833.02899938822
7280,171.01747131347656,8.073500633239746,2542144.163936615,60841.10250002146
7281,118.67274475097656,8.491849899291992,2542262.836681366,60849.59434992075
7282,129.97003173828125,6.323671817779541,2542392.8067131042,60855.91802173853
7283,172.12142944335938,9.315107345581055,2542564.9281425476,60865.23312908411
7284,290.77008056640625,9.026619911193848,2542855.698223114,60874.259748995304
7285,61.40754318237305,1.3287862539291382,2542917.1057662964,60875.58853524923
7286,186.5582275390625,9.735228538513184,2543103.6639938354,60885.32376378775
7287,119.69686889648438,7.959871292114258,2543223.360862732,60893.28363507986
7288,143.55906677246094,8.563865661621094,2543366.9199295044,60901.84750074148
7289,114.43962097167969,8.211625099182129,2543481.359550476,60910.059125840664
7290,220.51593017578125,8.37835693359375,2543701.875480652,60918.43748277426
7291,60.48223876953125,4.8009514808654785,2543762.3577194214,60923.23843425512
7292,405.5859375,9.540879249572754,2544167.9436569214,60932.779313504696
7293,352.032958984375,8.28515911102295,2544519.9766159058,60941.06447261572
7294,364.42041015625,8.60390853881836,2544884.397026062,60949.66838115454
7295,64.84300231933594,2.7899975776672363,2544949.2400283813,60952.458378732204
7296,229.62933349609375,7.871318340301514,2545178.8693618774,60960.329697072506
7297,142.21231079101562,7.266545295715332,2545321.0816726685,60967.59624236822
7298,152.99671936035156,8.052584648132324,2545474.078392029,60975.64882701635
7299,302.53497314453125,9.131352424621582,2545776.6133651733,60984.780179440975
7300,59.74009704589844,1.8991509675979614,2545836.3534622192,60986.67933040857
7301,57.19099426269531,2.921743154525757,2545893.544456482,60989.6010735631
7302,195.762939453125,8.179769515991211,2546089.307395935,60997.78084307909
7303,101.114990234375,6.280985355377197,2546190.4223861694,61004.06182843447
7304,128.4156951904297,8.149657249450684,2546318.83808136,61012.21148568392
7305,266.04443359375,9.866974830627441,2546584.8825149536,61022.078460514545
7306,199.20654296875,9.015263557434082,2546784.0890579224,61031.09372407198
7307,300.4995422363281,9.172464370727539,2547084.5886001587,61040.26618844271
7308,223.43927001953125,8.578507423400879,2547308.027870178,61048.84469586611
7309,189.6646728515625,8.757038116455078,2547497.69254303,61057.60173398256
7310,299.60955810546875,8.96383285522461,2547797.3021011353,61066.56556683779
7311,152.0631103515625,8.662647247314453,2547949.365211487,61075.2282140851
7312,149.90338134765625,8.338863372802734,2548099.2685928345,61083.567077457905
7313,240.61026000976562,9.430541038513184,2548339.8788528442,61092.99761849642
7314,180.07156372070312,9.630425453186035,2548519.950416565,61102.628043949604
7315,185.84735107421875,8.998574256896973,2548705.797767639,61111.6266182065
7316,141.5050048828125,7.890658378601074,2548847.302772522,61119.5172765851
7317,231.54226684570312,9.037154197692871,2549078.8450393677,61128.554430782795
7318,248.37118530273438,9.162363052368164,2549327.2162246704,61137.71679383516
7319,277.5077819824219,8.954635620117188,2549604.724006653,61146.67142945528
7320,232.38137817382812,7.8877339363098145,2549837.1053848267,61154.55916339159
7321,302.4989929199219,8.829582214355469,2550139.6043777466,61163.388745605946
7322,163.09353637695312,9.127405166625977,2550302.6979141235,61172.51615077257
7323,287.7323913574219,10.555872917175293,2550590.430305481,61183.07202368975
7324,151.00086975097656,8.12691593170166,2550741.431175232,61191.19893962145
7325,181.4621124267578,9.328278541564941,2550922.8932876587,61200.52721816301
7326,285.6251220703125,8.98454475402832,2551208.518409729,61209.51176291704
7327,345.73931884765625,8.68435287475586,2551554.2577285767,61218.1961157918
7328,147.0113067626953,8.119617462158203,2551701.2690353394,61226.315733253956
7329,133.11862182617188,7.549619197845459,2551834.3876571655,61233.8653524518
7330,57.44603729248047,2.4184398651123047,2551891.833694458,61236.28379231691
7331,241.82998657226562,9.23459243774414,2552133.6636810303,61245.51838475466
7332,135.32308959960938,8.506853103637695,2552268.98677063,61254.025237858295
7333,273.744384765625,8.441828727722168,2552542.7311553955,61262.46706658602
7334,110.05767059326172,7.3193254470825195,2552652.788825989,61269.7863920331
7335,125.08194732666016,7.455037593841553,2552777.8707733154,61277.24142962694
7336,43.73834228515625,3.370361328125,2552821.6091156006,61280.61179095507
7337,365.2843322753906,8.568656921386719,2553186.893447876,61289.18044787645
7338,54.682151794433594,1.3907798528671265,2553241.5755996704,61290.57122772932
7339,317.05841064453125,8.355295181274414,2553558.634010315,61298.926522910595
7340,114.54782104492188,8.218866348266602,2553673.18183136,61307.14538925886
7341,74.24588775634766,5.5723090171813965,2553747.427719116,61312.71769827604
7342,211.13270568847656,9.34222412109375,2553958.5604248047,61322.05992239714
7343,243.8284454345703,10.434839248657227,2554202.3888702393,61332.494761645794
7344,58.29022216796875,5.528793811798096,2554260.679092407,61338.02355545759
7345,268.5966491699219,8.983697891235352,2554529.275741577,61347.00725334883
7346,242.35482788085938,9.313910484313965,2554771.630569458,61356.32116383314
7347,154.19015502929688,7.957003116607666,2554925.8207244873,61364.27816694975
7348,138.30960083007812,8.489739418029785,2555064.1303253174,61372.76790636778
7349,114.99977111816406,8.185341835021973,2555179.1300964355,61380.9532482028
7350,143.65235900878906,9.714149475097656,2555322.7824554443,61390.6673976779
7351,62.59332275390625,4.416374206542969,2555385.3757781982,61395.08377188444
7352,112.98768615722656,8.220294952392578,2555498.3634643555,61403.304066836834
7353,123.61573791503906,6.671481609344482,2555621.9792022705,61409.97554844618
7354,164.79931640625,8.27876091003418,2555786.7785186768,61418.25430935621
7355,114.89799499511719,7.850773811340332,2555901.676513672,61426.10508316755
7356,341.4100036621094,9.36604118347168,2556243.086517334,61435.471124351025
7357,62.42762756347656,3.5264031887054443,2556305.5141448975,61438.99752753973
7358,199.36000061035156,9.147271156311035,2556504.874145508,61448.14479869604
7359,222.27207946777344,8.384432792663574,2556727.1462249756,61456.529231488705
7360,109.85369873046875,6.969898223876953,2556836.999923706,61463.49912971258
7361,158.94610595703125,8.010287284851074,2556995.946029663,61471.50941699743
7362,236.94573974609375,8.703009605407715,2557232.891769409,61480.21242660284
7363,333.11248779296875,9.202351570129395,2557566.004257202,61489.41477817297
7364,184.16485595703125,9.193984985351562,2557750.169113159,61498.60876315832
7365,202.63314819335938,9.058066368103027,2557952.8022613525,61507.666829526424
7366,128.0462646484375,8.888076782226562,2558080.848526001,61516.55490630865
7367,162.9666290283203,9.014516830444336,2558243.8151550293,61525.569423139095
7368,274.9581298828125,8.543377876281738,2558518.773284912,61534.11280101538
7369,262.056396484375,8.36870288848877,2558780.8296813965,61542.481503903866
7370,219.1417236328125,8.491750717163086,2558999.9714050293,61550.97325462103
7371,233.75990295410156,8.536038398742676,2559233.7313079834,61559.50929301977
7372,138.0923614501953,7.564697265625,2559371.8236694336,61567.0739902854
7373,160.3314208984375,7.714353084564209,2559532.155090332,61574.78834336996
7374,359.1586608886719,8.903533935546875,2559891.3137512207,61583.69187730551
7375,61.06768035888672,1.2981436252593994,2559952.3814315796,61584.99002093077
7376,53.11224365234375,2.9328367710113525,2560005.493675232,61587.92285770178
7377,260.524169921875,9.883723258972168,2560266.017845154,61597.80658096075
7378,146.269775390625,8.466596603393555,2560412.2876205444,61606.273177564144
7379,350.21246337890625,9.016648292541504,2560762.5000839233,61615.289825856686
7380,195.57073974609375,8.985949516296387,2560958.0708236694,61624.27577537298
7381,117.08224487304688,8.437459945678711,2561075.1530685425,61632.71323531866
7382,314.16510009765625,9.114143371582031,2561389.31816864,61641.82737869024
7383,54.47021484375,3.598115921020508,2561443.788383484,61645.42549461126
7384,397.65185546875,10.196595191955566,2561841.4402389526,61655.62208980322
7385,193.00738525390625,8.746085166931152,2562034.4476242065,61664.36817497015
7386,109.41340637207031,6.89841365814209,2562143.8610305786,61671.26658862829
7387,222.89358520507812,10.07817554473877,2562366.7546157837,61681.34476417303
7388,203.37631225585938,8.425978660583496,2562570.1309280396,61689.770742833614
7389,384.5220031738281,9.724903106689453,2562954.6529312134,61699.495645940304
7390,149.1494140625,8.087181091308594,2563103.802345276,61707.58282703161
7391,189.1802520751953,9.184215545654297,2563292.982597351,61716.76704257727
7392,227.51422119140625,9.713172912597656,2563520.4968185425,61726.480215489864
7393,291.5550537109375,8.239310264587402,2563812.0518722534,61734.71952575445
7394,61.69899368286133,2.0368239879608154,2563873.7508659363,61736.75634974241
7395,157.109130859375,8.10152816772461,2564030.8599967957,61744.85787791014
7396,179.8095245361328,8.401789665222168,2564210.669521332,61753.25966757536
7397,185.9107208251953,8.288493156433105,2564396.580242157,61761.54816073179
7398,188.39517211914062,7.995055675506592,2564584.975414276,61769.5432164073
7399,229.1957244873047,8.691625595092773,2564814.1711387634,61778.23484200239
7400,414.3175048828125,9.700957298278809,2565228.4886436462,61787.93579930067
7401,206.34011840820312,8.588467597961426,2565434.8287620544,61796.52426689863
7402,204.6878204345703,8.069623947143555,2565639.516582489,61804.593890845776
7403,226.6927032470703,8.49804973602295,2565866.209285736,61813.0919405818
7404,281.71710205078125,9.377153396606445,2566147.926387787,61822.469093978405
7405,135.45742797851562,7.494088172912598,2566283.3838157654,61829.96318215132
7406,220.00889587402344,8.275214195251465,2566503.3927116394,61838.23839634657
7407,54.554176330566406,1.4024431705474854,2566557.94688797,61839.64083951712
7408,101.50267028808594,6.5501708984375,2566659.449558258,61846.191010415554
7409,253.22024536132812,9.016695976257324,2566912.6698036194,61855.20770639181
7410,222.6016387939453,9.027875900268555,2567135.2714424133,61864.23558229208
7411,269.1134033203125,8.770586013793945,2567404.3848457336,61873.006168305874
7412,134.5968017578125,7.870510101318359,2567538.9816474915,61880.87667840719
7413,174.2550048828125,8.380123138427734,2567713.2366523743,61889.25680154562
7414,297.3214111328125,8.95754623413086,2568010.558063507,61898.21434777975
7415,291.7911376953125,8.95562744140625,2568302.3492012024,61907.16997522116
7416,107.99363708496094,7.6902995109558105,2568410.3428382874,61914.86027473211
7417,144.56947326660156,8.87055492401123,2568554.912311554,61923.730829656124
7418,177.7279052734375,7.83158540725708,2568732.6402168274,61931.56241506338
7419,144.41555786132812,8.467801094055176,2568877.0557746887,61940.03021615744
7420,125.14823913574219,8.163105964660645,2569002.2040138245,61948.1933221221
7421,59.318443298339844,1.91862952709198,2569061.522457123,61950.11195164919
7422,220.28024291992188,8.890210151672363,2569281.8027000427,61959.00216180086
7423,334.11041259765625,8.677030563354492,2569615.9131126404,61967.679192364216
7424,156.9366455078125,8.948342323303223,2569772.849758148,61976.62753468752
7425,139.9329376220703,7.860015392303467,2569912.7826957703,61984.48755007982
7426,226.4172821044922,8.698022842407227,2570139.1999778748,61993.18557292223
7427,302.30267333984375,9.565918922424316,2570441.5026512146,62002.751491844654
7428,55.09716033935547,1.8024356365203857,2570496.599811554,62004.553927481174
7429,197.74285888671875,8.527168273925781,2570694.3426704407,62013.0810957551
7430,174.64163208007812,8.16935920715332,2570868.9843025208,62021.25045496225
7431,221.74581909179688,9.187966346740723,2571090.7301216125,62030.438421308994
7432,325.8567199707031,8.937203407287598,2571416.5868415833,62039.37562471628
7433,59.008907318115234,1.2695562839508057,2571475.5957489014,62040.64518100023
7434,270.7152404785156,9.655815124511719,2571746.31098938,62050.300996124744
7435,322.00531005859375,10.046782493591309,2572068.3162994385,62060.347778618336
7436,66.43370056152344,7.330471515655518,2572134.75,62067.67825013399
7437,152.63824462890625,8.335365295410156,2572287.388244629,62076.0136154294
7438,191.16757202148438,9.281421661376953,2572478.5558166504,62085.29503709078
7439,241.9052734375,9.337126731872559,2572720.461090088,62094.63216382265
7440,90.4324722290039,7.109367370605469,2572810.893562317,62101.74153119326
7441,100.4810791015625,7.04658842086792,2572911.3746414185,62108.788119614124
7442,51.48809814453125,1.8149795532226562,2572962.862739563,62110.60309916735
7443,61.29120635986328,2.7022175788879395,2573024.153945923,62113.305316746235
7444,173.14849853515625,8.944669723510742,2573197.302444458,62122.249986469746
7445,165.78021240234375,9.648469924926758,2573363.0826568604,62131.89845639467
7446,267.6125793457031,8.311942100524902,2573630.695236206,62140.2103984952
7447,282.4642639160156,7.9595561027526855,2573913.159500122,62148.16995459795
7448,330.16326904296875,9.349808692932129,2574243.322769165,62157.51976329088
7449,104.75820922851562,6.896890640258789,2574348.0809783936,62164.41665393114
7450,135.23348999023438,7.574122428894043,2574483.314468384,62171.990776360035
7451,125.69198608398438,8.482247352600098,2574609.006454468,62180.473023712635
7452,242.16943359375,7.999996185302734,2574851.1758880615,62188.47301989794
7453,158.00759887695312,8.481439590454102,2575009.1834869385,62196.95445948839
7454,124.40934753417969,9.563243865966797,2575133.5928344727,62206.51770335436
7455,186.1907196044922,8.911723136901855,2575319.783554077,62215.42942649126
7456,288.58697509765625,8.79658031463623,2575608.370529175,62224.2260068059
7457,234.501953125,8.637005805969238,2575842.8724823,62232.863012611866
7458,293.4590148925781,8.802699089050293,2576136.3314971924,62241.665711700916
7459,132.2675323486328,7.584732532501221,2576268.599029541,62249.25044423342
7460,104.18004608154297,6.767465114593506,2576372.7790756226,62256.01790934801
7461,237.8264923095703,8.896416664123535,2576610.605567932,62264.914326012135
7462,233.39744567871094,9.3289155960083,2576844.003013611,62274.24324160814
7463,127.8561019897461,8.697023391723633,2576971.8591156006,62282.94026499987
7464,208.5940399169922,8.655865669250488,2577180.4531555176,62291.59613066912
7465,78.25294494628906,6.274891376495361,2577258.706100464,62297.87102204561
7466,311.35894775390625,8.422393798828125,2577570.065048218,62306.29341584444
7467,111.9417724609375,7.624947547912598,2577682.0068206787,62313.91836339235
7468,159.03546142578125,8.108259201049805,2577841.0422821045,62322.0266225934
7469,240.07740783691406,8.747437477111816,2578081.1196899414,62330.774060070515
7470,266.30084228515625,9.090826034545898,2578347.4205322266,62339.86488610506
7471,115.17596435546875,7.634116172790527,2578462.596496582,62347.49900227785
7472,284.1368103027344,9.084044456481934,2578746.7333068848,62356.58304673433
7473,78.60392761230469,6.678066253662109,2578825.337234497,62363.261112987995
7474,150.9644317626953,7.51472806930542,2578976.3016662598,62370.7758410573
7475,113.38726806640625,7.925901412963867,2579089.688934326,62378.701742470264
7476,251.69247436523438,8.770593643188477,2579341.3814086914,62387.47233611345
7477,304.48138427734375,9.253095626831055,2579645.8627929688,62396.725431740284
7478,129.53903198242188,7.418131351470947,2579775.401824951,62404.143563091755
7479,265.61004638671875,8.667097091674805,2580041.011871338,62412.81066018343
7480,284.95135498046875,9.016100883483887,2580325.9632263184,62421.82676106691
7481,159.65048217773438,9.723860740661621,2580485.613708496,62431.550621807575
7482,142.77249145507812,7.7203450202941895,2580628.386199951,62439.27096682787
7483,177.9954071044922,10.543752670288086,2580806.3816070557,62449.81471949816
7484,115.08734130859375,8.52858829498291,2580921.4689483643,62458.34330779314
7485,244.70004272460938,8.336771965026855,2581166.168991089,62466.68007975817
7486,202.00006103515625,9.099270820617676,2581368.169052124,62475.779350578785
7487,253.92794799804688,9.230209350585938,2581622.097000122,62485.00955992937
7488,59.40106201171875,4.827907562255859,2581681.498062134,62489.83746749163
7489,301.63507080078125,9.217721939086914,2581983.1331329346,62499.055189430714
7490,336.67138671875,9.337445259094238,2582319.8045196533,62508.39263468981
7491,193.7057342529297,8.035477638244629,2582513.5102539062,62516.42811232805
7492,331.965087890625,9.412755966186523,2582845.475341797,62525.84086829424
7493,70.25210571289062,2.6508471965789795,2582915.7274475098,62528.49171549082
7494,56.54182052612305,3.8220105171203613,2582972.269268036,62532.31372600794
7495,221.03970336914062,8.135665893554688,2583193.308971405,62540.44939190149
7496,166.67095947265625,8.17837142944336,2583359.9799308777,62548.62776333094
7497,192.83566284179688,8.854818344116211,2583552.8155937195,62557.48258167505
7498,214.60633850097656,8.420683860778809,2583767.4219322205,62565.90326553583
7499,206.67971801757812,7.601675987243652,2583974.101650238,62573.504941523075
7500,243.38148498535156,8.093046188354492,2584217.4831352234,62581.59798771143
7501,282.2490234375,8.841383934020996,2584499.732158661,62590.43937164545
7502,211.8370361328125,9.686050415039062,2584711.5691947937,62600.12542206049
7503,161.6591796875,8.076215744018555,2584873.228374481,62608.20163780451
7504,169.93167114257812,8.868009567260742,2585043.160045624,62617.06964737177
7505,210.57781982421875,8.545295715332031,2585253.737865448,62625.6149430871
7506,85.72587585449219,5.2422990798950195,2585339.4637413025,62630.857242166996
7507,152.5956573486328,8.371628761291504,2585492.059398651,62639.22887092829
7508,289.69952392578125,9.697615623474121,2585781.758922577,62648.92648655176
7509,156.99403381347656,7.873248100280762,2585938.7529563904,62656.79973465204
7510,204.30075073242188,8.482793807983398,2586143.053707123,62665.282528460026
7511,100.16303253173828,7.343897342681885,2586243.2167396545,62672.62642580271
7512,65.53778076171875,2.730288505554199,2586308.7545204163,62675.35671430826
7513,137.5856170654297,8.000353813171387,2586446.3401374817,62683.35706812143
7514,276.40252685546875,8.496442794799805,2586722.742664337,62691.85351091623
7515,201.82266235351562,8.383020401000977,2586924.5653266907,62700.236531317234
7516,182.4132080078125,8.97050666809082,2587106.9785346985,62709.207037985325
7517,163.5948486328125,7.8264007568359375,2587270.5733833313,62717.03343874216
7518,279.7496032714844,8.1013765335083,2587550.322986603,62725.13481527567
7519,222.2432098388672,7.844162940979004,2587772.5661964417,62732.97897821665
7520,145.22544860839844,8.635066986083984,2587917.79164505,62741.61404520273
7521,111.12203216552734,7.849098205566406,2588028.9136772156,62749.4631434083
7522,58.084869384765625,4.002623081207275,2588086.9985466003,62753.465766489506
7523,119.74433135986328,8.787680625915527,2588206.74287796,62762.25344711542
7524,317.2765197753906,8.806560516357422,2588524.0193977356,62771.06000763178
7525,122.85218048095703,7.135886192321777,2588646.8715782166,62778.1958938241
7526,254.47264099121094,8.548654556274414,2588901.3442192078,62786.744548380375
7527,369.2818298339844,10.306814193725586,2589270.6260490417,62797.0513625741
7528,164.59371948242188,8.155957221984863,2589435.219768524,62805.207319796085
7529,63.283714294433594,3.3040239810943604,2589498.5034828186,62808.51134377718
7530,252.57781982421875,9.157382011413574,2589751.081302643,62817.66872578859
7531,132.4407501220703,6.8461103439331055,2589883.522052765,62824.51483613253
7532,234.58245849609375,8.150111198425293,2590118.104511261,62832.66494733095
7533,156.90225219726562,8.595457077026367,2590275.0067634583,62841.26040440798
7534,130.52247619628906,8.920775413513184,2590405.5292396545,62850.18117982149
7535,344.6492614746094,9.14877700805664,2590750.178501129,62859.32995682955
7536,236.55300903320312,8.611018180847168,2590986.7315101624,62867.940975010395
7537,345.4681091308594,9.315277099609375,2591332.199619293,62877.256252110004
7538,61.909698486328125,5.650149345397949,2591394.1093177795,62882.9064014554
7539,118.74467468261719,8.053054809570312,2591512.853992462,62890.95945626497
7540,305.49285888671875,9.17715072631836,2591818.346851349,62900.13660699129
7541,256.68414306640625,8.874894142150879,2592075.0309944153,62909.01150113344
7542,238.70645141601562,9.43778133392334,2592313.7374458313,62918.449282467365
7543,91.19235229492188,6.035593509674072,2592404.929798126,62924.48487597704
7544,123.76860046386719,7.343539237976074,2592528.69839859,62931.828415215015
7545,161.4010009765625,8.334830284118652,2592690.0993995667,62940.163245499134
7546,362.5172119140625,9.017195701599121,2593052.6166114807,62949.18044120073
7547,221.08340454101562,9.265965461730957,2593273.7000160217,62958.446406662464
7548,56.15422058105469,2.738248825073242,2593329.854236603,62961.18465548754
7549,342.26763916015625,8.980969429016113,2593672.121875763,62970.16562491655
7550,146.12399291992188,8.190179824829102,2593818.245868683,62978.35580474138
7551,257.9666442871094,10.426422119140625,2594076.21251297,62988.78222686052
7552,233.2949676513672,8.334490776062012,2594309.5074806213,62997.116717636585
7553,242.05050659179688,7.694329261779785,2594551.557987213,63004.811046898365
7554,243.17335510253906,8.938013076782227,2594794.7313423157,63013.74905997515
7555,143.24029541015625,8.085832595825195,2594937.971637726,63021.83489257097
7556,105.61172485351562,6.665288925170898,2595043.5833625793,63028.50018149614
7557,53.74295425415039,2.2902328968048096,2595097.3263168335,63030.79041439295
7558,54.26057052612305,5.205958366394043,2595151.5868873596,63035.99637275934
7559,104.34135437011719,9.384078025817871,2595255.9282417297,63045.38045078516
7560,275.788330078125,10.673623085021973,2595531.716571808,63056.05407387018
7561,340.7508544921875,10.465696334838867,2595872.4674263,63066.51977020502
7562,164.47991943359375,8.678730010986328,2596036.9473457336,63075.19850021601
7563,71.54911804199219,4.389514923095703,2596108.4964637756,63079.5880151391
7564,113.62176513671875,7.7470831871032715,2596222.1182289124,63087.335098326206
7565,237.73130798339844,8.818572998046875,2596459.8495368958,63096.15367132425
7566,64.93498229980469,5.589475631713867,2596524.7845191956,63101.74314695597
7567,183.38746643066406,7.454526901245117,2596708.171985626,63109.19767385721
7568,389.4088439941406,9.827832221984863,2597097.5808296204,63119.0255060792
7569,457.7068786621094,9.103015899658203,2597555.2877082825,63128.128521978855
7570,198.2335205078125,10.049572944641113,2597753.5212287903,63138.178094923496
7571,60.20616149902344,5.258930206298828,2597813.7273902893,63143.437025129795
7572,279.3264465332031,10.098238945007324,2598093.0538368225,63153.5352640748
7573,170.64682006835938,8.689316749572754,2598263.700656891,63162.224580824375
7574,54.89332580566406,2.9645516872406006,2598318.5939826965,63165.189132511616
7575,295.649169921875,8.889257431030273,2598614.2431526184,63174.078389942646
7576,142.0355987548828,8.406461715698242,2598756.2787513733,63182.484851658344
7577,251.81961059570312,8.744733810424805,2599008.098361969,63191.22958546877
7578,93.66427612304688,7.464607238769531,2599101.762638092,63198.69419270754
7579,198.6939697265625,7.920833110809326,2599300.4566078186,63206.61502581835
7580,60.12664794921875,4.697984218597412,2599360.583255768,63211.313010036945
7581,155.0516815185547,7.911731243133545,2599515.6349372864,63219.22474128008
7582,204.7696533203125,8.505521774291992,2599720.4045906067,63227.73026305437
7583,58.3955192565918,4.679944038391113,2599778.8001098633,63232.41020709276
7584,120.73114013671875,6.870123863220215,2599899.53125,63239.28033095598
7585,214.28070068359375,8.247055053710938,2600113.8119506836,63247.52738600969
7586,190.39373779296875,7.691310405731201,2600304.2056884766,63255.218696415424
7587,55.74728775024414,2.423065423965454,2600359.952976227,63257.64176183939
7588,172.88174438476562,9.369176864624023,2600532.8347206116,63267.010938704014
7589,234.78294372558594,8.6209135055542,2600767.617664337,63275.63185220957
7590,160.48757934570312,7.85391902923584,2600928.105243683,63283.485771238804
7591,153.41195678710938,9.184582710266113,2601081.51720047,63292.67035394907
7592,134.96060180664062,7.5635457038879395,2601216.4778022766,63300.23389965296
7593,140.56729125976562,8.153264045715332,2601357.0450935364,63308.38716369867
7594,333.5021057128906,8.985676765441895,2601690.5471992493,63317.372840464115
7595,422.4261474609375,8.501179695129395,2602112.97334671,63325.874020159245
7596,375.3045654296875,9.016892433166504,2602488.27791214,63334.89091259241
7597,270.63623046875,9.718527793884277,2602758.9141426086,63344.609440386295
7598,197.32882690429688,7.780079364776611,2602956.242969513,63352.38951975107
7599,56.758262634277344,1.3481314182281494,2603013.001232147,63353.7376511693
7600,177.3622589111328,9.007946968078613,2603190.3634910583,63362.74559813738
7601,187.84715270996094,9.034624099731445,2603378.2106437683,63371.78022223711
7602,97.297119140625,7.532768249511719,2603475.507762909,63379.31299048662
7603,176.70773315429688,8.305718421936035,2603652.215496063,63387.61870890856
7604,62.97471618652344,5.5786027908325195,2603715.1902122498,63393.19731169939
7605,226.94247436523438,7.9093017578125,2603942.132686615,63401.1066134572
7606,312.3009338378906,9.433218955993652,2604254.433620453,63410.5398324132
7607,117.01992797851562,7.358527183532715,2604371.4535484314,63417.89835959673
7608,199.8577117919922,8.775659561157227,2604571.3112602234,63426.67401915789
7609,70.35787200927734,4.70761251449585,2604641.6691322327,63431.38163167238
7610,211.6149444580078,8.896286964416504,2604853.2840766907,63440.2779186368
7611,156.66940307617188,9.103646278381348,2605009.953479767,63449.38156491518
7612,146.8992462158203,8.438348770141602,2605156.8527259827,63457.81991368532
7613,178.86886596679688,8.254359245300293,2605335.7215919495,63466.07427293062
7614,290.64996337890625,8.626226425170898,2605626.3715553284,63474.70049935579
7615,58.67319107055664,6.5430498123168945,2605685.044746399,63481.24354916811
7616,57.37604522705078,2.1358041763305664,2605742.420791626,63483.37935334444
7617,257.6311340332031,8.040792465209961,2606000.051925659,63491.42014580965
7618,425.3616638183594,9.900619506835938,2606425.4135894775,63501.320765316486
7619,329.3536376953125,8.810019493103027,2606754.767227173,63510.13078480959
7620,135.010498046875,7.882081508636475,2606889.7777252197,63518.012866318226
7621,182.36965942382812,7.992874622344971,2607072.1473846436,63526.00574094057
7622,256.3815002441406,8.230724334716797,2607328.5288848877,63534.23646527529
7623,159.85931396484375,7.703014373779297,2607488.3881988525,63541.93947964907
7624,303.2357177734375,8.90308952331543,2607791.623916626,63550.84256917238
7625,119.03163146972656,9.061686515808105,2607910.6555480957,63559.90425568819
7626,184.63824462890625,9.604697227478027,2608095.2937927246,63569.50895291567
7627,247.0921173095703,9.48038101196289,2608342.385910034,63578.98933392763
7628,175.68807983398438,11.073813438415527,2608518.073989868,63590.06314736605
7629,108.40631103515625,8.88019847869873,2608626.4803009033,63598.943345844746
7630,128.996337890625,7.231558799743652,2608755.476638794,63606.17490464449
7631,170.43170166015625,8.08395004272461,2608925.908340454,63614.258854687214
7632,284.87969970703125,10.060431480407715,2609210.788040161,63624.31928616762
7633,260.8846740722656,8.255738258361816,2609471.6727142334,63632.57502442598
7634,233.21176147460938,8.735937118530273,2609704.884475708,63641.310961544514
7635,238.5190887451172,8.93311882019043,2609943.403564453,63650.244080364704
7636,376.79473876953125,8.32595157623291,2610320.1983032227,63658.57003194094
7637,212.5463409423828,8.075179100036621,2610532.744644165,63666.645211040974
7638,271.43780517578125,9.142602920532227,2610804.182449341,63675.787813961506
7639,98.93698120117188,6.480205535888672,2610903.119430542,63682.268019497395
7640,103.95399475097656,7.35255241394043,2611007.073425293,63689.620571911335
7641,263.04510498046875,9.036312103271484,2611270.1185302734,63698.65688401461
7642,203.0457000732422,8.378297805786133,2611473.1642303467,63707.03518182039
7643,256.8699951171875,8.539508819580078,2611730.034225464,63715.57469063997
7644,73.92694854736328,6.705145359039307,2611803.961174011,63722.27983599901
7645,370.62774658203125,9.054594039916992,2612174.5889205933,63731.33443003893
7646,225.983154296875,8.041400909423828,2612400.57207489,63739.37583094835
7647,361.1455993652344,9.236831665039062,2612761.7176742554,63748.61266261339
7648,295.6767578125,8.653705596923828,2613057.394432068,63757.266368210316
7649,118.6445541381836,7.856672763824463,2613176.038986206,63765.12304097414
7650,201.3286590576172,8.312106132507324,2613377.3676452637,63773.43514710665
7651,216.5253143310547,8.377211570739746,2613593.8929595947,63781.81235867739
7652,264.47686767578125,9.415650367736816,2613858.3698272705,63791.228009045124
7653,171.41421508789062,9.141751289367676,2614029.7840423584,63800.36976033449
7654,137.556884765625,8.164093017578125,2614167.340927124,63808.53385335207
7655,171.781005859375,7.742745876312256,2614339.1219329834,63816.27659922838
7656,351.85516357421875,8.229744911193848,2614690.9770965576,63824.506344139576
7657,241.582763671875,9.376792907714844,2614932.5598602295,63833.88313704729
7658,134.21487426757812,9.312504768371582,2615066.774734497,63843.19564181566
7659,170.32232666015625,7.618185520172119,2615237.097061157,63850.813827335835
7660,140.31564331054688,7.5074849128723145,2615377.412704468,63858.32131224871
7661,67.48068237304688,5.905313014984131,2615444.893386841,63864.22662526369
7662,394.1747131347656,10.260093688964844,2615839.0680999756,63874.486718952656
7663,53.649375915527344,3.312631607055664,2615892.717475891,63877.79935055971
7664,90.81277465820312,6.2916483879089355,2615983.5302505493,63884.09099894762
7665,179.31851196289062,8.134256362915039,2616162.848762512,63892.225255310535
7666,67.1241455078125,5.360927581787109,2616229.97290802,63897.58618289232
7667,139.8016357421875,8.001677513122559,2616369.774543762,63905.587860405445
7668,312.3639831542969,8.68852710723877,2616682.1385269165,63914.276387512684
7669,187.20245361328125,10.090734481811523,2616869.34098053,63924.367121994495
7670,280.3186950683594,8.719117164611816,2617149.659675598,63933.08623915911
7671,164.59884643554688,8.731324195861816,2617314.2585220337,63941.81756335497
7672,157.0503387451172,8.293473243713379,2617471.308860779,63950.11103659868
7673,146.68663024902344,8.046355247497559,2617617.995491028,63958.15739184618
7674,224.21969604492188,8.506744384765625,2617842.2151870728,63966.664136230946
7675,220.0933837890625,9.237102508544922,2618062.308570862,63975.90123873949
7676,341.5794677734375,8.756345748901367,2618403.8880386353,63984.65758448839
7677,124.60606384277344,6.679987907409668,2618528.494102478,63991.3375723958
7678,55.977054595947266,2.309596061706543,2618584.471157074,63993.64716845751
7679,187.05712890625,8.663665771484375,2618771.52828598,64002.31083422899
7680,249.95103454589844,9.103034019470215,2619021.479320526,64011.41386824846
7681,165.842529296875,8.292665481567383,2619187.321849823,64019.70653373003
7682,203.59552001953125,8.82086181640625,2619390.9173698425,64028.527395546436
7683,122.18501281738281,7.583826065063477,2619513.10238266,64036.1112216115
7684,198.0194091796875,7.7040910720825195,2619711.1217918396,64043.81531268358
7685,295.8476257324219,9.530847549438477,2620006.969417572,64053.34616023302
7686,97.15958404541016,7.512587070465088,2620104.1290016174,64060.858747303486
7687,53.94898223876953,3.257612705230713,2620158.077983856,64064.11636000872
7688,212.34164428710938,9.377947807312012,2620370.4196281433,64073.49430781603
7689,165.86361694335938,8.137185096740723,2620536.2832450867,64081.63149291277
7690,118.83750915527344,7.887816429138184,2620655.120754242,64089.51930934191
7691,207.82769775390625,9.4036283493042,2620862.948451996,64098.92293769121
7692,177.11495971679688,8.373661041259766,2621040.0634117126,64107.29659873247
7693,60.66497039794922,5.454219341278076,2621100.7283821106,64112.75081807375
7694,74.14423370361328,5.825668811798096,2621174.872615814,64118.57648688555
7695,232.9929656982422,8.920658111572266,2621407.8655815125,64127.49714499712
7696,209.19195556640625,8.136007308959961,2621617.057537079,64135.63315230608
7697,136.21917724609375,7.919775485992432,2621753.276714325,64143.55292779207
7698,109.62421417236328,6.9758620262146,2621862.9009284973,64150.52878981829
7699,388.94622802734375,9.050875663757324,2622251.8471565247,64159.579665482044
7700,192.54022216796875,8.349099159240723,2622444.3873786926,64167.928764641285
7701,48.497642517089844,3.637331008911133,2622492.8850212097,64171.566095650196
7702,135.5178985595703,8.526520729064941,2622628.4029197693,64180.09261637926
7703,112.96060180664062,7.0343122482299805,2622741.363521576,64187.12692862749
7704,199.31817626953125,8.823444366455078,2622940.6816978455,64195.950372993946
7705,148.42971801757812,8.40897274017334,2623089.111415863,64204.35934573412
7706,220.15785217285156,8.54928207397461,2623309.269268036,64212.908627808094
7707,177.7254638671875,8.915371894836426,2623486.994731903,64221.82399970293
7708,353.71923828125,8.307744026184082,2623840.7139701843,64230.131743729115
7709,76.71238708496094,6.123841285705566,2623917.4263572693,64236.25558501482
7710,71.58038330078125,5.759762287139893,2623989.00674057,64242.01534730196
7711,153.06826782226562,8.677878379821777,2624142.0750083923,64250.69322568178
7712,332.1016845703125,9.38189697265625,2624474.1766929626,64260.07512265444
7713,115.27433776855469,8.018899917602539,2624589.451030731,64268.09402257204
7714,236.60491943359375,8.869779586791992,2624826.055950165,64276.96380215883
7715,206.168701171875,8.27517318725586,2625032.2246513367,64285.23897534609
7716,106.310546875,7.713528156280518,2625138.5351982117,64292.95250350237
7717,129.32144165039062,8.7583589553833,2625267.856639862,64301.71086245775
7718,192.90882873535156,8.403898239135742,2625460.7654685974,64310.11476069689
7719,260.43963623046875,7.918477535247803,2625721.205104828,64318.033238232136
7720,165.5167694091797,8.325789451599121,2625886.721874237,64326.359027683735
7721,78.08399200439453,7.117878437042236,2625964.8058662415,64333.47690612078
7722,51.58871841430664,3.380113363265991,2626016.3945846558,64336.85701948404
7723,208.28880310058594,10.758090019226074,2626224.6833877563,64347.61510950327
7724,247.29425048828125,8.731271743774414,2626471.9776382446,64356.34638124704
7725,220.8013916015625,8.310751914978027,2626692.779029846,64364.65713316202
7726,176.38424682617188,7.78759765625,2626869.1632766724,64372.44473081827
7727,219.65704345703125,9.42982292175293,2627088.8203201294,64381.874553740025
7728,295.5049133300781,9.866703033447266,2627384.3252334595,64391.74125677347
7729,273.35284423828125,8.306034088134766,2627657.6780776978,64400.04729086161
7730,65.3542251586914,7.995339870452881,2627723.0323028564,64408.04263073206
7731,249.11944580078125,9.350957870483398,2627972.151748657,64417.39358860254
7732,445.5128173828125,10.091452598571777,2628417.66456604,64427.485041201115
7733,202.03866577148438,8.694074630737305,2628619.7032318115,64436.17911583185
7734,127.40546417236328,8.2243013381958,2628747.108695984,64444.40341717005
7735,73.61448669433594,5.836678504943848,2628820.723182678,64450.24009567499
7736,273.3598327636719,9.466848373413086,2629094.083015442,64459.706944048405
7737,227.2991943359375,8.347599983215332,2629321.382209778,64468.05454403162
7738,147.3451690673828,8.272286415100098,2629468.727378845,64476.32683044672
7739,173.48191833496094,8.351460456848145,2629642.20929718,64484.67829090357
7740,159.20016479492188,8.952988624572754,2629801.409461975,64493.63127952814
7741,54.55052185058594,2.129338502883911,2629855.9599838257,64495.760618031025
7742,162.80230712890625,7.809638500213623,2630018.7622909546,64503.57025653124
7743,233.5711669921875,8.68350601196289,2630252.333457947,64512.2537625432
7744,183.22769165039062,8.968541145324707,2630435.561149597,64521.222303688526
7745,317.35321044921875,8.548318862915039,2630752.9143600464,64529.77062255144
7746,167.95936584472656,9.399323463439941,2630920.873725891,64539.16994601488
7747,122.07137298583984,8.040220260620117,2631042.945098877,64547.2101662755
7748,163.20069885253906,7.498898506164551,2631206.1457977295,64554.709064781666
7749,177.86184692382812,9.902180671691895,2631384.0076446533,64564.61124545336
7750,267.3708801269531,8.43224811553955,2631651.3785247803,64573.0434935689
7751,57.7930793762207,3.0731000900268555,2631709.1716041565,64576.116593658924
7752,277.15447998046875,8.919150352478027,2631986.326084137,64585.0357440114
7753,133.93344116210938,8.232819557189941,2632120.259525299,64593.26856356859
7754,259.42578125,7.989969253540039,2632379.685306549,64601.25853282213
7755,396.4891357421875,9.325908660888672,2632776.1744422913,64610.58444148302
7756,256.96453857421875,8.624025344848633,2633033.1389808655,64619.20846682787
7757,49.40729522705078,4.113688945770264,2633082.5462760925,64623.32215577364
7758,193.5526885986328,9.103554725646973,2633276.098964691,64632.42571049929
7759,301.06195068359375,9.444243431091309,2633577.1609153748,64641.86995393038
7760,174.76852416992188,7.905416965484619,2633751.9294395447,64649.77537089586
7761,126.878173828125,8.610003471374512,2633878.807613373,64658.38537436724
7762,105.45547485351562,7.931769847869873,2633984.2630882263,64666.31714421511
7763,137.75717163085938,7.772002696990967,2634122.020259857,64674.0891469121
7764,56.63313293457031,2.4266128540039062,2634178.6533927917,64676.5157597661
7765,197.77542114257812,7.944919109344482,2634376.4288139343,64684.460678875446
7766,168.95248413085938,8.581700325012207,2634545.381298065,64693.04237920046
7767,283.3536071777344,8.624414443969727,2634828.734905243,64701.66679364443
7768,317.9822692871094,9.390130043029785,2635146.71717453,64711.05692368746
7769,313.8318786621094,8.389789581298828,2635460.549053192,64719.44671326876
7770,199.71990966796875,8.711679458618164,2635660.26896286,64728.158392727375
7771,221.8585968017578,8.8972806930542,2635882.127559662,64737.05567342043
7772,306.6484680175781,8.544300079345703,2636188.7760276794,64745.599973499775
7773,95.48634338378906,7.069240570068359,2636284.262371063,64752.66921406984
7774,75.61454772949219,7.109884738922119,2636359.8769187927,64759.779098808765
7775,205.9037322998047,9.951833724975586,2636565.7806510925,64769.73093253374
7776,178.68515014648438,9.1161527633667,2636744.465801239,64778.84708529711
7777,157.53759765625,7.96491003036499,2636902.0033988953,64786.81199532747
7778,179.69802856445312,7.960653781890869,2637081.7014274597,64794.77264910936
7779,186.00070190429688,8.800637245178223,2637267.702129364,64803.57328635454
7780,217.3028564453125,8.79692554473877,2637485.0049858093,64812.37021189928
7781,135.81326293945312,7.501842975616455,2637620.818248749,64819.8720548749
7782,202.40060424804688,7.987466335296631,2637823.218852997,64827.85952121019
7783,83.9365234375,6.1440253257751465,2637907.1553764343,64834.00354653597
7784,137.45718383789062,6.79507303237915,2638044.612560272,64840.79861956835
7785,122.26910400390625,7.195879936218262,2638166.881664276,64847.994499504566
7786,132.95382690429688,8.475090026855469,2638299.8354911804,64856.46958953142
7787,213.16259765625,8.537673950195312,2638512.9980888367,64865.00726348162
7788,362.09320068359375,8.615736961364746,2638875.0912895203,64873.62300044298
7789,116.40892028808594,6.920853614807129,2638991.5002098083,64880.54385405779
7790,63.85606384277344,2.655825614929199,2639055.356273651,64883.19967967272
7791,148.26351928710938,8.569108963012695,2639203.619792938,64891.76878863573
7792,372.03851318359375,8.549593925476074,2639575.658306122,64900.31838256121
7793,317.36993408203125,9.29040813446045,2639893.028240204,64909.60879069567
7794,149.87930297851562,8.818028450012207,2640042.9075431824,64918.42681914568
7795,128.78614807128906,8.630908012390137,2640171.6936912537,64927.05772715807
7796,243.3446502685547,8.410992622375488,2640415.038341522,64935.468719780445
7797,215.35107421875,9.06918716430664,2640630.389415741,64944.53790694475
7798,97.08248901367188,8.41594409942627,2640727.4719047546,64952.95385104418
7799,164.30181884765625,9.14340877532959,2640891.7737236023,64962.09725981951
7800,280.55548095703125,8.610946655273438,2641172.3292045593,64970.70820647478
7801,249.61102294921875,8.690428733825684,2641421.9402275085,64979.39863520861
7802,135.3922119140625,8.429710388183594,2641557.3324394226,64987.82834559679
7803,214.33895874023438,8.88162899017334,2641771.671398163,64996.709974586964
7804,273.82830810546875,8.960000038146973,2642045.4997062683,65005.66997462511
7805,191.09547424316406,8.564834594726562,2642236.5951805115,65014.23480921984
7806,178.86831665039062,7.6111369132995605,2642415.463497162,65021.84594613314
7807,190.394775390625,8.001692771911621,2642605.8582725525,65029.84763890505
7808,90.42141723632812,7.617549419403076,2642696.279689789,65037.46518832445
7809,232.6442108154297,8.495869636535645,2642928.9239006042,65045.96105796099
7810,367.2734680175781,10.131241798400879,2643296.197368622,65056.09229975939
7811,372.4007568359375,8.897466659545898,2643668.5981254578,65064.989766418934
7812,198.12057495117188,8.993753433227539,2643866.718700409,65073.98351985216
7813,213.4068603515625,7.8584160804748535,2644080.1255607605,65081.841935932636
7814,233.4020233154297,7.9825944900512695,2644313.527584076,65089.82453042269
7815,135.48822021484375,8.406134605407715,2644449.015804291,65098.230665028095
7816,57.78767395019531,3.917365550994873,2644506.803478241,65102.14803057909
7817,206.59422302246094,8.211189270019531,2644713.3977012634,65110.35921984911
7818,203.44244384765625,8.257611274719238,2644916.840145111,65118.61683112383
7819,158.32733154296875,8.019783020019531,2645075.167476654,65126.63661414385
7820,163.98284912109375,7.8409552574157715,2645239.150325775,65134.477569401264
7821,108.31795501708984,7.32666540145874,2645347.4682807922,65141.80423480272
7822,201.71804809570312,7.756577491760254,2645549.186328888,65149.56081229448
7823,114.33476257324219,9.270913124084473,2645663.521091461,65158.83172541857
7824,297.4846496582031,9.22226619720459,2645961.0057411194,65168.05399161577
7825,284.89801025390625,8.26343059539795,2646245.9037513733,65176.31742221117
7826,55.90940475463867,3.555849075317383,2646301.813156128,65179.87327128649
7827,263.1343688964844,8.33739185333252,2646564.9475250244,65188.21066313982
7828,144.73899841308594,8.695300102233887,2646709.6865234375,65196.905963242054
7829,359.28936767578125,9.862470626831055,2647068.9758911133,65206.768433868885
7830,300.2630615234375,8.895240783691406,2647369.2389526367,65215.66367465258
7831,190.01316833496094,8.213440895080566,2647559.2521209717,65223.87711554766
7832,198.8505859375,8.277234077453613,2647758.102706909,65232.15434962511
7833,276.4707336425781,9.605721473693848,2648034.5734405518,65241.760071098804
7834,155.78611755371094,8.179719924926758,2648190.3595581055,65249.93979102373
7835,193.989990234375,8.557272911071777,2648384.34954834,65258.4970639348
7836,130.77194213867188,6.947843074798584,2648515.1214904785,65265.4449070096
7837,184.43701171875,8.843917846679688,2648699.5585021973,65274.28882485628
7838,151.78582763671875,7.888883113861084,2648851.344329834,65282.17770797014
7839,188.72671508789062,8.545680046081543,2649040.071044922,65290.723388016224
7840,241.1964874267578,8.969880104064941,2649281.2675323486,65299.69326812029
7841,126.6485824584961,8.474223136901855,2649407.916114807,65308.16749125719
7842,237.52383422851562,8.947054862976074,2649645.4399490356,65317.11454612017
7843,302.4564514160156,9.820322036743164,2649947.8964004517,65326.93486815691
7844,48.018733978271484,2.354278802871704,2649995.91513443,65329.28914695978
7845,74.10755920410156,6.555286884307861,2650070.022693634,65335.84443384409
7846,142.46844482421875,9.035218238830566,2650212.4911384583,65344.87965208292
7847,211.7469940185547,8.986002922058105,2650424.238132477,65353.86565500498
7848,122.70397186279297,8.194960594177246,2650546.9421043396,65362.060615599155
7849,62.44902038574219,2.597111225128174,2650609.3911247253,65364.65772682428
7850,284.2376708984375,10.09294319152832,2650893.628795624,65374.75067001581
7851,149.45028686523438,9.302157402038574,2651043.079082489,65384.05282741785
7852,163.41964721679688,8.460796356201172,2651206.498729706,65392.51362377405
7853,209.0509033203125,8.126296997070312,2651415.549633026,65400.63992077112
7854,292.83917236328125,9.272162437438965,2651708.3888053894,65409.91208320856
7855,59.47380065917969,5.436638355255127,2651767.8626060486,65415.348721563816
7856,122.85760498046875,8.112483024597168,2651890.720211029,65423.46120458841
7857,44.59123229980469,3.7862420082092285,2651935.311443329,65427.24744659662
7858,92.42745971679688,7.614577770233154,2652027.7389030457,65434.862024366856
7859,124.03665161132812,8.439416885375977,2652151.775554657,65443.30144125223
7860,136.22036743164062,8.351120948791504,2652287.9959220886,65451.65256220102
7861,227.4154052734375,9.60041332244873,2652515.411327362,65461.25297552347
7862,190.08607482910156,8.095895767211914,2652705.497402191,65469.348871290684
7863,71.25115966796875,5.435448169708252,2652776.748561859,65474.78431946039
7864,221.56787109375,8.647894859313965,2652998.316432953,65483.432214319706
7865,105.90113830566406,7.137414932250977,2653104.2175712585,65490.56962925196
7866,211.3893585205078,8.108831405639648,2653315.606929779,65498.6784606576
7867,211.73475646972656,8.153183937072754,2653527.341686249,65506.83164459467
7868,176.6238250732422,8.561676025390625,2653703.965511322,65515.39332062006
7869,153.64962768554688,7.602303504943848,2653857.6151390076,65522.995624125004
7870,79.37872314453125,6.719712734222412,2653936.993862152,65529.715336859226
7871,167.38134765625,10.750807762145996,2654104.3752098083,65540.46614462137
7872,227.92498779296875,8.458306312561035,2654332.3001976013,65548.92445093393
7873,240.31178283691406,9.599186897277832,2654572.611980438,65558.52363783121
7874,238.296630859375,9.164851188659668,2654810.9086112976,65567.68848901987
7875,301.8709411621094,8.792387962341309,2655112.7795524597,65576.48087698221
7876,167.6951446533203,9.638916969299316,2655280.474697113,65586.11979395151
7877,133.78610229492188,7.726557731628418,2655414.260799408,65593.84635168314
7878,50.398231506347656,2.574979543685913,2655464.6590309143,65596.42133122683
7879,388.9471740722656,9.87098503112793,2655853.6062049866,65606.29231625795
7880,47.15778350830078,3.0682730674743652,2655900.763988495,65609.36058932543
7881,203.41412353515625,8.336912155151367,2656104.17811203,65617.69750148058
7882,182.0946044921875,7.962127685546875,2656286.272716522,65625.65962916613
7883,127.885009765625,7.992218971252441,2656414.157726288,65633.65184813738
7884,235.5211181640625,8.178997039794922,2656649.678844452,65641.83084517717
7885,94.98287963867188,6.714505195617676,2656744.6617240906,65648.54535037279
7886,227.50306701660156,8.730051040649414,2656972.164791107,65657.27540141344
7887,334.8033752441406,8.680545806884766,2657306.9681663513,65665.95594722033
7888,140.43511962890625,8.969609260559082,2657447.40328598,65674.92555648088
7889,179.3463592529297,8.189297676086426,2657626.749645233,65683.11485415697
7890,146.3075714111328,8.203534126281738,2657773.0572166443,65691.31838828325
7891,121.68702697753906,8.313017845153809,2657894.744243622,65699.6314061284
7892,228.25848388671875,8.661884307861328,2658123.0027275085,65708.29329043627
7893,219.16567993164062,9.126236915588379,2658342.16840744,65717.41952735186
7894,120.05534362792969,8.238078117370605,2658462.223751068,65725.65760546923
7895,276.4013671875,9.399479866027832,2658738.6251182556,65735.05708533525
7896,131.99940490722656,10.27320671081543,2658870.624523163,65745.33029204607
7897,127.12442016601562,8.737889289855957,2658997.748943329,65754.06818133593
7898,216.32717895507812,8.572959899902344,2659214.076122284,65762.64114123583
7899,284.61468505859375,8.275643348693848,2659498.6908073425,65770.91678458452
7900,197.90493774414062,8.30866527557373,2659696.5957450867,65779.2254498601
7901,326.0980529785156,8.683547973632812,2660022.693798065,65787.90899783373
7902,324.2346496582031,8.532552719116211,2660346.9284477234,65796.44155055285
7903,114.90687561035156,9.36668872833252,2660461.8353233337,65805.80823928118
7904,223.11373901367188,10.157899856567383,2660684.9490623474,65815.96613913774
7905,240.0164337158203,8.779142379760742,2660924.965496063,65824.7452815175
7906,164.10374450683594,8.407435417175293,2661089.06924057,65833.15271693468
7907,268.6431579589844,12.341690063476562,2661357.712398529,65845.49440699816
7908,86.41394805908203,6.854161739349365,2661444.126346588,65852.3485687375
7909,286.8607177734375,9.715826034545898,2661730.9870643616,65862.06439477205
7910,182.333984375,8.589072227478027,2661913.3210487366,65870.65346699953
7911,55.58433151245117,1.3714869022369385,2661968.905380249,65872.02495390177
7912,254.0592041015625,8.90164566040039,2662222.9645843506,65880.92659956217
7913,121.5337142944336,9.407063484191895,2662344.498298645,65890.33366304636
7914,166.50955200195312,8.18980884552002,2662511.007850647,65898.52347189188
7915,87.44688415527344,7.079494476318359,2662598.4547348022,65905.6029663682
7916,232.772216796875,8.615357398986816,2662831.226951599,65914.21832376719
7917,273.65118408203125,8.575912475585938,2663104.878135681,65922.79423624277
7918,93.726806640625,6.766582012176514,2663198.604942322,65929.56081825495
7919,97.66006469726562,7.190099239349365,2663296.265007019,65936.7509174943
7920,60.51504898071289,5.710296154022217,2663356.7800559998,65942.46121364832
7921,230.11492919921875,8.417247772216797,2663586.894985199,65950.87846142054
7922,208.3529815673828,8.183934211730957,2663795.2479667664,65959.06239563227
7923,210.4131317138672,8.395005226135254,2664005.66109848,65967.4574008584
7924,171.7379150390625,8.419496536254883,2664177.3990135193,65975.87689739466
7925,154.34666442871094,8.062361717224121,2664331.745677948,65983.93925911188
7926,435.95367431640625,10.398370742797852,2664767.6993522644,65994.33762985468
7927,147.44403076171875,7.589685440063477,2664915.143383026,66001.92731529474
7928,276.3759765625,9.239965438842773,2665191.5193595886,66011.16728073359
7929,166.15493774414062,8.171574592590332,2665357.6742973328,66019.33885532618
7930,76.64191436767578,5.933146953582764,2665434.3162117004,66025.27200227976
7931,361.4983215332031,9.579596519470215,2665795.8145332336,66034.85159879923
7932,207.5491485595703,8.049158096313477,2666003.363681793,66042.90075689554
7933,130.88702392578125,7.455406665802002,2666134.250705719,66050.35616356134
7934,93.88386535644531,7.652823448181152,2666228.1345710754,66058.00898700953
7935,218.21694946289062,8.135857582092285,2666446.3515205383,66066.14484459162
7936,157.08859252929688,8.017498970031738,2666603.4401130676,66074.16234356165
7937,293.388427734375,9.065752029418945,2666896.828540802,66083.22809559107
7938,253.07369995117188,8.904402732849121,2667149.902240753,66092.13249832392
7939,104.53079986572266,8.124536514282227,2667254.433040619,66100.2570348382
7940,55.266014099121094,4.5087738037109375,2667309.699054718,66104.76580864191
7941,267.3272705078125,9.232011795043945,2667577.026325226,66113.99782043695
7942,207.22268676757812,8.636968612670898,2667784.2490119934,66122.63478904963
7943,111.56150817871094,8.109230041503906,2667895.810520172,66130.74401909113
7944,54.01036071777344,4.509599685668945,2667949.82088089,66135.2536187768
7945,126.93893432617188,9.29280948638916,2668076.759815216,66144.54642826319
7946,302.146240234375,8.76337718963623,2668378.9060554504,66153.30980545282
7947,94.66348266601562,8.064480781555176,2668473.5695381165,66161.37428623438
7948,56.67939758300781,2.8582122325897217,2668530.2489356995,66164.23249846697
7949,298.26641845703125,9.378215789794922,2668828.5153541565,66173.61071425676
7950,43.46192932128906,3.2514796257019043,2668871.977283478,66176.86219388247
7951,95.43792724609375,7.857692718505859,2668967.415210724,66184.71988660097
7952,377.8363037109375,9.097871780395508,2669345.251514435,66193.81775838137
7953,330.34442138671875,8.509764671325684,2669675.5959358215,66202.32752305269
7954,66.05192565917969,2.614795207977295,2669741.6478614807,66204.94231826067
7955,304.1705627441406,8.755473136901855,2670045.818424225,66213.69779139757
7956,277.01519775390625,8.790752410888672,2670322.8336219788,66222.48854380846
7957,161.0252685546875,7.610514163970947,2670483.8588905334,66230.09905797243
7958,58.38417434692383,3.8728950023651123,2670542.2430648804,66233.9719529748
7959,54.21489715576172,1.4095416069030762,2670596.457962036,66235.3814945817
7960,269.5657043457031,9.768706321716309,2670866.023666382,66245.15020090342
7961,199.30812072753906,8.315686225891113,2671065.3317871094,66253.4658871293
7962,227.43951416015625,8.992666244506836,2671292.7713012695,66262.45855337381
7963,247.06072998046875,9.689648628234863,2671539.83203125,66272.14820200205
7964,56.926177978515625,1.9464393854141235,2671596.7582092285,66274.09464138746
7965,165.5235595703125,8.200390815734863,2671762.281768799,66282.2950322032
7966,242.39312744140625,10.07432746887207,2672004.6748962402,66292.36935967207
7967,239.24685668945312,9.33791446685791,2672243.9217529297,66301.70727413893
7968,201.8890380859375,8.415788650512695,2672445.8107910156,66310.12306278944
7969,54.8450927734375,1.6780122518539429,2672500.655883789,66311.8010750413
7970,260.60003662109375,8.509772300720215,2672761.25592041,66320.31084734201
7971,62.982810974121094,5.8907904624938965,2672824.2387313843,66326.20163780451
7972,170.17965698242188,7.740762710571289,2672994.4183883667,66333.94240051508
7973,134.1829376220703,7.6468353271484375,2673128.601325989,66341.58923584223
7974,52.08165740966797,1.8357871770858765,2673180.6829833984,66343.42502301931
7975,347.4073486328125,9.01935863494873,2673528.0903320312,66352.44438165426
7976,86.11639404296875,7.193981647491455,2673614.206726074,66359.63836330175
7977,119.44882202148438,6.7521867752075195,2673733.6555480957,66366.39055007696
7978,142.0041046142578,7.227149486541748,2673875.65965271,66373.6176995635
7979,161.8441162109375,8.904255867004395,2674037.503768921,66382.52195543051
7980,90.11284637451172,6.469995021820068,2674127.6166152954,66388.99195045233
7981,179.52395629882812,8.155045509338379,2674307.1405715942,66397.14699596167
7982,213.9429931640625,8.553516387939453,2674521.0835647583,66405.7005123496
7983,123.35480499267578,7.260416030883789,2674644.438369751,66412.96092838049
7984,60.97189712524414,3.842115640640259,2674705.410266876,66416.80304402113
7985,116.63554382324219,7.439097881317139,2674822.0458106995,66424.24214190245
7986,190.5939483642578,9.240266799926758,2675012.6397590637,66433.48240870237
7987,51.25170135498047,0.9857330322265625,2675063.8914604187,66434.4681417346
7988,177.28311157226562,8.409372329711914,2675241.174571991,66442.87751406431
7989,200.07275390625,7.71959114074707,2675441.247325897,66450.59710520506
7990,287.1225891113281,8.114011764526367,2675728.3699150085,66458.71111696959
7991,210.66932678222656,8.575199127197266,2675939.039241791,66467.28631609678
7992,142.773193359375,7.637156963348389,2676081.81243515,66474.92347306013
7993,158.5778045654297,8.372040748596191,2676240.3902397156,66483.29551380873
7994,162.86550903320312,8.029707908630371,2676403.255748749,66491.32522171736
7995,67.25971984863281,6.793223857879639,2676470.5154685974,66498.11844557524
7996,143.58164978027344,7.479840278625488,2676614.0971183777,66505.59828585386
7997,133.07305908203125,8.654998779296875,2676747.1701774597,66514.25328463316
7998,55.98031997680664,5.244117259979248,2676803.1504974365,66519.49740189314
7999,106.9083480834961,8.890437126159668,2676910.05884552,66528.3878390193
8000,215.26785278320312,8.382779121398926,2677125.326698303,66536.7706181407
8001,356.7943115234375,8.292637825012207,2677482.1210098267,66545.06325596571
8002,151.77154541015625,7.77836799621582,2677633.892555237,66552.84162396193
8003,234.50335693359375,8.221647262573242,2677868.3959121704,66561.0632712245
8004,48.95325469970703,3.639975070953369,2677917.34916687,66564.70324629545
8005,291.857666015625,8.388862609863281,2678209.2068328857,66573.09210890532
8006,167.9080810546875,8.081941604614258,2678377.1149139404,66581.17405050993
8007,288.50439453125,8.987028121948242,2678665.6193084717,66590.16107863188
8008,50.01519775390625,4.3607563972473145,2678715.6345062256,66594.52183502913
8009,173.44137573242188,7.829630374908447,2678889.075881958,66602.35146540403
8010,130.82183837890625,7.631784439086914,2679019.897720337,66609.98324984312
8011,292.8641357421875,9.552042961120605,2679312.761856079,66619.53529280424
8012,286.09527587890625,8.485026359558105,2679598.857131958,66628.0203191638
8013,87.94004821777344,6.43742561340332,2679686.797180176,66634.4577447772
8014,174.35069274902344,7.933313369750977,2679861.147872925,66642.39105814695
8015,232.25035095214844,8.564635276794434,2680093.398223877,66650.95569342375
8016,130.84979248046875,7.763247489929199,2680224.2480163574,66658.71894091368
8017,276.77630615234375,8.948627471923828,2680501.0243225098,66667.6675683856
8018,247.63034057617188,9.568312644958496,2680748.654663086,66677.23588103056
8019,184.432861328125,8.40273380279541,2680933.087524414,66685.63861483335
8020,54.82902526855469,1.3186182975769043,2680987.9165496826,66686.95723313093
8021,260.9468994140625,8.687247276306152,2681248.8634490967,66695.64448040724
8022,205.7886505126953,8.423890113830566,2681454.6520996094,66704.06837052107
8023,66.99362182617188,3.859182596206665,2681521.6457214355,66707.92755311728
8024,258.0498046875,9.4686918258667,2681779.695526123,66717.39624494314
8025,194.43313598632812,8.499752044677734,2681974.1286621094,66725.89599698782
8026,223.30535888671875,7.622519493103027,2682197.434020996,66733.51851648092
8027,125.84577941894531,8.472258567810059,2682323.279800415,66741.99077504873
8028,259.84326171875,8.59228229522705,2682583.123062134,66750.58305734396
8029,260.9029541015625,8.863853454589844,2682844.0260162354,66759.44691079855
8030,177.7874755859375,7.752313613891602,2683021.8134918213,66767.19922441244
8031,57.095130920410156,1.7175654172897339,2683078.9086227417,66768.91678982973
8032,184.35147094726562,7.892353057861328,2683263.260093689,66776.80914288759
8033,106.95270538330078,8.149184226989746,2683370.2127990723,66784.95832711458
8034,50.32549285888672,2.7806620597839355,2683420.538291931,66787.73898917437
8035,51.88603973388672,2.307507038116455,2683472.424331665,66790.04649621248
8036,203.6470947265625,8.73898696899414,2683676.0714263916,66798.78548318148
8037,112.75408935546875,7.919856071472168,2683788.825515747,66806.70533925295
8038,220.550537109375,8.268065452575684,2684009.3760528564,66814.97340470552
8039,138.2240753173828,7.825882434844971,2684147.600128174,66822.79928714037
8040,97.45989990234375,6.121372222900391,2684245.060028076,66828.92065936327
8041,191.0288543701172,8.341426849365234,2684436.0888824463,66837.26208621264
8042,257.92999267578125,9.37468147277832,2684694.018875122,66846.63676768541
8043,132.68978881835938,7.701292514801025,2684826.7086639404,66854.33806020021
8044,250.84426879882812,9.094280242919922,2685077.5529327393,66863.43234044313
8045,368.38348388671875,8.63526725769043,2685445.936416626,66872.06760770082
8046,297.72576904296875,9.311727523803711,2685743.662185669,66881.37933522463
8047,155.45167541503906,8.226852416992188,2685899.113861084,66889.60618764162
8048,56.092750549316406,2.028742551803589,2685955.2066116333,66891.63493019342
8049,254.74684143066406,9.689205169677734,2686209.953453064,66901.3241353631
8050,241.18692016601562,7.722514629364014,2686451.14037323,66909.04664999247
8051,172.587158203125,8.49886703491211,2686623.727531433,66917.54551702738
8052,158.77549743652344,8.427861213684082,2686782.5030288696,66925.97337824106
8053,230.9219970703125,10.276095390319824,2687013.42502594,66936.24947363138
8054,218.47891235351562,8.478554725646973,2687231.9039382935,66944.72802835703
8055,217.09375,8.14153003692627,2687448.9976882935,66952.86955839396
8056,146.53233337402344,7.304111003875732,2687595.5300216675,66960.17366939783
8057,67.65849304199219,5.564728260040283,2687663.1885147095,66965.73839765787
8058,319.0332946777344,9.495855331420898,2687982.221809387,66975.23425298929
8059,55.899627685546875,1.3366864919662476,2688038.1214370728,66976.57093948126
8060,487.7723083496094,10.48520565032959,2688525.8937454224,66987.05614513159
8061,143.61866760253906,8.047170639038086,2688669.512413025,66995.10331577063
8062,50.698455810546875,0.8593491911888123,2688720.2108688354,66995.96266496181
8063,109.21060180664062,6.871711254119873,2688829.421470642,67002.83437621593
8064,202.41041564941406,10.483894348144531,2689031.8318862915,67013.31827056408
8065,142.8599090576172,8.046518325805664,2689174.691795349,67021.36478888988
8066,281.156005859375,9.003396987915039,2689455.8478012085,67030.3681858778
8067,58.907264709472656,4.587273120880127,2689514.755065918,67034.95545899868
8068,163.58157348632812,8.163241386413574,2689678.3366394043,67043.1187003851
8069,63.08359146118164,5.159644603729248,2689741.4202308655,67048.27834498882
8070,211.84011840820312,7.916562080383301,2689953.2603492737,67056.1949070692
8071,60.63570022583008,6.469024181365967,2690013.8960494995,67062.66393125057
8072,160.04559326171875,7.71903657913208,2690173.941642761,67070.3829678297
8073,93.63282775878906,7.525506019592285,2690267.57447052,67077.9084738493
8074,69.57937622070312,4.937368869781494,2690337.1538467407,67082.84584271908
8075,145.57772827148438,8.912222862243652,2690482.731575012,67091.75806558132
8076,187.15542602539062,8.4271240234375,2690669.8870010376,67100.18518960476
8077,62.79216003417969,5.94925594329834,2690732.679161072,67106.13444554806
8078,100.98971557617188,7.62873649597168,2690833.668876648,67113.76318204403
8079,254.96395874023438,8.410598754882812,2691088.632835388,67122.17378079891
8080,280.5855712890625,8.773926734924316,2691369.2184066772,67130.94770753384
8081,123.92471313476562,7.364129066467285,2691493.143119812,67138.3118366003
8082,191.76992797851562,8.983593940734863,2691684.9130477905,67147.29543054104
8083,103.38115692138672,7.124816417694092,2691788.294204712,67154.42024695873
8084,186.53933715820312,9.493600845336914,2691974.83354187,67163.91384780407
8085,145.17111206054688,7.61891508102417,2692120.0046539307,67171.5327628851
8086,193.76919555664062,8.725717544555664,2692313.7738494873,67180.25848042965
8087,187.75765991210938,8.52115535736084,2692501.5315093994,67188.77963578701
8088,349.4915466308594,8.930988311767578,2692851.0230560303,67197.71062409878
8089,147.86212158203125,8.078292846679688,2692998.8851776123,67205.78891694546
8090,73.07521057128906,5.76002836227417,2693071.9603881836,67211.54894530773
8091,207.39633178710938,8.21591854095459,2693279.3567199707,67219.76486384869
8092,245.98855590820312,9.280887603759766,2693525.345275879,67229.04575145245
8093,184.9866943359375,8.619486808776855,2693710.331970215,67237.66523826122
8094,430.31817626953125,9.061450004577637,2694140.6501464844,67246.7266882658
8095,306.61474609375,9.286874771118164,2694447.264892578,67256.01356303692
8096,231.32196044921875,8.302423477172852,2694678.5868530273,67264.31598651409
8097,198.62091064453125,8.190213203430176,2694877.207763672,67272.50619971752
8098,155.215576171875,7.129237651824951,2695032.4233398438,67279.63543736935
8099,108.11604309082031,6.445400714874268,2695140.5393829346,67286.08083808422
8100,125.93592071533203,9.046721458435059,2695266.47530365,67295.12755954266
8101,101.514404296875,7.581428527832031,2695367.989707947,67302.70898807049
8102,91.77938842773438,6.14709997177124,2695459.7690963745,67308.85608804226
8103,55.50639724731445,2.3178021907806396,2695515.275493622,67311.17389023304
8104,336.956298828125,8.929838180541992,2695852.23179245,67320.10372841358
8105,130.1730499267578,8.85542106628418,2695982.4048423767,67328.95914947987
8106,52.673194885253906,2.7465081214904785,2696035.078037262,67331.70565760136
8107,53.90785217285156,2.9792253971099854,2696088.985889435,67334.68488299847
8108,98.67523193359375,7.675985813140869,2696187.6611213684,67342.36086881161
8109,58.025672912597656,2.1017024517059326,2696245.686794281,67344.46257126331
8110,410.05718994140625,9.469037055969238,2696655.7439842224,67353.93160831928
8111,253.314697265625,8.899580955505371,2696909.058681488,67362.83118927479
8112,84.13105010986328,7.656306743621826,2696993.189731598,67370.48749601841
8113,55.14649963378906,1.823402762413025,2697048.3362312317,67372.31089878082
8114,191.44569396972656,8.468172073364258,2697239.7819252014,67380.77907085419
8115,275.1856689453125,8.406889915466309,2697514.9675941467,67389.18596076965
8116,85.6522216796875,5.681591987609863,2697600.6198158264,67394.86755275726
8117,271.1910705566406,8.574069023132324,2697871.810886383,67403.4416217804
8118,209.8000946044922,8.25487232208252,2698081.6109809875,67411.69649410248
8119,207.5850372314453,8.527140617370605,2698289.196018219,67420.22363471985
8120,302.10919189453125,9.488911628723145,2698591.3052101135,67429.71254634857
8121,107.37265014648438,8.193204879760742,2698698.67786026,67437.90575122833
8122,230.6685791015625,8.977458953857422,2698929.3464393616,67446.88321018219
8123,248.57009887695312,8.226972579956055,2699177.9165382385,67455.11018276215
8124,244.00167846679688,9.147598266601562,2699421.9182167053,67464.25778102875
8125,309.68939208984375,9.131877899169922,2699731.607608795,67473.38965892792
8126,213.07501220703125,8.209790229797363,2699944.682621002,67481.59944915771
8127,62.258872985839844,1.555893063545227,2700006.941493988,67483.15534222126
8128,105.43048095703125,7.482058048248291,2700112.371974945,67490.63740026951
8129,52.72021484375,2.9629194736480713,2700165.092189789,67493.60031974316
8130,244.28627014160156,8.923296928405762,2700409.3784599304,67502.52361667156
8131,57.274803161621094,2.4905643463134766,2700466.653263092,67505.01418101788
8132,114.57110595703125,8.701607704162598,2700581.224369049,67513.71578872204
8133,157.11875915527344,7.687773704528809,2700738.3431282043,67521.40356242657
8134,277.8736572265625,9.205020904541016,2701016.216785431,67530.60858333111
8135,195.0389862060547,8.126710891723633,2701211.255771637,67538.73529422283
8136,65.56766510009766,6.065017223358154,2701276.823436737,67544.80031144619
8137,172.9239044189453,8.743766784667969,2701449.747341156,67553.54407823086
8138,64.76591491699219,5.040358543395996,2701514.513256073,67558.58443677425
8139,314.4146728515625,9.820204734802246,2701828.9279289246,67568.40464150906
8140,169.054443359375,8.038817405700684,2701997.982372284,67576.44345891476
8141,312.11724853515625,8.175817489624023,2702310.099620819,67584.61927640438
8142,187.820556640625,8.670473098754883,2702497.9201774597,67593.28974950314
8143,215.66558837890625,8.691194534301758,2702713.5857658386,67601.98094403744
8144,230.99798583984375,8.004645347595215,2702944.5837516785,67609.98558938503
8145,189.24160766601562,8.539438247680664,2703133.8253593445,67618.52502763271
8146,354.7420654296875,8.607681274414062,2703488.567424774,67627.13270890713
8147,123.56729125976562,8.638409614562988,2703612.134716034,67635.77111852169
8148,234.27713012695312,8.655853271484375,2703846.411846161,67644.42697179317
8149,270.35479736328125,9.097555160522461,2704116.766643524,67653.5245269537
8150,121.68708801269531,8.704331398010254,2704238.453731537,67662.22885835171
8151,189.40948486328125,8.22819709777832,2704427.8632164,67670.45705544949
8152,171.82925415039062,8.511858940124512,2704599.6924705505,67678.96891438961
8153,247.4432373046875,9.617881774902344,2704847.135707855,67688.58679616451
8154,151.4205780029297,8.726634979248047,2704998.556285858,67697.31343114376
8155,109.3675537109375,8.024930953979492,2705107.923839569,67705.33836209774
8156,148.07928466796875,8.97663688659668,2705256.003124237,67714.31499898434
8157,289.05291748046875,8.73805046081543,2705545.0560417175,67723.05304944515
8158,105.7113265991211,7.794549465179443,2705650.7673683167,67730.84759891033
8159,95.93009948730469,6.562310695648193,2705746.697467804,67737.40990960598
8160,249.29013061523438,8.803338050842285,2705995.987598419,67746.21324765682
8161,194.80255126953125,8.185884475708008,2706190.7901496887,67754.39913213253
8162,123.08064270019531,8.37325668334961,2706313.870792389,67762.77238881588
8163,144.89544677734375,9.01602554321289,2706458.7662391663,67771.78841435909
8164,213.177001953125,9.327667236328125,2706671.9432411194,67781.11608159542
8165,200.1097412109375,7.611506938934326,2706872.0529823303,67788.72758853436
8166,195.02232360839844,7.695514678955078,2707067.0753059387,67796.42310321331
8167,59.413387298583984,4.371151924133301,2707126.4886932373,67800.79425513744
8168,166.42062377929688,7.536121368408203,2707292.9093170166,67808.33037650585
8169,171.5162811279297,10.063081741333008,2707464.4255981445,67818.39345824718
8170,173.81460571289062,7.942393779754639,2707638.2402038574,67826.33585202694
8171,239.52487182617188,7.953066825866699,2707877.7650756836,67834.2889188528
8172,125.11998748779297,7.805435657501221,2708002.8850631714,67842.09435451031
8173,49.10875701904297,2.650493621826172,2708051.9938201904,67844.74484813213
8174,192.89541625976562,8.333532333374023,2708244.88923645,67853.07838046551
8175,135.736572265625,9.298323631286621,2708380.625808716,67862.3767040968
8176,118.23208618164062,7.648146152496338,2708498.8578948975,67870.02485024929
8177,124.60572814941406,7.7131781578063965,2708623.463623047,67877.7380284071
8178,92.0541000366211,7.494375705718994,2708715.5177230835,67885.23240411282
8179,206.72215270996094,8.234064102172852,2708922.2398757935,67893.46646821499
8180,411.463623046875,8.116447448730469,2709333.7034988403,67901.58291566372
8181,142.51998901367188,8.207042694091797,2709476.223487854,67909.78995835781
8182,199.68930053710938,8.146031379699707,2709675.912788391,67917.93598973751
8183,54.71607208251953,3.310119152069092,2709730.6288604736,67921.24610888958
8184,46.448760986328125,3.9305272102355957,2709777.07762146,67925.17663609982
8185,183.956787109375,8.46672248840332,2709961.0344085693,67933.64335858822
8186,260.5415954589844,8.341788291931152,2710221.5760040283,67941.98514688015
8187,294.37298583984375,9.461153030395508,2710515.948989868,67951.44629991055
8188,154.7802276611328,9.437536239624023,2710670.7292175293,67960.88383615017
8189,244.4940643310547,9.032458305358887,2710915.2232818604,67969.91629445553
8190,270.4303283691406,8.820414543151855,2711185.6536102295,67978.73670899868
8191,159.34823608398438,7.984715938568115,2711345.0018463135,67986.72142493725
8192,219.41639709472656,8.585033416748047,2711564.418243408,67995.306458354
8193,227.62960815429688,8.175068855285645,2711792.0478515625,68003.48152720928
8194,129.9313507080078,8.184813499450684,2711921.9792022705,68011.66634070873
8195,121.06040954589844,7.582164287567139,2712043.0396118164,68019.2485049963
8196,64.60658264160156,6.87890100479126,2712107.646194458,68026.12740600109
8197,157.33123779296875,7.442371845245361,2712264.977432251,68033.56977784634
8198,250.78965759277344,9.035621643066406,2712515.7670898438,68042.6053994894
8199,223.00564575195312,8.847394943237305,2712738.7727355957,68051.45279443264
8200,225.59927368164062,9.415563583374023,2712964.3720092773,68060.86835801601
8201,181.0933837890625,7.74158239364624,2713145.4653930664,68068.60994040966
8202,156.65414428710938,9.136873245239258,2713302.1195373535,68077.7468136549
8203,145.16885375976562,8.276122093200684,2713447.2883911133,68086.0229357481
8204,56.65650177001953,4.122670650482178,2713503.9448928833,68090.14560639858
8205,136.80979919433594,7.561575412750244,2713640.7546920776,68097.70718181133
8206,296.303955078125,10.321760177612305,2713937.0586471558,68108.02894198895
8207,171.52548217773438,9.000859260559082,2714108.5841293335,68117.0298012495
8208,159.872802734375,8.967839241027832,2714268.456932068,68125.99764049053
8209,340.82391357421875,8.464075088500977,2714609.280845642,68134.46171557903
8210,54.7845344543457,3.349869966506958,2714664.0653800964,68137.81158554554
8211,102.75828552246094,7.20676851272583,2714766.823665619,68145.01835405827
8212,283.47900390625,8.191021919250488,2715050.302669525,68153.20937597752
8213,116.83064270019531,7.956037998199463,2715167.1333122253,68161.16541397572
8214,274.7298583984375,8.208419799804688,2715441.863170624,68169.37383377552
8215,240.400634765625,8.113658905029297,2715682.2638053894,68177.48749268055
8216,158.47805786132812,8.097211837768555,2715840.7418632507,68185.58470451832
8217,189.1029052734375,7.391876697540283,2716029.844768524,68192.97658121586
8218,118.64912414550781,8.009263038635254,2716148.4938926697,68200.9858442545
8219,165.54490661621094,8.958268165588379,2716314.038799286,68209.94411242008
8220,69.70654296875,4.02613639831543,2716383.7453422546,68213.9702488184
8221,66.57292938232422,2.448906898498535,2716450.318271637,68216.4191557169
8222,261.27972412109375,8.74958324432373,2716711.597995758,68225.16873896122
8223,58.632972717285156,3.139662981033325,2716770.2309684753,68228.30840194225
8224,249.26808166503906,8.193351745605469,2717019.4990501404,68236.50175368786
8225,278.9637451171875,8.478218078613281,2717298.4627952576,68244.97997176647
8226,284.58233642578125,8.47604751586914,2717583.0451316833,68253.45601928234
8227,169.35458374023438,8.28384780883789,2717752.3997154236,68261.73986709118
8228,288.84039306640625,7.880319595336914,2718041.24010849,68269.62018668652
8229,129.75411987304688,7.791140079498291,2718170.994228363,68277.41132676601
8230,167.31202697753906,9.585578918457031,2718338.3062553406,68286.99690568447
8231,245.16354370117188,8.671218872070312,2718583.4697990417,68295.66812455654
8232,188.4492645263672,7.8762664794921875,2718771.919063568,68303.54439103603
8233,120.22576904296875,7.844575881958008,2718892.144832611,68311.38896691799
8234,43.921142578125,3.335798501968384,2718936.065975189,68314.72476541996
8235,58.41864013671875,2.3930740356445312,2718994.484615326,68317.1178394556
8236,149.7012939453125,7.603688716888428,2719144.1859092712,68324.7215281725
8237,104.43038940429688,7.906475067138672,2719248.6162986755,68332.62800323963
8238,199.4383544921875,8.620878219604492,2719448.0546531677,68341.24888145924
8239,325.44024658203125,10.83594799041748,2719773.4948997498,68352.08482944965
8240,202.68533325195312,7.703008651733398,2719976.1802330017,68359.78783810139
8241,286.40020751953125,9.451799392700195,2720262.5804405212,68369.23963749409
8242,69.6817626953125,5.519415855407715,2720332.2622032166,68374.7590533495
8243,133.1534423828125,8.312763214111328,2720465.4156455994,68383.0718165636
8244,187.55331420898438,8.28079891204834,2720652.9689598083,68391.35261547565
8245,206.16305541992188,9.197468757629395,2720859.1320152283,68400.55008423328
8246,133.49757385253906,7.609241962432861,2720992.629589081,68408.15932619572
8247,268.9293212890625,8.984416961669922,2721261.55891037,68417.14374315739
8248,311.52685546875,9.209870338439941,2721573.0857658386,68426.35361349583
8249,280.3310546875,8.951586723327637,2721853.416820526,68435.30520021915
8250,160.36099243164062,9.024628639221191,2722013.7778129578,68444.32982885838
8251,181.5035400390625,9.174904823303223,2722195.281352997,68453.50473368168
8252,194.36685180664062,8.571695327758789,2722389.6482048035,68462.07642900944
8253,179.0465087890625,8.717695236206055,2722568.6947135925,68470.79412424564
8254,195.3141632080078,8.161229133605957,2722764.0088768005,68478.95535337925
8255,120.08485412597656,8.30021858215332,2722884.0937309265,68487.2555719614
8256,127.57894897460938,8.061662673950195,2723011.672679901,68495.31723463535
8257,54.47227478027344,2.3568966388702393,2723066.1449546814,68497.67413127422
8258,138.08139038085938,7.961921215057373,2723204.2263450623,68505.63605248928
8259,244.40969848632812,11.352301597595215,2723448.6360435486,68516.98835408688
8260,147.01004028320312,7.3644938468933105,2723595.646083832,68524.35284793377
8261,240.2765655517578,8.90315055847168,2723835.9226493835,68533.25599849224
8262,274.34429931640625,9.649005889892578,2724110.2669487,68542.90500438213
8263,192.0562286376953,10.88131046295166,2724302.3231773376,68553.78631484509
8264,230.03033447265625,8.601985931396484,2724532.3535118103,68562.38830077648
8265,313.961669921875,8.849428176879883,2724846.315181732,68571.23772895336
8266,53.488548278808594,2.556288719177246,2724899.803730011,68573.79401767254
8267,230.24688720703125,9.158676147460938,2725130.050617218,68582.95269382
8268,172.23646545410156,7.947453498840332,2725302.287082672,68590.90014731884
8269,183.57290649414062,8.544934272766113,2725485.8599891663,68599.4450815916
8270,89.52973937988281,7.689245700836182,2725575.389728546,68607.13432729244
8271,221.2939453125,8.13115406036377,2725796.6836738586,68615.2654813528
8272,245.79039001464844,8.056600570678711,2726042.4740638733,68623.32208192348
8273,291.38232421875,8.712385177612305,2726333.856388092,68632.0344671011
8274,328.7132568359375,9.300984382629395,2726662.569644928,68641.33545148373
8275,380.02777099609375,9.303643226623535,2727042.597415924,68650.63909471035
8276,150.94711303710938,9.56491756439209,2727193.544528961,68660.20401227474
8277,410.63995361328125,8.903358459472656,2727604.1844825745,68669.10737073421
8278,303.8520812988281,8.829136848449707,2727908.0365638733,68677.93650758266
8279,57.89787673950195,2.452205181121826,2727965.934440613,68680.38871276379
8280,174.89364624023438,7.908139228820801,2728140.828086853,68688.2968519926
8281,149.48672485351562,7.166184902191162,2728290.3148117065,68695.4630368948
8282,58.79575729370117,5.3290019035339355,2728349.1105690002,68700.79203879833
8283,163.34786987304688,8.865639686584473,2728512.4584388733,68709.65767848492
8284,111.71603393554688,7.246689319610596,2728624.174472809,68716.90436780453
8285,213.82424926757812,8.867119789123535,2728837.9987220764,68725.77148759365
8286,110.2714614868164,7.4361958503723145,2728948.270183563,68733.20768344402
8287,170.5124969482422,8.998497009277344,2729118.7826805115,68742.2061804533
8288,210.64419555664062,8.514819145202637,2729329.426876068,68750.7209995985
8289,119.13427734375,8.87433910369873,2729448.561153412,68759.5953387022
8290,209.21554565429688,8.22449779510498,2729657.776699066,68767.8198364973
8291,258.60369873046875,8.600221633911133,2729916.3803977966,68776.42005813122
8292,193.79705810546875,8.952433586120605,2730110.177455902,68785.37249171734
8293,83.66461181640625,7.465124130249023,2730193.8420677185,68792.83761584759
8294,307.8655090332031,9.499984741210938,2730501.7075767517,68802.3376005888
8295,239.975341796875,8.99984359741211,2730741.6829185486,68811.33744418621
8296,141.8400115966797,9.033414840698242,2730883.5229301453,68820.37085902691
8297,241.58245849609375,8.613017082214355,2731125.1053886414,68828.98387610912
8298,276.79876708984375,8.099190711975098,2731401.904155731,68837.0830668211
8299,282.3241271972656,9.19851303100586,2731684.2282829285,68846.2815798521
8300,278.9694519042969,8.630091667175293,2731963.1977348328,68854.91167151928
8301,52.882171630859375,3.1455001831054688,2732016.0799064636,68858.05717170238
8302,222.33685302734375,8.741008758544922,2732238.416759491,68866.79818046093
8303,198.49591064453125,8.152827262878418,2732436.9126701355,68874.95100772381
8304,123.9134521484375,9.687701225280762,2732560.826122284,68884.63870894909
8305,305.96014404296875,8.554885864257812,2732866.786266327,68893.19359481335
8306,51.97054672241211,3.4373786449432373,2732918.7568130493,68896.63097345829
8307,264.38983154296875,8.943294525146484,2733183.1466445923,68905.57426798344
8308,134.82839965820312,7.633897304534912,2733317.9750442505,68913.20816528797
8309,250.4208984375,8.542986869812012,2733568.395942688,68921.75115215778
8310,163.1809844970703,8.529969215393066,2733731.576927185,68930.28112137318
8311,61.16991424560547,4.724186420440674,2733792.7468414307,68935.00530779362
8312,153.0862579345703,8.160846710205078,2733945.8330993652,68943.16615450382
8313,212.8040313720703,8.12917709350586,2734158.6371307373,68951.29533159733
8314,260.0007019042969,8.600515365600586,2734418.6378326416,68959.89584696293
8315,188.61544799804688,8.175783157348633,2734607.2532806396,68968.07163012028
8316,154.9802703857422,9.149055480957031,2734762.2335510254,68977.22068560123
8317,167.3359375,9.417985916137695,2734929.5694885254,68986.63867151737
8318,52.691314697265625,5.4693603515625,2734982.2608032227,68992.10803186893
8319,285.92462158203125,9.39285659790039,2735268.1854248047,69001.50088846684
8320,65.53720092773438,6.422085285186768,2735333.7226257324,69007.92297375202
8321,165.82089233398438,8.502448081970215,2735499.5435180664,69016.42542183399
8322,130.85287475585938,7.600510597229004,2735630.3963928223,69024.02593243122
8323,105.14450073242188,7.071733474731445,2735735.5408935547,69031.09766590595
8324,181.7152557373047,7.8730669021606445,2735917.256149292,69038.97073280811
8325,52.84295654296875,2.8692479133605957,2735970.099105835,69041.83998072147
8326,171.8288116455078,9.540667533874512,2736141.9279174805,69051.38064825535
8327,268.90484619140625,8.694705963134766,2736410.832763672,69060.07535421848
8328,70.19292449951172,6.216631889343262,2736481.0256881714,69066.29198610783
8329,234.4783935546875,9.373274803161621,2736715.504081726,69075.66526091099
8330,144.4556884765625,8.714401245117188,2736859.9597702026,69084.3796621561
8331,138.44659423828125,8.755217552185059,2736998.406364441,69093.13487970829
8332,130.07675170898438,8.717169761657715,2737128.48311615,69101.85204946995
8333,67.0120849609375,4.989943981170654,2737195.495201111,69106.84199345112
8334,153.20721435546875,7.685784339904785,2737348.7024154663,69114.52777779102
8335,262.35894775390625,9.858155250549316,2737611.06136322,69124.38593304157
8336,279.14117431640625,9.034586906433105,2737890.2025375366,69133.420519948
8337,106.08808898925781,6.831871509552002,2737996.290626526,69140.25239145756
8338,56.66361618041992,3.5389461517333984,2738052.9542427063,69143.79133760929
8339,111.95046997070312,8.14514446258545,2738164.904712677,69151.93648207188
8340,76.91720581054688,6.379277229309082,2738241.8219184875,69158.31575930119
8341,53.059879302978516,1.0822778940200806,2738294.8817977905,69159.3980371952
8342,146.36614990234375,8.688011169433594,2738441.247947693,69168.08604836464
8343,202.093505859375,8.57773494720459,2738643.3414535522,69176.66378331184
8344,238.91598510742188,8.025434494018555,2738882.2574386597,69184.68921780586
8345,55.978546142578125,1.4949252605438232,2738938.2359848022,69186.1841430664
8346,233.22677612304688,9.566415786743164,2739171.4627609253,69195.75055885315
8347,161.58856201171875,8.184574127197266,2739333.051322937,69203.93513298035
8348,375.1233825683594,9.93252182006836,2739708.1747055054,69213.86765480042
8349,147.48587036132812,7.774520397186279,2739855.6605758667,69221.6421751976
8350,391.86639404296875,8.958052635192871,2740247.5269699097,69230.6002278328
8351,184.17233276367188,9.2340087890625,2740431.6993026733,69239.83423662186
8352,220.97116088867188,7.9546990394592285,2740652.670463562,69247.78893566132
8353,310.5145568847656,8.7557373046875,2740963.185020447,69256.544672966
8354,279.99676513671875,8.650533676147461,2741243.1817855835,69265.19520664215
8355,230.9100341796875,8.950798988342285,2741474.091819763,69274.1460056305
8356,129.45654296875,6.729365348815918,2741603.548362732,69280.87537097931
8357,141.97848510742188,9.465889930725098,2741745.5268478394,69290.34126091003
8358,206.18701171875,8.97280502319336,2741951.713859558,69299.31406593323
8359,61.04168701171875,3.940162420272827,2742012.75554657,69303.2542283535
8360,128.33322143554688,7.851574420928955,2742141.0887680054,69311.10580277443
8361,73.26545715332031,5.8059773445129395,2742214.3542251587,69316.91178011894
8362,343.4882507324219,10.04935359954834,2742557.842475891,69326.96113371849
8363,143.07611083984375,8.65080451965332,2742700.918586731,69335.61193823814
8364,294.59136962890625,8.692643165588379,2742995.50995636,69344.30458140373
8365,169.00686645507812,8.992485046386719,2743164.516822815,69353.29706645012
8366,100.4967041015625,7.8971099853515625,2743265.0135269165,69361.19417643547
8367,66.40111541748047,6.001360893249512,2743331.414642334,69367.19553732872
8368,306.27642822265625,10.001276969909668,2743637.6910705566,69377.19681429863
8369,242.07879638671875,8.43508243560791,2743879.7698669434,69385.63189673424
8370,96.53169250488281,7.433351039886475,2743976.3015594482,69393.06524777412
8371,209.07513427734375,8.262581825256348,2744185.3766937256,69401.32782959938
8372,149.67762756347656,8.061076164245605,2744335.054321289,69409.38890576363
8373,215.21942138671875,9.680643081665039,2744550.273742676,69419.06954884529
8374,179.49578857421875,7.989837646484375,2744729.76953125,69427.05938649178
8375,246.20924377441406,8.834721565246582,2744975.9787750244,69435.89410805702
8376,178.208984375,8.05951976776123,2745154.1877593994,69443.95362782478
8377,277.73638916015625,8.638747215270996,2745431.9241485596,69452.59237504005
8378,146.61793518066406,7.949729919433594,2745578.5420837402,69460.54210495949
8379,92.50950622558594,7.031870365142822,2745671.051589966,69467.57397532463
8380,341.85516357421875,9.544458389282227,2746012.90675354,69477.11843371391
8381,112.30984497070312,7.9106831550598145,2746125.2165985107,69485.02911686897
8382,158.34857177734375,8.064290046691895,2746283.565170288,69493.09340691566
8383,220.85894775390625,9.213829040527344,2746504.424118042,69502.30723595619
8384,241.52969360351562,8.928818702697754,2746745.9538116455,69511.23605465889
8385,202.7784423828125,8.616369247436523,2746948.7322540283,69519.85242390633
8386,297.2715148925781,8.711389541625977,2747246.003768921,69528.56381344795
8387,251.614990234375,8.337020874023438,2747497.6187591553,69536.90083432198
8388,128.0351104736328,8.340344429016113,2747625.653869629,69545.24117875099
8389,148.43838500976562,8.987214088439941,2747774.0922546387,69554.22839283943
8390,240.91763305664062,9.014618873596191,2748015.0098876953,69563.24301171303
8391,302.6706237792969,8.710578918457031,2748317.6805114746,69571.95359063148
8392,155.47039794921875,10.028043746948242,2748473.150909424,69581.98163437843
8393,162.80877685546875,8.113921165466309,2748635.9596862793,69590.0955555439
8394,211.3610382080078,8.423065185546875,2748847.3207244873,69598.51862072945
8395,175.52871704101562,8.440199851989746,2749022.8494415283,69606.95882058144
8396,223.25445556640625,8.62279987335205,2749246.1038970947,69615.58162045479
8397,188.03741455078125,8.18002700805664,2749434.1413116455,69623.76164746284
8398,47.17306900024414,3.8269641399383545,2749481.3143806458,69627.58861160278
8399,262.74041748046875,8.344511985778809,2749744.054798126,69635.93312358856
8400,187.77699279785156,8.610785484313965,2749931.831790924,69644.54390907288
8401,232.05374145507812,8.909791946411133,2750163.885532379,69653.45370101929
8402,312.81170654296875,9.810112953186035,2750476.697238922,69663.26381397247
8403,122.29667663574219,7.995558261871338,2750598.993915558,69671.25937223434
8404,157.48504638671875,9.14029598236084,2750756.4789619446,69680.3996682167
8405,316.8966369628906,8.805741310119629,2751073.3755989075,69689.20540952682
8406,123.00950622558594,8.283618927001953,2751196.385105133,69697.48902845383
8407,229.1243133544922,9.004307746887207,2751425.5094184875,69706.49333620071
8408,79.91143798828125,6.627159118652344,2751505.420856476,69713.12049531937
8409,52.19207763671875,2.5571610927581787,2751557.6129341125,69715.67765641212
8410,157.1130828857422,8.650053024291992,2751714.7260169983,69724.32770943642
8411,56.57433319091797,1.65397047996521,2751771.300350189,69725.98167991638
8412,196.34616088867188,8.288679122924805,2751967.646511078,69734.2703590393
8413,353.57598876953125,8.995723724365234,2752321.2224998474,69743.26608276367
8414,166.08071899414062,7.946783065795898,2752487.3032188416,69751.21286582947
8415,190.9276580810547,8.285950660705566,2752678.2308769226,69759.49881649017
8416,365.46014404296875,8.687389373779297,2753043.6910209656,69768.18620586395
8417,186.08644104003906,9.300558090209961,2753229.7774620056,69777.48676395416
8418,159.81646728515625,7.258411884307861,2753389.593929291,69784.74517583847
8419,53.1447639465332,4.561688423156738,2753442.7386932373,69789.30686426163
8420,174.84771728515625,7.86961030960083,2753617.5864105225,69797.17647457123
8421,208.15841674804688,8.30784797668457,2753825.7448272705,69805.48432254791
8422,277.4833984375,8.839973449707031,2754103.228225708,69814.32429599762
8423,304.580078125,9.213906288146973,2754407.808303833,69823.53820228577
8424,225.09310913085938,8.528189659118652,2754632.901412964,69832.06639194489
8425,242.89273071289062,10.466068267822266,2754875.7941436768,69842.53246021271
8426,171.461669921875,8.618956565856934,2755047.2558135986,69851.15141677856
8427,303.32440185546875,9.873278617858887,2755350.580215454,69861.02469539642
8428,126.79508972167969,7.449733734130859,2755477.375305176,69868.47442913055
8429,107.85414123535156,7.216316223144531,2755585.229446411,69875.6907453537
8430,162.78561401367188,7.9006805419921875,2755748.015060425,69883.59142589569
8431,325.1109619140625,8.411304473876953,2756073.126022339,69892.00273036957
8432,178.00189208984375,8.750349044799805,2756251.1279144287,69900.75307941437
8433,148.42955017089844,8.714446067810059,2756399.5574645996,69909.46752548218
8434,194.89501953125,7.900267124176025,2756594.452484131,69917.36779260635
8435,198.23411560058594,8.993860244750977,2756792.6865997314,69926.3616528511
8436,140.73695373535156,8.030437469482422,2756933.423553467,69934.39209032059
8437,213.81719970703125,8.529522895812988,2757147.240753174,69942.9216132164
8438,214.9613800048828,8.815152168273926,2757362.2021331787,69951.73676538467
8439,309.2945861816406,8.543660163879395,2757671.4967193604,69960.28042554855
8440,176.63302612304688,8.445534706115723,2757848.1297454834,69968.72596025467
8441,189.1043701171875,8.013629913330078,2758037.2341156006,69976.739590168
8442,86.76901245117188,7.513515949249268,2758124.0031280518,69984.25310611725
8443,170.43814086914062,8.221637725830078,2758294.441268921,69992.47474384308
8444,55.53687286376953,2.6780054569244385,2758349.9781417847,69995.1527493
8445,287.7107238769531,9.859427452087402,2758637.6888656616,70005.01217675209
8446,140.780517578125,8.53564739227295,2758778.4693832397,70013.54782414436
8447,93.81094360351562,6.9691386222839355,2758872.2803268433,70020.51696276665
8448,178.6985321044922,8.046231269836426,2759050.9788589478,70028.56319403648
8449,134.98468017578125,8.050580978393555,2759185.9635391235,70036.61377501488
8450,170.15823364257812,9.963042259216309,2759356.121772766,70046.5768172741
8451,61.20722961425781,2.869631767272949,2759417.3290023804,70049.44644904137
8452,277.6612548828125,8.659863471984863,2759694.990257263,70058.10631251335
8453,60.1058349609375,5.860296249389648,2759755.096092224,70063.96660876274
8454,248.39793395996094,8.640615463256836,2760003.494026184,70072.607224226
8455,321.1724548339844,9.043282508850098,2760324.666481018,70081.65050673485
8456,235.4016876220703,9.25391960144043,2760560.06816864,70090.90442633629
8457,306.706787109375,9.10714340209961,2760866.7749557495,70100.01156973839
8458,66.79672241210938,1.602746605873108,2760933.5716781616,70101.61431634426
8459,202.4740447998047,8.722552299499512,2761136.0457229614,70110.33686864376
8460,134.33206176757812,8.223723411560059,2761270.377784729,70118.56059205532
8461,53.24116516113281,3.244197130203247,2761323.61894989,70121.80478918552
8462,163.02992248535156,8.042119026184082,2761486.6488723755,70129.84690821171
8463,154.2901611328125,9.600443840026855,2761640.9390335083,70139.44735205173
8464,72.05593872070312,3.011110305786133,2761712.994972229,70142.45846235752
8465,241.09432983398438,8.500454902648926,2761954.089302063,70150.95891726017
8466,179.76080322265625,9.559831619262695,2762133.8501052856,70160.51874887943
8467,87.60137176513672,7.230344295501709,2762221.451477051,70167.74909317493
8468,215.1085968017578,8.914095878601074,2762436.5600738525,70176.66318905354
8469,147.79641723632812,8.73116683959961,2762584.356491089,70185.39435589314
8470,258.7524108886719,8.621007919311523,2762843.1089019775,70194.01536381245
8471,225.5286865234375,8.603891372680664,2763068.637588501,70202.61925518513
8472,79.53323364257812,2.9154467582702637,2763148.1708221436,70205.5347019434
8473,75.3988265991211,3.2177860736846924,2763223.5696487427,70208.75248801708
8474,116.40618896484375,7.538233280181885,2763339.9758377075,70216.29072129726
8475,262.2369689941406,8.653887748718262,2763602.2128067017,70224.94460904598
8476,163.85049438476562,8.340761184692383,2763766.0633010864,70233.28537023067
8477,199.38121032714844,9.082657814025879,2763965.4445114136,70242.3680280447
8478,240.8052978515625,9.288251876831055,2764206.249809265,70251.65627992153
8479,186.9644775390625,8.638293266296387,2764393.214286804,70260.29457318783
8480,73.09712219238281,4.111510753631592,2764466.3114089966,70264.40608394146
8481,119.92143249511719,8.547863960266113,2764586.2328414917,70272.95394790173
8482,147.484375,8.327824592590332,2764733.7172164917,70281.28177249432
8483,204.5880126953125,8.930215835571289,2764938.305229187,70290.21198832989
8484,180.8680877685547,8.16110610961914,2765119.1733169556,70298.3730944395
8485,173.20809936523438,8.245797157287598,2765292.381416321,70306.6188915968
8486,183.76272583007812,7.772027015686035,2765476.144142151,70314.39091861248
8487,188.3989715576172,9.18728256225586,2765664.5431137085,70323.57820117474
8488,146.04515075683594,7.804008483886719,2765810.5882644653,70331.38220965862
8489,274.77911376953125,11.488643646240234,2766085.367378235,70342.87085330486
8490,187.05296325683594,7.959129810333252,2766272.4203414917,70350.8299831152
8491,225.15402221679688,8.522147178649902,2766497.5743637085,70359.35213029385
8492,84.77479553222656,6.536293983459473,2766582.3491592407,70365.8884242773
8493,139.40682983398438,8.679503440856934,2766721.7559890747,70374.56792771816
8494,197.675048828125,8.064988136291504,2766919.431037903,70382.63291585445
8495,123.72947692871094,8.290199279785156,2767043.1605148315,70390.92311513424
8496,143.32638549804688,8.106679916381836,2767186.4869003296,70399.02979505062
8497,122.64665222167969,8.00514030456543,2767309.1335525513,70407.03493535519
8498,275.40960693359375,8.179794311523438,2767584.543159485,70415.21472966671
8499,156.68478393554688,7.9144392013549805,2767741.2279434204,70423.12916886806
8500,164.98023986816406,7.160719871520996,2767906.2081832886,70430.28988873959
8501,67.7560043334961,2.3824379444122314,2767973.964187622,70432.672326684
8502,72.80990600585938,5.13716459274292,2768046.774093628,70437.80949127674
8503,314.9173583984375,9.42781925201416,2768361.6914520264,70447.23731052876
8504,98.77152252197266,6.735169887542725,2768460.4629745483,70453.9724804163
8505,50.65214538574219,3.7202041149139404,2768511.115119934,70457.69268453121
8506,54.98277282714844,4.42657470703125,2768566.097892761,70462.11925923824
8507,190.33157348632812,7.858445167541504,2768756.4294662476,70469.97770440578
8508,107.00493621826172,7.523599624633789,2768863.434402466,70477.50130403042
8509,153.69378662109375,8.016578674316406,2769017.128189087,70485.51788270473
8510,176.1104736328125,7.916993141174316,2769193.2386627197,70493.43487584591
8511,164.10653686523438,10.09848690032959,2769357.345199585,70503.53336274624
8512,81.28937530517578,5.675902366638184,2769438.63457489,70509.20926511288
8513,146.3310546875,7.898983001708984,2769584.9656295776,70517.10824811459
8514,269.8359375,9.151851654052734,2769854.8015670776,70526.26009976864
8515,334.7281494140625,9.622514724731445,2770189.5297164917,70535.88261449337
8516,53.69294357299805,1.3259124755859375,2770243.2226600647,70537.20852696896
8517,233.11248779296875,8.146449089050293,2770476.3351478577,70545.354976058
8518,50.290245056152344,4.5802459716796875,2770526.625392914,70549.93522202969
8519,272.6495666503906,8.863178253173828,2770799.274959564,70558.79840028286
8520,185.8791046142578,8.523178100585938,2770985.1540641785,70567.32157838345
8521,137.9315185546875,8.611593246459961,2771123.085582733,70575.9331716299
8522,135.82839965820312,8.224123001098633,2771258.9139823914,70584.157294631
8523,81.61317443847656,5.6443586349487305,2771340.52715683,70589.80165326595
8524,387.6700439453125,7.948278427124023,2771728.197200775,70597.74993169308
8525,128.9818572998047,7.423814296722412,2771857.179058075,70605.1737459898
8526,327.72198486328125,9.643810272216797,2772184.901042938,70614.81755626202
8527,151.79881286621094,8.515218734741211,2772336.6998558044,70623.33277499676
8528,175.82177734375,9.401651382446289,2772512.521633148,70632.7344263792
8529,320.619873046875,9.146049499511719,2772833.141506195,70641.88047587872
8530,162.14405822753906,7.564972400665283,2772995.2855644226,70649.44544827938
8531,243.85638427734375,8.708667755126953,2773239.1419487,70658.15411603451
8532,179.86111450195312,9.892182350158691,2773419.003063202,70668.04629838467
8533,187.183349609375,8.168120384216309,2773606.1864128113,70676.21441876888
8534,173.95657348632812,8.4993314743042,2773780.1429862976,70684.71375024319
8535,262.46380615234375,8.828591346740723,2774042.60679245,70693.54234158993
8536,302.24932861328125,9.120746612548828,2774344.856121063,70702.66308820248
8537,174.37704467773438,8.375680923461914,2774519.233165741,70711.03876912594
8538,115.20574951171875,8.59759521484375,2774634.4389152527,70719.63636434078
8539,58.2046012878418,3.27545166015625,2774692.6435165405,70722.91181600094
8540,129.38983154296875,8.231358528137207,2774822.0333480835,70731.14317452908
8541,175.8696746826172,9.320501327514648,2774997.903022766,70740.46367585659
8542,152.02874755859375,9.906075477600098,2775149.9317703247,70750.36975133419
8543,184.2377471923828,7.791324615478516,2775334.169517517,70758.16107594967
8544,76.98067474365234,5.811870098114014,2775411.1501922607,70763.97294604778
8545,167.87020874023438,7.730757236480713,2775579.020401001,70771.70370328426
8546,161.33224487304688,8.294158935546875,2775740.352645874,70779.99786221981
8547,323.5074157714844,10.055086135864258,2776063.8600616455,70790.05294835567
8548,370.817138671875,9.84278392791748,2776434.6772003174,70799.89573228359
8549,140.31155395507812,8.18193244934082,2776574.9887542725,70808.07766473293
8550,55.39936828613281,2.0419652462005615,2776630.3881225586,70810.11962997913
8551,50.61786651611328,1.5941096544265747,2776681.0059890747,70811.71373963356
8552,111.5975570678711,8.472397804260254,2776792.6035461426,70820.18613743782
8553,200.6358184814453,8.614099502563477,2776993.239364624,70828.80023694038
8554,330.24267578125,9.053730010986328,2777323.4820404053,70837.85396695137
8555,126.84374237060547,7.6400909423828125,2777450.325782776,70845.49405789375
8556,57.22712707519531,1.6818104982376099,2777507.552909851,70847.17586839199
8557,224.60198974609375,8.198904037475586,2777732.154899597,70855.37477242947
8558,57.58753967285156,3.694746732711792,2777789.74243927,70859.06951916218
8559,128.211669921875,8.203961372375488,2777917.954109192,70867.27348053455
8560,73.14877319335938,5.319925785064697,2777991.1028823853,70872.59340631962
8561,136.57858276367188,8.221261024475098,2778127.681465149,70880.8146673441
8562,223.6097412109375,9.09476375579834,2778351.29120636,70889.90943109989
8563,198.25186157226562,7.978776454925537,2778549.543067932,70897.88820755482
8564,411.7400817871094,8.884310722351074,2778961.2831497192,70906.77251827717
8565,119.40840911865234,8.01231575012207,2779080.691558838,70914.78483402729
8566,287.7393493652344,8.913252830505371,2779368.430908203,70923.6980868578
8567,141.20375061035156,8.857240676879883,2779509.6346588135,70932.55532753468
8568,56.35725021362305,1.9595314264297485,2779565.991909027,70934.5148589611
8569,203.07742309570312,7.791297435760498,2779769.069332123,70942.30615639687
8570,139.55142211914062,8.018045425415039,2779908.620754242,70950.32420182228
8571,64.36790466308594,5.481815338134766,2779972.988658905,70955.80601716042
8572,169.5877227783203,9.446388244628906,2780142.5763816833,70965.25240540504
8573,232.39630126953125,11.690882682800293,2780374.972682953,70976.94328808784
8574,204.75540161132812,8.205924987792969,2780579.728084564,70985.14921307564
8575,336.18499755859375,8.534554481506348,2780915.913082123,70993.68376755714
8576,141.1727294921875,8.068589210510254,2781057.085811615,71001.75235676765
8577,122.53688049316406,8.76926040649414,2781179.622692108,71010.52161717415
8578,326.06805419921875,9.060577392578125,2781505.6907463074,71019.58219456673
8579,60.801090240478516,1.2031700611114502,2781566.491836548,71020.78536462784
8580,296.0872802734375,8.447794914245605,2781862.5791168213,71029.23315954208
8581,115.03425598144531,7.395402431488037,2781977.6133728027,71036.62856197357
8582,200.00653076171875,8.100245475769043,2782177.6199035645,71044.72880744934
8583,48.901241302490234,2.9852046966552734,2782226.521144867,71047.714012146
8584,404.8578186035156,8.817525863647461,2782631.3789634705,71056.53153800964
8585,51.956172943115234,1.819453239440918,2782683.3351364136,71058.35099124908
8586,227.56491088867188,7.764926433563232,2782910.9000473022,71066.11591768265
8587,194.73141479492188,8.492402076721191,2783105.631462097,71074.60831975937
8588,189.1531982421875,8.90711784362793,2783294.7846603394,71083.515437603
8589,203.29478454589844,9.705458641052246,2783498.0794448853,71093.22089624405
8590,218.57290649414062,8.312088012695312,2783716.6523513794,71101.53298425674
8591,75.85484313964844,7.158568382263184,2783792.507194519,71108.69155263901
8592,118.07649993896484,8.64980411529541,2783910.583694458,71117.3413567543
8593,58.51592254638672,1.388023018836975,2783969.0996170044,71118.72937977314
8594,288.4417724609375,8.556957244873047,2784257.5413894653,71127.28633701801
8595,195.49349975585938,7.988180160522461,2784453.034889221,71135.27451717854
8596,270.60186767578125,8.860477447509766,2784723.636756897,71144.13499462605
8597,98.42533111572266,8.049242973327637,2784822.0620880127,71152.18423759937
8598,236.0775146484375,7.8774189949035645,2785058.139602661,71160.06165659428
8599,109.39927673339844,7.587690353393555,2785167.5388793945,71167.64934694767
8600,54.39329528808594,3.4580516815185547,2785221.9321746826,71171.10739862919
8601,55.316368103027344,4.0894927978515625,2785277.2485427856,71175.19689142704
8602,253.86807250976562,9.155651092529297,2785531.1166152954,71184.35254251957
8603,142.03509521484375,8.729104042053223,2785673.1517105103,71193.08164656162
8604,200.3402099609375,8.768757820129395,2785873.491920471,71201.85040438175
8605,314.64605712890625,8.744135856628418,2786188.1379776,71210.59454023838
8606,284.57672119140625,8.988173484802246,2786472.7146987915,71219.58271372318
8607,133.67251586914062,7.5970458984375,2786606.3872146606,71227.17975962162
8608,235.32986450195312,8.985575675964355,2786841.7170791626,71236.16533529758
8609,119.3847885131836,7.9494500160217285,2786961.101867676,71244.1147853136
8610,206.6517791748047,8.429449081420898,2787167.7536468506,71252.54423439503
8611,161.9525146484375,9.091607093811035,2787329.706161499,71261.63584148884
8612,205.26470947265625,8.711397171020508,2787534.9708709717,71270.34723865986
8613,60.78125,2.4854302406311035,2787595.7521209717,71272.83266890049
8614,178.42955017089844,8.711405754089355,2787774.1816711426,71281.54407465458
8615,120.49895477294922,9.469076156616211,2787894.6806259155,71291.0131508112
8616,130.21701049804688,9.34933090209961,2788024.8976364136,71300.3624817133
8617,311.14080810546875,8.867277145385742,2788336.038444519,71309.22975885868
8618,85.89031219482422,6.449442386627197,2788421.928756714,71315.67920124531
8619,264.9118347167969,8.206557273864746,2788686.8405914307,71323.88575851917
8620,147.32785034179688,8.31918716430664,2788834.1684417725,71332.20494568348
8621,328.8151550292969,9.545337677001953,2789162.9835968018,71341.75028336048
8622,152.8285675048828,7.946658611297607,2789315.8121643066,71349.69694197178
8623,335.516845703125,9.572172164916992,2789651.3290100098,71359.2691141367
8624,107.54765319824219,8.006209373474121,2789758.876663208,71367.27532351017
8625,135.029052734375,8.84229564666748,2789893.9057159424,71376.11761915684
8626,145.69720458984375,7.923101425170898,2790039.602920532,71384.04072058201
8627,84.57066345214844,6.992674827575684,2790124.1735839844,71391.03339540958
8628,281.5034484863281,9.241499900817871,2790405.6770324707,71400.2748953104
8629,180.69448852539062,8.831323623657227,2790586.371520996,71409.10621893406
8630,144.56703186035156,8.10886001586914,2790730.9385528564,71417.21507894993
8631,186.1319580078125,9.13210391998291,2790917.0705108643,71426.34718286991
8632,86.57109069824219,6.882541656494141,2791003.6416015625,71433.2297245264
8633,115.53373718261719,7.322240352630615,2791119.175338745,71440.55196487904
8634,102.98035430908203,6.114518165588379,2791222.155693054,71446.66648304462
8635,117.14970397949219,8.661237716674805,2791339.3053970337,71455.3277207613
8636,243.49468994140625,9.084314346313477,2791582.800086975,71464.41203510761
8637,73.08295440673828,6.5350799560546875,2791655.883041382,71470.94711506367
8638,97.91905212402344,8.008649826049805,2791753.802093506,71478.95576488972
8639,258.2372741699219,8.915496826171875,2792012.039367676,71487.87126171589
8640,122.72362518310547,9.149864196777344,2792134.762992859,71497.02112591267
8641,215.26962280273438,8.042153358459473,2792350.0326156616,71505.06327927113
8642,133.11273193359375,8.94092845916748,2792483.145347595,71514.0042077303
8643,55.31187438964844,5.42942476272583,2792538.457221985,71519.43363249302
8644,205.3885498046875,8.495243072509766,2792743.8457717896,71527.92887556553
8645,94.9639663696289,9.206443786621094,2792838.809738159,71537.13531935215
8646,165.33062744140625,7.957724571228027,2793004.1403656006,71545.09304392338
8647,107.80746459960938,6.865445137023926,2793111.9478302,71551.9584890604
8648,198.4010009765625,9.333717346191406,2793310.3488311768,71561.2922064066
8649,148.49508666992188,7.684597492218018,2793458.8439178467,71568.97680389881
8650,288.80767822265625,8.596778869628906,2793747.6515960693,71577.57358276844
8651,45.271976470947266,4.714250087738037,2793792.9235725403,71582.28783285618
8652,50.87281036376953,2.1085410118103027,2793843.796382904,71584.39637386799
8653,237.68038940429688,8.498381614685059,2794081.4767723083,71592.89475548267
8654,251.08401489257812,9.208234786987305,2794332.560787201,71602.10299026966
8655,185.8773956298828,8.46216106414795,2794518.438182831,71610.56515133381
8656,277.2452087402344,9.33178424835205,2794795.683391571,71619.89693558216
8657,185.67913818359375,7.2059006690979,2794981.3625297546,71627.10283625126
8658,241.3668212890625,8.873345375061035,2795222.7293510437,71635.97618162632
8659,260.58123779296875,9.127494812011719,2795483.3105888367,71645.10367643833
8660,158.45062255859375,10.040307998657227,2795641.7612113953,71655.14398443699
8661,198.3800048828125,8.645875930786133,2795840.141216278,71663.78986036777
8662,241.94888305664062,8.469528198242188,2796082.0900993347,71672.25938856602
8663,187.07553100585938,8.95889663696289,2796269.1656303406,71681.21828520298
8664,181.70394897460938,8.182181358337402,2796450.869579315,71689.40046656132
8665,298.3157958984375,8.008394241333008,2796749.1853752136,71697.40886080265
8666,256.707275390625,8.205243110656738,2797005.8926506042,71705.6141039133
8667,92.73617553710938,7.840425968170166,2797098.6288261414,71713.45452988148
8668,168.32608032226562,7.542407989501953,2797266.9549064636,71720.99693787098
8669,94.95585632324219,7.144633769989014,2797361.910762787,71728.14157164097
8670,95.87480926513672,8.297745704650879,2797457.785572052,71736.43931734562
8671,279.19525146484375,8.83497428894043,2797736.980823517,71745.27429163456
8672,386.78387451171875,10.039969444274902,2798123.7646980286,71755.31426107883
8673,352.1227722167969,9.355216026306152,2798475.8874702454,71764.66947710514
8674,197.46939086914062,7.84443998336792,2798673.3568611145,71772.51391708851
8675,116.93331909179688,6.639453887939453,2798790.2901802063,71779.15337097645
8676,208.74398803710938,9.01708984375,2798999.0341682434,71788.1704608202
8677,255.8964385986328,8.25090217590332,2799254.930606842,71796.4213629961
8678,115.70966339111328,7.376605033874512,2799370.640270233,71803.79796802998
8679,178.35345458984375,9.314677238464355,2799548.993724823,71813.11264526844
8680,204.8193817138672,9.643367767333984,2799753.813106537,71822.75601303577
8681,90.27024841308594,6.850282669067383,2799844.08335495,71829.60629570484
8682,205.24937438964844,9.312777519226074,2800049.3327293396,71838.91907322407
8683,173.46890258789062,7.50386905670166,2800222.8016319275,71846.42294228077
8684,109.56539916992188,7.5105719566345215,2800332.3670310974,71853.9335142374
8685,328.749755859375,8.366418838500977,2800661.116786957,71862.2999330759
8686,198.09429931640625,7.92819881439209,2800859.211086273,71870.2281318903
8687,106.52296447753906,7.4875593185424805,2800965.7340507507,71877.71569120884
8688,146.20863342285156,7.866142272949219,2801111.9426841736,71885.58183348179
8689,81.14141082763672,7.990742206573486,2801193.084095001,71893.57257568836
8690,151.5484161376953,8.780041694641113,2801344.632511139,71902.352617383
8691,48.75169372558594,2.838942766189575,2801393.3842048645,71905.1915601492
8692,152.954345703125,7.925271987915039,2801546.3385505676,71913.11683213711
8693,233.9638671875,8.33283519744873,2801780.302417755,71921.44966733456
8694,97.94807434082031,6.997251510620117,2801878.250492096,71928.44691884518
8695,255.01498413085938,8.499841690063477,2802133.265476227,71936.94676053524
8696,210.065185546875,8.363964080810547,2802343.3306617737,71945.31072461605
8697,237.669189453125,9.0267333984375,2802580.999851227,71954.33745801449
8698,136.617431640625,8.643357276916504,2802717.6172828674,71962.9808152914
8699,92.94851684570312,6.062197208404541,2802810.565799713,71969.04301249981
8700,189.49522399902344,8.033656120300293,2803000.061023712,71977.07666862011
8701,136.22474670410156,7.914376735687256,2803136.2857704163,71984.9910453558
8702,393.5863037109375,10.453503608703613,2803529.872074127,71995.4445489645
8703,320.2097473144531,8.982565879821777,2803850.0818214417,72004.42711484432
8704,316.31182861328125,8.786852836608887,2804166.393650055,72013.21396768093
8705,119.37112426757812,8.63049602508545,2804285.7647743225,72021.84446370602
8706,159.93548583984375,8.671568870544434,2804445.7002601624,72030.51603257656
8707,259.9115905761719,8.731024742126465,2804705.6118507385,72039.24705731869
8708,219.453369140625,8.923133850097656,2804925.065219879,72048.17019116879
8709,55.594581604003906,2.028553009033203,2804980.659801483,72050.19874417782
8710,145.95867919921875,8.02931022644043,2805126.6184806824,72058.22805440426
8711,178.75833129882812,8.145910263061523,2805305.376811981,72066.37396466732
8712,160.3892364501953,9.055160522460938,2805465.7660484314,72075.42912518978
8713,124.55834197998047,6.891302108764648,2805590.3243904114,72082.32042729855
8714,107.08370971679688,7.6229047775268555,2805697.408100128,72089.94333207607
8715,118.93235778808594,8.611006736755371,2805816.3404579163,72098.55433881283
8716,252.70303344726562,9.434134483337402,2806069.0434913635,72107.98847329617
8717,199.8063507080078,9.481427192687988,2806268.8498420715,72117.46990048885
8718,108.49005889892578,8.149900436401367,2806377.3399009705,72125.61980092525
8719,191.86648559570312,8.38040542602539,2806569.206386566,72134.00020635128
8720,77.33979797363281,9.927793502807617,2806646.54618454,72143.92799985409
8721,175.92245483398438,7.874105930328369,2806822.468639374,72151.80210578442
8722,286.57244873046875,8.750053405761719,2807109.0410881042,72160.55215919018
8723,308.29296875,9.070052146911621,2807417.3340568542,72169.62221133709
8724,234.3939208984375,8.533565521240234,2807651.7279777527,72178.15577685833
8725,287.1636962890625,10.697797775268555,2807938.8916740417,72188.8535746336
8726,103.81771850585938,7.755199909210205,2808042.7093925476,72196.60877454281
8727,58.67408752441406,6.39618444442749,2808101.383480072,72203.00495898724
8728,256.63275146484375,8.771469116210938,2808358.016231537,72211.77642810345
8729,58.06562805175781,4.832575798034668,2808416.0818595886,72216.60900390148
8730,244.12893676757812,8.47204875946045,2808660.210796356,72225.08105266094
8731,122.71536254882812,7.319193363189697,2808782.926158905,72232.40024602413
8732,139.7949981689453,7.356863021850586,2808922.721157074,72239.75710904598
8733,50.41290283203125,2.431741952896118,2808973.134059906,72242.18885099888
8734,53.83396911621094,2.3727731704711914,2809026.968029022,72244.56162416935
8735,88.04916381835938,6.595232009887695,2809115.0171928406,72251.15685617924
8736,172.97889709472656,7.669151782989502,2809287.9960899353,72258.82600796223
8737,106.769775390625,8.298251152038574,2809394.765865326,72267.12425911427
8738,236.6004638671875,8.688584327697754,2809631.366329193,72275.81284344196
8739,143.60252380371094,8.411530494689941,2809774.968852997,72284.22437393665
8740,55.94002151489258,4.953427791595459,2809830.9088745117,72289.17780172825
8741,143.51132202148438,8.228548049926758,2809974.420196533,72297.40634977818
8742,48.82984924316406,3.378084897994995,2810023.2500457764,72300.78443467617
8743,122.71453094482422,8.158730506896973,2810145.964576721,72308.94316518307
8744,171.5968475341797,8.539053916931152,2810317.5614242554,72317.4822191
8745,225.18386840820312,8.57487964630127,2810542.7452926636,72326.0570987463
8746,91.40328216552734,5.974261283874512,2810634.148574829,72332.03136003017
8747,126.41226959228516,7.763073921203613,2810760.5608444214,72339.79443395138
8748,136.870361328125,7.990732192993164,2810897.4312057495,72347.78516614437
8749,108.74801635742188,7.105434894561768,2811006.179222107,72354.89060103893
8750,156.1121368408203,8.482969284057617,2811162.2913589478,72363.37357032299
8751,202.3262939453125,9.55029296875,2811364.617652893,72372.92386329174
8752,131.93875122070312,7.20631217956543,2811496.556404114,72380.1301754713
8753,180.83767700195312,8.072431564331055,2811677.3940811157,72388.20260703564
8754,137.3583526611328,8.03000545501709,2811814.752433777,72396.23261249065
8755,114.89054107666016,8.345442771911621,2811929.6429748535,72404.57805526257
8756,132.1231231689453,7.321420669555664,2812061.7660980225,72411.89947593212
8757,151.7402801513672,7.439882755279541,2812213.506378174,72419.3393586874
8758,202.881591796875,8.711671829223633,2812416.3879699707,72428.05103051662
8759,235.596435546875,7.751091003417969,2812651.9844055176,72435.80212152004
8760,201.3199462890625,8.184353828430176,2812853.3043518066,72443.98647534847
8761,56.25324249267578,3.5606889724731445,2812909.5575942993,72447.54716432095
8762,98.25590515136719,6.7924370765686035,2813007.8134994507,72454.33960139751
8763,253.7476806640625,8.590109825134277,2813261.5611801147,72462.92971122265
8764,215.0100860595703,8.591925621032715,2813476.5712661743,72471.52163684368
8765,50.846466064453125,2.3282253742218018,2813527.417732239,72473.8498622179
8766,92.09532165527344,7.3480448722839355,2813619.513053894,72481.19790709019
8767,136.23617553710938,8.084160804748535,2813755.749229431,72489.28206789494
8768,54.835975646972656,2.604295253753662,2813810.585205078,72491.88636314869
8769,287.7124328613281,9.375260353088379,2814098.2976379395,72501.26162350178
8770,62.49928665161133,4.960634708404541,2814160.796924591,72506.22225821018
8771,123.26228332519531,8.47607707977295,2814284.0592079163,72514.69833528996
8772,233.06231689453125,8.681218147277832,2814517.121524811,72523.37955343723
8773,90.53927612304688,7.0213751792907715,2814607.660800934,72530.40092861652
8774,81.52815246582031,7.770041465759277,2814689.1889533997,72538.17097008228
8775,334.949462890625,9.347801208496094,2815024.1384162903,72547.51877129078
8776,239.08262634277344,8.740401268005371,2815263.221042633,72556.25917255878
8777,300.54071044921875,10.688762664794922,2815563.7617530823,72566.94793522358
8778,162.47442626953125,8.28331184387207,2815726.236179352,72575.23124706745
8779,177.07705688476562,7.749931812286377,2815903.3132362366,72582.98117887974
8780,145.68861389160156,7.096672534942627,2816049.001850128,72590.07785141468
8781,210.13796997070312,8.771453857421875,2816259.139820099,72598.8493052721
8782,202.54364013671875,8.859223365783691,2816461.6834602356,72607.70852863789
8783,252.93405151367188,7.848666667938232,2816714.6175117493,72615.55719530582
8784,92.22422790527344,7.789282321929932,2816806.8417396545,72623.34647762775
8785,202.99490356445312,8.740435600280762,2817009.836643219,72632.08691322803
8786,166.70718383789062,7.7555832862854,2817176.543827057,72639.84249651432
8787,299.18353271484375,8.36069393157959,2817475.7273597717,72648.2031904459
8788,242.23434448242188,8.585888862609863,2817717.961704254,72656.78907930851
8789,170.04183959960938,7.581124305725098,2817888.0035438538,72664.37020361423
8790,52.300479888916016,1.9675971269607544,2817940.3040237427,72666.3378007412
8791,146.105712890625,7.573575019836426,2818086.4097366333,72673.91137576103
8792,250.51885986328125,8.310914039611816,2818336.9285964966,72682.22228980064
8793,252.1884765625,8.925192832946777,2818589.117073059,72691.14748263359
8794,190.37322998046875,8.4927396774292,2818779.4903030396,72699.64022231102
8795,136.62857055664062,8.080721855163574,2818916.118873596,72707.72094416618
8796,231.1563720703125,8.514181137084961,2819147.2752456665,72716.23512530327
8797,130.8948211669922,8.233663558959961,2819278.1700668335,72724.46878886223
8798,178.19432067871094,8.385762214660645,2819456.364387512,72732.85455107689
8799,49.92597961425781,4.090607166290283,2819506.2903671265,72736.94515824318
8800,252.4190673828125,8.811023712158203,2819758.7094345093,72745.75618195534
8801,106.08468627929688,8.392134666442871,2819864.7941207886,72754.14831662178
8802,181.0038604736328,8.208246231079102,2820045.797981262,72762.35656285286
8803,76.44047546386719,6.371007919311523,2820122.238456726,72768.72757077217
8804,91.6605224609375,7.573292255401611,2820213.898979187,72776.30086302757
8805,93.38966369628906,7.8382463455200195,2820307.2886428833,72784.13910937309
8806,246.77117919921875,9.188532829284668,2820554.0598220825,72793.32764220238
8807,166.9100341796875,10.423501014709473,2820720.969856262,72803.75114321709
8808,272.15728759765625,9.476011276245117,2820993.12714386,72813.22715449333
8809,245.14358520507812,8.732124328613281,2821238.270729065,72821.95927882195
8810,186.71128845214844,8.352540016174316,2821424.982017517,72830.31181883812
8811,233.32382202148438,8.71022891998291,2821658.3058395386,72839.0220477581
8812,140.01242065429688,8.788619995117188,2821798.318260193,72847.81066775322
8813,199.1245880126953,8.31933307647705,2821997.4428482056,72856.1300008297
8814,52.427513122558594,2.258837938308716,2822049.870361328,72858.388838768
8815,55.57604217529297,3.952714681625366,2822105.4464035034,72862.34155344963
8816,49.5684928894043,1.349544882774353,2822155.014896393,72863.6910983324
8817,232.13644409179688,8.748287200927734,2822387.1513404846,72872.43938553333
8818,191.24368286132812,8.194010734558105,2822578.395023346,72880.63339626789
8819,145.36563110351562,7.850875377655029,2822723.7606544495,72888.48427164555
8820,128.58404541015625,7.352105140686035,2822852.3446998596,72895.83637678623
8821,236.6011962890625,8.881600379943848,2823088.9458961487,72904.71797716618
8822,240.38121032714844,9.68075942993164,2823329.327106476,72914.39873659611
8823,165.36993408203125,9.738260269165039,2823494.697040558,72924.13699686527
8824,263.6878967285156,8.802478790283203,2823758.3849372864,72932.93947565556
8825,165.30535888671875,8.556436538696289,2823923.690296173,72941.49591219425
8826,204.5088653564453,9.256319999694824,2824128.1991615295,72950.75223219395
8827,332.56256103515625,9.333098411560059,2824460.7617225647,72960.0853306055
8828,301.06201171875,8.577162742614746,2824761.8237342834,72968.66249334812
8829,50.0469970703125,1.3376250267028809,2824811.8707313538,72970.00011837482
8830,155.09706115722656,8.412545204162598,2824966.967792511,72978.41266357899
8831,106.87052154541016,7.791680812835693,2825073.8383140564,72986.20434439182
8832,131.86598205566406,7.4266767501831055,2825205.704296112,72993.631021142
8833,68.73338317871094,5.377404689788818,2825274.437679291,72999.0084258318
8834,151.07754516601562,7.596441268920898,2825425.515224457,73006.60486710072
8835,216.51702880859375,8.432887077331543,2825642.0322532654,73015.03775417805
8836,210.8645782470703,8.998592376708984,2825852.8968315125,73024.03634655476
8837,71.26699829101562,6.828607082366943,2825924.1638298035,73030.86495363712
8838,178.15541076660156,8.960859298706055,2826102.31924057,73039.82581293583
8839,124.82301330566406,6.788884162902832,2826227.1422538757,73046.61469709873
8840,324.09063720703125,9.470612525939941,2826551.2328910828,73056.08530962467
8841,139.09754943847656,7.602636814117432,2826690.3304405212,73063.68794643879
8842,220.34011840820312,8.127045631408691,2826910.6705589294,73071.8149920702
8843,264.245361328125,9.082265853881836,2827174.9159202576,73080.89725792408
8844,209.64959716796875,8.471138954162598,2827384.5655174255,73089.36839687824
8845,170.3039093017578,7.7861528396606445,2827554.8694267273,73097.1545497179
8846,173.6810302734375,8.872540473937988,2827728.5504570007,73106.02709019184
8847,235.20751953125,9.0120849609375,2827963.757976532,73115.03917515278
8848,157.12025451660156,8.56335163116455,2828120.8782310486,73123.60252678394
8849,50.33818054199219,3.4737541675567627,2828171.2164115906,73127.0762809515
8850,203.22341918945312,8.660273551940918,2828374.43983078,73135.73655450344
8851,168.22219848632812,8.328387260437012,2828542.6620292664,73144.06494176388
8852,157.22943115234375,8.145941734313965,2828699.8914604187,73152.21088349819
8853,118.14608764648438,7.497040748596191,2828818.037548065,73159.70792424679
8854,183.5404052734375,8.485185623168945,2829001.5779533386,73168.19310986996
8855,76.33973693847656,6.377164840698242,2829077.917690277,73174.57027471066
8856,358.359130859375,9.047530174255371,2829436.2768211365,73183.61780488491
8857,295.2917785644531,10.148310661315918,2829731.568599701,73193.76611554623
8858,232.87876892089844,8.392784118652344,2829964.447368622,73202.15889966488
8859,151.22804260253906,6.829624652862549,2830115.6754112244,73208.98852431774
8860,265.2762756347656,8.171918869018555,2830380.951686859,73217.16044318676
8861,251.71163940429688,10.9319429397583,2830632.6633262634,73228.09238612652
8862,54.33119201660156,3.573221206665039,2830686.99451828,73231.66560733318
8863,158.33721923828125,8.305485725402832,2830845.3317375183,73239.97109305859
8864,200.88999938964844,7.892367839813232,2831046.221736908,73247.8634608984
8865,64.8629150390625,4.080554962158203,2831111.084651947,73251.94401586056
8866,143.00540161132812,7.504107475280762,2831254.0900535583,73259.44812333584
8867,264.15386962890625,8.413687705993652,2831518.2439231873,73267.86181104183
8868,226.97439575195312,8.397793769836426,2831745.218318939,73276.25960481167
8869,233.5318603515625,8.542869567871094,2831978.750179291,73284.80247437954
8870,197.74876403808594,8.407918930053711,2832176.498943329,73293.2103933096
8871,166.532958984375,8.199418067932129,2832343.031902313,73301.40981137753
8872,419.25042724609375,10.0491361618042,2832762.2823295593,73311.45894753933
8873,170.94602966308594,8.07776165008545,2832933.2283592224,73319.53670918941
8874,144.90182495117188,9.96694278717041,2833078.1301841736,73329.50365197659
8875,144.79135131835938,8.931544303894043,2833222.921535492,73338.43519628048
8876,200.41189575195312,8.044370651245117,2833423.333431244,73346.47956693172
8877,279.6170349121094,8.744058609008789,2833702.950466156,73355.22362554073
8878,48.88676834106445,2.2867956161499023,2833751.837234497,73357.51042115688
8879,208.41500854492188,8.551743507385254,2833960.252243042,73366.06216466427
8880,312.73699951171875,8.566498756408691,2834272.9892425537,73374.62866342068
8881,56.879852294921875,3.5105533599853516,2834329.8690948486,73378.13921678066
8882,165.42662048339844,9.1998872756958,2834495.295715332,73387.33910405636
8883,110.89641571044922,8.812564849853516,2834606.1921310425,73396.15166890621
8884,51.05686950683594,3.696154832839966,2834657.2490005493,73399.84782373905
8885,259.5330810546875,8.65210247039795,2834916.782081604,73408.49992620945
8886,206.6076202392578,8.98147201538086,2835123.3897018433,73417.48139822483
8887,216.84579467773438,10.554553031921387,2835340.235496521,73428.03595125675
8888,98.91130065917969,7.597712993621826,2835439.14679718,73435.63366425037
8889,204.69058227539062,8.819426536560059,2835643.8373794556,73444.45309078693
8890,174.78256225585938,8.572467803955078,2835818.6199417114,73453.02555859089
8891,151.238525390625,8.535414695739746,2835969.858467102,73461.56097328663
8892,191.14706420898438,8.869775772094727,2836161.005531311,73470.43074905872
8893,49.568355560302734,1.8558422327041626,2836210.5738868713,73472.28659129143
8894,173.4545135498047,9.562655448913574,2836384.028400421,73481.84924674034
8895,50.63795471191406,6.072287082672119,2836434.666355133,73487.92153382301
8896,247.98638916015625,8.943012237548828,2836682.652744293,73496.86454606056
8897,225.95205688476562,8.429908752441406,2836908.604801178,73505.294454813
8898,281.81390380859375,9.73450756072998,2837190.4187049866,73515.02896237373
8899,209.050048828125,8.100513458251953,2837399.4687538147,73523.12947583199
8900,119.27481079101562,7.194323539733887,2837518.7435646057,73530.32379937172
8901,111.32972717285156,6.922436714172363,2837630.0732917786,73537.24623608589
8902,81.93678283691406,6.7404632568359375,2837712.0100746155,73543.98669934273
8903,91.81167602539062,7.616539001464844,2837803.821750641,73551.60323834419
8904,246.04135131835938,7.784574031829834,2838049.863101959,73559.38781237602
8905,145.06314086914062,8.306547164916992,2838194.9262428284,73567.69435954094
8906,54.91825866699219,5.48417329788208,2838249.8445014954,73573.17853283882
8907,206.12802124023438,8.829421997070312,2838455.9725227356,73582.00795483589
8908,147.094970703125,7.7816619873046875,2838603.0674934387,73589.7896168232
8909,61.832481384277344,5.505451679229736,2838664.899974823,73595.29506850243
8910,223.82406616210938,10.402684211730957,2838888.724040985,73605.69775271416
8911,194.3082275390625,8.11487865447998,2839083.032268524,73613.81263136864
8912,149.874267578125,9.657255172729492,2839232.9065361023,73623.46988654137
8913,138.32594299316406,8.21171760559082,2839371.2324790955,73631.68160414696
8914,191.59889221191406,8.6669340133667,2839562.8313713074,73640.34853816032
8915,108.00537109375,7.486611366271973,2839670.836742401,73647.8351495266
8916,133.19017028808594,8.944804191589355,2839804.026912689,73656.77995371819
8917,176.38162231445312,8.176316261291504,2839980.4085350037,73664.95626997948
8918,113.46171569824219,8.492865562438965,2840093.870250702,73673.44913554192
8919,279.09375,8.010530471801758,2840372.964000702,73681.45966601372
8920,243.81051635742188,8.546428680419922,2840616.7745170593,73690.00609469414
8921,50.86683654785156,3.0409035682678223,2840667.641353607,73693.0469982624
8922,51.07747268676758,2.6588754653930664,2840718.718826294,73695.7058737278
8923,197.85891723632812,9.632630348205566,2840916.5777435303,73705.338504076
8924,165.18646240234375,8.114895820617676,2841081.7642059326,73713.45339989662
8925,53.091827392578125,1.9497536420822144,2841134.856033325,73715.4031535387
8926,348.14251708984375,9.147446632385254,2841482.998550415,73724.55060017109
8927,91.50067138671875,5.92258358001709,2841574.4992218018,73730.4731837511
8928,198.7279815673828,7.83542537689209,2841773.227203369,73738.308609128
8929,228.761962890625,8.303001403808594,2842001.9891662598,73746.6116105318
8930,95.61653137207031,6.440090179443359,2842097.605697632,73753.05170071125
8931,56.052024841308594,4.014383792877197,2842153.657722473,73757.06608450413
8932,315.83843994140625,9.275189399719238,2842469.4961624146,73766.34127390385
8933,116.06056213378906,9.047613143920898,2842585.5567245483,73775.38888704777
8934,175.3802490234375,8.282947540283203,2842760.936973572,73783.67183458805
8935,227.134521484375,8.929612159729004,2842988.071495056,73792.60144674778
8936,50.68704605102539,1.1886266469955444,2843038.758541107,73793.79007339478
8937,226.10494995117188,8.578546524047852,2843264.8634910583,73802.36861991882
8938,187.33758544921875,8.561854362487793,2843452.2010765076,73810.93047428131
8939,201.51150512695312,9.077926635742188,2843653.7125816345,73820.00840091705
8940,223.59776306152344,8.149084091186523,2843877.310344696,73828.15748500824
8941,132.88160705566406,7.460906505584717,2844010.1919517517,73835.61839151382
8942,215.29986572265625,8.77985954284668,2844225.4918174744,73844.39825105667
8943,177.8153076171875,10.057469367980957,2844403.3071250916,73854.45572042465
8944,168.57167053222656,8.911145210266113,2844571.878795624,73863.36686563492
8945,118.08148193359375,6.852590084075928,2844689.9602775574,73870.219455719
8946,146.6296844482422,7.386045455932617,2844836.5899620056,73877.60550117493
8947,225.97506713867188,8.72647762298584,2845062.5650291443,73886.33197879791
8948,191.38299560546875,8.19214153289795,2845253.9480247498,73894.52412033081
8949,183.94476318359375,8.373344421386719,2845437.8927879333,73902.8974647522
8950,311.0686950683594,9.026396751403809,2845748.9614830017,73911.9238615036
8951,242.64511108398438,8.345165252685547,2845991.6065940857,73920.26902675629
8952,278.62091064453125,8.331307411193848,2846270.22750473,73928.60033416748
8953,353.2966003417969,8.565608978271484,2846623.524105072,73937.16594314575
8954,109.45640563964844,8.560511589050293,2846732.9805107117,73945.7264547348
8955,62.82538604736328,5.615432262420654,2846795.805896759,73951.34188699722
8956,110.06700897216797,7.92527961730957,2846905.872905731,73959.26716661453
8957,126.08024597167969,7.907424449920654,2847031.953151703,73967.17459106445
8958,53.509063720703125,4.361092567443848,2847085.4622154236,73971.5356836319
8959,136.567138671875,7.432965278625488,2847222.0293540955,73978.96864891052
8960,43.900230407714844,2.4690253734588623,2847265.929584503,73981.43767428398
8961,243.38720703125,8.000219345092773,2847509.3167915344,73989.43789362907
8962,190.97903442382812,8.374001502990723,2847700.2958259583,73997.81189513206
8963,293.42718505859375,11.146203994750977,2847993.723011017,74008.95809912682
8964,129.9490203857422,8.015092849731445,2848123.6720314026,74016.97319197655
8965,279.3297119140625,8.646225929260254,2848403.0017433167,74025.61941790581
8966,275.8929443359375,9.656742095947266,2848678.8946876526,74035.27616000175
8967,123.97821044921875,7.420897006988525,2848802.872898102,74042.69705700874
8968,315.67376708984375,8.43200969696045,2849118.5466651917,74051.1290667057
8969,303.83441162109375,9.264023780822754,2849422.3810768127,74060.39309048653
8970,46.74980926513672,4.720344066619873,2849469.130886078,74065.11343455315
8971,323.4674377441406,8.856965065002441,2849792.598323822,74073.97039961815
8972,105.72195434570312,7.169703006744385,2849898.3202781677,74081.1401026249
8973,117.90522766113281,7.43275260925293,2850016.225505829,74088.57285523415
8974,163.6982879638672,8.484966278076172,2850179.9237937927,74097.05782151222
8975,148.0413818359375,8.100370407104492,2850327.9651756287,74105.15819191933
8976,156.71218872070312,7.242351531982422,2850484.6773643494,74112.40054345131
8977,207.05584716796875,8.384868621826172,2850691.7332115173,74120.78541207314
8978,186.67852783203125,9.304533004760742,2850878.4117393494,74130.0899450779
8979,207.6901397705078,8.309228897094727,2851086.10187912,74138.39917397499
8980,187.71902465820312,8.253047943115234,2851273.820903778,74146.6522219181
8981,64.20587158203125,5.3322529792785645,2851338.02677536,74151.98447489738
8982,242.3759002685547,8.85279655456543,2851580.4026756287,74160.83727145195
8983,120.3009033203125,7.501767158508301,2851700.703578949,74168.33903861046
8984,46.38033676147461,1.983458161354065,2851747.0839157104,74170.32249677181
8985,115.20182800292969,8.433032035827637,2851862.2857437134,74178.75552880764
8986,79.56250762939453,5.999490261077881,2851941.848251343,74184.75501906872
8987,188.60211181640625,8.461433410644531,2852130.450363159,74193.21645247936
8988,129.23489379882812,8.289419174194336,2852259.685256958,74201.50587165356
8989,86.76194763183594,6.894375324249268,2852346.44720459,74208.4002469778
8990,186.14483642578125,7.994570732116699,2852532.5920410156,74216.39481770992
8991,97.72530364990234,6.952807426452637,2852630.3173446655,74223.34762513638
8992,153.87786865234375,7.934927463531494,2852784.195213318,74231.2825525999
8993,276.748046875,8.429811477661133,2853060.943260193,74239.71236407757
8994,251.5236358642578,7.9246697425842285,2853312.466896057,74247.63703382015
8995,302.4460754394531,9.343583106994629,2853614.9129714966,74256.98061692715
8996,171.43804931640625,8.29762077331543,2853786.351020813,74265.27823770046
8997,259.4096374511719,8.353538513183594,2854045.760658264,74273.63177621365
8998,218.5206298828125,9.800006866455078,2854264.281288147,74283.4317830801
8999,140.8890380859375,7.91276741027832,2854405.170326233,74291.34455049038
9000,178.64736938476562,9.60838794708252,2854583.8176956177,74300.95293843746
9001,63.81281661987305,5.52047872543335,2854647.6305122375,74306.4734171629
9002,78.68411254882812,7.1573166847229,2854726.3146247864,74313.63073384762
9003,302.1878356933594,8.161717414855957,2855028.5024604797,74321.79245126247
9004,168.54693603515625,7.94233512878418,2855197.049396515,74329.73478639126
9005,193.5827178955078,9.233716011047363,2855390.6321144104,74338.9685024023
9006,110.825927734375,7.109947204589844,2855501.458042145,74346.0784496069
9007,213.27023315429688,8.326748847961426,2855714.728275299,74354.40519845486
9008,302.9921875,8.436965942382812,2856017.720462799,74362.84216439724
9009,130.63238525390625,8.436939239501953,2856148.352848053,74371.27910363674
9010,47.16065216064453,1.735589623451233,2856195.5135002136,74373.0146932602
9011,49.287723541259766,2.6744563579559326,2856244.801223755,74375.68914961815
9012,138.23143005371094,8.105240821838379,2856383.0326538086,74383.79439043999
9013,199.21575927734375,8.52065372467041,2856582.248413086,74392.31504416466
9014,186.70767211914062,8.2074613571167,2856768.956085205,74400.52250552177
9015,138.912353515625,9.028853416442871,2856907.8684387207,74409.55135893822
9016,251.40606689453125,8.510655403137207,2857159.2745056152,74418.06201434135
9017,140.44631958007812,9.325906753540039,2857299.7208251953,74427.3879210949
9018,49.383819580078125,2.067486524581909,2857349.1046447754,74429.45540761948
9019,100.4428482055664,7.976260185241699,2857449.547492981,74437.43166780472
9020,163.36508178710938,8.071945190429688,2857612.912574768,74445.50361299515
9021,130.99929809570312,9.470306396484375,2857743.911872864,74454.97391939163
9022,158.12161254882812,10.217827796936035,2857902.0334854126,74465.19174718857
9023,52.11172866821289,1.58933424949646,2857954.145214081,74466.78108143806
9024,108.08793640136719,7.8750386238098145,2858062.233150482,74474.65612006187
9025,260.37286376953125,8.688944816589355,2858322.6060142517,74483.34506487846
9026,233.78176879882812,8.557520866394043,2858556.3877830505,74491.90258574486
9027,199.67910766601562,8.347164154052734,2858756.0668907166,74500.24974989891
9028,215.152587890625,8.454289436340332,2858971.219478607,74508.70403933525
9029,48.57017135620117,1.7244352102279663,2859019.7896499634,74510.42847454548
9030,257.0285339355469,8.689733505249023,2859276.818183899,74519.11820805073
9031,49.940757751464844,3.6821091175079346,2859326.7589416504,74522.80031716824
9032,103.32904815673828,7.869245529174805,2859430.087989807,74530.66956269741
9033,207.7272491455078,8.336858749389648,2859637.8152389526,74539.0064214468
9034,316.75482177734375,8.335514068603516,2859954.57006073,74547.3419355154
9035,109.87644958496094,8.323417663574219,2860064.446510315,74555.66535317898
9036,232.40158081054688,8.833878517150879,2860296.8480911255,74564.49923169613
9037,239.48007202148438,8.673690795898438,2860536.328163147,74573.17292249203
9038,46.91658020019531,3.7578561305999756,2860583.244743347,74576.93077862263
9039,305.39263916015625,11.540952682495117,2860888.6373825073,74588.47173130512
9040,289.8077392578125,8.82169246673584,2861178.445121765,74597.29342377186
9041,126.06727600097656,8.163681983947754,2861304.512397766,74605.4571057558
9042,184.85574340820312,8.657341003417969,2861489.3681411743,74614.11444675922
9043,303.6217956542969,8.998831748962402,2861792.9899368286,74623.11327850819
9044,212.01373291015625,9.400471687316895,2862005.003669739,74632.5137501955
9045,120.74320983886719,8.459624290466309,2862125.7468795776,74640.97337448597
9046,52.67523956298828,2.1481549739837646,2862178.4221191406,74643.12152945995
9047,114.93492126464844,8.516153335571289,2862293.3570404053,74651.63768279552
9048,197.2252655029297,8.519906044006348,2862490.582305908,74660.15758883953
9049,71.31196594238281,6.472554683685303,2862561.8942718506,74666.63014352322
9050,180.98272705078125,8.478419303894043,2862742.8769989014,74675.10856282711
9051,199.908935546875,8.854962348937988,2862942.7859344482,74683.96352517605
9052,49.140846252441406,4.46004056930542,2862991.9267807007,74688.42356574535
9053,209.1431884765625,8.66706657409668,2863201.0699691772,74697.09063231945
9054,291.8970031738281,9.884533882141113,2863492.966972351,74706.97516620159
9055,241.1851043701172,9.444791793823242,2863734.152076721,74716.41995799541
9056,282.87103271484375,9.017727851867676,2864017.023109436,74725.43768584728
9057,131.80685424804688,7.788611888885498,2864148.829963684,74733.22629773617
9058,136.44940185546875,8.999150276184082,2864285.2793655396,74742.22544801235
9059,47.30283737182617,2.348201036453247,2864332.5822029114,74744.5736490488
9060,149.26416015625,9.20748233795166,2864481.8463630676,74753.78113138676
9061,187.4059600830078,7.893860816955566,2864669.2523231506,74761.67499220371
9062,208.9038543701172,8.18643569946289,2864878.1561775208,74769.86142790318
9063,172.07923889160156,7.890349864959717,2865050.2354164124,74777.75177776814
9064,47.044837951660156,2.629082441329956,2865097.280254364,74780.38086020947
9065,119.81967163085938,8.243326187133789,2865217.099925995,74788.6241863966
9066,44.30686569213867,1.2824625968933105,2865261.406791687,74789.90664899349
9067,90.17036437988281,7.01026725769043,2865351.577156067,74796.91691625118
9068,84.40167999267578,6.986764907836914,2865435.9788360596,74803.90368115902
9069,116.975830078125,7.2561421394348145,2865552.9546661377,74811.15982329845
9070,178.15985107421875,8.950929641723633,2865731.114517212,74820.11075294018
9071,178.71820068359375,9.82864761352539,2865909.8327178955,74829.9394005537
9072,59.821739196777344,2.933091402053833,2865969.6544570923,74832.87249195576
9073,44.21620178222656,3.8037707805633545,2866013.8706588745,74836.67626273632
9074,98.01689910888672,6.6080451011657715,2866111.8875579834,74843.28430783749
9075,214.80819702148438,8.356925964355469,2866326.695755005,74851.64123380184
9076,167.07093811035156,8.553962707519531,2866493.7666931152,74860.19519650936
9077,54.1016845703125,2.6467528343200684,2866547.8683776855,74862.84194934368
9078,121.35863494873047,8.109835624694824,2866669.2270126343,74870.95178496838
9079,148.39389038085938,7.836023330688477,2866817.620903015,74878.78780829906
9080,183.203369140625,8.317513465881348,2867000.8242721558,74887.10532176495
9081,163.70333862304688,7.724725246429443,2867164.527610779,74894.83004701138
9082,187.90158081054688,8.48959732055664,2867352.4291915894,74903.31964433193
9083,178.0650634765625,8.76518440246582,2867530.494255066,74912.0848287344
9084,185.47244262695312,8.078310012817383,2867715.966697693,74920.16313874722
9085,263.495361328125,8.248459815979004,2867979.462059021,74928.4115985632
9086,331.9599609375,9.228102684020996,2868311.4220199585,74937.63970124722
9087,149.99220275878906,7.883139133453369,2868461.4142227173,74945.52284038067
9088,226.863525390625,9.103067398071289,2868688.277748108,74954.62590777874
9089,202.83740234375,9.232829093933105,2868891.1151504517,74963.85873687267
9090,145.85055541992188,8.144203186035156,2869036.9657058716,74972.00294005871
9091,60.18720245361328,4.4314985275268555,2869097.152908325,74976.43443858624
9092,253.75723266601562,8.049726486206055,2869350.910140991,74984.48416507244
9093,323.04095458984375,8.926037788391113,2869673.951095581,74993.41020286083
9094,55.55265426635742,5.739353656768799,2869729.5037498474,74999.1495565176
9095,105.38226318359375,7.17074728012085,2869834.886013031,75006.32030379772
9096,116.2276611328125,8.097817420959473,2869951.113674164,75014.41812121868
9097,109.21585083007812,7.766746520996094,2870060.329524994,75022.18486773968
9098,212.42752075195312,8.481539726257324,2870272.757045746,75030.66640746593
9099,313.09625244140625,11.441963195800781,2870585.8532981873,75042.10837066174
9100,303.76251220703125,9.578409194946289,2870889.6158103943,75051.68677985668
9101,189.68826293945312,9.065293312072754,2871079.3040733337,75060.75207316875
9102,76.348388671875,7.0181803703308105,2871155.6524620056,75067.77025353909
9103,136.46983337402344,7.734162330627441,2871292.1222953796,75075.50441586971
9104,70.37564086914062,8.203649520874023,2871362.497936249,75083.70806539059
9105,238.58680725097656,8.837224960327148,2871601.0847434998,75092.54529035091
9106,76.23245239257812,6.542418479919434,2871677.3171958923,75099.08770883083
9107,230.09930419921875,7.953909397125244,2871907.4165000916,75107.04161822796
9108,169.49871826171875,9.10745906829834,2872076.9152183533,75116.14907729626
9109,207.49349975585938,8.873769760131836,2872284.408718109,75125.02284705639
9110,221.07029724121094,9.490994453430176,2872505.4790153503,75134.51384150982
9111,97.06498718261719,7.267937183380127,2872602.544002533,75141.7817786932
9112,145.51345825195312,8.697717666625977,2872748.057460785,75150.47949635983
9113,107.20734405517578,8.02903938293457,2872855.26480484,75158.50853574276
9114,174.08230590820312,9.63090705871582,2873029.3471107483,75168.13944280148
9115,95.2457275390625,7.009837627410889,2873124.5928382874,75175.14928042889
9116,51.819786071777344,3.591195583343506,2873176.412624359,75178.74047601223
9117,366.839111328125,9.224152565002441,2873543.2517356873,75187.96462857723
9118,189.0991973876953,7.992659568786621,2873732.350933075,75195.95728814602
9119,57.48003005981445,1.8891123533248901,2873789.8309631348,75197.84640049934
9120,205.42889404296875,8.615562438964844,2873995.2598571777,75206.46196293831
9121,205.83245849609375,8.457797050476074,2874201.092315674,75214.91975998878
9122,315.6966857910156,8.981054306030273,2874516.789001465,75223.90081429482
9123,115.00463104248047,8.020986557006836,2874631.7936325073,75231.92180085182
9124,237.9093780517578,9.286578178405762,2874869.703010559,75241.20837903023
9125,169.9031982421875,8.300472259521484,2875039.6062088013,75249.50885128975
9126,105.66624450683594,8.262434005737305,2875145.272453308,75257.77128529549
9127,157.86634826660156,8.123615264892578,2875303.1388015747,75265.89490056038
9128,211.23153686523438,8.793209075927734,2875514.37033844,75274.6881096363
9129,75.8109359741211,6.544126033782959,2875590.181274414,75281.23223567009
9130,68.12252044677734,5.507823467254639,2875658.303794861,75286.74005913734
9131,70.64169311523438,5.987839698791504,2875728.945487976,75292.72789883614
9132,122.88369750976562,7.871640682220459,2875851.829185486,75300.59953951836
9133,259.2359619140625,7.7157392501831055,2876111.0651474,75308.31527876854
9134,130.09255981445312,8.747942924499512,2876241.1577072144,75317.06322169304
9135,50.404685974121094,2.2190685272216797,2876291.5623931885,75319.28229022026
9136,179.87863159179688,8.489962577819824,2876471.4410247803,75327.77225279808
9137,116.29287719726562,7.69213342666626,2876587.7339019775,75335.46438622475
9138,59.75068664550781,5.398787498474121,2876647.484588623,75340.86317372322
9139,167.61331176757812,7.852517604827881,2876815.0979003906,75348.71569132805
9140,144.8145751953125,7.085103511810303,2876959.912475586,75355.80079483986
9141,61.706809997558594,4.549302577972412,2877021.6192855835,75360.35009741783
9142,117.26629638671875,7.707805633544922,2877138.88558197,75368.05790305138
9143,99.10939025878906,6.940733909606934,2877237.994972229,75374.99863696098
9144,134.4380340576172,7.626249313354492,2877372.4330062866,75382.62488627434
9145,204.9625244140625,8.382416725158691,2877577.3955307007,75391.0073029995
9146,176.1991729736328,7.040282726287842,2877753.5947036743,75398.04758572578
9147,46.1680908203125,2.2623579502105713,2877799.7627944946,75400.309943676
9148,93.24957275390625,7.3934712409973145,2877893.0123672485,75407.70341491699
9149,166.32879638671875,7.779079437255859,2878059.3411636353,75415.48249435425
9150,77.28042602539062,6.981494903564453,2878136.6215896606,75422.46398925781
9151,269.189453125,8.596790313720703,2878405.8110427856,75431.06077957153
9152,83.53266906738281,6.879446506500244,2878489.343711853,75437.94022607803
9153,95.77354431152344,6.638347148895264,2878585.1172561646,75444.57857322693
9154,237.6851806640625,9.487771987915039,2878822.8024368286,75454.06634521484
9155,358.41607666015625,9.0858736038208,2879181.218513489,75463.15221881866
9156,257.5917053222656,8.936917304992676,2879438.810218811,75472.08913612366
9157,48.84868621826172,5.864558696746826,2879487.6589050293,75477.9536948204
9158,52.22036361694336,4.542195796966553,2879539.8792686462,75482.49589061737
9159,170.69882202148438,7.673052787780762,2879710.5780906677,75490.16894340515
9160,50.31281661987305,4.398674964904785,2879760.8909072876,75494.56761837006
9161,72.42478942871094,7.01816987991333,2879833.3156967163,75501.58578824997
9162,70.9753646850586,5.248707294464111,2879904.2910614014,75506.83449554443
9163,77.03219604492188,6.3812761306762695,2879981.3232574463,75513.21577167511
9164,191.98675537109375,8.016819953918457,2880173.3100128174,75521.23259162903
9165,227.9297637939453,8.28542709350586,2880401.2397766113,75529.51801872253
9166,211.00770568847656,8.205306053161621,2880612.2474823,75537.7233247757
9167,111.58721160888672,8.193316459655762,2880723.8346939087,75545.91664123535
9168,279.6288757324219,9.397740364074707,2881003.463569641,75555.31438159943
9169,270.9169921875,8.141151428222656,2881274.3805618286,75563.45553302765
9170,158.55709838867188,8.839021682739258,2881432.9376602173,75572.29455471039
9171,111.60806274414062,7.876652717590332,2881544.5457229614,75580.17120742798
9172,129.0161895751953,7.7046589851379395,2881673.5619125366,75587.87586641312
9173,238.0234375,10.445940017700195,2881911.5853500366,75598.32180643082
9174,147.29150390625,8.544683456420898,2882058.876853943,75606.86648988724
9175,137.30419921875,9.222024917602539,2882196.1810531616,75616.08851480484
9176,156.14956665039062,8.246949195861816,2882352.330619812,75624.3354640007
9177,46.456207275390625,3.7335126399993896,2882398.7868270874,75628.0689766407
9178,339.17120361328125,9.119097709655762,2882737.9580307007,75637.18807435036
9179,51.585506439208984,2.921536445617676,2882789.54353714,75640.10961079597
9180,184.8165740966797,8.118550300598145,2882974.3601112366,75648.22816109657
9181,92.27813720703125,8.270334243774414,2883066.6382484436,75656.49849534035
9182,210.27249145507812,8.791192054748535,2883276.9107398987,75665.2896873951
9183,119.86949157714844,6.976346015930176,2883396.780231476,75672.26603341103
9184,130.62774658203125,8.486932754516602,2883527.407978058,75680.75296616554
9185,344.53076171875,8.858803749084473,2883871.9387397766,75689.61176991463
9186,159.03280639648438,8.695711135864258,2884030.971546173,75698.30748105049
9187,147.84515380859375,10.010787010192871,2884178.8166999817,75708.31826806068
9188,95.38544464111328,6.992702484130859,2884274.202144623,75715.31097054482
9189,242.41275024414062,8.98009967803955,2884516.614894867,75724.29107022285
9190,176.06027221679688,8.63715934753418,2884692.6751670837,75732.92822957039
9191,215.0498046875,8.516101837158203,2884907.7249717712,75741.44433140755
9192,105.57732391357422,8.225214958190918,2885013.302295685,75749.66954636574
9193,155.10702514648438,7.818929672241211,2885168.4093208313,75757.48847603798
9194,54.90718460083008,3.9513912200927734,2885223.316505432,75761.43986725807
9195,224.74310302734375,8.507108688354492,2885448.0596084595,75769.94697594643
9196,211.84683227539062,8.652412414550781,2885659.906440735,75778.59938836098
9197,224.44403076171875,8.849265098571777,2885884.3504714966,75787.44865345955
9198,134.90272521972656,7.082273960113525,2886019.2531967163,75794.53092741966
9199,51.10321044921875,1.8062986135482788,2886070.3564071655,75796.33722603321
9200,163.8511962890625,9.473061561584473,2886234.2076034546,75805.8102875948
9201,85.37733459472656,6.526527404785156,2886319.5849380493,75812.33681499958
9202,160.80706787109375,9.234566688537598,2886480.3920059204,75821.57138168812
9203,215.80096435546875,8.34729290008545,2886696.192970276,75829.9186745882
9204,215.5899200439453,8.681313514709473,2886911.78289032,75838.59998810291
9205,150.95367431640625,8.02139663696289,2887062.736564636,75846.62138473988
9206,100.68514251708984,8.611912727355957,2887163.4217071533,75855.23329746723
9207,92.97465515136719,7.09991455078125,2887256.3963623047,75862.33321201801
9208,130.43353271484375,8.618678092956543,2887386.8298950195,75870.95189011097
9209,142.55828857421875,7.379728317260742,2887529.3881835938,75878.33161842823
9210,130.9255828857422,7.745458602905273,2887660.3137664795,75886.07707703114
9211,128.22105407714844,7.829026222229004,2887788.5348205566,75893.90610325336
9212,150.57913208007812,7.98801851272583,2887939.1139526367,75901.89412176609
9213,284.82049560546875,8.842944145202637,2888223.934448242,75910.7370659113
9214,257.08795166015625,8.611074447631836,2888481.0223999023,75919.34814035892
9215,141.17784118652344,8.774308204650879,2888622.200241089,75928.12244856358
9216,114.77173614501953,8.250789642333984,2888736.971977234,75936.37323820591
9217,206.49977111816406,8.170780181884766,2888943.471748352,75944.5440183878
9218,107.01875305175781,6.774820804595947,2889050.490501404,75951.31883919239
9219,251.98403930664062,8.984493255615234,2889302.4745407104,75960.303332448
9220,149.04641723632812,8.619205474853516,2889451.520957947,75968.92253792286
9221,279.2204895019531,10.075618743896484,2889730.7414474487,75978.99815666676
9222,204.805908203125,9.42934513092041,2889935.547355652,75988.42750179768
9223,48.21168899536133,3.1842644214630127,2889983.759044647,75991.61176621914
9224,99.11337280273438,7.752486228942871,2890082.87241745,75999.36425244808
9225,297.7039794921875,9.592689514160156,2890380.576396942,76008.95694196224
9226,159.46267700195312,10.091951370239258,2890540.039073944,76019.04889333248
9227,162.52206420898438,9.463372230529785,2890702.561138153,76028.51226556301
9228,199.15475463867188,8.089035034179688,2890901.7158927917,76036.60130059719
9229,128.44305419921875,7.383997440338135,2891030.158946991,76043.98529803753
9230,153.7655029296875,8.023578643798828,2891183.9244499207,76052.00887668133
9231,149.30926513671875,8.44371223449707,2891333.2337150574,76060.45258891582
9232,144.26531982421875,7.447610378265381,2891477.4990348816,76067.90019929409
9233,178.05564880371094,7.993043899536133,2891655.5546836853,76075.89324319363
9234,47.938716888427734,3.5871546268463135,2891703.4934005737,76079.48039782047
9235,212.21163940429688,8.757126808166504,2891915.705039978,76088.23752462864
9236,255.73764038085938,9.551229476928711,2892171.442680359,76097.78875410557
9237,81.88838195800781,6.788756370544434,2892253.331062317,76104.57751047611
9238,254.81060791015625,8.398944854736328,2892508.141670227,76112.97645533085
9239,131.13229370117188,8.991583824157715,2892639.273963928,76121.968039155
9240,143.61618041992188,9.11023235321045,2892782.890144348,76131.07827150822
9241,199.5040740966797,8.907099723815918,2892982.394218445,76139.98537123203
9242,379.35211181640625,8.87603759765625,2893361.746330261,76148.86140882969
9243,119.47067260742188,8.0517578125,2893481.2170028687,76156.91316664219
9244,152.14956665039062,7.842127799987793,2893633.366569519,76164.75529444218
9245,261.1338195800781,9.182817459106445,2893894.500389099,76173.93811190128
9246,260.9588623046875,8.200949668884277,2894155.459251404,76182.13906157017
9247,235.25686645507812,8.023387908935547,2894390.716117859,76190.1624494791
9248,335.8284912109375,8.744049072265625,2894726.54460907,76198.90649855137
9249,309.5145263671875,7.90471076965332,2895036.059135437,76206.81120932102
9250,244.3157501220703,8.889245986938477,2895280.374885559,76215.70045530796
9251,197.45529174804688,8.091944694519043,2895477.830177307,76223.79240000248
9252,238.77223205566406,9.05153751373291,2895716.602409363,76232.84393751621
9253,123.73577880859375,8.993700981140137,2895840.3381881714,76241.83763849735
9254,92.17664337158203,6.836722373962402,2895932.514831543,76248.67436087132
9255,85.41020202636719,8.186402320861816,2896017.9250335693,76256.86076319218
9256,118.26939392089844,7.9975972175598145,2896136.1944274902,76264.85836040974
9257,294.58746337890625,8.85486888885498,2896430.781890869,76273.71322929859
9258,64.22587585449219,5.383577823638916,2896495.0077667236,76279.09680712223
9259,113.56651306152344,9.289645195007324,2896608.574279785,76288.38645231724
9260,58.28474426269531,3.894192695617676,2896666.859024048,76292.28064501286
9261,236.56167602539062,8.966511726379395,2896903.4207000732,76301.24715673923
9262,123.27876281738281,6.979867935180664,2897026.6994628906,76308.22702467442
9263,92.61815643310547,7.334028720855713,2897119.3176193237,76315.56105339527
9264,105.80477142333984,6.641974449157715,2897225.122390747,76322.20302784443
9265,171.4834442138672,7.684937477111816,2897396.605834961,76329.88796532154
9266,217.9927978515625,8.17238998413086,2897614.5986328125,76338.06035530567
9267,223.36302185058594,8.56723690032959,2897837.961654663,76346.627592206
9268,44.296165466308594,2.79266357421875,2897882.2578201294,76349.42025578022
9269,174.69151306152344,8.458144187927246,2898056.949333191,76357.87839996815
9270,152.5323944091797,8.490915298461914,2898209.4817276,76366.36931526661
9271,173.31243896484375,8.753008842468262,2898382.794166565,76375.12232410908
9272,206.82363891601562,8.47607135772705,2898589.617805481,76383.5983954668
9273,234.49386596679688,8.786674499511719,2898824.1116714478,76392.38506996632
9274,89.64280700683594,6.874583721160889,2898913.7544784546,76399.25965368748
9275,305.3594970703125,8.836740493774414,2899219.113975525,76408.09639418125
9276,271.9573669433594,8.709756851196289,2899491.0713424683,76416.80615103245
9277,234.54595947265625,8.236091613769531,2899725.617301941,76425.04224264622
9278,152.37435913085938,9.115812301635742,2899877.991661072,76434.15805494785
9279,350.2212219238281,8.683835983276367,2900228.2128829956,76442.84189093113
9280,48.45174026489258,3.293414354324341,2900276.6646232605,76446.13530528545
9281,103.95055389404297,6.871552467346191,2900380.6151771545,76453.0068577528
9282,291.69146728515625,8.7920503616333,2900672.3066444397,76461.79890811443
9283,156.25595092773438,9.504518508911133,2900828.5625953674,76471.30342662334
9284,101.10289764404297,7.668819904327393,2900929.6654930115,76478.97224652767
9285,215.218017578125,8.706488609313965,2901144.8835105896,76487.67873513699
9286,134.68560791015625,7.948966979980469,2901279.5691184998,76495.62770211697
9287,178.06271362304688,8.084567070007324,2901457.631832123,76503.71226918697
9288,202.67185974121094,8.530635833740234,2901660.303691864,76512.24290502071
9289,172.36282348632812,9.357829093933105,2901832.6665153503,76521.60073411465
9290,234.8203582763672,8.268200874328613,2902067.4868736267,76529.86893498898
9291,181.70065307617188,8.870295524597168,2902249.187526703,76538.73923051357
9292,44.27513885498047,2.1012203693389893,2902293.462665558,76540.84045088291
9293,115.41476440429688,7.808569431304932,2902408.877429962,76548.64902031422
9294,218.0120849609375,8.275737762451172,2902626.889514923,76556.92475807667
9295,303.15863037109375,9.379375457763672,2902930.048145294,76566.30413353443
9296,56.58506774902344,3.022460460662842,2902986.633213043,76569.3265939951
9297,102.74053955078125,7.332801818847656,2903089.373752594,76576.65939581394
9298,176.6742401123047,9.054544448852539,2903266.0479927063,76585.7139402628
9299,193.6641845703125,8.621345520019531,2903459.7121772766,76594.33528578281
9300,92.35699462890625,7.731574058532715,2903552.0691719055,76602.06685984135
9301,212.54827880859375,8.106164932250977,2903764.617450714,76610.1730247736
9302,262.987548828125,8.684993743896484,2904027.6049995422,76618.8580185175
9303,122.91618347167969,6.8010101318359375,2904150.521183014,76625.65902864933
9304,124.56703186035156,7.062345504760742,2904275.0882148743,76632.72137415409
9305,74.23721313476562,7.236592769622803,2904349.325428009,76639.95796692371
9306,94.96757507324219,7.745739459991455,2904444.2930030823,76647.7037063837
9307,223.70167541503906,8.36478042602539,2904667.9946784973,76656.06848680973
9308,165.0540313720703,10.093822479248047,2904833.0487098694,76666.16230928898
9309,244.53240966796875,9.020332336425781,2905077.5811195374,76675.1826416254
9310,296.1839599609375,8.74650764465332,2905373.7650794983,76683.92914927006
9311,287.72430419921875,9.340065956115723,2905661.4893836975,76693.26921522617
9312,294.75286865234375,9.434592247009277,2905956.24225235,76702.70380747318
9313,211.55294799804688,8.456145286560059,2906167.795200348,76711.15995275974
9314,78.10409545898438,5.457153797149658,2906245.899295807,76716.61710655689
9315,118.92866516113281,7.2779035568237305,2906364.827960968,76723.89501011372
9316,183.99942016601562,8.357207298278809,2906548.827381134,76732.252217412
9317,148.73690795898438,8.267581939697266,2906697.564289093,76740.51979935169
9318,50.6343879699707,1.9276400804519653,2906748.198677063,76742.44743943214
9319,126.85064697265625,8.41253662109375,2906875.0493240356,76750.85997605324
9320,49.92549133300781,3.0293548107147217,2906924.9748153687,76753.88933086395
9321,156.28713989257812,7.897536277770996,2907081.261955261,76761.78686714172
9322,247.86676025390625,9.1666841506958,2907329.128715515,76770.95355129242
9323,207.43988037109375,8.120800018310547,2907536.568595886,76779.07435131073
9324,269.574951171875,7.695896148681641,2907806.143547058,76786.77024745941
9325,91.40950012207031,7.6535420417785645,2907897.55304718,76794.42378950119
9326,236.17327880859375,9.611041069030762,2908133.726325989,76804.03483057022
9327,198.9454803466797,8.051648139953613,2908332.6718063354,76812.08647871017
9328,315.11468505859375,9.304436683654785,2908647.786491394,76821.39091539383
9329,113.80966186523438,7.505167007446289,2908761.5961532593,76828.89608240128
9330,270.330078125,9.085270881652832,2909031.9262313843,76837.98135328293
9331,236.36367797851562,9.117368698120117,2909268.289909363,76847.09872198105
9332,228.763671875,8.47360897064209,2909497.053581238,76855.57233095169
9333,125.61761474609375,8.121373176574707,2909622.671195984,76863.69370412827
9334,76.73271179199219,6.928957462310791,2909699.403907776,76870.62266159058
9335,173.6476593017578,8.376568794250488,2909873.0515670776,76878.99923038483
9336,133.85183715820312,7.905464172363281,2910006.903404236,76886.90469455719
9337,269.7012634277344,8.847718238830566,2910276.6046676636,76895.75241279602
9338,144.78164672851562,8.333481788635254,2910421.386314392,76904.08589458466
9339,97.98343658447266,8.351247787475586,2910519.3697509766,76912.43714237213
9340,168.11911010742188,7.911247253417969,2910687.488861084,76920.34838962555
9341,207.52499389648438,8.599162101745605,2910895.0138549805,76928.9475517273
9342,133.79608154296875,7.799938678741455,2911028.8099365234,76936.74749040604
9343,166.04022216796875,8.300505638122559,2911194.8501586914,76945.04799604416
9344,192.82931518554688,8.721132278442383,2911387.679473877,76953.7691283226
9345,110.54310607910156,8.95285415649414,2911498.222579956,76962.7219824791
9346,166.1779022216797,7.88141393661499,2911664.4004821777,76970.60339641571
9347,285.8943786621094,10.185776710510254,2911950.29486084,76980.78917312622
9348,97.66118621826172,6.4177680015563965,2912047.956047058,76987.20694112778
9349,54.479103088378906,4.007347106933594,2912102.4351501465,76991.21428823471
9350,239.4859161376953,8.268213272094727,2912341.921066284,76999.4825015068
9351,140.35296630859375,7.476879596710205,2912482.274032593,77006.95938110352
9352,183.2508087158203,7.859828472137451,2912665.5248413086,77014.81920957565
9353,171.40000915527344,8.40166187286377,2912836.924850464,77023.22087144852
9354,48.284812927246094,3.0325927734375,2912885.209663391,77026.25346422195
9355,112.09184265136719,7.981655120849609,2912997.3015060425,77034.2351193428
9356,171.777099609375,7.635251045227051,2913169.078605652,77041.87037038803
9357,47.06699752807617,1.4742604494094849,2913216.14560318,77043.34463083744
9358,155.53555297851562,8.364485740661621,2913371.6811561584,77051.7091165781
9359,211.8650665283203,7.929468631744385,2913583.546222687,77059.63858520985
9360,214.67977905273438,8.331644058227539,2913798.2260017395,77067.97022926807
9361,221.84750366210938,7.754946708679199,2914020.0735054016,77075.72517597675
9362,166.3870849609375,8.082793235778809,2914186.4605903625,77083.80796921253
9363,52.11407470703125,2.2455999851226807,2914238.5746650696,77086.05356919765
9364,279.52801513671875,9.037738800048828,2914518.1026802063,77095.0913079977
9365,286.46673583984375,9.597793579101562,2914804.569416046,77104.6891015768
9366,288.89459228515625,8.389505386352539,2915093.4640083313,77113.07860696316
9367,49.20270538330078,1.759918212890625,2915142.6667137146,77114.83852517605
9368,48.60009002685547,1.8922818899154663,2915191.2668037415,77116.73080706596
9369,187.89089965820312,8.331180572509766,2915379.1577033997,77125.06198763847
9370,55.535831451416016,3.946629524230957,2915434.693534851,77129.0086171627
9371,154.61863708496094,8.135580062866211,2915589.312171936,77137.14419722557
9372,69.93222045898438,6.509330749511719,2915659.244392395,77143.65352797508
9373,99.93955993652344,7.71050500869751,2915759.1839523315,77151.36403298378
9374,118.12181091308594,6.988783836364746,2915877.3057632446,77158.35281682014
9375,50.476112365722656,3.72182559967041,2915927.7818756104,77162.07464241982
9376,117.18775177001953,8.603337287902832,2916044.9696273804,77170.67797970772
9377,86.66932678222656,7.728641986846924,2916131.6389541626,77178.40662169456
9378,329.88671875,9.995733261108398,2916461.5256729126,77188.40235495567
9379,171.28097534179688,11.329218864440918,2916632.8066482544,77199.73157382011
9380,187.08203125,8.799002647399902,2916819.8886795044,77208.53057646751
9381,144.3617706298828,7.984158039093018,2916964.2504501343,77216.5147345066
9382,179.94772338867188,7.9581475257873535,2917144.198173523,77224.4728820324
9383,182.08135986328125,8.285120964050293,2917326.279533386,77232.75800299644
9384,168.09869384765625,7.870035171508789,2917494.378227234,77240.62803816795
9385,209.92156982421875,8.941505432128906,2917704.299797058,77249.56954360008
9386,226.71893310546875,10.082205772399902,2917931.0187301636,77259.65174937248
9387,98.85395812988281,6.766264915466309,2918029.8726882935,77266.41801428795
9388,173.97491455078125,8.357075691223145,2918203.8476028442,77274.77508997917
9389,249.55532836914062,8.61202335357666,2918453.4029312134,77283.38711333275
9390,145.71148681640625,6.764179229736328,2918599.11441803,77290.15129256248
9391,174.80563354492188,8.1400785446167,2918773.9200515747,77298.2913711071
9392,123.79138946533203,8.340328216552734,2918897.71144104,77306.63169932365
9393,172.93560791015625,8.512404441833496,2919070.64704895,77315.14410376549
9394,97.84996032714844,7.571798801422119,2919168.4970092773,77322.71590256691
9395,281.5304260253906,9.17546558380127,2919450.0274353027,77331.89136815071
9396,48.83454895019531,3.5377535820007324,2919498.861984253,77335.42912173271
9397,249.8077392578125,8.247786521911621,2919748.6697235107,77343.67690825462
9398,150.29818725585938,8.287660598754883,2919898.9679107666,77351.96456885338
9399,193.5919189453125,7.855165004730225,2920092.559829712,77359.81973385811
9400,213.56631469726562,8.264126777648926,2920306.126144409,77368.08386063576
9401,70.09068298339844,6.707145690917969,2920376.2168273926,77374.79100632668
9402,162.48147583007812,8.139495849609375,2920538.6983032227,77382.93050217628
9403,169.04501342773438,7.5058488845825195,2920707.7433166504,77390.43635106087
9404,130.41903686523438,7.303796291351318,2920838.1623535156,77397.74014735222
9405,172.81634521484375,8.908676147460938,2921010.9786987305,77406.64882349968
9406,170.56390380859375,9.159926414489746,2921181.542602539,77415.80874991417
9407,217.99349975585938,7.922084808349609,2921399.536102295,77423.73083472252
9408,98.31669616699219,7.517488956451416,2921497.852798462,77431.24832367897
9409,110.64693450927734,7.133838653564453,2921608.499732971,77438.38216233253
9410,140.73178100585938,9.549765586853027,2921749.231513977,77447.93192791939
9411,116.71034240722656,8.001835823059082,2921865.9418563843,77455.93376374245
9412,161.67176818847656,7.7023115158081055,2922027.6136245728,77463.63607525826
9413,106.77803039550781,8.266682624816895,2922134.3916549683,77471.90275788307
9414,152.18344116210938,8.002388954162598,2922286.5750961304,77479.90514683723
9415,268.9638977050781,8.365957260131836,2922555.5389938354,77488.27110409737
9416,150.31201171875,7.905147552490234,2922705.851005554,77496.17625164986
9417,284.95086669921875,8.263442039489746,2922990.8018722534,77504.43969368935
9418,225.52249145507812,7.510646820068359,2923216.3243637085,77511.95034050941
9419,55.11298370361328,2.2088968753814697,2923271.437347412,77514.1592373848
9420,229.02235412597656,7.990701675415039,2923500.459701538,77522.14993906021
9421,156.2445068359375,7.694910049438477,2923656.704208374,77529.84484910965
9422,218.25164794921875,8.502646446228027,2923874.9558563232,77538.34749555588
9423,122.89769744873047,8.918532371520996,2923997.853553772,77547.2660279274
9424,190.92889404296875,7.68394136428833,2924188.782447815,77554.94996929169
9425,205.24513244628906,8.559935569763184,2924394.027580261,77563.50990486145
9426,192.18560791015625,8.55481243133545,2924586.2131881714,77572.06471729279
9427,42.56505584716797,3.4248392581939697,2924628.7782440186,77575.48955655098
9428,148.09852600097656,8.537798881530762,2924776.8767700195,77584.02735543251
9429,122.42743682861328,8.762954711914062,2924899.304206848,77592.79031014442
9430,269.18548583984375,8.578290939331055,2925168.489692688,77601.36860108376
9431,81.50080871582031,6.660406112670898,2925249.990501404,77608.02900719643
9432,195.79937744140625,8.048568725585938,2925445.789878845,77616.07757592201
9433,156.1254425048828,7.307070732116699,2925601.91532135,77623.38464665413
9434,170.28311157226562,7.661691188812256,2925772.1984329224,77631.04633784294
9435,212.8547821044922,9.101053237915039,2925985.053215027,77640.14739108086
9436,314.0284423828125,9.141058921813965,2926299.0816574097,77649.28845000267
9437,221.34829711914062,8.984773635864258,2926520.429954529,77658.27322363853
9438,58.964271545410156,5.193897724151611,2926579.394226074,77663.46712136269
9439,254.2430419921875,9.492536544799805,2926833.6372680664,77672.95965790749
9440,53.933143615722656,1.974082589149475,2926887.570411682,77674.93374049664
9441,210.64308166503906,8.865818977355957,2927098.213493347,77683.79955947399
9442,153.9939422607422,7.5034894943237305,2927252.207435608,77691.30304896832
9443,168.49246215820312,7.595302581787109,2927420.699897766,77698.8983515501
9444,187.43667602539062,12.18758487701416,2927608.1365737915,77711.08593642712
9445,134.45223999023438,8.031570434570312,2927742.5888137817,77719.11750686169
9446,132.15130615234375,8.020594596862793,2927874.740119934,77727.13810145855
9447,59.08537673950195,5.232172966003418,2927933.8254966736,77732.37027442455
9448,226.48724365234375,8.778926849365234,2928160.312740326,77741.14920127392
9449,128.9596405029297,8.625262260437012,2928289.272380829,77749.77446353436
9450,48.582984924316406,0.9730494022369385,2928337.855365753,77750.74751293659
9451,322.4241943359375,9.437105178833008,2928660.279560089,77760.18461811543
9452,280.2748718261719,9.036547660827637,2928940.5544319153,77769.22116577625
9453,95.06131744384766,7.591483116149902,2929035.615749359,77776.8126488924
9454,181.40098571777344,8.160855293273926,2929217.016735077,77784.97350418568
9455,130.88583374023438,7.790714263916016,2929347.902568817,77792.76421844959
9456,117.91787719726562,8.939908027648926,2929465.8204460144,77801.70412647724
9457,218.61651611328125,9.252485275268555,2929684.4369621277,77810.95661175251
9458,225.2322998046875,9.176528930664062,2929909.6692619324,77820.13314068317
9459,68.10202026367188,6.936221122741699,2929977.771282196,77827.06936180592
9460,191.26560974121094,8.482589721679688,2930169.0368919373,77835.5519515276
9461,146.91336059570312,7.531786918640137,2930315.950252533,77843.08373844624
9462,406.4381103515625,9.43278980255127,2930722.3883628845,77852.51652824879
9463,184.56942749023438,7.0048747062683105,2930906.9577903748,77859.52140295506
9464,89.66886901855469,6.650395393371582,2930996.6266593933,77866.17179834843
9465,242.83448791503906,8.527250289916992,2931239.4611473083,77874.69904863834
9466,211.0179901123047,8.728240966796875,2931450.4791374207,77883.42728960514
9467,86.32293701171875,6.4958882331848145,2931536.8020744324,77889.92317783833
9468,86.1010513305664,7.126881122589111,2931622.903125763,77897.05005896091
9469,338.9337158203125,9.243057250976562,2931961.8368415833,77906.29311621189
9470,49.1329460144043,1.484399676322937,2932010.9697875977,77907.77751588821
9471,212.7431640625,8.779218673706055,2932223.71295166,77916.55673456192
9472,310.1809997558594,8.967806816101074,2932533.893951416,77925.52454137802
9473,57.30658721923828,3.7730109691619873,2932591.2005386353,77929.29755234718
9474,66.89636993408203,6.84296989440918,2932658.0969085693,77936.14052224159
9475,233.53787231445312,8.717519760131836,2932891.634780884,77944.85804200172
9476,106.1764907836914,7.779881000518799,2932997.8112716675,77952.63792300224
9477,136.45599365234375,7.850037574768066,2933134.26726532,77960.48796057701
9478,264.71343994140625,8.56287956237793,2933398.980705261,77969.05084013939
9479,112.91368103027344,8.056257247924805,2933511.8943862915,77977.10709738731
9480,52.05329132080078,1.8640700578689575,2933563.9476776123,77978.97116744518
9481,216.5760498046875,8.361358642578125,2933780.523727417,77987.33252608776
9482,303.29681396484375,9.961724281311035,2934083.820541382,77997.29425036907
9483,51.519805908203125,1.6334547996520996,2934135.34034729,77998.92770516872
9484,201.204345703125,7.249610424041748,2934336.544692993,78006.17731559277
9485,110.5322265625,7.969268798828125,2934447.0769195557,78014.1465843916
9486,350.82928466796875,9.144786834716797,2934797.9062042236,78023.29137122631
9487,148.90789794921875,8.048752784729004,2934946.814102173,78031.34012401104
9488,107.50152587890625,7.901426792144775,2935054.3156280518,78039.24155080318
9489,281.2881774902344,8.468391418457031,2935335.603805542,78047.70994222164
9490,138.1114501953125,8.520174980163574,2935473.7152557373,78056.2301172018
9491,171.1141357421875,8.183363914489746,2935644.8293914795,78064.4134811163
9492,50.45709228515625,3.959721803665161,2935695.2864837646,78068.37320291996
9493,267.29779052734375,8.921015739440918,2935962.584274292,78077.2942186594
9494,86.09138488769531,6.305835247039795,2936048.6756591797,78083.60005390644
9495,174.77120971679688,7.823927402496338,2936223.4468688965,78091.42398130894
9496,171.6168212890625,8.223715782165527,2936395.0636901855,78099.6476970911
9497,303.61724853515625,9.331696510314941,2936698.6809387207,78108.97939360142
9498,189.16229248046875,9.098382949829102,2936887.843231201,78118.07777655125
9499,286.47259521484375,9.375308990478516,2937174.315826416,78127.45308554173
9500,238.97976684570312,8.502823829650879,2937413.2955932617,78135.95590937138
9501,116.34854888916016,8.224178314208984,2937529.644142151,78144.18008768559
9502,278.37750244140625,9.564742088317871,2937808.0216445923,78153.7448297739
9503,223.9933319091797,8.468572616577148,2938032.0149765015,78162.21340239048
9504,449.0816345214844,9.140286445617676,2938481.096611023,78171.3536888361
9505,241.8394317626953,8.391974449157715,2938722.9360427856,78179.74566328526
9506,225.5308380126953,8.527409553527832,2938948.4668807983,78188.27307283878
9507,89.40060424804688,6.738061428070068,2939037.8674850464,78195.01113426685
9508,147.68894958496094,7.6766533851623535,2939185.5564346313,78202.68778765202
9509,228.54115295410156,8.64051628112793,2939414.0975875854,78211.32830393314
9510,44.20355987548828,1.563530683517456,2939458.301147461,78212.89183461666
9511,297.26654052734375,9.621465682983398,2939755.5676879883,78222.51330029964
9512,203.37786865234375,8.094990730285645,2939958.9455566406,78230.60829102993
9513,219.55685424804688,8.229034423828125,2940178.5024108887,78238.83732545376
9514,122.86300659179688,8.794384002685547,2940301.3654174805,78247.63170945644
9515,187.3988037109375,8.666254997253418,2940488.7642211914,78256.2979644537
9516,225.13905334472656,8.165396690368652,2940713.903274536,78264.46336114407
9517,65.17202758789062,6.8381266593933105,2940779.075302124,78271.30148780346
9518,198.874267578125,7.419825077056885,2940977.949569702,78278.72131288052
9519,238.97705078125,9.019036293029785,2941216.9266204834,78287.74034917355
9520,97.3364028930664,6.377676486968994,2941314.2630233765,78294.11802566051
9521,268.3326416015625,8.233619689941406,2941582.595664978,78302.35164535046
9522,130.21153259277344,9.2379789352417,2941712.807197571,78311.5896242857
9523,91.76801300048828,7.077732563018799,2941804.5752105713,78318.66735684872
9524,285.477783203125,8.324004173278809,2942090.0529937744,78326.991361022
9525,98.47798156738281,7.317957878112793,2942188.530975342,78334.30931890011
9526,241.96029663085938,8.915352821350098,2942430.4912719727,78343.22467172146
9527,103.93167114257812,8.941118240356445,2942534.4229431152,78352.16578996181
9528,123.58277130126953,9.077790260314941,2942658.0057144165,78361.24358022213
9529,242.907958984375,8.326619148254395,2942900.913673401,78369.57019937038
9530,125.73641967773438,7.953571796417236,2943026.6500930786,78377.5237711668
9531,264.11163330078125,8.601397514343262,2943290.7617263794,78386.12516868114
9532,73.51372528076172,6.707836627960205,2943364.27545166,78392.8330053091
9533,162.62193298339844,10.12072467803955,2943526.8973846436,78402.95372998714
9534,190.765380859375,8.39327621459961,2943717.662765503,78411.34700620174
9535,68.23249053955078,6.181100845336914,2943785.8952560425,78417.52810704708
9536,162.62916564941406,8.494157791137695,2943948.524421692,78426.02226483822
9537,268.2513122558594,9.605975151062012,2944216.7757339478,78435.62823998928
9538,109.58819580078125,8.064895629882812,2944326.3639297485,78443.69313561916
9539,49.61579132080078,2.2980055809020996,2944375.9797210693,78445.99114120007
9540,224.17822265625,8.961286544799805,2944600.1579437256,78454.95242774487
9541,302.5653076171875,9.004049301147461,2944902.723251343,78463.95647704601
9542,140.67581176757812,7.939528465270996,2945043.3990631104,78471.89600551128
9543,281.89105224609375,9.083599090576172,2945325.2901153564,78480.97960460186
9544,107.49392700195312,7.959794998168945,2945432.7840423584,78488.93939960003
9545,333.0929260253906,9.98243236541748,2945765.876968384,78498.92183196545
9546,176.67691040039062,8.770363807678223,2945942.553878784,78507.69219577312
9547,260.04644775390625,8.856677055358887,2946202.600326538,78516.54887282848
9548,204.48793029785156,8.675440788269043,2946407.088256836,78525.22431361675
9549,360.1582946777344,8.853392601013184,2946767.2465515137,78534.07770621777
9550,187.03054809570312,8.469693183898926,2946954.2770996094,78542.54739940166
9551,226.1885528564453,8.075850486755371,2947180.465652466,78550.62324988842
9552,137.445068359375,7.643800258636475,2947317.910720825,78558.26705014706
9553,193.2197723388672,8.54471206665039,2947511.130493164,78566.8117622137
9554,166.37594604492188,8.765156745910645,2947677.506439209,78575.57691895962
9555,96.01563262939453,6.867035865783691,2947773.5220718384,78582.4439548254
9556,190.8506622314453,7.966689109802246,2947964.37273407,78590.4106439352
9557,110.14031982421875,8.49894905090332,2948074.513053894,78598.9095929861
9558,42.9046745300293,2.088893175125122,2948117.417728424,78600.99848616123
9559,245.29489135742188,8.737964630126953,2948362.7126197815,78609.73645079136
9560,262.8099365234375,8.351771354675293,2948625.522556305,78618.08822214603
9561,134.26805114746094,8.873897552490234,2948759.7906074524,78626.96211969852
9562,50.873226165771484,1.7626100778579712,2948810.663833618,78628.72472977638
9563,142.86749267578125,7.580262660980225,2948953.531326294,78636.30499243736
9564,46.42205047607422,1.4988782405853271,2948999.95337677,78637.80387067795
9565,82.84410858154297,7.864960670471191,2949082.7974853516,78645.66883134842
9566,76.34765625,6.11004638671875,2949159.1451416016,78651.77887773514
9567,58.175254821777344,2.1219406127929688,2949217.3203964233,78653.90081834793
9568,165.94174194335938,9.508431434631348,2949383.2621383667,78663.40924978256
9569,43.78999328613281,1.7290620803833008,2949427.052131653,78665.13831186295
9570,57.169273376464844,3.57425856590271,2949484.2214050293,78668.71257042885
9571,208.48330688476562,8.322224617004395,2949692.704711914,78677.03479504585
9572,181.27183532714844,8.12330436706543,2949873.976547241,78685.15809941292
9573,166.17208862304688,8.115532875061035,2950040.1486358643,78693.27363228798
9574,114.48800659179688,6.857988357543945,2950154.636642456,78700.13162064552
9575,308.4311828613281,10.933470726013184,2950463.0678253174,78711.06509137154
9576,192.34750366210938,8.734715461730957,2950655.4153289795,78719.79980683327
9577,144.84286499023438,8.183125495910645,2950800.2581939697,78727.98293232918
9578,198.5575408935547,8.367769241333008,2950998.8157348633,78736.35070157051
9579,194.0742645263672,8.348889350891113,2951192.8899993896,78744.6995909214
9580,177.65274047851562,8.689332962036133,2951370.542739868,78753.38892388344
9581,91.80734252929688,6.481032371520996,2951462.3500823975,78759.86995625496
9582,352.74639892578125,9.010690689086914,2951815.0964813232,78768.88064694405
9583,360.1929931640625,9.436173439025879,2952175.2894744873,78778.31682038307
9584,205.47747802734375,9.83736515045166,2952380.7669525146,78788.15418553352
9585,205.9147491455078,8.709212303161621,2952586.68170166,78796.86339783669
9586,153.0345001220703,8.119571685791016,2952739.716201782,78804.98296952248
9587,96.137451171875,7.857452392578125,2952835.853652954,78812.84042191505
9588,182.20889282226562,7.790823459625244,2953018.0625457764,78820.63124537468
9589,90.00057220458984,7.336337089538574,2953108.063117981,78827.96758246422
9590,284.6352233886719,8.88133716583252,2953392.6983413696,78836.84891963005
9591,299.0258483886719,9.246879577636719,2953691.7241897583,78846.09579920769
9592,142.58123779296875,8.519352912902832,2953834.3054275513,78854.61515212059
9593,136.2540283203125,8.62928581237793,2953970.5594558716,78863.24443793297
9594,183.13894653320312,8.329517364501953,2954153.698402405,78871.57395529747
9595,154.72227478027344,7.847833156585693,2954308.420677185,78879.42178845406
9596,52.307376861572266,1.4392316341400146,2954360.7280540466,78880.8610200882
9597,159.66258239746094,9.435352325439453,2954520.390636444,78890.29637241364
9598,191.64744567871094,8.310344696044922,2954712.038082123,78898.60671710968
9599,92.17709350585938,6.556821346282959,2954804.2151756287,78905.16353845596
9600,102.99986267089844,7.1675944328308105,2954907.2150382996,78912.3311328888
9601,111.07699584960938,8.026268005371094,2955018.292034149,78920.35740089417
9602,208.41934204101562,8.194940567016602,2955226.71137619,78928.55234146118
9603,128.51177978515625,8.589425086975098,2955355.2231559753,78937.14176654816
9604,147.14004516601562,7.938251495361328,2955502.3632011414,78945.08001804352
9605,195.21348571777344,7.399317741394043,2955697.576686859,78952.47933578491
9606,142.18685913085938,8.202759742736816,2955839.76354599,78960.68209552765
9607,135.59303283691406,7.703415870666504,2955975.356578827,78968.38551139832
9608,48.558799743652344,2.01586651802063,2956023.9153785706,78970.40137791634
9609,135.35281372070312,8.280625343322754,2956159.2681922913,78978.68200325966
9610,136.98931884765625,7.125980854034424,2956296.257511139,78985.8079841137
9611,152.53121948242188,7.600859642028809,2956448.7887306213,78993.40884375572
9612,164.35986328125,8.409202575683594,2956613.1485939026,79001.8180463314
9613,205.41915893554688,8.527486801147461,2956818.567752838,79010.34553313255
9614,188.98239135742188,7.981748104095459,2957007.5501441956,79018.32728123665
9615,88.508544921875,7.754542827606201,2957096.0586891174,79026.08182406425
9616,238.00497436523438,8.524828910827637,2957334.0636634827,79034.60665297508
9617,106.86946105957031,7.65247106552124,2957440.9331245422,79042.2591240406
9618,198.78707885742188,7.742014408111572,2957639.7202033997,79050.00113844872
9619,300.27154541015625,10.958077430725098,2957939.99174881,79060.95921587944
9620,96.99686431884766,7.116379261016846,2958036.9886131287,79068.07559514046
9621,193.83474731445312,7.870675563812256,2958230.823360443,79075.94627070427
9622,49.92147445678711,1.7887290716171265,2958280.7448349,79077.73499977589
9623,215.75814819335938,8.74820613861084,2958496.5029830933,79086.4832059145
9624,174.10504150390625,7.977332592010498,2958670.608024597,79094.46053850651
9625,172.80563354492188,8.820511817932129,2958843.413658142,79103.28105032444
9626,230.5928192138672,8.00078010559082,2959074.006477356,79111.28183043003
9627,105.1049575805664,7.55100679397583,2959179.1114349365,79118.832837224
9628,180.09317016601562,8.554009437561035,2959359.2046051025,79127.38684666157
9629,128.0352020263672,8.181604385375977,2959487.239807129,79135.56845104694
9630,237.07701110839844,8.897868156433105,2959724.3168182373,79144.46631920338
9631,91.9167251586914,7.493397235870361,2959816.233543396,79151.95971643925
9632,222.594482421875,8.528716087341309,2960038.828025818,79160.48843252659
9633,231.28164672851562,7.5656232833862305,2960270.1096725464,79168.05405580997
9634,139.1982421875,9.589276313781738,2960409.307914734,79177.64333212376
9635,198.9534149169922,11.25740909576416,2960608.261329651,79188.90074121952
9636,240.87396240234375,8.659408569335938,2960849.135292053,79197.56014978886
9637,142.24972534179688,8.751474380493164,2960991.385017395,79206.31162416935
9638,227.14219665527344,8.332199096679688,2961218.5272140503,79214.64382326603
9639,154.6527099609375,8.524624824523926,2961373.179924011,79223.16844809055
9640,196.72093200683594,8.075806617736816,2961569.900856018,79231.24425470829
9641,116.24267578125,7.7202887535095215,2961686.1435317993,79238.9645434618
9642,304.4105224609375,8.30154037475586,2961990.5540542603,79247.26608383656
9643,98.61056518554688,6.5603508949279785,2962089.164619446,79253.82643473148
9644,126.63963317871094,8.357084274291992,2962215.8042526245,79262.18351900578
9645,137.69589233398438,8.59732723236084,2962353.5001449585,79270.78084623814
9646,253.96722412109375,8.866580963134766,2962607.4673690796,79279.64742720127
9647,397.10223388671875,10.40914535522461,2963004.5696029663,79290.0565725565
9648,150.0507354736328,8.447394371032715,2963154.62033844,79298.50396692753
9649,191.9632110595703,8.576234817504883,2963346.5835494995,79307.08020174503
9650,243.3208770751953,8.009129524230957,2963589.9044265747,79315.08933126926
9651,345.11016845703125,8.797737121582031,2963935.0145950317,79323.88706839085
9652,47.128074645996094,1.1422348022460938,2963982.1426696777,79325.02930319309
9653,99.24310302734375,7.141815662384033,2964081.385772705,79332.17111885548
9654,126.29112243652344,8.871354103088379,2964207.6768951416,79341.04247295856
9655,161.21707153320312,7.771233081817627,2964368.893966675,79348.81370604038
9656,209.21713256835938,9.958036422729492,2964578.111099243,79358.77174246311
9657,46.727718353271484,2.830739974975586,2964624.8388175964,79361.60248243809
9658,190.39752197265625,8.332451820373535,2964815.236339569,79369.93493425846
9659,184.50308227539062,9.435229301452637,2964999.7394218445,79379.37016355991
9660,243.81259155273438,8.81423282623291,2965243.552013397,79388.18439638615
9661,178.02691650390625,8.787862777709961,2965421.578929901,79396.97225916386
9662,148.4739990234375,9.033997535705566,2965570.0529289246,79406.00625669956
9663,253.82852172851562,8.927735328674316,2965823.881450653,79414.93399202824
9664,311.1552734375,8.841706275939941,2966135.0367240906,79423.77569830418
9665,213.32986450195312,8.53456974029541,2966348.3665885925,79432.31026804447
9666,139.7811279296875,8.837562561035156,2966488.147716522,79441.1478306055
9667,212.73098754882812,8.3920316696167,2966700.878704071,79449.53986227512
9668,139.49343872070312,7.9842143058776855,2966840.3721427917,79457.524076581
9669,173.271728515625,8.506941795349121,2967013.6438713074,79466.03101837635
9670,228.2357177734375,8.407289505004883,2967241.879589081,79474.43830788136
9671,270.7030029296875,8.75069522857666,2967512.5825920105,79483.18900310993
9672,49.016082763671875,2.704132318496704,2967561.598674774,79485.89313542843
9673,118.68080139160156,7.477219581604004,2967680.279476166,79493.37035501003
9674,253.42385864257812,9.167096138000488,2967933.7033348083,79502.53745114803
9675,53.977176666259766,5.052975654602051,2967987.6805114746,79507.59042680264
9676,158.12368774414062,8.643289566040039,2968145.8041992188,79516.23371636868
9677,44.98932647705078,4.805325984954834,2968190.793525696,79521.03904235363
9678,71.42668151855469,6.695507049560547,2968262.2202072144,79527.73454940319
9679,118.84510803222656,7.872672080993652,2968381.0653152466,79535.60722148418
9680,211.3862762451172,8.953338623046875,2968592.4515914917,79544.56056010723
9681,218.03280639648438,8.290807723999023,2968810.484397888,79552.85136783123
9682,104.25221252441406,7.816281318664551,2968914.7366104126,79560.6676491499
9683,147.667236328125,9.829910278320312,2969062.4038467407,79570.49755942822
9684,189.09063720703125,8.594437599182129,2969251.4944839478,79579.0919970274
9685,138.74334716796875,7.622379302978516,2969390.2378311157,79586.71437633038
9686,46.48820877075195,2.6535634994506836,2969436.7260398865,79589.36793982983
9687,125.8204116821289,8.692913055419922,2969562.5464515686,79598.06085288525
9688,172.6089630126953,7.7022705078125,2969735.1554145813,79605.76312339306
9689,155.39816284179688,8.714287757873535,2969890.553577423,79614.47741115093
9690,42.7436637878418,3.106811285018921,2969933.297241211,79617.58422243595
9691,210.14434814453125,8.256906509399414,2970143.4415893555,79625.84112894535
9692,50.654666900634766,3.618938684463501,2970194.096256256,79629.46006762981
9693,78.38150024414062,7.67780876159668,2970272.4777565002,79637.13787639141
9694,61.95295333862305,5.595805644989014,2970334.430709839,79642.7336820364
9695,202.97256469726562,8.453411102294922,2970537.403274536,79651.1870931387
9696,44.5214729309082,2.364652633666992,2970581.924747467,79653.55174577236
9697,242.3946533203125,7.994961738586426,2970824.3194007874,79661.54670751095
9698,165.39633178710938,7.841825008392334,2970989.7157325745,79669.38853251934
9699,47.44761657714844,1.865759015083313,2971037.1633491516,79671.25429153442
9700,346.49462890625,10.286945343017578,2971383.657978058,79681.54123687744
9701,306.7163391113281,8.902019500732422,2971690.374317169,79690.44325637817
9702,165.48170471191406,7.754268169403076,2971855.856021881,79698.19752454758
9703,323.18634033203125,9.299577713012695,2972179.042362213,79707.49710226059
9704,134.9592742919922,7.656849384307861,2972314.001636505,79715.1539516449
9705,44.088706970214844,5.49547004699707,2972358.0903434753,79720.6494216919
9706,132.95370483398438,7.646868705749512,2972491.0440483093,79728.29629039764
9707,292.9118957519531,9.350240707397461,2972783.9559440613,79737.64653110504
9708,223.9734344482422,8.647843360900879,2973007.9293785095,79746.29437446594
9709,123.85317993164062,7.701613426208496,2973131.782558441,79753.99598789215
9710,183.83352661132812,7.655284404754639,2973315.6160850525,79761.6512722969
9711,53.201683044433594,1.303529143333435,2973368.817768097,79762.95480144024
9712,49.80651092529297,2.0418386459350586,2973418.624279022,79764.99664008617
9713,177.93223571777344,8.606548309326172,2973596.55651474,79773.6031883955
9714,305.6791076660156,9.737481117248535,2973902.235622406,79783.34066951275
9715,67.77405548095703,6.166988372802734,2973970.009677887,79789.50765788555
9716,191.14114379882812,8.114709854125977,2974161.150821686,79797.62236773968
9717,219.97299194335938,8.407429695129395,2974381.123813629,79806.0297974348
9718,186.60789489746094,9.296151161193848,2974567.7317085266,79815.325948596
9719,158.5908660888672,8.389373779296875,2974726.3225746155,79823.7153223753
9720,76.07652282714844,7.1433515548706055,2974802.3990974426,79830.85867393017
9721,157.42868041992188,7.580503940582275,2974959.8277778625,79838.43917787075
9722,132.62904357910156,7.315378189086914,2975092.4568214417,79845.75455605984
9723,120.55348205566406,7.406792163848877,2975213.0103034973,79853.16134822369
9724,45.33036804199219,2.3666470050811768,2975258.3406715393,79855.52799522877
9725,335.59466552734375,8.92228889465332,2975593.9353370667,79864.45028412342
9726,107.34881591796875,8.746281623840332,2975701.2841529846,79873.19656574726
9727,116.46195983886719,9.119894981384277,2975817.7461128235,79882.31646072865
9728,279.8815002441406,8.109430313110352,2976097.6276130676,79890.42589104176
9729,127.42745971679688,7.2752814292907715,2976225.0550727844,79897.70117247105
9730,49.51991271972656,2.0907087326049805,2976274.574985504,79899.79188120365
9731,127.716064453125,7.056933403015137,2976402.2910499573,79906.84881460667
9732,211.89920043945312,9.221983909606934,2976614.1902503967,79916.07079851627
9733,238.4670867919922,8.646872520446777,2976852.6573371887,79924.71767103672
9734,282.7941589355469,8.721701622009277,2977135.4514961243,79933.43937265873
9735,122.30973815917969,7.601655006408691,2977257.7612342834,79941.04102766514
9736,251.12278747558594,8.299571990966797,2977508.884021759,79949.3405996561
9737,127.21568298339844,8.198892593383789,2977636.0997047424,79957.53949224949
9738,244.53482055664062,9.241679191589355,2977880.634525299,79966.78117144108
9739,291.1412048339844,9.848637580871582,2978171.775730133,79976.62980902195
9740,43.74818801879883,3.7180256843566895,2978215.523918152,79980.3478347063
9741,208.1746826171875,9.265363693237305,2978423.698600769,79989.61319839954
9742,197.62103271484375,8.03538703918457,2978621.319633484,79997.64858543873
9743,55.69584655761719,1.6801507472991943,2978677.0154800415,79999.32873618603
9744,143.54678344726562,7.877610683441162,2978820.562263489,80007.20634686947
9745,149.48291015625,8.541104316711426,2978970.045173645,80015.74745118618
9746,112.67803955078125,8.326746940612793,2979082.723213196,80024.0741981268
9747,146.50119018554688,8.234045028686523,2979229.2244033813,80032.30824315548
9748,256.4112243652344,9.13534164428711,2979485.6356277466,80041.44358479977
9749,225.92385864257812,11.450550079345703,2979711.559486389,80052.89413487911
9750,216.22232055664062,8.786076545715332,2979927.781806946,80061.68021142483
9751,166.71762084960938,8.196724891662598,2980094.4994277954,80069.87693631649
9752,50.76298141479492,4.649240493774414,2980145.26240921,80074.52617681026
9753,48.976806640625,4.146465301513672,2980194.239215851,80078.67264211178
9754,128.046142578125,7.666278839111328,2980322.285358429,80086.33892095089
9755,217.86434936523438,8.43692398071289,2980540.149707794,80094.7758449316
9756,165.69094848632812,7.916023254394531,2980705.8406562805,80102.691868186
9757,176.86781311035156,9.521806716918945,2980882.708469391,80112.21367490292
9758,144.3871612548828,8.066347122192383,2981027.0956306458,80120.28002202511
9759,270.4223937988281,9.744293212890625,2981297.5180244446,80130.024315238
9760,295.6334228515625,9.48745059967041,2981593.151447296,80139.51176583767
9761,94.41899871826172,7.273895263671875,2981687.5704460144,80146.78566110134
9762,71.21995544433594,6.510677337646484,2981758.7904014587,80153.29633843899
9763,157.68592834472656,7.706787109375,2981916.4763298035,80161.00312554836
9764,167.34017944335938,9.292706489562988,2982083.816509247,80170.29583203793
9765,98.85096740722656,8.378911018371582,2982182.667476654,80178.6747430563
9766,105.9149398803711,7.29880952835083,2982288.5824165344,80185.97355258465
9767,101.88265991210938,8.403759002685547,2982390.4650764465,80194.37731158733
9768,227.79368591308594,9.258207321166992,2982618.2587623596,80203.6355189085
9769,177.89996337890625,8.285494804382324,2982796.1587257385,80211.92101371288
9770,114.73978424072266,6.959433555603027,2982910.8985099792,80218.88044726849
9771,105.00735473632812,6.733457088470459,2983015.9058647156,80225.61390435696
9772,82.90857696533203,6.086811542510986,2983098.814441681,80231.70071589947
9773,253.00448608398438,8.711660385131836,2983351.818927765,80240.4123762846
9774,137.11474609375,8.67973804473877,2983488.9336738586,80249.09211432934
9775,112.21598052978516,8.09300708770752,2983601.1496543884,80257.18512141705
9776,104.14363861083984,7.415966987609863,2983705.2932929993,80264.60108840466
9777,129.11878967285156,10.109760284423828,2983834.412082672,80274.71084868908
9778,319.0755310058594,8.925301551818848,2984153.487613678,80283.6361502409
9779,86.03870391845703,7.433620452880859,2984239.5263175964,80291.06977069378
9780,175.03550720214844,8.982233047485352,2984414.5618247986,80300.05200374126
9781,131.2974090576172,8.441158294677734,2984545.859233856,80308.49316203594
9782,215.24923706054688,8.926471710205078,2984761.1084709167,80317.41963374615
9783,145.44583129882812,7.8758134841918945,2984906.5543022156,80325.29544723034
9784,143.31988525390625,8.134208679199219,2985049.8741874695,80333.42965590954
9785,134.93426513671875,9.121862411499023,2985184.808452606,80342.55151832104
9786,289.5595703125,7.704706192016602,2985474.3680229187,80350.25622451305
9787,166.9298553466797,8.247005462646484,2985641.2978782654,80358.5032299757
9788,124.1356201171875,8.166522026062012,2985765.4334983826,80366.66975200176
9789,140.73062133789062,7.707034587860107,2985906.1641197205,80374.37678658962
9790,52.22474670410156,4.389780521392822,2985958.3888664246,80378.76656711102
9791,172.700439453125,8.026322364807129,2986131.0893058777,80386.79288947582
9792,51.77392578125,1.8648264408111572,2986182.863231659,80388.65771591663
9793,127.703857421875,8.226710319519043,2986310.567089081,80396.88442623615
9794,237.03736877441406,8.880674362182617,2986547.604457855,80405.76510059834
9795,266.98516845703125,8.860466957092285,2986814.5896263123,80414.62556755543
9796,47.69348907470703,3.2550594806671143,2986862.283115387,80417.8806270361
9797,45.36878967285156,2.786712884902954,2986907.65190506,80420.667339921
9798,258.5613098144531,8.920791625976562,2987166.2132148743,80429.58813154697
9799,151.63302612304688,7.469020366668701,2987317.8462409973,80437.05715191364
9800,183.7332763671875,8.249695777893066,2987501.5795173645,80445.30684769154
9801,231.63973999023438,8.067662239074707,2987733.2192573547,80453.37450993061
9802,224.71975708007812,9.56554889678955,2987957.939014435,80462.9400588274
9803,168.2416534423828,7.96948766708374,2988126.180667877,80470.90954649448
9804,154.71340942382812,8.448680877685547,2988280.894077301,80479.35822737217
9805,142.33328247070312,8.211228370666504,2988423.2273597717,80487.56945574284
9806,278.8079833984375,8.556435585021973,2988702.03534317,80496.12589132786
9807,105.81161499023438,7.617100238800049,2988807.8469581604,80503.74299156666
9808,44.25932693481445,1.6307628154754639,2988852.106285095,80505.37375438213
9809,107.74396514892578,8.142182350158691,2988959.850250244,80513.51593673229
9810,41.15948486328125,3.566307783126831,2989001.0097351074,80517.08224451542
9811,321.7984619140625,8.063407897949219,2989322.8081970215,80525.14565241337
9812,238.04747009277344,7.563265323638916,2989560.8556671143,80532.708917737
9813,87.45208740234375,7.529910564422607,2989648.3077545166,80540.23882830143
9814,178.82847595214844,7.412972927093506,2989827.1362304688,80547.65180122852
9815,301.567138671875,8.911503791809082,2990128.7033691406,80556.56330502033
9816,119.95313262939453,8.241873741149902,2990248.65650177,80564.80517876148
9817,217.66348266601562,8.352522850036621,2990466.319984436,80573.15770161152
9818,74.43244934082031,7.365131378173828,2990540.752433777,80580.52283298969
9819,271.82244873046875,8.672811508178711,2990812.5748825073,80589.19564449787
9820,98.9136962890625,6.776698589324951,2990911.4885787964,80595.9723430872
9821,228.33773803710938,8.742256164550781,2991139.8263168335,80604.71459925175
9822,175.3904571533203,8.786672592163086,2991315.216773987,80613.50127184391
9823,123.31924438476562,7.0496506690979,2991438.5360183716,80620.55092251301
9824,142.3345947265625,8.464825630187988,2991580.870613098,80629.0157481432
9825,189.16807556152344,8.984503746032715,2991770.0386886597,80638.00025188923
9826,124.85674285888672,8.575752258300781,2991894.8954315186,80646.57600414753
9827,225.18064880371094,8.870447158813477,2992120.0760803223,80655.44645130634
9828,271.7816162109375,9.439680099487305,2992391.857696533,80664.88613140583
9829,183.09689331054688,8.503496170043945,2992574.9545898438,80673.38962757587
9830,190.75062561035156,7.466526508331299,2992765.705215454,80680.8561540842
9831,126.97438049316406,7.804137229919434,2992892.6795959473,80688.66029131413
9832,50.39520263671875,3.4479544162750244,2992943.074798584,80692.1082457304
9833,161.11602783203125,8.441255569458008,2993104.190826416,80700.54950129986
9834,184.95831298828125,7.73159122467041,2993289.1491394043,80708.28109252453
9835,93.40703582763672,6.896158218383789,2993382.556175232,80715.17725074291
9836,192.2469940185547,8.656929016113281,2993574.8031692505,80723.83417975903
9837,142.9432373046875,7.430761337280273,2993717.746406555,80731.2649410963
9838,53.977622985839844,2.3714799880981445,2993771.724029541,80733.6364210844
9839,118.76190185546875,8.463099479675293,2993890.4859313965,80742.09952056408
9840,166.5458984375,8.277454376220703,2994057.031829834,80750.3769749403
9841,215.23995971679688,8.862375259399414,2994272.271789551,80759.2393501997
9842,296.08868408203125,8.687524795532227,2994568.360473633,80767.92687499523
9843,123.87835693359375,7.064338684082031,2994692.2388305664,80774.99121367931
9844,161.73672485351562,8.271353721618652,2994853.97555542,80783.26256740093
9845,110.90287780761719,8.120869636535645,2994964.8784332275,80791.38343703747
9846,152.61216735839844,8.280680656433105,2995117.490600586,80799.6641176939
9847,50.32616424560547,2.4740190505981445,2995167.8167648315,80802.1381367445
9848,154.83734130859375,8.73136043548584,2995322.65410614,80810.86949717999
9849,180.0909423828125,7.613426208496094,2995502.745048523,80818.48292338848
9850,205.49771118164062,8.5325345993042,2995708.2427597046,80827.01545798779
9851,117.81448364257812,7.216366767883301,2995826.057243347,80834.23182475567
9852,335.1267395019531,10.353485107421875,2996161.183982849,80844.58530986309
9853,46.817543029785156,5.712574481964111,2996208.001525879,80850.29788434505
9854,61.16670608520508,2.170231342315674,2996269.168231964,80852.46811568737
9855,94.60045623779297,7.500885009765625,2996363.768688202,80859.96900069714
9856,188.00491333007812,7.695814609527588,2996551.773601532,80867.66481530666
9857,193.62911987304688,9.102937698364258,2996745.402721405,80876.76775300503
9858,126.46420288085938,6.956143856048584,2996871.866924286,80883.72389686108
9859,53.713645935058594,5.523144245147705,2996925.580570221,80889.24704110622
9860,142.2615966796875,8.915199279785156,2997067.8421669006,80898.16224038601
9861,103.7389907836914,7.365878582000732,2997171.5811576843,80905.52811896801
9862,97.20028686523438,7.3524274826049805,2997268.7814445496,80912.88054645061
9863,176.5221710205078,9.33343505859375,2997445.30361557,80922.21398150921
9864,124.46001434326172,7.311120510101318,2997569.7636299133,80929.52510201931
9865,304.7879638671875,8.548855781555176,2997874.5515937805,80938.07395780087
9866,229.24301147460938,8.279574394226074,2998103.794605255,80946.35353219509
9867,219.51025390625,8.244344711303711,2998323.3048591614,80954.5978769064
9868,60.14514923095703,1.721057653427124,2998383.4500083923,80956.31893455982
9869,43.97829055786133,1.4313141107559204,2998427.42829895,80957.75024867058
9870,120.89936828613281,7.903968811035156,2998548.3276672363,80965.65421748161
9871,162.51373291015625,8.541986465454102,2998710.8414001465,80974.19620394707
9872,171.127197265625,10.60942268371582,2998881.968597412,80984.80562663078
9873,254.97103881835938,8.39326000213623,2999136.9396362305,80993.19888663292
9874,151.302978515625,8.46159553527832,2999288.242614746,81001.6604821682
9875,80.2681884765625,6.222104072570801,2999368.5108032227,81007.88258624077
9876,202.3111572265625,8.356905937194824,2999570.821960449,81016.23949217796
9877,165.31878662109375,9.053078651428223,2999736.1407470703,81025.29257082939
9878,104.7431869506836,8.37523078918457,2999840.883934021,81033.66780161858
9879,102.27127075195312,7.845156192779541,2999943.155204773,81041.51295781136
9880,146.984619140625,8.081426620483398,3000090.1398239136,81049.59438443184
9881,188.0335693359375,8.537961959838867,3000278.1733932495,81058.13234639168
9882,120.12164306640625,7.655832290649414,3000398.295036316,81065.78817868233
9883,157.57070922851562,8.536625862121582,3000555.8657455444,81074.32480454445
9884,175.04519653320312,7.842468738555908,3000730.9109420776,81082.167273283
9885,154.37741088867188,9.269048690795898,3000885.2883529663,81091.4363219738
9886,115.45770263671875,8.243666648864746,3001000.746055603,81099.67998862267
9887,210.04428100585938,7.794609546661377,3001210.790336609,81107.47459816933
9888,184.4257354736328,8.837278366088867,3001395.2160720825,81116.31187653542
9889,56.70720672607422,4.279481887817383,3001451.9232788086,81120.59135842323
9890,235.38235473632812,9.09510612487793,3001687.305633545,81129.68646454811
9891,89.96931457519531,7.649576187133789,3001777.27494812,81137.33604073524
9892,104.71163940429688,8.070588111877441,3001881.9865875244,81145.40662884712
9893,168.79632568359375,8.080949783325195,3002050.782913208,81153.48757863045
9894,135.92306518554688,7.554570198059082,3002186.7059783936,81161.0421488285
9895,117.0854721069336,8.112110137939453,3002303.7914505005,81169.15425896645
9896,185.95187377929688,7.812706470489502,3002489.74332428,81176.96696543694
9897,173.60911560058594,8.419764518737793,3002663.3524398804,81185.38672995567
9898,200.90567016601562,8.487517356872559,3002864.2581100464,81193.87424731255
9899,135.61618041992188,6.685462951660156,3002999.8742904663,81200.5597102642
9900,198.5020751953125,8.505339622497559,3003198.3763656616,81209.0650498867
9901,87.66026306152344,7.252552509307861,3003286.036628723,81216.31760239601
9902,209.36734008789062,8.44131088256836,3003495.403968811,81224.75891327858
9903,172.06802368164062,8.722982406616211,3003667.4719924927,81233.4818956852
9904,167.3636474609375,7.692397117614746,3003834.8356399536,81241.17429280281
9905,193.5971221923828,8.039071083068848,3004028.432762146,81249.21336388588
9906,199.57260131835938,8.003531455993652,3004228.0053634644,81257.21689534187
9907,211.757568359375,8.229219436645508,3004439.7629318237,81265.44611477852
9908,148.27867126464844,7.900388717651367,3004588.0416030884,81273.34650349617
9909,107.56397247314453,8.504493713378906,3004695.6055755615,81281.85099720955
9910,170.23220825195312,9.956130981445312,3004865.8377838135,81291.807128191
9911,62.513267517089844,5.179243087768555,3004928.3510513306,81296.98637127876
9912,225.47772216796875,7.986045837402344,3005153.8287734985,81304.97241711617
9913,57.52290344238281,6.66222620010376,3005211.351676941,81311.63464331627
9914,96.0892333984375,7.370642185211182,3005307.4409103394,81319.00528550148
9915,82.16726684570312,5.8568830490112305,3005389.608177185,81324.86216855049
9916,60.59735107421875,5.052250862121582,3005450.2055282593,81329.91441941261
9917,205.05813598632812,8.490498542785645,3005655.2636642456,81338.4049179554
9918,99.54231262207031,7.1597795486450195,3005754.8059768677,81345.56469750404
9919,88.4635238647461,7.755123615264893,3005843.2695007324,81353.31982111931
9920,154.61407470703125,7.946229457855225,3005997.8835754395,81361.26605057716
9921,49.14240264892578,3.143967390060425,3006047.0259780884,81364.41001796722
9922,109.39179992675781,8.004598617553711,3006156.417778015,81372.41461658478
9923,47.56101989746094,1.3239444494247437,3006203.9787979126,81373.7385610342
9924,90.26797485351562,6.4447407722473145,3006294.246772766,81380.18330180645
9925,107.64305114746094,7.048160552978516,3006401.8898239136,81387.23146235943
9926,117.37380981445312,7.409355163574219,3006519.263633728,81394.640817523
9927,99.16356658935547,6.583509922027588,3006618.4272003174,81401.22432744503
9928,149.50601196289062,9.526179313659668,3006767.9332122803,81410.75050675869
9929,251.26675415039062,8.052630424499512,3007019.1999664307,81418.80313718319
9930,105.27586364746094,7.760534763336182,3007124.475830078,81426.56367194653
9931,275.2001953125,8.937790870666504,3007399.6760253906,81435.50146281719
9932,197.695068359375,8.77794075012207,3007597.37109375,81444.27940356731
9933,50.13775634765625,4.223365306854248,3007647.5088500977,81448.50276887417
9934,115.84193420410156,6.456582546234131,3007763.3507843018,81454.9593514204
9935,46.03728485107422,3.6195294857025146,3007809.388069153,81458.5788809061
9936,223.26588439941406,7.204927921295166,3008032.6539535522,81465.7838088274
9937,99.30780029296875,7.243127822875977,3008131.961753845,81473.02693665028
9938,112.06139373779297,8.196457862854004,3008244.023147583,81481.22339451313
9939,82.08175659179688,6.411326885223389,3008326.104904175,81487.63472139835
9940,107.8337173461914,7.647459983825684,3008433.938621521,81495.28218138218
9941,157.7337646484375,7.8697190284729,3008591.6723861694,81503.15190041065
9942,160.14743041992188,10.53199291229248,3008751.8198165894,81513.68389332294
9943,93.96324920654297,8.73420238494873,3008845.783065796,81522.4180957079
9944,65.85480499267578,6.423045635223389,3008911.6378707886,81528.84114134312
9945,211.18646240234375,8.397310256958008,3009122.824333191,81537.23845160007
9946,97.75102233886719,7.583198547363281,3009220.57535553,81544.82165014744
9947,81.0297622680664,7.503937721252441,3009301.605117798,81552.32558786869
9948,126.19692993164062,7.664888858795166,3009427.8020477295,81559.99047672749
9949,136.63690185546875,7.561163902282715,3009564.438949585,81567.55164062977
9950,210.01048278808594,8.2467622756958,3009774.449432373,81575.79840290546
9951,138.87767028808594,8.115396499633789,3009913.327102661,81583.9137994051
9952,133.4779052734375,6.922698974609375,3010046.8050079346,81590.83649837971
9953,300.66705322265625,8.634547233581543,3010347.472061157,81599.47104561329
9954,208.6441650390625,9.467369079589844,3010556.1162261963,81608.93841469288
9955,365.0484619140625,9.072710990905762,3010921.1646881104,81618.01112568378
9956,257.675537109375,8.714500427246094,3011178.8402252197,81626.72562611103
9957,186.71295166015625,8.871378898620605,3011365.55317688,81635.59700500965
9958,186.77581787109375,8.785017013549805,3011552.328994751,81644.3820220232
9959,86.73670959472656,8.047224998474121,3011639.0657043457,81652.42924702168
9960,112.37268829345703,8.273431777954102,3011751.438392639,81660.70267879963
9961,188.39535522460938,9.048028945922852,3011939.833747864,81669.75070774555
9962,78.66734313964844,6.629860877990723,3012018.5010910034,81676.38056862354
9963,215.590576171875,8.821927070617676,3012234.0916671753,81685.20249569416
9964,49.11539840698242,2.287611246109009,3012283.2070655823,81687.49010694027
9965,171.50064086914062,8.864408493041992,3012454.7077064514,81696.35451543331
9966,219.8976287841797,9.233972549438477,3012674.6053352356,81705.58848798275
9967,55.08114242553711,2.860038995742798,3012729.686477661,81708.4485269785
9968,225.69683837890625,9.490667343139648,3012955.38331604,81717.93919432163
9969,101.44375610351562,8.100656509399414,3013056.8270721436,81726.03985083103
9970,48.09141159057617,1.5168774127960205,3013104.918483734,81727.55672824383
9971,199.74334716796875,8.963662147521973,3013304.661830902,81736.52039039135
9972,179.4774169921875,8.538982391357422,3013484.1392478943,81745.0593727827
9973,53.97777557373047,3.9815385341644287,3013538.117023468,81749.04091131687
9974,178.6573944091797,7.936786651611328,3013716.774417877,81756.97769796848
9975,167.35040283203125,8.48776626586914,3013884.124820709,81765.46546423435
9976,198.1596221923828,8.905003547668457,3014082.2844429016,81774.37046778202
9977,181.11407470703125,10.820048332214355,3014263.3985176086,81785.19051611423
9978,201.30029296875,8.493078231811523,3014464.6988105774,81793.68359434605
9979,92.02577209472656,8.3477783203125,3014556.724582672,81802.03137266636
9980,106.49948120117188,8.103189468383789,3014663.2240638733,81810.13456213474
9981,57.143218994140625,3.3221471309661865,3014720.3672828674,81813.45670926571
9982,72.37635040283203,6.3128662109375,3014792.7436332703,81819.76957547665
9983,186.89324951171875,8.348678588867188,3014979.636882782,81828.11825406551
9984,119.46685791015625,8.190988540649414,3015099.103740692,81836.30924260616
9985,153.89852905273438,7.652626991271973,3015253.002269745,81843.96186959743
9986,149.6822509765625,7.58168888092041,3015402.6845207214,81851.54355847836
9987,152.63623046875,9.722882270812988,3015555.32075119,81861.26644074917
9988,242.74453735351562,8.814136505126953,3015798.0652885437,81870.0805772543
9989,207.42724609375,8.034475326538086,3016005.4925346375,81878.11505258083
9990,150.0242156982422,9.679031372070312,3016155.5167503357,81887.7940839529
9991,96.10929870605469,7.1070051193237305,3016251.6260490417,81894.90108907223
9992,198.404296875,8.951366424560547,3016450.0303459167,81903.85245549679
9993,210.61050415039062,8.032689094543457,3016660.640850067,81911.88514459133
9994,232.1507568359375,9.567183494567871,3016892.791606903,81921.4523280859
9995,50.24174118041992,4.261678218841553,3016943.0333480835,81925.71400630474
9996,270.0287170410156,9.048566818237305,3017213.0620651245,81934.76257312298
9997,44.092796325683594,2.0938773155212402,3017257.15486145,81936.8564504385
9998,49.09952163696289,2.9364259243011475,3017306.254383087,81939.7928763628
9999,57.53272247314453,2.8568618297576904,3017363.7871055603,81942.64973819256
10000,127.02973937988281,9.017477989196777,3017490.81684494,81951.66721618176
