Step,Distillation Loss,CE Loss,Accumulated Distillation Loss,Accumulated CE Loss
1,1026.679443359375,12.147072792053223,1026.679443359375,12.147072792053223
2,1464.62060546875,14.329262733459473,2491.300048828125,26.476335525512695
3,1333.98486328125,14.668485641479492,3825.284912109375,41.14482116699219
4,864.2080078125,10.426919937133789,4689.492919921875,51.57174110412598
5,630.1117553710938,9.583253860473633,5319.604675292969,61.15499496459961
6,620.1768798828125,9.580077171325684,5939.781555175781,70.7350721359253
7,651.786865234375,8.622077941894531,6591.568420410156,79.35715007781982
8,516.94091796875,8.484251976013184,7108.509338378906,87.84140205383301
9,538.4617919921875,8.502558708190918,7646.971130371094,96.34396076202393
10,573.2733154296875,9.114093780517578,8220.244445800781,105.4580545425415
11,668.1512451171875,8.886425971984863,8888.395690917969,114.34448051452637
12,491.4051513671875,8.626797676086426,9379.800842285156,122.9712781906128
13,460.99041748046875,9.05134105682373,9840.791259765625,132.02261924743652
14,645.072998046875,9.011098861694336,10485.8642578125,141.03371810913086
15,607.8707275390625,9.108078002929688,11093.734985351562,150.14179611206055
16,556.1666259765625,8.68616771697998,11649.901611328125,158.82796382904053
17,536.8456420898438,8.469280242919922,12186.747253417969,167.29724407196045
18,425.0421142578125,8.187088012695312,12611.789367675781,175.48433208465576
19,509.5650634765625,8.887060165405273,13121.354431152344,184.37139225006104
20,568.1876220703125,8.76994514465332,13689.542053222656,193.14133739471436
21,606.0640869140625,8.262066841125488,14295.606140136719,201.40340423583984
22,400.847900390625,8.304885864257812,14696.454040527344,209.70829010009766
23,422.2978515625,8.637590408325195,15118.751892089844,218.34588050842285
24,415.5047607421875,8.621902465820312,15534.256652832031,226.96778297424316
25,471.8550720214844,9.293401718139648,16006.111724853516,236.2611846923828
26,599.168212890625,9.341789245605469,16605.27993774414,245.60297393798828
27,407.6217041015625,8.482369422912598,17012.901641845703,254.08534336090088
28,504.97406005859375,8.889939308166504,17517.875701904297,262.9752826690674
29,417.6502380371094,8.958353996276855,17935.525939941406,271.93363666534424
30,444.8644714355469,8.560215950012207,18380.390411376953,280.49385261535645
31,316.83880615234375,9.028082847595215,18697.229217529297,289.52193546295166
32,548.7274169921875,9.22802734375,19245.956634521484,298.74996280670166
33,527.005126953125,8.738765716552734,19772.96176147461,307.4887285232544
34,398.9696044921875,8.542601585388184,20171.931365966797,316.0313301086426
35,677.2061767578125,9.363142013549805,20849.13754272461,325.3944721221924
36,287.15625,8.642282485961914,21136.29379272461,334.0367546081543
37,553.0311889648438,9.35269546508789,21689.324981689453,343.3894500732422
38,482.9910583496094,8.849905014038086,22172.316040039062,352.2393550872803
39,343.8149719238281,8.644973754882812,22516.13101196289,360.8843288421631
40,380.41778564453125,8.676448822021484,22896.548797607422,369.56077766418457
41,436.6048583984375,8.958739280700684,23333.15365600586,378.51951694488525
42,509.8283996582031,9.343528747558594,23842.982055664062,387.86304569244385
43,458.3045654296875,8.957786560058594,24301.28662109375,396.82083225250244
44,413.14410400390625,8.828031539916992,24714.430725097656,405.64886379241943
45,523.8422241210938,8.738929748535156,25238.27294921875,414.3877935409546
46,390.5484313964844,8.340269088745117,25628.821380615234,422.7280626296997
47,492.9466552734375,8.831528663635254,26121.768035888672,431.55959129333496
48,458.7786865234375,9.061427116394043,26580.54672241211,440.621018409729
49,295.45849609375,8.559486389160156,26876.00521850586,449.18050479888916
50,522.9739990234375,9.057677268981934,27398.979217529297,458.2381820678711
51,452.38653564453125,8.715620994567871,27851.365753173828,466.95380306243896
52,285.36328125,8.376957893371582,28136.729034423828,475.33076095581055
53,289.3594665527344,9.22629451751709,28426.088500976562,484.55705547332764
54,570.2847900390625,9.487772941589355,28996.373291015625,494.044828414917
55,476.2640380859375,9.142450332641602,29472.637329101562,503.1872787475586
56,402.1673278808594,9.07054328918457,29874.804656982422,512.2578220367432
57,524.9443359375,9.393651008605957,30399.748992919922,521.6514730453491
58,283.72637939453125,8.474873542785645,30683.475372314453,530.1263465881348
59,300.82452392578125,8.65913200378418,30984.299896240234,538.785478591919
60,431.9517822265625,8.56813907623291,31416.251678466797,547.3536176681519
61,360.9612121582031,8.711146354675293,31777.212890625,556.0647640228271
62,349.11474609375,8.78604793548584,32126.32763671875,564.850811958313
63,377.67803955078125,8.835402488708496,32504.00567626953,573.6862144470215
64,484.1258544921875,9.007680892944336,32988.13153076172,582.6938953399658
65,523.5388793945312,9.610639572143555,33511.67041015625,592.3045349121094
66,542.90576171875,9.437438011169434,34054.576171875,601.7419729232788
67,262.1923522949219,8.62240982055664,34316.76852416992,610.3643827438354
68,424.2959899902344,9.583669662475586,34741.064514160156,619.948052406311
69,336.88970947265625,9.179612159729004,35077.95422363281,629.12766456604
70,469.2012939453125,9.018424987792969,35547.155517578125,638.146089553833
71,395.8629455566406,8.879295349121094,35943.018463134766,647.0253849029541
72,476.6894836425781,9.127930641174316,36419.707946777344,656.1533155441284
73,441.6411437988281,9.393536567687988,36861.34909057617,665.5468521118164
74,394.3974914550781,8.940025329589844,37255.74658203125,674.4868774414062
75,327.4187316894531,8.782210350036621,37583.1653137207,683.2690877914429
76,307.73577880859375,8.976173400878906,37890.9010925293,692.2452611923218
77,471.2315673828125,9.213971138000488,38362.13265991211,701.4592323303223
78,411.06109619140625,9.845354080200195,38773.193756103516,711.3045864105225
79,324.3372497558594,9.723567008972168,39097.531005859375,721.0281534194946
80,419.7093505859375,9.331804275512695,39517.24035644531,730.3599576950073
81,335.72674560546875,9.235127449035645,39852.96710205078,739.595085144043
82,395.4393310546875,9.02585220336914,40248.40643310547,748.6209373474121
83,449.5697937011719,9.376555442810059,40697.97622680664,757.9974927902222
84,362.09722900390625,9.401668548583984,41060.07345581055,767.3991613388062
85,242.85888671875,9.144011497497559,41302.9323425293,776.5431728363037
86,325.9747619628906,8.986607551574707,41628.90710449219,785.5297803878784
87,327.64093017578125,8.827086448669434,41956.54803466797,794.3568668365479
88,306.4389953613281,9.194120407104492,42262.9870300293,803.5509872436523
89,267.0087890625,9.549697875976562,42529.9958190918,813.1006851196289
90,435.35382080078125,9.98371696472168,42965.34963989258,823.0844020843506
91,554.155029296875,9.280428886413574,43519.50466918945,832.3648309707642
92,265.52911376953125,8.781926155090332,43785.033782958984,841.1467571258545
93,415.8167724609375,9.056523323059082,44200.85055541992,850.2032804489136
94,395.16943359375,9.255936622619629,44596.01998901367,859.4592170715332
95,386.41900634765625,9.001883506774902,44982.43899536133,868.4611005783081
96,346.81036376953125,9.3160982131958,45329.24935913086,877.7771987915039
97,406.92803955078125,9.599114418029785,45736.17739868164,887.3763132095337
98,285.1507263183594,9.469236373901367,46021.328125,896.8455495834351
99,416.331298828125,9.605873107910156,46437.659423828125,906.4514226913452
100,402.0999755859375,9.621005058288574,46839.75939941406,916.0724277496338
101,484.67779541015625,9.37537670135498,47324.43719482422,925.4478044509888
102,406.0377197265625,9.487163543701172,47730.47491455078,934.9349679946899
103,348.09014892578125,9.043700218200684,48078.56506347656,943.9786682128906
104,510.0792236328125,9.46700668334961,48588.644287109375,953.4456748962402
105,450.32318115234375,9.570119857788086,49038.96746826172,963.0157947540283
106,269.7264404296875,9.32468032836914,49308.693908691406,972.3404750823975
107,364.38775634765625,9.18685531616211,49673.08166503906,981.5273303985596
108,339.6983947753906,9.532648086547852,50012.78005981445,991.0599784851074
109,349.5977478027344,9.419157981872559,50362.37780761719,1000.47913646698
110,363.5527648925781,9.673851013183594,50725.930572509766,1010.1529874801636
111,372.04296875,9.224198341369629,51097.973541259766,1019.3771858215332
112,458.42803955078125,9.545958518981934,51556.40158081055,1028.9231443405151
113,339.3834228515625,9.416101455688477,51895.78500366211,1038.3392457962036
114,383.714599609375,9.268963813781738,52279.499603271484,1047.6082096099854
115,329.4239501953125,9.505062103271484,52608.9235534668,1057.1132717132568
116,325.763916015625,9.245325088500977,52934.68746948242,1066.3585968017578
117,325.3377380371094,9.687613487243652,53260.02520751953,1076.0462102890015
118,324.507080078125,9.878398895263672,53584.532287597656,1085.9246091842651
119,258.2567138671875,9.64405345916748,53842.789001464844,1095.5686626434326
120,284.2467041015625,9.441009521484375,54127.035705566406,1105.009672164917
121,413.9573669433594,9.659905433654785,54540.993072509766,1114.6695775985718
122,362.80682373046875,9.555875778198242,54903.799896240234,1124.22545337677
123,382.58209228515625,9.668061256408691,55286.38198852539,1133.8935146331787
124,304.1376647949219,9.537105560302734,55590.51965332031,1143.4306201934814
125,298.73089599609375,9.445518493652344,55889.250549316406,1152.8761386871338
126,338.67156982421875,9.87432861328125,56227.922119140625,1162.750467300415
127,357.7221374511719,9.836177825927734,56585.6442565918,1172.5866451263428
128,357.11883544921875,9.450173377990723,56942.763092041016,1182.0368185043335
129,235.8845672607422,9.360548973083496,57178.64765930176,1191.397367477417
130,243.53616333007812,9.43173599243164,57422.183822631836,1200.8291034698486
131,336.9647216796875,9.583684921264648,57759.14854431152,1210.4127883911133
132,332.6513671875,9.730648040771484,58091.79991149902,1220.1434364318848
133,308.6503601074219,9.268837928771973,58400.450271606445,1229.4122743606567
134,339.0542907714844,9.400240898132324,58739.50456237793,1238.812515258789
135,342.83636474609375,9.513569831848145,59082.34092712402,1248.3260850906372
136,254.34280395507812,9.375247955322266,59336.6837310791,1257.7013330459595
137,486.10205078125,9.383254051208496,59822.78578186035,1267.084587097168
138,270.94915771484375,9.927263259887695,60093.734939575195,1277.0118503570557
139,336.2139892578125,10.23720645904541,60429.94892883301,1287.249056816101
140,412.8913269042969,9.74367904663086,60842.840255737305,1296.992735862732
141,263.9841613769531,9.658096313476562,61106.82441711426,1306.6508321762085
142,333.122802734375,9.240324974060059,61439.94721984863,1315.8911571502686
143,273.27593994140625,9.820015907287598,61713.22315979004,1325.7111730575562
144,284.728759765625,9.876032829284668,61997.951919555664,1335.5872058868408
145,295.602294921875,9.884292602539062,62293.55421447754,1345.4714984893799
146,302.7103576660156,9.93992805480957,62596.264572143555,1355.4114265441895
147,307.611328125,9.688593864440918,62903.875900268555,1365.1000204086304
148,407.5153503417969,9.667373657226562,63311.39125061035,1374.767394065857
149,353.9888610839844,10.043152809143066,63665.380111694336,1384.810546875
150,203.68943786621094,9.483796119689941,63869.06954956055,1394.29434299469
151,206.61480712890625,9.672579765319824,64075.68435668945,1403.9669227600098
152,288.1598815917969,9.669624328613281,64363.84423828125,1413.636547088623
153,463.74578857421875,9.924114227294922,64827.59002685547,1423.560661315918
154,372.5369567871094,9.785330772399902,65200.12698364258,1433.3459920883179
155,353.4365539550781,9.775121688842773,65553.56353759766,1443.1211137771606
156,279.87725830078125,10.0563383102417,65833.44079589844,1453.1774520874023
157,405.48211669921875,9.962529182434082,66238.92291259766,1463.1399812698364
158,289.185546875,9.458966255187988,66528.10845947266,1472.5989475250244
159,426.2031555175781,9.538761138916016,66954.31161499023,1482.1377086639404
160,264.87640380859375,9.600000381469727,67219.18801879883,1491.7377090454102
161,380.798583984375,9.52578067779541,67599.9866027832,1501.2634897232056
162,351.8927001953125,9.805484771728516,67951.87930297852,1511.068974494934
163,181.3023681640625,9.559188842773438,68133.18167114258,1520.6281633377075
164,417.26287841796875,9.943538665771484,68550.44454956055,1530.571702003479
165,285.7347412109375,9.736988067626953,68836.17929077148,1540.308690071106
166,270.1429138183594,9.669182777404785,69106.32220458984,1549.9778728485107
167,305.2604064941406,9.360634803771973,69411.58261108398,1559.3385076522827
168,272.4692077636719,9.88216495513916,69684.05181884766,1569.2206726074219
169,347.0079345703125,9.784663200378418,70031.05975341797,1579.0053358078003
170,216.29783630371094,10.583712577819824,70247.35758972168,1589.5890483856201
171,220.46481323242188,9.781448364257812,70467.8224029541,1599.370496749878
172,254.70819091796875,9.880606651306152,70722.53059387207,1609.251103401184
173,296.35662841796875,9.736474990844727,71018.88722229004,1618.9875783920288
174,260.9073791503906,10.177852630615234,71279.79460144043,1629.165431022644
175,371.5564880371094,9.938976287841797,71651.35108947754,1639.1044073104858
176,425.60943603515625,9.837416648864746,72076.9605255127,1648.9418239593506
177,426.29931640625,10.087190628051758,72503.25984191895,1659.0290145874023
178,245.76226806640625,9.969334602355957,72749.02210998535,1668.9983491897583
179,327.0091552734375,9.861934661865234,73076.03126525879,1678.8602838516235
180,267.32379150390625,9.895955085754395,73343.3550567627,1688.756238937378
181,228.23709106445312,9.78441047668457,73571.59214782715,1698.5406494140625
182,329.9013671875,9.978416442871094,73901.49351501465,1708.5190658569336
183,358.7657470703125,10.215192794799805,74260.25926208496,1718.7342586517334
184,404.07470703125,10.27249526977539,74664.33396911621,1729.0067539215088
185,417.8836669921875,9.599488258361816,75082.2176361084,1738.6062421798706
186,370.0777282714844,10.139257431030273,75452.29536437988,1748.7454996109009
187,356.9749755859375,9.526058197021484,75809.27033996582,1758.2715578079224
188,213.30287170410156,9.843684196472168,76022.57321166992,1768.1152420043945
189,397.093017578125,9.915812492370605,76419.66622924805,1778.0310544967651
190,268.1648254394531,10.175174713134766,76687.8310546875,1788.2062292099
191,319.3980712890625,10.259439468383789,77007.22912597656,1798.4656686782837
192,317.774658203125,10.495893478393555,77325.00378417969,1808.9615621566772
193,298.0627136230469,10.265783309936523,77623.06649780273,1819.2273454666138
194,260.9445495605469,10.049270629882812,77884.01104736328,1829.2766160964966
195,260.5031433105469,9.799806594848633,78144.51419067383,1839.0764226913452
196,343.92034912109375,10.118846893310547,78488.43453979492,1849.1952695846558
197,328.1004638671875,9.932112693786621,78816.53500366211,1859.1273822784424
198,171.50466918945312,9.613494873046875,78988.03967285156,1868.7408771514893
199,291.96649169921875,10.002161026000977,79280.00616455078,1878.7430381774902
200,256.30499267578125,9.773880958557129,79536.31115722656,1888.5169191360474
201,302.8637390136719,9.451621055603027,79839.17489624023,1897.9685401916504
202,198.19662475585938,9.870078086853027,80037.3715209961,1907.8386182785034
203,335.5262451171875,9.919466972351074,80372.89776611328,1917.7580852508545
204,335.8546447753906,10.35450553894043,80708.75241088867,1928.112590789795
205,219.4600830078125,10.14259147644043,80928.21249389648,1938.2551822662354
206,245.60055541992188,10.013941764831543,81173.8130493164,1948.269124031067
207,297.208740234375,10.371203422546387,81471.02178955078,1958.6403274536133
208,415.0307922363281,9.916756629943848,81886.05258178711,1968.5570840835571
209,324.1174621582031,10.15255069732666,82210.17004394531,1978.7096347808838
210,260.3272399902344,9.87490177154541,82470.49728393555,1988.5845365524292
211,410.24664306640625,10.569426536560059,82880.74392700195,1999.1539630889893
212,316.27374267578125,9.66513442993164,83197.01766967773,2008.819097518921
213,362.56280517578125,9.60735034942627,83559.58047485352,2018.4264478683472
214,231.75619506835938,9.759535789489746,83791.33666992188,2028.185983657837
215,264.814697265625,10.14557933807373,84056.1513671875,2038.3315629959106
216,305.2421875,9.998363494873047,84361.3935546875,2048.3299264907837
217,252.48626708984375,9.991105079650879,84613.87982177734,2058.3210315704346
218,335.10186767578125,9.91293716430664,84948.98168945312,2068.233968734741
219,248.7318572998047,10.214224815368652,85197.71354675293,2078.44819355011
220,266.51654052734375,9.944748878479004,85464.23008728027,2088.392942428589
221,280.1279296875,10.062681198120117,85744.35801696777,2098.455623626709
222,259.04998779296875,9.79321575164795,86003.40800476074,2108.248839378357
223,369.7350158691406,10.195792198181152,86373.14302062988,2118.444631576538
224,289.0323181152344,10.082603454589844,86662.17533874512,2128.527235031128
225,255.11221313476562,9.90417766571045,86917.28755187988,2138.4314126968384
226,226.7462158203125,9.982810020446777,87144.0337677002,2148.414222717285
227,340.9560241699219,10.066246032714844,87484.98979187012,2158.48046875
228,257.186279296875,9.83799934387207,87742.17607116699,2168.318468093872
229,236.94277954101562,9.769186019897461,87979.11885070801,2178.0876541137695
230,322.1488952636719,9.768929481506348,88301.26774597168,2187.856583595276
231,309.9192810058594,10.204442024230957,88611.18702697754,2198.061025619507
232,227.62493896484375,9.711249351501465,88838.81196594238,2207.7722749710083
233,336.876708984375,10.196403503417969,89175.68867492676,2217.9686784744263
234,211.22817993164062,9.76202392578125,89386.9168548584,2227.7307024002075
235,241.3000030517578,10.292654991149902,89628.21685791016,2238.0233573913574
236,135.67947387695312,9.557904243469238,89763.89633178711,2247.5812616348267
237,152.20860290527344,9.917973518371582,89916.10493469238,2257.4992351531982
238,294.447509765625,9.23170280456543,90210.55244445801,2266.7309379577637
239,243.36166381835938,9.9032621383667,90453.91410827637,2276.6342000961304
240,273.9321594238281,9.915282249450684,90727.8462677002,2286.549482345581
241,283.04522705078125,9.472976684570312,91010.89149475098,2296.0224590301514
242,235.03579711914062,9.721999168395996,91245.92729187012,2305.7444581985474
243,183.3911590576172,9.834134101867676,91429.31845092773,2315.578592300415
244,149.8215789794922,9.592951774597168,91579.14002990723,2325.171544075012
245,285.1175537109375,10.381953239440918,91864.25758361816,2335.553497314453
246,265.64312744140625,9.300020217895508,92129.90071105957,2344.8535175323486
247,345.34625244140625,10.255176544189453,92475.24696350098,2355.108694076538
248,334.4524230957031,10.165334701538086,92809.69938659668,2365.274028778076
249,212.6176300048828,9.924866676330566,93022.31701660156,2375.1988954544067
250,260.43408203125,9.714256286621094,93282.75109863281,2384.913151741028
251,200.12493896484375,9.71723747253418,93482.87603759766,2394.630389213562
252,315.03961181640625,10.040584564208984,93797.91564941406,2404.670973777771
253,245.80410766601562,10.076601028442383,94043.71975708008,2414.7475748062134
254,244.1609344482422,10.27400016784668,94287.88069152832,2425.02157497406
255,298.3740234375,10.2802095413208,94586.25471496582,2435.301784515381
256,337.29571533203125,10.0543212890625,94923.55043029785,2445.3561058044434
257,343.49420166015625,10.151262283325195,95267.04463195801,2455.5073680877686
258,321.1116943359375,10.149049758911133,95588.15632629395,2465.6564178466797
259,263.0283203125,10.472086906433105,95851.18464660645,2476.128504753113
260,288.734130859375,10.35816478729248,96139.91877746582,2486.4866695404053
261,193.34388732910156,10.015686988830566,96333.26266479492,2496.502356529236
262,372.5739440917969,10.51233959197998,96705.83660888672,2507.014696121216
263,311.42449951171875,10.048362731933594,97017.26110839844,2517.0630588531494
264,328.6961364746094,9.785272598266602,97345.95724487305,2526.848331451416
265,307.9685363769531,9.788036346435547,97653.92578125,2536.6363677978516
266,262.3389892578125,10.13354778289795,97916.26477050781,2546.7699155807495
267,272.867919921875,9.707601547241211,98189.13269042969,2556.4775171279907
268,364.9547119140625,10.2212495803833,98554.08740234375,2566.698766708374
269,254.903076171875,10.085637092590332,98808.99047851562,2576.7844038009644
270,270.420654296875,10.19369888305664,99079.4111328125,2586.978102684021
271,306.6707458496094,10.319540977478027,99386.08187866211,2597.297643661499
272,258.2005310058594,10.02290153503418,99644.28240966797,2607.320545196533
273,309.0762939453125,9.742685317993164,99953.35870361328,2617.0632305145264
274,286.39886474609375,10.13028621673584,100239.75756835938,2627.193516731262
275,269.4179382324219,10.120325088500977,100509.1755065918,2637.313841819763
276,130.30039978027344,9.498135566711426,100639.47590637207,2646.8119773864746
277,260.37054443359375,9.91952133178711,100899.84645080566,2656.7314987182617
278,237.78543090820312,10.48598861694336,101137.63188171387,2667.217487335205
279,282.7936096191406,10.242535591125488,101420.42549133301,2677.4600229263306
280,249.52915954589844,9.882881164550781,101669.9546508789,2687.3429040908813
281,244.42857360839844,10.04947566986084,101914.3832244873,2697.392379760742
282,259.41180419921875,10.065521240234375,102173.79502868652,2707.4579010009766
283,168.34844970703125,10.52617073059082,102342.14347839355,2717.9840717315674
284,175.1883087158203,10.114866256713867,102517.33178710938,2728.0989379882812
285,346.68511962890625,10.808813095092773,102864.01690673828,2738.907751083374
286,244.17660522460938,10.064041137695312,103108.19351196289,2748.9717922210693
287,262.6650390625,10.226602554321289,103370.85855102539,2759.1983947753906
288,201.93597412109375,9.767435073852539,103572.79452514648,2768.965829849243
289,323.55267333984375,10.323745727539062,103896.34719848633,2779.289575576782
290,231.8294677734375,10.326351165771484,104128.17666625977,2789.6159267425537
291,294.5090026855469,9.713676452636719,104422.68566894531,2799.3296031951904
292,272.9152526855469,10.134794235229492,104695.60092163086,2809.46439743042
293,204.28018188476562,10.049093246459961,104899.88110351562,2819.51349067688
294,275.76953125,10.541243553161621,105175.65063476562,2830.0547342300415
295,232.06915283203125,10.080476760864258,105407.71978759766,2840.1352109909058
296,141.39019775390625,10.041115760803223,105549.10998535156,2850.176326751709
297,270.662353515625,10.237308502197266,105819.77233886719,2860.4136352539062
298,286.1595458984375,10.19810962677002,106105.93188476562,2870.6117448806763
299,246.10040283203125,10.41543960571289,106352.03228759766,2881.027184486389
300,188.30062866210938,9.384403228759766,106540.33291625977,2890.411587715149
301,141.1090850830078,10.110129356384277,106681.44200134277,2900.521717071533
302,153.69329833984375,9.819672584533691,106835.13529968262,2910.341389656067
303,211.22671508789062,10.013731956481934,107046.36201477051,2920.355121612549
304,219.78077697753906,10.143745422363281,107266.14279174805,2930.498867034912
305,195.48239135742188,10.16991138458252,107461.62518310547,2940.6687784194946
306,214.28256225585938,10.282149314880371,107675.90774536133,2950.950927734375
307,226.9533233642578,10.41631031036377,107902.86106872559,2961.3672380447388
308,266.38092041015625,10.153879165649414,108169.24198913574,2971.521117210388
309,271.94305419921875,9.559365272521973,108441.18504333496,2981.08048248291
310,245.25991821289062,10.142446517944336,108686.44496154785,2991.2229290008545
311,286.1722412109375,10.176088333129883,108972.61720275879,3001.3990173339844
312,278.60302734375,10.186385154724121,109251.22023010254,3011.5854024887085
313,223.34603881835938,10.157142639160156,109474.5662689209,3021.7425451278687
314,195.46725463867188,10.288863182067871,109670.03352355957,3032.0314083099365
315,281.45172119140625,10.328215599060059,109951.48524475098,3042.3596239089966
316,231.39309692382812,10.227954864501953,110182.8783416748,3052.5875787734985
317,173.27133178710938,10.220826148986816,110356.14967346191,3062.8084049224854
318,298.431884765625,10.105729103088379,110654.58155822754,3072.9141340255737
319,298.7532043457031,10.548393249511719,110953.33476257324,3083.4625272750854
320,248.62283325195312,10.46342658996582,111201.9575958252,3093.9259538650513
321,183.9499969482422,9.988213539123535,111385.90759277344,3103.914167404175
322,308.2330322265625,10.132969856262207,111694.140625,3114.047137260437
323,302.4512939453125,10.364411354064941,111996.59191894531,3124.411548614502
324,201.53111267089844,9.895284652709961,112198.12303161621,3134.306833267212
325,248.03489685058594,10.457510948181152,112446.1579284668,3144.764344215393
326,233.92721557617188,10.563807487487793,112680.08514404297,3155.328151702881
327,302.6963195800781,9.804386138916016,112982.78146362305,3165.132537841797
328,167.4376220703125,10.190333366394043,113150.21908569336,3175.322871208191
329,289.9652099609375,10.627235412597656,113440.1842956543,3185.9501066207886
330,174.90017700195312,10.100045204162598,113615.08447265625,3196.050151824951
331,144.35585021972656,10.284567832946777,113759.44032287598,3206.334719657898
332,224.03602600097656,10.566100120544434,113983.47634887695,3216.9008197784424
333,204.886962890625,10.066567420959473,114188.36331176758,3226.967387199402
334,191.39862060546875,9.773831367492676,114379.76193237305,3236.7412185668945
335,211.6610565185547,10.077698707580566,114591.4229888916,3246.818917274475
336,112.88346862792969,9.98929214477539,114704.30645751953,3256.8082094192505
337,268.13580322265625,9.923258781433105,114972.44226074219,3266.7314682006836
338,239.41586303710938,10.109773635864258,115211.8581237793,3276.841241836548
339,168.54946899414062,10.2298583984375,115380.40759277344,3287.0711002349854
340,234.87265014648438,9.897032737731934,115615.28024291992,3296.9681329727173
341,190.1374053955078,10.261665344238281,115805.41764831543,3307.2297983169556
342,195.94781494140625,10.446816444396973,116001.36546325684,3317.6766147613525
343,227.72454833984375,10.771303176879883,116229.09001159668,3328.4479179382324
344,256.72003173828125,10.584131240844727,116485.81004333496,3339.032049179077
345,252.61843872070312,10.53427791595459,116738.42848205566,3349.5663270950317
346,167.00833129882812,10.1473970413208,116905.43681335449,3359.7137241363525
347,299.2790222167969,10.42267894744873,117204.71583557129,3370.1364030838013
348,262.9864196777344,9.658662796020508,117467.70225524902,3379.795065879822
349,274.48895263671875,10.202095031738281,117742.19120788574,3389.99716091156
350,244.923583984375,10.046314239501953,117987.11479187012,3400.043475151062
351,176.52847290039062,9.94398021697998,118163.64326477051,3409.987455368042
352,255.09954833984375,10.298505783081055,118418.74281311035,3420.285961151123
353,275.76220703125,10.077859878540039,118694.5050201416,3430.363821029663
354,172.033935546875,9.954567909240723,118866.53895568848,3440.318388938904
355,246.48216247558594,10.414409637451172,119113.02111816406,3450.732798576355
356,303.8751525878906,10.129172325134277,119416.89627075195,3460.8619709014893
357,234.46273803710938,10.264544486999512,119651.35900878906,3471.1265153884888
358,229.8751220703125,10.148994445800781,119881.23413085938,3481.2755098342896
359,281.6391296386719,10.069437026977539,120162.87326049805,3491.344946861267
360,237.33135986328125,10.283651351928711,120400.20462036133,3501.628598213196
361,288.570068359375,10.208108901977539,120688.7746887207,3511.8367071151733
362,281.6959228515625,10.490386962890625,120970.47061157227,3522.327094078064
363,271.14837646484375,9.82636547088623,121241.61898803711,3532.15345954895
364,225.9941864013672,10.549887657165527,121467.61317443848,3542.7033472061157
365,267.64044189453125,10.37748908996582,121735.25361633301,3553.0808362960815
366,279.33013916015625,10.794510841369629,122014.58375549316,3563.875347137451
367,168.48497009277344,10.106826782226562,122183.06872558594,3573.9821739196777
368,130.12046813964844,9.45554256439209,122313.18919372559,3583.43771648407
369,258.6183776855469,9.784167289733887,122571.80757141113,3593.2218837738037
370,153.40380859375,9.940879821777344,122725.21138000488,3603.162763595581
371,265.9893493652344,10.456927299499512,122991.20072937012,3613.6196908950806
372,226.6915283203125,10.303606033325195,123217.89225769043,3623.9232969284058
373,157.55789184570312,10.528382301330566,123375.45014953613,3634.4516792297363
374,245.7789764404297,10.242880821228027,123621.22912597656,3644.6945600509644
375,223.2881317138672,10.553328514099121,123844.51725769043,3655.2478885650635
376,218.67080688476562,10.457554817199707,124063.1880645752,3665.705443382263
377,204.70053100585938,10.227828979492188,124267.88859558105,3675.9332723617554
378,211.02716064453125,10.300993919372559,124478.91575622559,3686.234266281128
379,210.62445068359375,10.500890731811523,124689.54020690918,3696.7351570129395
380,250.6072235107422,10.396775245666504,124940.14743041992,3707.131932258606
381,225.4019012451172,10.03526496887207,125165.54933166504,3717.167197227478
382,166.69647216796875,10.244427680969238,125332.24580383301,3727.4116249084473
383,285.36004638671875,10.283653259277344,125617.60585021973,3737.6952781677246
384,284.5682373046875,10.668290138244629,125902.17408752441,3748.3635683059692
385,221.28607177734375,10.549503326416016,126123.46015930176,3758.9130716323853
386,282.72955322265625,10.592511177062988,126406.18971252441,3769.5055828094482
387,206.76046752929688,10.374613761901855,126612.95018005371,3779.88019657135
388,185.85122680664062,10.310795783996582,126798.80140686035,3790.1909923553467
389,201.5445098876953,10.274174690246582,127000.34591674805,3800.4651670455933
390,211.46307373046875,10.440250396728516,127211.80899047852,3810.905417442322
391,138.56866455078125,9.723119735717773,127350.3776550293,3820.6285371780396
392,105.45588684082031,10.204445838928223,127455.83354187012,3830.832983016968
393,112.17707824707031,10.242911338806152,127568.01062011719,3841.075894355774
394,233.97998046875,10.38377857208252,127801.99060058594,3851.4596729278564
395,195.51754760742188,10.452957153320312,127997.50814819336,3861.9126300811768
396,145.3427734375,10.453937530517578,128142.85092163086,3872.3665676116943
397,205.55203247070312,10.162118911743164,128348.40295410156,3882.5286865234375
398,206.9420623779297,10.348151206970215,128555.34501647949,3892.8768377304077
399,320.440185546875,10.340953826904297,128875.78520202637,3903.217791557312
400,226.97251892089844,10.36867904663086,129102.75772094727,3913.586470603943
401,133.79592895507812,10.370097160339355,129236.55364990234,3923.956567764282
402,158.325927734375,10.177885055541992,129394.87957763672,3934.134452819824
403,198.35165405273438,10.551931381225586,129593.23123168945,3944.68638420105
404,224.524658203125,10.204442977905273,129817.75588989258,3954.890827178955
405,229.63458251953125,10.000786781311035,130047.39047241211,3964.891613960266
406,224.9613494873047,10.386902809143066,130272.35182189941,3975.278516769409
407,197.51622009277344,10.61910629272461,130469.86804199219,3985.897623062134
408,164.99411010742188,10.123124122619629,130634.86215209961,3996.0207471847534
409,203.5338134765625,11.098055839538574,130838.39596557617,4007.118803024292
410,195.412353515625,10.312138557434082,131033.8083190918,4017.430941581726
411,233.9134521484375,9.949568748474121,131267.72177124023,4027.3805103302
412,226.99008178710938,10.32557487487793,131494.71185302734,4037.706085205078
413,292.74371337890625,10.388554573059082,131787.45556640625,4048.094639778137
414,274.8502197265625,10.67702579498291,132062.3057861328,4058.77166557312
415,235.4468994140625,10.629547119140625,132297.75268554688,4069.4012126922607
416,146.58697509765625,10.537858963012695,132444.33966064453,4079.9390716552734
417,164.38665771484375,10.308601379394531,132608.72631835938,4090.247673034668
418,165.30593872070312,10.47708797454834,132774.03225708008,4100.724761009216
419,147.2713623046875,9.284574508666992,132921.30361938477,4110.009335517883
420,179.9453582763672,10.493853569030762,133101.24897766113,4120.503189086914
421,234.70877075195312,10.006427764892578,133335.9577484131,4130.509616851807
422,202.13888549804688,10.075211524963379,133538.09663391113,4140.58482837677
423,262.0698547363281,10.466835975646973,133800.16648864746,4151.051664352417
424,220.29278564453125,10.436670303344727,134020.459274292,4161.488334655762
425,136.56492614746094,10.077524185180664,134157.02420043945,4171.565858840942
426,263.2552490234375,10.574763298034668,134420.2794494629,4182.140622138977
427,164.60784912109375,10.198681831359863,134584.88729858398,4192.339303970337
428,181.88717651367188,10.083609580993652,134766.77447509766,4202.422913551331
429,203.46685791015625,10.739195823669434,134970.2413330078,4213.162109375
430,273.9227600097656,10.517094612121582,135244.16409301758,4223.679203987122
431,239.53530883789062,10.643732070922852,135483.69940185547,4234.322936058044
432,178.58432006835938,10.382440567016602,135662.28372192383,4244.705376625061
433,249.43185424804688,10.526233673095703,135911.71557617188,4255.231610298157
434,268.42889404296875,10.764639854431152,136180.14447021484,4265.996250152588
435,144.88226318359375,10.66905689239502,136325.02673339844,4276.665307044983
436,169.4625244140625,10.33725643157959,136494.4892578125,4287.0025634765625
437,172.47459411621094,10.506341934204102,136666.9638519287,4297.508905410767
438,271.5065002441406,10.134222984313965,136938.47035217285,4307.643128395081
439,197.97897338867188,10.457759857177734,137136.44932556152,4318.100888252258
440,242.19158935546875,10.285171508789062,137378.640914917,4328.386059761047
441,207.3605194091797,10.018765449523926,137586.00143432617,4338.404825210571
442,125.39030456542969,9.438264846801758,137711.3917388916,4347.843090057373
443,224.1878662109375,10.200730323791504,137935.57960510254,4358.043820381165
444,235.07020568847656,10.62048053741455,138170.64981079102,4368.664300918579
445,235.6689453125,9.916146278381348,138406.31875610352,4378.58044719696
446,219.30763244628906,10.170307159423828,138625.6263885498,4388.750754356384
447,231.4038543701172,9.08909797668457,138857.03024291992,4397.839852333069
448,256.7935485839844,10.509342193603516,139113.8237915039,4408.349194526672
449,143.853515625,10.38331127166748,139257.6773071289,4418.73250579834
450,130.35751342773438,10.437310218811035,139388.03482055664,4429.169816017151
451,133.65945434570312,10.764413833618164,139521.69427490234,4439.934229850769
452,103.95748901367188,10.564478874206543,139625.65176391602,4450.498708724976
453,206.61111450195312,10.970809936523438,139832.26287841797,4461.469518661499
454,182.45538330078125,10.91466236114502,140014.71826171875,4472.384181022644
455,221.02532958984375,10.36833667755127,140235.7435913086,4482.752517700195
456,220.2947998046875,10.372428894042969,140456.03839111328,4493.124946594238
457,196.7890625,10.14669132232666,140652.82745361328,4503.271637916565
458,184.16702270507812,10.341971397399902,140836.99447631836,4513.613609313965
459,147.90948486328125,10.019640922546387,140984.90396118164,4523.633250236511
460,220.05239868164062,10.351422309875488,141204.95635986328,4533.984672546387
461,168.8423309326172,10.331964492797852,141373.7986907959,4544.316637039185
462,110.98812866210938,10.213434219360352,141484.786819458,4554.530071258545
463,121.4039306640625,10.098505020141602,141606.19075012207,4564.6285762786865
464,92.81885528564453,10.122687339782715,141699.00960540771,4574.751263618469
465,203.40576171875,9.89969539642334,141902.41536712646,4584.650959014893
466,220.0855712890625,10.516593933105469,142122.50093841553,4595.167552947998
467,155.34906005859375,10.366625785827637,142277.84999847412,4605.534178733826
468,251.71524047851562,10.565888404846191,142529.56523895264,4616.100067138672
469,160.29360961914062,10.20860481262207,142689.85884857178,4626.308671951294
470,200.26995849609375,10.164467811584473,142890.12880706787,4636.473139762878
471,134.32400512695312,10.353350639343262,143024.45281219482,4646.826490402222
472,160.53164672851562,10.074801445007324,143184.98445892334,4656.901291847229
473,244.92404174804688,10.50183391571045,143429.9085006714,4667.403125762939
474,239.2777099609375,10.696316719055176,143669.18621063232,4678.099442481995
475,188.93576049804688,10.629586219787598,143858.12197113037,4688.729028701782
476,138.17987060546875,10.564376831054688,143996.30184173584,4699.293405532837
477,155.43472290039062,10.749958992004395,144151.73656463623,4710.043364524841
478,233.599365234375,10.875290870666504,144385.3359298706,4720.918655395508
479,186.25613403320312,10.475144386291504,144571.5920639038,4731.393799781799
480,136.06893920898438,10.120223999023438,144707.6610031128,4741.514023780823
481,156.6057586669922,10.187378883361816,144864.26676177979,4751.701402664185
482,158.880859375,10.629655838012695,145023.14762115479,4762.331058502197
483,122.22660064697266,10.26412582397461,145145.37422180176,4772.595184326172
484,188.01864624023438,10.326225280761719,145333.392868042,4782.921409606934
485,159.2550506591797,10.316133499145508,145492.64791870117,4793.237543106079
486,172.662109375,10.277864456176758,145665.31002807617,4803.515407562256
487,185.60171508789062,10.440994262695312,145850.91174316406,4813.956401824951
488,135.98660278320312,10.250995635986328,145986.89834594727,4824.2073974609375
489,192.13262939453125,10.872115135192871,146179.0309753418,4835.07951259613
490,188.7021026611328,10.616519927978516,146367.73307800293,4845.696032524109
491,244.7982177734375,10.646674156188965,146612.53129577637,4856.342706680298
492,228.22824096679688,10.448715209960938,146840.75953674316,4866.791421890259
493,148.84803771972656,10.179180145263672,146989.6075744629,4876.9706020355225
494,206.22215270996094,9.938785552978516,147195.82972717285,4886.909387588501
495,168.92938232421875,10.381691932678223,147364.75910949707,4897.291079521179
496,148.91000366210938,10.727782249450684,147513.66911315918,4908.01886177063
497,219.71994018554688,10.615917205810547,147733.38905334473,4918.63477897644
498,150.17144775390625,10.685073852539062,147883.56050109863,4929.3198528289795
499,163.68475341796875,10.278964042663574,148047.2452545166,4939.598816871643
500,209.32781982421875,10.50832748413086,148256.57307434082,4950.107144355774
501,168.13540649414062,10.143208503723145,148424.70848083496,4960.250352859497
502,168.03121948242188,10.510294914245605,148592.73970031738,4970.760647773743
503,215.38314819335938,10.506492614746094,148808.12284851074,4981.267140388489
504,170.1682586669922,10.06869125366211,148978.29110717773,4991.335831642151
505,197.39990234375,10.667654037475586,149175.69100952148,5002.0034856796265
506,228.11459350585938,10.6445894241333,149403.80560302734,5012.64807510376
507,170.9164276123047,10.744184494018555,149574.72203063965,5023.392259597778
508,133.06649780273438,10.34174633026123,149707.78852844238,5033.73400592804
509,123.97172546386719,10.45950984954834,149831.76025390625,5044.193515777588
510,166.94288635253906,10.125041961669922,149998.7031402588,5054.318557739258
511,231.97572326660156,9.803190231323242,150230.6788635254,5064.121747970581
512,193.19464111328125,10.218802452087402,150423.87350463867,5074.3405504226685
513,185.72984313964844,9.408320426940918,150609.60334777832,5083.748870849609
514,191.72116088867188,10.82819938659668,150801.324508667,5094.577070236206
515,213.2877197265625,10.402247428894043,151014.61222839355,5104.9793176651
516,187.7537841796875,10.260234832763672,151202.36601257324,5115.239552497864
517,219.28713989257812,10.820913314819336,151421.65315246582,5126.060465812683
518,183.62359619140625,10.265942573547363,151605.27674865723,5136.3264083862305
519,217.72512817382812,10.625910758972168,151823.00187683105,5146.952319145203
520,191.46218872070312,10.471223831176758,152014.46406555176,5157.423542976379
521,294.73211669921875,10.616731643676758,152309.19618225098,5168.040274620056
522,143.6523895263672,10.177353858947754,152452.84857177734,5178.217628479004
523,178.34927368164062,10.231549263000488,152631.19784545898,5188.449177742004
524,246.8666229248047,10.317721366882324,152878.0644683838,5198.766899108887
525,202.8158721923828,10.728108406066895,153080.88034057617,5209.495007514954
526,203.73135375976562,10.299971580505371,153284.61169433594,5219.794979095459
527,204.23841857910156,10.644859313964844,153488.85011291504,5230.439838409424
528,159.3865203857422,10.784409523010254,153648.23663330078,5241.224247932434
529,149.7815704345703,10.325396537780762,153798.01820373535,5251.549644470215
530,161.81153869628906,10.684501647949219,153959.82974243164,5262.234146118164
531,180.80126953125,10.488714218139648,154140.6310119629,5272.722860336304
532,156.25274658203125,10.501608848571777,154296.88375854492,5283.2244691848755
533,190.8553009033203,10.762410163879395,154487.73905944824,5293.986879348755
534,194.9756317138672,10.177181243896484,154682.7146911621,5304.164060592651
535,166.07400512695312,10.71214485168457,154848.78869628906,5314.876205444336
536,226.60769653320312,10.335546493530273,155075.39639282227,5325.211751937866
537,171.6552734375,10.638286590576172,155247.05166625977,5335.850038528442
538,205.36410522460938,10.59798526763916,155452.41577148438,5346.4480237960815
539,160.98583984375,10.437902450561523,155613.40161132812,5356.885926246643
540,174.37625122070312,10.541728019714355,155787.77786254883,5367.427654266357
541,220.91392517089844,9.84463882446289,156008.69178771973,5377.27229309082
542,153.62445068359375,10.628926277160645,156162.31623840332,5387.901219367981
543,189.73184204101562,10.825125694274902,156352.04808044434,5398.726345062256
544,189.94651794433594,10.427591323852539,156541.99459838867,5409.153936386108
545,236.1504364013672,10.440508842468262,156778.14503479004,5419.594445228577
546,213.81381225585938,10.62546157836914,156991.9588470459,5430.219906806946
547,125.54469299316406,10.198076248168945,157117.50354003906,5440.417983055115
548,227.02853393554688,10.015924453735352,157344.5320739746,5450.43390750885
549,137.06036376953125,10.367157936096191,157481.59243774414,5460.801065444946
550,175.2913360595703,10.709654808044434,157656.8837738037,5471.510720252991
551,185.2306365966797,10.056841850280762,157842.1144104004,5481.5675621032715
552,101.7430419921875,10.151036262512207,157943.85745239258,5491.718598365784
553,184.6748809814453,10.715224266052246,158128.53233337402,5502.433822631836
554,176.05282592773438,10.638350486755371,158304.58515930176,5513.072173118591
555,119.32125091552734,10.160239219665527,158423.90641021729,5523.232412338257
556,139.70040893554688,10.20615291595459,158563.60681915283,5533.438565254211
557,120.16914367675781,10.551082611083984,158683.7759628296,5543.989647865295
558,143.13804626464844,10.581195831298828,158826.91400909424,5554.570843696594
559,168.09524536132812,11.378353118896484,158995.00925445557,5565.949196815491
560,177.87693786621094,10.339439392089844,159172.88619232178,5576.288636207581
561,194.623046875,10.423616409301758,159367.50923919678,5586.712252616882
562,104.57975769042969,10.474973678588867,159472.0889968872,5597.187226295471
563,185.4239501953125,10.34560775756836,159657.51294708252,5607.53283405304
564,162.60874938964844,10.627744674682617,159820.12169647217,5618.160578727722
565,194.62271118164062,10.153267860412598,160014.7444076538,5628.313846588135
566,141.8941192626953,10.054274559020996,160156.6385269165,5638.368121147156
567,167.3682861328125,10.558694839477539,160324.00681304932,5648.926815986633
568,158.9225616455078,10.620521545410156,160482.92937469482,5659.5473375320435
569,132.41665649414062,10.489731788635254,160615.34603118896,5670.037069320679
570,183.86009216308594,10.453268051147461,160799.20612335205,5680.490337371826
571,235.273681640625,10.452011108398438,161034.47980499268,5690.942348480225
572,154.0764617919922,10.261073112487793,161188.55626678467,5701.203421592712
573,172.9461669921875,10.763964653015137,161361.50243377686,5711.9673862457275
574,196.85293579101562,10.531460762023926,161558.35536956787,5722.4988470077515
575,87.28849792480469,9.902837753295898,161645.64386749268,5732.401684761047
576,131.36285400390625,10.515873908996582,161777.00672149658,5742.917558670044
577,178.44976806640625,10.441861152648926,161955.456489563,5753.359419822693
578,178.66244506835938,10.648904800415039,162134.11893463135,5764.008324623108
579,138.67694091796875,10.301690101623535,162272.79587554932,5774.310014724731
580,159.73138427734375,10.868075370788574,162432.52725982666,5785.17809009552
581,151.39984130859375,10.6834716796875,162583.92710113525,5795.8615617752075
582,207.10552978515625,10.389023780822754,162791.0326309204,5806.25058555603
583,150.05975341796875,10.271678924560547,162941.09238433838,5816.522264480591
584,185.1201171875,10.340001106262207,163126.21250152588,5826.862265586853
585,167.7335205078125,10.790962219238281,163293.9460220337,5837.653227806091
586,94.13722229003906,10.21972370147705,163388.08324432373,5847.872951507568
587,151.9605255126953,10.442198753356934,163540.04376983643,5858.315150260925
588,198.091796875,10.284708976745605,163738.13556671143,5868.599859237671
589,206.66482543945312,10.330343246459961,163944.80039215088,5878.930202484131
590,136.9093017578125,10.457036018371582,164081.7096939087,5889.387238502502
591,142.0704803466797,10.399592399597168,164223.78017425537,5899.7868309021
592,118.33047485351562,11.163701057434082,164342.1106491089,5910.950531959534
593,179.83370971679688,10.326157569885254,164521.94435882568,5921.276689529419
594,154.9451446533203,9.954407691955566,164676.889503479,5931.2310972213745
595,138.0218505859375,10.611919403076172,164814.91135406494,5941.843016624451
596,191.08328247070312,11.266088485717773,165005.99463653564,5953.1091051101685
597,172.42430114746094,10.65036392211914,165178.4189376831,5963.759469032288
598,173.6363525390625,10.232464790344238,165352.05529022217,5973.991933822632
599,226.89224243164062,10.521493911743164,165578.9475326538,5984.513427734375
600,171.73959350585938,10.438111305236816,165750.68712615967,5994.951539039612
601,164.4200439453125,10.378823280334473,165915.10717010498,6005.330362319946
602,138.21926879882812,10.9555025100708,166053.3264389038,6016.285864830017
603,236.45501708984375,10.93995475769043,166289.78145599365,6027.2258195877075
604,175.50257873535156,10.653085708618164,166465.284034729,6037.878905296326
605,204.84385681152344,10.193883895874023,166670.12789154053,6048.0727891922
606,191.1121368408203,10.918818473815918,166861.24002838135,6058.991607666016
607,199.51731872558594,10.412016868591309,167060.75734710693,6069.403624534607
608,160.43838500976562,10.488621711730957,167221.1957321167,6079.892246246338
609,223.09063720703125,11.041731834411621,167444.28636932373,6090.9339780807495
610,209.72564697265625,10.631979942321777,167654.0120162964,6101.565958023071
611,168.423583984375,10.77962589263916,167822.43560028076,6112.34558391571
612,104.060302734375,10.514461517333984,167926.49590301514,6122.860045433044
613,120.98855590820312,10.562520980834961,168047.48445892334,6133.422566413879
614,136.17578125,10.399787902832031,168183.66024017334,6143.822354316711
615,97.24430847167969,9.960467338562012,168280.90454864502,6153.782821655273
616,101.62915802001953,10.340014457702637,168382.53370666504,6164.122836112976
617,153.3784942626953,10.15992259979248,168535.91220092773,6174.282758712769
618,161.46499633789062,9.630399703979492,168697.37719726562,6183.913158416748
619,126.67196655273438,10.210044860839844,168824.04916381836,6194.123203277588
620,156.08584594726562,10.483936309814453,168980.13500976562,6204.607139587402
621,191.14599609375,10.520133972167969,169171.28100585938,6215.12727355957
622,173.71157836914062,10.673196792602539,169344.99258422852,6225.800470352173
623,179.80722045898438,10.531476020812988,169524.7998046875,6236.331946372986
624,190.94528198242188,11.143165588378906,169715.74508666992,6247.475111961365
625,158.17892456054688,10.289607048034668,169873.92401123047,6257.764719009399
626,169.39358520507812,10.514599800109863,170043.31759643555,6268.279318809509
627,108.28976440429688,10.173273086547852,170151.60736083984,6278.452591896057
628,148.4787139892578,10.4911527633667,170300.0860748291,6288.943744659424
629,186.37567138671875,10.264078140258789,170486.46174621582,6299.207822799683
630,178.61825561523438,10.54066276550293,170665.08000183105,6309.748485565186
631,171.8540496826172,10.702376365661621,170836.93405151367,6320.450861930847
632,204.67030334472656,11.193517684936523,171041.6043548584,6331.644379615784
633,137.82669067382812,10.516582489013672,171179.43104553223,6342.160962104797
634,162.58177185058594,10.260774612426758,171342.0128173828,6352.421736717224
635,203.1938018798828,10.755796432495117,171545.2066192627,6363.177533149719
636,181.73019409179688,10.154779434204102,171726.9368133545,6373.332312583923
637,184.98890686035156,10.200552940368652,171911.92572021484,6383.532865524292
638,196.8101806640625,10.664234161376953,172108.7359008789,6394.197099685669
639,134.03793334960938,9.983281135559082,172242.77383422852,6404.180380821228
640,194.26754760742188,10.646750450134277,172437.04138183594,6414.827131271362
641,161.65501403808594,10.413869857788086,172598.69639587402,6425.24100112915
642,194.53187561035156,10.565315246582031,172793.22827148438,6435.806316375732
643,216.29580688476562,10.560730934143066,173009.52407836914,6446.3670473098755
644,153.74790954589844,10.550355911254883,173163.27198791504,6456.91740322113
645,130.5089111328125,10.410934448242188,173293.78089904785,6467.328337669373
646,154.5940704345703,11.018863677978516,173448.37496948242,6478.347201347351
647,150.65138244628906,10.566387176513672,173599.0263519287,6488.913588523865
648,168.37796020507812,10.259435653686523,173767.4043121338,6499.173024177551
649,180.6392059326172,10.536710739135742,173948.0435180664,6509.709734916687
650,277.83599853515625,11.666351318359375,174225.87951660156,6521.376086235046
651,145.10720825195312,10.98934268951416,174370.98672485352,6532.365428924561
652,133.37411499023438,10.828524589538574,174504.36083984375,6543.193953514099
653,145.7904510498047,10.545124053955078,174650.15129089355,6553.739077568054
654,171.08612060546875,10.566818237304688,174821.23741149902,6564.305895805359
655,163.36471557617188,10.771036148071289,174984.6021270752,6575.07693195343
656,137.43267822265625,10.288569450378418,175122.03480529785,6585.365501403809
657,157.73953247070312,10.270167350769043,175279.77433776855,6595.635668754578
658,154.59963989257812,10.904077529907227,175434.37397766113,6606.539746284485
659,178.7943115234375,11.101349830627441,175613.16828918457,6617.641096115112
660,196.52566528320312,9.978106498718262,175809.69395446777,6627.619202613831
661,160.1265869140625,10.98515510559082,175969.82054138184,6638.604357719421
662,167.12515258789062,10.697303771972656,176136.94569396973,6649.301661491394
663,108.28236389160156,9.919038772583008,176245.22805786133,6659.220700263977
664,139.36106872558594,10.446615219116211,176384.5891265869,6669.667315483093
665,138.96116638183594,10.982392311096191,176523.55029296875,6680.649707794189
666,144.5032196044922,10.40312385559082,176668.05351257324,6691.05283164978
667,102.46897888183594,10.428079605102539,176770.52249145508,6701.480911254883
668,149.22915649414062,10.503870964050293,176919.75164794922,6711.984782218933
669,143.34243774414062,10.307209014892578,177063.09408569336,6722.291991233826
670,169.68951416015625,10.30074405670166,177232.78359985352,6732.592735290527
671,152.33462524414062,11.365883827209473,177385.11822509766,6743.958619117737
672,116.48159790039062,10.409107208251953,177501.59982299805,6754.367726325989
673,145.0296630859375,9.630066871643066,177646.62948608398,6763.997793197632
674,134.11788940429688,10.41246509552002,177780.74737548828,6774.410258293152
675,124.45808410644531,10.385183334350586,177905.20545959473,6784.795441627502
676,153.93826293945312,11.039559364318848,178059.14372253418,6795.835000991821
677,154.2588653564453,10.291586875915527,178213.40258789062,6806.126587867737
678,102.08432006835938,10.259071350097656,178315.48690795898,6816.3856592178345
679,126.76385498046875,10.239501953125,178442.25076293945,6826.6251611709595
680,100.68646240234375,10.193005561828613,178542.9372253418,6836.818166732788
681,159.93252563476562,10.240859031677246,178702.86975097656,6847.059025764465
682,142.20440673828125,10.593710899353027,178845.07415771484,6857.652736663818
683,183.68728637695312,10.774110794067383,179028.7614440918,6868.426847457886
684,185.62985229492188,10.268074035644531,179214.39129638672,6878.69492149353
685,157.79794311523438,10.513289451599121,179372.18923950195,6889.208210945129
686,166.42819213867188,10.490068435668945,179538.61743164062,6899.698279380798
687,115.78258514404297,10.10262393951416,179654.40001678467,6909.8009033203125
688,184.09487915039062,10.696795463562012,179838.49489593506,6920.4976987838745
689,126.77169799804688,10.39590072631836,179965.2665939331,6930.893599510193
690,174.69818115234375,10.658686637878418,180139.96477508545,6941.552286148071
691,134.53924560546875,10.772786140441895,180274.50402069092,6952.325072288513
692,194.26693725585938,10.588082313537598,180468.77095794678,6962.913154602051
693,95.36248779296875,9.997932434082031,180564.13344573975,6972.911087036133
694,162.82952880859375,11.075718879699707,180726.96297454834,6983.9868059158325
695,138.17913818359375,10.370161056518555,180865.14211273193,6994.356966972351
696,104.43215942382812,10.334943771362305,180969.57427215576,7004.691910743713
697,203.5886688232422,10.61845588684082,181173.162940979,7015.310366630554
698,207.20620727539062,10.768356323242188,181380.3691482544,7026.078722953796
699,182.3124542236328,10.557714462280273,181562.68160247803,7036.636437416077
700,150.7033233642578,10.804880142211914,181713.38492584229,7047.441317558289
701,192.57644653320312,10.983186721801758,181905.9613723755,7058.42450428009
702,89.96670532226562,10.84640121459961,181995.92807769775,7069.27090549469
703,205.1265869140625,11.012236595153809,182201.05466461182,7080.283142089844
704,172.48336791992188,10.609813690185547,182373.53803253174,7090.892955780029
705,132.06690979003906,10.351776123046875,182505.60494232178,7101.244731903076
706,140.10440063476562,10.827934265136719,182645.70934295654,7112.072666168213
707,117.26716613769531,10.542820930480957,182762.97650909424,7122.615487098694
708,141.75457763671875,10.748358726501465,182904.73108673096,7133.363845825195
709,194.5972900390625,10.800704956054688,183099.32837677002,7144.16455078125
710,133.86001586914062,10.465372085571289,183233.18839263916,7154.629922866821
711,138.86178588867188,10.263721466064453,183372.05017852783,7164.893644332886
712,162.61676025390625,10.578104019165039,183534.66693878174,7175.471748352051
713,100.31806945800781,10.622722625732422,183634.98500823975,7186.094470977783
714,171.76922607421875,10.399663925170898,183806.75423431396,7196.494134902954
715,177.7362060546875,10.497294425964355,183984.49044036865,7206.9914293289185
716,114.58592224121094,10.74185562133789,184099.07636260986,7217.733284950256
717,175.6925048828125,10.176575660705566,184274.76886749268,7227.909860610962
718,135.41110229492188,10.43342113494873,184410.1799697876,7238.343281745911
719,100.3292465209961,9.581132888793945,184510.5092163086,7247.924414634705
720,106.48685455322266,10.396559715270996,184616.99607086182,7258.320974349976
721,117.11701965332031,10.865543365478516,184734.11309051514,7269.186517715454
722,171.54034423828125,10.71677303314209,184905.65343475342,7279.903290748596
723,147.61965942382812,10.443206787109375,185053.27309417725,7290.346497535706
724,172.19427490234375,10.516627311706543,185225.4673690796,7300.863124847412
725,178.97683715820312,10.372237205505371,185404.4442062378,7311.2353620529175
726,171.25729370117188,10.722115516662598,185575.70149993896,7321.95747756958
727,128.14598083496094,10.60023307800293,185703.84748077393,7332.557710647583
728,208.31307983398438,10.984003067016602,185912.1605606079,7343.5417137146
729,117.27484130859375,10.458093643188477,186029.4354019165,7353.999807357788
730,90.6682357788086,10.421216011047363,186120.1036376953,7364.421023368835
731,181.6611328125,10.317923545837402,186301.7647705078,7374.738946914673
732,127.86123657226562,10.424991607666016,186429.62600708008,7385.163938522339
733,177.30636596679688,10.646986961364746,186606.93237304688,7395.810925483704
734,155.95809936523438,10.534514427185059,186762.8904724121,7406.345439910889
735,143.4376983642578,10.555136680603027,186906.32817077637,7416.900576591492
736,102.14061737060547,11.284706115722656,187008.46878814697,7428.185282707214
737,157.69723510742188,10.783309936523438,187166.1660232544,7438.968592643738
738,177.82533264160156,10.639421463012695,187343.991355896,7449.6080141067505
739,87.91867065429688,9.96216106414795,187431.9100265503,7459.570175170898
740,168.94314575195312,10.240053176879883,187600.85317230225,7469.810228347778
741,89.22879791259766,10.7136812210083,187690.08197021484,7480.523909568787
742,79.97264099121094,10.248120307922363,187770.05461120605,7490.772029876709
743,180.92828369140625,10.507844924926758,187950.98289489746,7501.279874801636
744,155.07061767578125,10.863862991333008,188106.05351257324,7512.143737792969
745,100.9061279296875,9.960309028625488,188206.95964050293,7522.104046821594
746,135.14410400390625,10.935792922973633,188342.10374450684,7533.039839744568
747,135.3986053466797,10.595202445983887,188477.50234985352,7543.635042190552
748,193.53099060058594,10.872124671936035,188671.0333404541,7554.507166862488
749,159.70443725585938,10.649226188659668,188830.73777770996,7565.1563930511475
750,113.98797607421875,10.360025405883789,188944.72575378418,7575.516418457031
751,143.02618408203125,10.638398170471191,189087.7519378662,7586.154816627502
752,178.2493896484375,10.729259490966797,189266.00132751465,7596.884076118469
753,108.3966064453125,10.534501075744629,189374.39793395996,7607.418577194214
754,125.224609375,10.610974311828613,189499.62254333496,7618.0295515060425
755,119.53056335449219,10.516810417175293,189619.15310668945,7628.546361923218
756,103.30821228027344,10.247611045837402,189722.46131896973,7638.793972969055
757,136.15704345703125,10.46400260925293,189858.61836242676,7649.257975578308
758,141.75408935546875,10.492850303649902,190000.37245178223,7659.750825881958
759,168.2609100341797,9.614249229431152,190168.6333618164,7669.365075111389
760,131.72445678710938,10.237874984741211,190300.35781860352,7679.60295009613
761,163.9934844970703,10.291715621948242,190464.3513031006,7689.894665718079
762,166.66192626953125,10.775827407836914,190631.01322937012,7700.6704931259155
763,119.71424865722656,10.495162963867188,190750.72747802734,7711.165656089783
764,142.74847412109375,10.537849426269531,190893.47595214844,7721.703505516052
765,125.43671417236328,10.694928169250488,191018.9126663208,7732.398433685303
766,128.91522216796875,10.970968246459961,191147.82788848877,7743.369401931763
767,124.62890625,10.810928344726562,191272.45679473877,7754.180330276489
768,153.45663452148438,10.951184272766113,191425.91342926025,7765.131514549255
769,213.4185791015625,10.624955177307129,191639.33200836182,7775.7564697265625
770,136.3551788330078,10.500556945800781,191775.68718719482,7786.257026672363
771,99.53784942626953,10.458568572998047,191875.2250366211,7796.715595245361
772,144.73988342285156,10.659003257751465,192019.96492004395,7807.374598503113
773,109.92584991455078,10.401569366455078,192129.8907699585,7817.776167869568
774,137.23345947265625,10.410408973693848,192267.12422943115,7828.186576843262
775,141.28697204589844,10.44200611114502,192408.41120147705,7838.628582954407
776,169.21124267578125,10.488748550415039,192577.62244415283,7849.117331504822
777,207.7269287109375,10.745375633239746,192785.34937286377,7859.8627071380615
778,182.75836181640625,10.863447189331055,192968.10773468018,7870.726154327393
779,157.9771728515625,10.687174797058105,193126.08490753174,7881.413329124451
780,137.37261962890625,10.905996322631836,193263.45752716064,7892.3193254470825
781,142.88894653320312,10.2897310256958,193406.34647369385,7902.609056472778
782,88.83570861816406,10.265862464904785,193495.182182312,7912.874918937683
783,132.5318603515625,10.816878318786621,193627.71404266357,7923.69179725647
784,112.49769592285156,10.563827514648438,193740.21173858643,7934.255624771118
785,180.826171875,11.19283676147461,193921.03791046143,7945.448461532593
786,177.05471801757812,10.822413444519043,194098.092628479,7956.270874977112
787,163.91107177734375,10.895940780639648,194262.00370025635,7967.1668157577515
788,160.74429321289062,11.27591323852539,194422.74799346924,7978.442728996277
789,136.82073974609375,10.49590015411377,194559.56873321533,7988.938629150391
790,115.3326644897461,10.410784721374512,194674.90139770508,7999.349413871765
791,122.92965698242188,10.004363059997559,194797.8310546875,8009.353776931763
792,124.11833190917969,10.274256706237793,194921.94938659668,8019.6280336380005
793,131.3331756591797,10.481888771057129,195053.28256225586,8030.109922409058
794,126.49238586425781,10.851337432861328,195179.77494812012,8040.961259841919
795,122.74554443359375,10.683380126953125,195302.5204925537,8051.644639968872
796,83.76828002929688,10.38791561126709,195386.288772583,8062.032555580139
797,137.79507446289062,10.245767593383789,195524.0838470459,8072.278323173523
798,147.5753936767578,10.757207870483398,195671.65924072266,8083.035531044006
799,111.65916442871094,10.113661766052246,195783.31840515137,8093.149192810059
800,129.65707397460938,10.66931438446045,195912.97547912598,8103.818507194519
801,126.44178771972656,10.273663520812988,196039.4172668457,8114.092170715332
802,121.90211486816406,11.007596969604492,196161.31938171387,8125.0997676849365
803,145.12619018554688,10.871101379394531,196306.4455718994,8135.970869064331
804,154.60374450683594,10.722970962524414,196461.04931640625,8146.6938400268555
805,118.87655639648438,10.531885147094727,196579.92587280273,8157.22572517395
806,157.4324493408203,10.52096176147461,196737.35832214355,8167.746686935425
807,147.72998046875,10.854068756103516,196885.0883026123,8178.600755691528
808,120.31143188476562,11.022085189819336,197005.39973449707,8189.622840881348
809,164.60809326171875,10.494279861450195,197170.0078277588,8200.117120742798
810,127.95608520507812,10.772285461425781,197297.96391296387,8210.889406204224
811,132.78079223632812,10.608136177062988,197430.7447052002,8221.497542381287
812,153.7808837890625,11.068943977355957,197584.52558898926,8232.566486358643
813,126.54512023925781,10.391942024230957,197711.07070922852,8242.958428382874
814,105.58079528808594,10.28470516204834,197816.6515045166,8253.243133544922
815,102.1046142578125,10.505216598510742,197918.7561187744,8263.748350143433
816,122.4826431274414,10.533127784729004,198041.23876190186,8274.281477928162
817,137.8603515625,10.616830825805664,198179.09911346436,8284.898308753967
818,136.317626953125,10.539867401123047,198315.41674041748,8295.43817615509
819,83.82726287841797,10.545392036437988,198399.2440032959,8305.983568191528
820,135.43301391601562,9.563859939575195,198534.6770172119,8315.547428131104
821,125.10474395751953,11.068756103515625,198659.78176116943,8326.61618423462
822,143.42071533203125,10.488499641418457,198803.20247650146,8337.104683876038
823,130.674072265625,10.661555290222168,198933.8765487671,8347.76623916626
824,143.41522216796875,10.22705364227295,199077.29177093506,8357.993292808533
825,143.0921630859375,9.741313934326172,199220.383934021,8367.734606742859
826,130.8802032470703,10.985648155212402,199351.26413726807,8378.720254898071
827,111.6785888671875,10.420877456665039,199462.94272613525,8389.141132354736
828,141.40347290039062,10.218029022216797,199604.34619903564,8399.359161376953
829,110.16720581054688,10.133495330810547,199714.5134048462,8409.492656707764
830,118.54127502441406,10.290240287780762,199833.0546798706,8419.782896995544
831,125.88630676269531,10.755409240722656,199958.9409866333,8430.538306236267
832,119.32632446289062,10.40870189666748,200078.2673110962,8440.947008132935
833,138.692626953125,11.054787635803223,200216.95993804932,8452.001795768738
834,121.01060485839844,10.876246452331543,200337.97054290771,8462.87804222107
835,81.7734146118164,10.991060256958008,200419.74395751953,8473.869102478027
836,163.54415893554688,11.079054832458496,200583.28811645508,8484.948157310486
837,183.58055114746094,10.531554222106934,200766.86866760254,8495.479711532593
838,108.25445556640625,10.343759536743164,200875.12312316895,8505.823471069336
839,143.40054321289062,10.84196662902832,201018.52366638184,8516.665437698364
840,149.799560546875,10.645054817199707,201168.3232269287,8527.310492515564
841,105.18107604980469,10.409954071044922,201273.50430297852,8537.720446586609
842,154.6519012451172,10.712233543395996,201428.15620422363,8548.432680130005
843,149.24761962890625,10.802453994750977,201577.40382385254,8559.235134124756
844,121.37171936035156,10.783604621887207,201698.7755432129,8570.018738746643
845,91.28607177734375,10.492676734924316,201790.06161499023,8580.511415481567
846,146.08094787597656,10.611187934875488,201936.1425628662,8591.122603416443
847,141.75437927246094,10.446843147277832,202077.89694213867,8601.56944656372
848,120.17579650878906,10.315329551696777,202198.07273864746,8611.884776115417
849,83.96682739257812,10.917623519897461,202282.03956604004,8622.802399635315
850,155.92364501953125,10.909228324890137,202437.96321105957,8633.711627960205
851,139.03074645996094,10.574112892150879,202576.99395751953,8644.285740852356
852,122.11099243164062,10.443642616271973,202699.10494995117,8654.729383468628
853,107.65217590332031,10.942680358886719,202806.7571258545,8665.672063827515
854,98.93453216552734,10.407764434814453,202905.69165802002,8676.07982826233
855,118.97721862792969,10.57455825805664,203024.66887664795,8686.654386520386
856,93.22747802734375,10.578543663024902,203117.8963546753,8697.23293018341
857,158.4797821044922,10.976724624633789,203276.37613677979,8708.209654808044
858,136.8680419921875,9.63098430633545,203413.24417877197,8717.84063911438
859,105.69160461425781,10.464563369750977,203518.93578338623,8728.30520248413
860,133.71926879882812,10.670296669006348,203652.65505218506,8738.975499153137
861,146.6581573486328,11.051909446716309,203799.3132095337,8750.027408599854
862,91.48822021484375,10.095587730407715,203890.80142974854,8760.122996330261
863,133.8531494140625,10.983888626098633,204024.6545791626,8771.10688495636
864,137.69058227539062,10.928523063659668,204162.345161438,8782.03540802002
865,108.50822448730469,10.699576377868652,204270.8533859253,8792.734984397888
866,166.5531005859375,10.382994651794434,204437.40648651123,8803.117979049683
867,138.54263305664062,10.663918495178223,204575.94911956787,8813.78189754486
868,142.73837280273438,10.548460006713867,204718.6874923706,8824.330357551575
869,140.7699432373047,10.612822532653809,204859.4574356079,8834.943180084229
870,84.89677429199219,10.702571868896484,204944.3542098999,8845.645751953125
871,164.3766632080078,10.895787239074707,205108.7308731079,8856.5415391922
872,136.25228881835938,10.78553581237793,205244.98316192627,8867.327075004578
873,112.39762878417969,10.196634292602539,205357.38079071045,8877.52370929718
874,118.54338073730469,10.332345962524414,205475.92417144775,8887.856055259705
875,161.032958984375,10.599756240844727,205636.95713043213,8898.45581150055
876,154.98785400390625,10.953137397766113,205791.94498443604,8909.408948898315
877,103.57418060302734,10.421990394592285,205895.51916503906,8919.830939292908
878,87.6807861328125,10.532496452331543,205983.19995117188,8930.36343574524
879,147.380859375,11.072063446044922,206130.58081054688,8941.435499191284
880,113.81651306152344,11.001638412475586,206244.3973236084,8952.43713760376
881,155.13336181640625,10.458864212036133,206399.5306854248,8962.896001815796
882,103.176513671875,9.977082252502441,206502.70719909668,8972.873084068298
883,123.4633560180664,10.466471672058105,206626.17055511475,8983.339555740356
884,119.74800872802734,10.450384140014648,206745.91856384277,8993.789939880371
885,115.45677185058594,10.427584648132324,206861.37533569336,9004.217524528503
886,96.8150863647461,9.98840618133545,206958.1904220581,9014.205930709839
887,113.077392578125,10.7454252243042,207071.26781463623,9024.951355934143
888,58.53363800048828,9.845419883728027,207129.80145263672,9034.796775817871
889,111.42219543457031,9.420066833496094,207241.2236480713,9044.216842651367
890,111.95279693603516,10.850251197814941,207353.17644500732,9055.067093849182
891,105.03594970703125,10.240575790405273,207458.21239471436,9065.307669639587
892,120.92195129394531,10.838045120239258,207579.1343460083,9076.145714759827
893,107.96955871582031,10.687780380249023,207687.10390472412,9086.833495140076
894,111.52481079101562,10.74282169342041,207798.62871551514,9097.576316833496
895,141.7361297607422,10.516902923583984,207940.36484527588,9108.09321975708
896,105.29078674316406,10.431926727294922,208045.65563201904,9118.525146484375
897,99.20625305175781,10.574644088745117,208144.8618850708,9129.09979057312
898,157.60357666015625,10.255712509155273,208302.46546173096,9139.355503082275
899,165.54376220703125,11.034961700439453,208468.009223938,9150.390464782715
900,137.98599243164062,10.48707103729248,208605.99521636963,9160.877535820007
901,146.70718383789062,10.53271770477295,208752.70240020752,9171.41025352478
902,119.79895782470703,10.48874282836914,208872.50135803223,9181.89899635315
903,89.9365463256836,10.772686958312988,208962.4379043579,9192.671683311462
904,118.74404907226562,10.100050926208496,209081.18195343018,9202.77173423767
905,126.64493560791016,11.098799705505371,209207.8268890381,9213.870533943176
906,166.74069213867188,10.714996337890625,209374.56758117676,9224.585530281067
907,146.5474090576172,10.343109130859375,209521.11499023438,9234.928639411926
908,125.49562072753906,10.488846778869629,209646.6106109619,9245.417486190796
909,138.63653564453125,10.727355003356934,209785.24714660645,9256.144841194153
910,119.36839294433594,10.70495319366455,209904.61553955078,9266.849794387817
911,95.18763732910156,11.266423225402832,209999.80317687988,9278.11621761322
912,125.24568176269531,10.5733003616333,210125.04885864258,9288.689517974854
913,197.83592224121094,11.419586181640625,210322.8847808838,9300.109104156494
914,145.32217407226562,11.192282676696777,210468.20695495605,9311.301386833191
915,99.73236846923828,10.248120307922363,210567.9393234253,9321.549507141113
916,91.7057876586914,10.571024894714355,210659.64511108398,9332.120532035828
917,130.99649047851562,10.655903816223145,210790.6416015625,9342.77643585205
918,110.27947998046875,10.328865051269531,210900.92108154297,9353.10530090332
919,126.21211242675781,10.50877857208252,211027.13319396973,9363.614079475403
920,48.192344665527344,10.000509262084961,211075.32553863525,9373.614588737488
921,115.11708068847656,10.96058177947998,211190.44261932373,9384.575170516968
922,123.83332824707031,10.75903606414795,211314.2759475708,9395.334206581116
923,152.85147094726562,10.992156028747559,211467.12741851807,9406.326362609863
924,121.76960754394531,10.89777946472168,211588.897026062,9417.224142074585
925,100.53972625732422,11.036458969116211,211689.43675231934,9428.260601043701
926,101.68402099609375,10.709454536437988,211791.12077331543,9438.97005558014
927,144.0487060546875,10.692235946655273,211935.16947937012,9449.662291526794
928,90.22521209716797,10.459297180175781,212025.39469146729,9460.12158870697
929,134.6268310546875,10.776451110839844,212160.02152252197,9470.89803981781
930,113.35326385498047,10.654658317565918,212273.37478637695,9481.552698135376
931,116.0254898071289,10.499685287475586,212389.40027618408,9492.052383422852
932,111.83309936523438,10.756014823913574,212501.23337554932,9502.808398246765
933,127.14817810058594,10.787263870239258,212628.3815536499,9513.595662117004
934,120.90335845947266,10.560074806213379,212749.28491210938,9524.155736923218
935,138.23538208007812,10.93916130065918,212887.52029418945,9535.094898223877
936,140.69650268554688,10.823063850402832,213028.216796875,9545.91796207428
937,128.18435668945312,10.81844425201416,213156.40115356445,9556.736406326294
938,142.88665771484375,10.757383346557617,213299.2878112793,9567.493789672852
939,130.83624267578125,10.838459014892578,213430.12405395508,9578.332248687744
940,124.37355041503906,10.979454040527344,213554.49760437012,9589.311702728271
941,197.47805786132812,11.606841087341309,213751.97566223145,9600.918543815613
942,95.07684326171875,10.592985153198242,213847.05250549316,9611.511528968811
943,114.39242553710938,10.79084587097168,213961.44493103027,9622.302374839783
944,94.37664031982422,10.482441902160645,214055.8215713501,9632.784816741943
945,123.1905517578125,10.232147216796875,214179.0121231079,9643.01696395874
946,139.96324157714844,10.426609992980957,214318.97536468506,9653.443573951721
947,141.1719512939453,10.43952751159668,214460.147315979,9663.883101463318
948,95.21034240722656,10.46882152557373,214555.35765838623,9674.351922988892
949,102.64958190917969,10.759439468383789,214658.0072402954,9685.111362457275
950,126.78363037109375,9.63139820098877,214784.7908706665,9694.742760658264
951,123.0180892944336,10.886133193969727,214907.80895996094,9705.628893852234
952,113.72171020507812,10.72976303100586,215021.53067016602,9716.35865688324
953,142.9535369873047,10.783801078796387,215164.48420715332,9727.142457962036
954,88.77557373046875,10.478636741638184,215253.2597808838,9737.621094703674
955,140.2329559326172,10.68834400177002,215393.4927368164,9748.309438705444
956,132.31759643554688,10.698387145996094,215525.81033325195,9759.00782585144
957,91.68170166015625,10.770368576049805,215617.4920349121,9769.77819442749
958,97.508544921875,10.611907958984375,215715.00057983398,9780.390102386475
959,132.4438018798828,10.432435989379883,215847.44438171387,9790.822538375854
960,116.56719970703125,10.536943435668945,215964.0115814209,9801.359481811523
961,77.05607604980469,10.527100563049316,216041.0676574707,9811.886582374573
962,107.53204345703125,10.985617637634277,216148.59970092773,9822.872200012207
963,105.7033920288086,10.87001895904541,216254.30309295654,9833.742218971252
964,104.52548217773438,10.754233360290527,216358.82857513428,9844.496452331543
965,88.73887634277344,10.850491523742676,216447.56745147705,9855.346943855286
966,138.95169067382812,10.816102027893066,216586.51914215088,9866.163045883179
967,85.15963745117188,10.33241081237793,216671.67877960205,9876.495456695557
968,87.50163269042969,10.449718475341797,216759.18041229248,9886.945175170898
969,117.50682067871094,10.691936492919922,216876.6872329712,9897.637111663818
970,120.4440689086914,10.773452758789062,216997.13130187988,9908.410564422607
971,94.2865219116211,10.221797943115234,217091.4178237915,9918.632362365723
972,89.53825378417969,10.064773559570312,217180.95607757568,9928.697135925293
973,101.89627075195312,10.369831085205078,217282.85234832764,9939.066967010498
974,121.56010437011719,10.423786163330078,217404.41245269775,9949.490753173828
975,108.78257751464844,10.663206100463867,217513.1950302124,9960.153959274292
976,91.21798706054688,10.50887680053711,217604.41301727295,9970.66283607483
977,106.33045196533203,10.33307933807373,217710.74346923828,9980.995915412903
978,107.53611755371094,10.55327033996582,217818.279586792,9991.549185752869
979,135.7056121826172,10.773211479187012,217953.9851989746,10002.322397232056
980,122.31956481933594,10.356588363647461,218076.30476379395,10012.678985595703
981,171.56503295898438,11.269596099853516,218247.86979675293,10023.948581695557
982,115.75440979003906,10.446954727172852,218363.62420654297,10034.39553642273
983,53.711151123046875,10.122105598449707,218417.33535766602,10044.51764202118
984,116.31058502197266,10.741836547851562,218533.645942688,10055.25947856903
985,119.52937316894531,10.945618629455566,218653.17531585693,10066.205097198486
986,125.02693176269531,10.59597110748291,218778.20224761963,10076.80106830597
987,115.92396545410156,10.798035621643066,218894.12621307373,10087.599103927612
988,120.12312316894531,10.731294631958008,219014.24933624268,10098.33039855957
989,138.6383819580078,10.20717716217041,219152.88771820068,10108.53757572174
990,104.68411254882812,11.011618614196777,219257.5718307495,10119.549194335938
991,123.4452133178711,10.387446403503418,219381.01704406738,10129.936640739441
992,76.99485778808594,9.532309532165527,219458.01190185547,10139.468950271606
993,113.07223510742188,10.721419334411621,219571.0841369629,10150.190369606018
994,117.10867309570312,10.393742561340332,219688.1928100586,10160.584112167358
995,84.869140625,10.103988647460938,219773.0619506836,10170.68810081482
996,111.94989776611328,10.753976821899414,219885.0118484497,10181.442077636719
997,94.42323303222656,10.556922912597656,219979.43508148193,10191.999000549316
998,154.718505859375,10.599830627441406,220134.1535873413,10202.598831176758
999,132.52220153808594,10.722997665405273,220266.6757888794,10213.321828842163
1000,108.372314453125,10.737983703613281,220375.04810333252,10224.059812545776
1001,71.25682067871094,10.716959953308105,220446.30492401123,10234.776772499084
1002,133.03564453125,10.537179946899414,220579.34056854248,10245.313952445984
1003,108.76852416992188,10.294183731079102,220688.1090927124,10255.608136177063
1004,117.4091796875,10.547064781188965,220805.5182723999,10266.155200958252
1005,131.93136596679688,10.75647258758545,220937.4496383667,10276.911673545837
1006,130.7803955078125,10.967123985290527,221068.2300338745,10287.878797531128
1007,140.31991577148438,10.660317420959473,221208.549949646,10298.539114952087
1008,102.94805908203125,10.462662696838379,221311.49800872803,10309.001777648926
1009,121.05104064941406,10.413710594177246,221432.54904937744,10319.415488243103
1010,108.94174194335938,10.413446426391602,221541.4907913208,10329.828934669495
1011,104.99896240234375,10.771979331970215,221646.48975372314,10340.600914001465
1012,139.76068115234375,10.399601936340332,221786.2504348755,10351.000515937805
1013,111.9428482055664,10.665400505065918,221898.19328308105,10361.665916442871
1014,140.26608276367188,10.767215728759766,222038.45936584473,10372.43313217163
1015,125.62188720703125,10.495055198669434,222164.08125305176,10382.9281873703
1016,130.84866333007812,10.81209945678711,222294.92991638184,10393.740286827087
1017,136.79537963867188,10.754964828491211,222431.7252960205,10404.495251655579
1018,143.6669158935547,10.90919303894043,222575.39221191406,10415.404444694519
1019,109.24612426757812,10.631248474121094,222684.63833618164,10426.03569316864
1020,104.00370788574219,10.355490684509277,222788.64204406738,10436.39118385315
1021,95.90597534179688,10.515449523925781,222884.54801940918,10446.906633377075
1022,95.98640441894531,10.378463745117188,222980.53442382812,10457.285097122192
1023,80.41802978515625,10.360404968261719,223060.95245361328,10467.645502090454
1024,123.02339172363281,10.188947677612305,223183.9758453369,10477.834449768066
1025,132.49313354492188,10.759387016296387,223316.46897888184,10488.593836784363
1026,117.26167297363281,10.949463844299316,223433.73065185547,10499.543300628662
1027,114.26206970214844,10.627399444580078,223547.99272155762,10510.170700073242
1028,120.27327728271484,10.482398986816406,223668.26599884033,10520.653099060059
1029,87.01460266113281,10.079341888427734,223755.28060150146,10530.732440948486
1030,96.52311706542969,11.019837379455566,223851.8037185669,10541.752278327942
1031,114.57327270507812,10.875802993774414,223966.37699127197,10552.628081321716
1032,93.19393920898438,10.662174224853516,224059.57093048096,10563.29025554657
1033,106.33845520019531,10.659555435180664,224165.90938568115,10573.94981098175
1034,140.13720703125,10.305075645446777,224306.0465927124,10584.254886627197
1035,95.66282653808594,10.456544876098633,224401.7094192505,10594.711431503296
1036,106.03709411621094,10.540902137756348,224507.7465133667,10605.252333641052
1037,131.63162231445312,10.540925979614258,224639.37813568115,10615.793259620667
1038,123.80760192871094,10.644289016723633,224763.18573760986,10626.43754863739
1039,86.66825866699219,10.648859024047852,224849.85399627686,10637.086407661438
1040,120.58988952636719,10.085663795471191,224970.44388580322,10647.17207145691
1041,98.26077270507812,10.847126007080078,225068.7046585083,10658.01919746399
1042,140.72271728515625,11.167669296264648,225209.42737579346,10669.186866760254
1043,131.15818786621094,10.926979064941406,225340.58556365967,10680.113845825195
1044,101.1986312866211,10.88520336151123,225441.7841949463,10690.999049186707
1045,73.82220458984375,10.230024337768555,225515.60639953613,10701.229073524475
1046,100.68866729736328,10.691666603088379,225616.2950668335,10711.920740127563
1047,121.92042541503906,11.075464248657227,225738.21549224854,10722.99620437622
1048,139.21585083007812,10.677628517150879,225877.4313430786,10733.673832893372
1049,110.8138198852539,10.80240535736084,225988.24516296387,10744.476238250732
1050,107.12462615966797,10.684380531311035,226095.36978912354,10755.160618782043
1051,123.05175018310547,10.676559448242188,226218.42153930664,10765.837178230286
1052,114.45179748535156,10.702169418334961,226332.873336792,10776.53934764862
1053,108.8177490234375,10.584112167358398,226441.69108581543,10787.123459815979
1054,129.95762634277344,10.848821640014648,226571.6487121582,10797.972281455994
1055,82.42854309082031,10.49304485321045,226654.07725524902,10808.465326309204
1056,138.18914794921875,10.545219421386719,226792.26640319824,10819.01054573059
1057,109.40330505371094,10.90224552154541,226901.66970825195,10829.912791252136
1058,91.78495025634766,10.836995124816895,226993.4546585083,10840.749786376953
1059,124.19570922851562,10.939090728759766,227117.65036773682,10851.688877105713
1060,98.67278289794922,10.870016098022461,227216.32315063477,10862.558893203735
1061,120.5708236694336,10.647088050842285,227336.8939743042,10873.205981254578
1062,123.2236328125,10.68663501739502,227460.1176071167,10883.892616271973
1063,67.79913330078125,10.330862045288086,227527.91674041748,10894.22347831726
1064,98.9452896118164,10.896519660949707,227626.8620300293,10905.11999797821
1065,146.05917358398438,10.160005569458008,227772.92120361328,10915.280003547668
1066,95.63946533203125,10.521711349487305,227868.5606689453,10925.801714897156
1067,143.12295532226562,11.158167839050293,228011.68362426758,10936.959882736206
1068,70.3397216796875,10.564102172851562,228082.02334594727,10947.523984909058
1069,183.18017578125,11.154199600219727,228265.20352172852,10958.678184509277
1070,96.0514144897461,10.478110313415527,228361.25493621826,10969.156294822693
1071,96.39566040039062,10.30021858215332,228457.65059661865,10979.456513404846
1072,130.81381225585938,9.479330062866211,228588.4644088745,10988.935843467712
1073,122.2070541381836,10.621342658996582,228710.6714630127,10999.557186126709
1074,153.3070526123047,10.936184883117676,228863.978515625,11010.493371009827
1075,109.86349487304688,10.59349536895752,228973.84201049805,11021.086866378784
1076,101.70420837402344,10.805728912353516,229075.54621887207,11031.892595291138
1077,86.20557403564453,10.727457046508789,229161.75179290771,11042.620052337646
1078,83.5738754272461,11.0541410446167,229245.32566833496,11053.674193382263
1079,117.80189514160156,10.428942680358887,229363.12756347656,11064.103136062622
1080,78.29979705810547,10.659415245056152,229441.42736053467,11074.762551307678
1081,110.656494140625,10.940302848815918,229552.0838546753,11085.702854156494
1082,88.69284057617188,10.87807846069336,229640.77669525146,11096.580932617188
1083,119.78718566894531,10.937832832336426,229760.5638809204,11107.518765449524
1084,116.49476623535156,10.137447357177734,229877.05864715576,11117.656212806702
1085,97.82374572753906,10.768895149230957,229974.8823928833,11128.425107955933
1086,100.62763214111328,11.021590232849121,230075.5100250244,11139.446698188782
1087,89.59622192382812,10.547721862792969,230165.10624694824,11149.994420051575
1088,86.62965393066406,10.633795738220215,230251.7359008789,11160.628215789795
1089,125.92767333984375,10.579977035522461,230377.66357421875,11171.208192825317
1090,87.38439178466797,10.389603614807129,230465.04796600342,11181.597796440125
1091,114.70211791992188,10.448780059814453,230579.75008392334,11192.046576499939
1092,124.90333557128906,10.359280586242676,230704.65341949463,11202.405857086182
1093,108.92709350585938,10.693523406982422,230813.5805130005,11213.099380493164
1094,120.88035583496094,10.79002857208252,230934.46086883545,11223.889409065247
1095,94.06330108642578,10.646098136901855,231028.52416992188,11234.535507202148
1096,76.5164794921875,10.684395790100098,231105.04064941406,11245.219902992249
1097,118.68087768554688,11.044122695922852,231223.7215270996,11256.264025688171
1098,133.5857696533203,10.494142532348633,231357.30729675293,11266.75816822052
1099,85.94737243652344,10.627204895019531,231443.25466918945,11277.38537311554
1100,103.78648376464844,10.99521541595459,231547.0411529541,11288.380588531494
1101,107.0357666015625,10.63513469696045,231654.07691955566,11299.015723228455
1102,93.6026611328125,10.552072525024414,231747.67958068848,11309.567795753479
1103,91.65352630615234,10.63730525970459,231839.33310699463,11320.205101013184
1104,51.387290954589844,10.486276626586914,231890.72039794922,11330.69137763977
1105,130.8614959716797,10.515623092651367,232021.5818939209,11341.207000732422
1106,103.13034057617188,10.816999435424805,232124.71223449707,11352.024000167847
1107,106.62872314453125,10.845605850219727,232231.3409576416,11362.869606018066
1108,96.11114501953125,10.289539337158203,232327.45210266113,11373.159145355225
1109,86.73051452636719,11.063615798950195,232414.1826171875,11384.222761154175
1110,112.52566528320312,10.713336944580078,232526.7082824707,11394.936098098755
1111,92.77931213378906,10.64496898651123,232619.4875946045,11405.581067085266
1112,77.38532257080078,10.794055938720703,232696.8729171753,11416.375123023987
1113,135.57366943359375,11.118632316589355,232832.4465866089,11427.493755340576
1114,108.29786682128906,10.685587882995605,232940.74445343018,11438.179343223572
1115,109.76300811767578,10.672964096069336,233050.50746154785,11448.852307319641
1116,79.75636291503906,10.55638313293457,233130.2638244629,11459.408690452576
1117,114.34256744384766,11.083154678344727,233244.60639190674,11470.49184513092
1118,70.73182678222656,10.529539108276367,233315.33821868896,11481.021384239197
1119,124.37997436523438,11.093400001525879,233439.7181930542,11492.114784240723
1120,139.06637573242188,10.86711597442627,233578.78456878662,11502.981900215149
1121,106.99072265625,10.59242057800293,233685.77529144287,11513.574320793152
1122,77.34170532226562,10.906810760498047,233763.11699676514,11524.48113155365
1123,115.16213989257812,10.522831916809082,233878.27913665771,11535.003963470459
1124,59.117469787597656,10.512537002563477,233937.3966064453,11545.516500473022
1125,93.52825164794922,10.339349746704102,234030.92485809326,11555.855850219727
1126,92.26860046386719,11.087106704711914,234123.19345855713,11566.942956924438
1127,81.88200378417969,10.562338829040527,234205.0754623413,11577.505295753479
1128,99.33087158203125,10.936284065246582,234304.40633392334,11588.441579818726
1129,140.43145751953125,10.711575508117676,234444.83779144287,11599.153155326843
1130,94.35838317871094,10.440690040588379,234539.19617462158,11609.593845367432
1131,108.52108764648438,10.960247993469238,234647.71726226807,11620.5540933609
1132,113.59918212890625,10.642594337463379,234761.31644439697,11631.196687698364
1133,106.77915954589844,10.593053817749023,234868.09560394287,11641.789741516113
1134,98.3368911743164,10.732434272766113,234966.4324951172,11652.52217578888
1135,101.3941650390625,10.456717491149902,235067.82666015625,11662.97889328003
1136,102.46949768066406,11.169536590576172,235170.2961578369,11674.148429870605
1137,118.00688171386719,10.886926651000977,235288.30303955078,11685.035356521606
1138,120.85433197021484,10.832476615905762,235409.157371521,11695.867833137512
1139,118.35557556152344,10.672881126403809,235527.51294708252,11706.540714263916
1140,121.5387954711914,10.396482467651367,235649.0517425537,11716.937196731567
1141,101.50501251220703,10.71092700958252,235750.55675506592,11727.64812374115
1142,114.47992706298828,10.48306941986084,235865.0366821289,11738.13119316101
1143,72.99951171875,10.499263763427734,235938.03619384766,11748.630456924438
1144,109.58210754394531,10.912211418151855,236047.6183013916,11759.54266834259
1145,95.31983947753906,10.600208282470703,236142.93814086914,11770.142876625061
1146,107.20391082763672,10.229748725891113,236250.14205169678,11780.372625350952
1147,93.99588012695312,10.531416893005371,236344.13793182373,11790.904042243958
1148,104.5174560546875,10.790709495544434,236448.65538787842,11801.694751739502
1149,80.414794921875,10.507347106933594,236529.0701828003,11812.202098846436
1150,112.44503784179688,10.522186279296875,236641.5152206421,11822.724285125732
1151,96.97198486328125,10.650426864624023,236738.48720550537,11833.374711990356
1152,150.13221740722656,10.781014442443848,236888.6194229126,11844.1557264328
1153,112.46977233886719,10.704747200012207,237001.08919525146,11854.860473632812
1154,120.55553436279297,10.670604705810547,237121.64472961426,11865.531078338623
1155,88.57697296142578,10.171331405639648,237210.22170257568,11875.702409744263
1156,81.59086608886719,10.73902416229248,237291.81256866455,11886.441433906555
1157,128.29656982421875,11.173771858215332,237420.10913848877,11897.61520576477
1158,92.46340942382812,10.786576271057129,237512.5725479126,11908.401782035828
1159,134.38494873046875,10.756196975708008,237646.95749664307,11919.157979011536
1160,88.1279067993164,10.70577335357666,237735.08540344238,11929.863752365112
1161,118.51800537109375,10.6005220413208,237853.60340881348,11940.464274406433
1162,93.59933471679688,10.880473136901855,237947.20274353027,11951.344747543335
1163,130.85511779785156,10.879983901977539,238078.05786132812,11962.224731445312
1164,108.21186828613281,10.730664253234863,238186.26972961426,11972.955395698547
1165,89.15174865722656,10.941876411437988,238275.42147827148,11983.897272109985
1166,104.33161163330078,10.714064598083496,238379.75308990479,11994.611336708069
1167,144.7542724609375,10.760490417480469,238524.50736236572,12005.37182712555
1168,116.89982604980469,10.713715553283691,238641.40718841553,12016.085542678833
1169,87.11433410644531,10.478693008422852,238728.52152252197,12026.564235687256
1170,110.0136947631836,10.436788558959961,238838.53521728516,12037.001024246216
1171,128.86669921875,10.74515438079834,238967.4019165039,12047.746178627014
1172,95.13937377929688,10.599305152893066,239062.5412902832,12058.345483779907
1173,99.857666015625,10.772650718688965,239162.39895629883,12069.118134498596
1174,115.85406494140625,9.829249382019043,239278.25302124023,12078.947383880615
1175,111.5672607421875,10.796187400817871,239389.82028198242,12089.743571281433
1176,105.66526794433594,10.857504844665527,239495.48554992676,12100.601076126099
1177,138.99801635742188,10.97799015045166,239634.48356628418,12111.57906627655
1178,101.434814453125,10.546581268310547,239735.9183807373,12122.12564754486
1179,67.40556335449219,10.42884349822998,239803.3239440918,12132.55449104309
1180,89.26576232910156,10.389869689941406,239892.5897064209,12142.944360733032
1181,100.41398620605469,10.69243049621582,239993.00369262695,12153.636791229248
1182,97.49876403808594,10.41856575012207,240090.50245666504,12164.05535697937
1183,91.01448822021484,10.573384284973145,240181.51694488525,12174.628741264343
1184,110.53923034667969,11.005437850952148,240292.05617523193,12185.634179115295
1185,83.52691650390625,10.756606101989746,240375.58309173584,12196.390785217285
1186,95.49713897705078,10.460357666015625,240471.0802307129,12206.8511428833
1187,53.23770523071289,10.10567569732666,240524.3179359436,12216.956818580627
1188,103.1401596069336,10.56654167175293,240627.45809555054,12227.52336025238
1189,123.85282897949219,9.318510055541992,240751.31092453003,12236.841870307922
1190,77.73357391357422,10.916519165039062,240829.0444984436,12247.758389472961
1191,112.32925415039062,10.923203468322754,240941.373752594,12258.681592941284
1192,94.58511352539062,10.809446334838867,241035.95886611938,12269.491039276123
1193,97.90159606933594,10.830063819885254,241133.86046218872,12280.321103096008
1194,114.30368041992188,10.697427749633789,241248.16414260864,12291.018530845642
1195,90.95390319824219,10.942011833190918,241339.11804580688,12301.960542678833
1196,192.17001342773438,11.011405944824219,241531.28805923462,12312.971948623657
1197,96.85842895507812,10.802809715270996,241628.1464881897,12323.774758338928
1198,66.21931457519531,10.182665824890137,241694.3658027649,12333.957424163818
1199,98.79324340820312,10.468830108642578,241793.1590461731,12344.426254272461
1200,106.44927978515625,10.745960235595703,241899.60832595825,12355.172214508057
1201,138.78848266601562,10.7410249710083,242038.39680862427,12365.913239479065
1202,83.28304290771484,10.993881225585938,242121.67985153198,12376.90712070465
1203,92.73526763916016,10.509187698364258,242214.41511917114,12387.416308403015
1204,87.8025131225586,10.59876537322998,242302.2176322937,12398.015073776245
1205,88.34671783447266,10.439723014831543,242390.56435012817,12408.454796791077
1206,132.12347412109375,10.819690704345703,242522.68782424927,12419.274487495422
1207,96.20716094970703,10.639267921447754,242618.89498519897,12429.91375541687
1208,84.80174255371094,10.545266151428223,242703.6967277527,12440.459021568298
1209,89.04754638671875,10.277708053588867,242792.7442741394,12450.736729621887
1210,89.18126678466797,10.93797779083252,242881.92554092407,12461.67470741272
1211,90.94683837890625,10.720677375793457,242972.87237930298,12472.395384788513
1212,107.30342864990234,11.073799133300781,243080.17580795288,12483.469183921814
1213,108.83332824707031,10.288835525512695,243189.00913619995,12493.758019447327
1214,138.0662841796875,10.694040298461914,243327.07542037964,12504.452059745789
1215,84.84408569335938,10.557108879089355,243411.919506073,12515.009168624878
1216,118.87519836425781,10.689504623413086,243530.79470443726,12525.698673248291
1217,100.11896514892578,10.765042304992676,243630.91366958618,12536.463715553284
1218,121.08647918701172,10.681394577026367,243752.0001487732,12547.14511013031
1219,132.1953887939453,10.697213172912598,243884.19553756714,12557.842323303223
1220,106.28868103027344,11.13496208190918,243990.4842185974,12568.977285385132
1221,103.67236328125,10.674765586853027,244094.15658187866,12579.652050971985
1222,110.14891052246094,10.699385643005371,244204.30549240112,12590.35143661499
1223,117.85535430908203,10.847801208496094,244322.1608467102,12601.199237823486
1224,104.81338500976562,10.579678535461426,244426.97423171997,12611.778916358948
1225,154.92230224609375,10.674169540405273,244581.89653396606,12622.453085899353
1226,103.74928283691406,10.804808616638184,244685.64581680298,12633.257894515991
1227,75.76274871826172,10.505435943603516,244761.40856552124,12643.763330459595
1228,97.48542785644531,10.197226524353027,244858.8939933777,12653.960556983948
1229,127.00498962402344,10.725202560424805,244985.8989830017,12664.685759544373
1230,105.69658660888672,10.798189163208008,245091.5955696106,12675.48394870758
1231,110.5782241821289,11.272915840148926,245202.17379379272,12686.75686454773
1232,87.35405731201172,10.355839729309082,245289.52785110474,12697.112704277039
1233,122.4764175415039,10.638779640197754,245412.00426864624,12707.751483917236
1234,60.981388092041016,10.79720401763916,245472.98565673828,12718.548687934875
1235,97.29731750488281,10.832840919494629,245570.28297424316,12729.38152885437
1236,91.06983184814453,10.889310836791992,245661.3528060913,12740.270839691162
1237,87.45284271240234,10.42320442199707,245748.8056488037,12750.69404411316
1238,91.27595520019531,10.835471153259277,245840.0816040039,12761.529515266418
1239,104.51351928710938,10.25583267211914,245944.59512329102,12771.785347938538
1240,86.6203842163086,10.625652313232422,246031.21550750732,12782.41100025177
1241,59.536224365234375,10.658797264099121,246090.75173187256,12793.06979751587
1242,99.56494903564453,10.879217147827148,246190.3166809082,12803.949014663696
1243,89.77549743652344,10.801383972167969,246280.09217834473,12814.750398635864
1244,112.69739532470703,10.51356029510498,246392.78957366943,12825.26395893097
1245,66.18577575683594,10.704713821411133,246458.97534942627,12835.96867275238
1246,82.51991271972656,10.844280242919922,246541.495262146,12846.8129529953
1247,107.85851287841797,10.903655052185059,246649.3537750244,12857.716608047485
1248,95.0783462524414,10.682579040527344,246744.43212127686,12868.399187088013
1249,90.97954559326172,10.276440620422363,246835.41166687012,12878.675627708435
1250,93.62491607666016,10.57407283782959,246929.03658294678,12889.249700546265
1251,97.44694519042969,10.968076705932617,247026.4835281372,12900.217777252197
1252,104.02100372314453,10.86856746673584,247130.50453186035,12911.086344718933
1253,96.5082015991211,10.483171463012695,247227.01273345947,12921.569516181946
1254,68.98173522949219,10.665266990661621,247295.99446868896,12932.234783172607
1255,68.64842224121094,11.008990287780762,247364.64289093018,12943.243773460388
1256,81.55318450927734,10.406363487243652,247446.19607543945,12953.650136947632
1257,110.36407470703125,10.879145622253418,247556.56015014648,12964.529282569885
1258,86.04759216308594,10.546090126037598,247642.60774230957,12975.075372695923
1259,72.76551055908203,10.247234344482422,247715.37325286865,12985.322607040405
1260,103.58161926269531,10.736318588256836,247818.95487213135,12996.058925628662
1261,73.55343627929688,9.922715187072754,247892.50830841064,13005.981640815735
1262,152.07525634765625,10.248621940612793,248044.5835647583,13016.230262756348
1263,133.6587371826172,10.782098770141602,248178.24230194092,13027.01236152649
1264,81.06076049804688,10.655105590820312,248259.30306243896,13037.66746711731
1265,161.51795959472656,10.754659652709961,248420.8210220337,13048.42212677002
1266,76.8499755859375,10.625919342041016,248497.67099761963,13059.04804611206
1267,96.89239501953125,10.951065063476562,248594.56339263916,13069.999111175537
1268,130.55703735351562,10.875945091247559,248725.12042999268,13080.875056266785
1269,120.68258666992188,10.566428184509277,248845.8030166626,13091.441484451294
1270,102.99517059326172,10.486001968383789,248948.79818725586,13101.927486419678
1271,74.14501953125,10.5689115524292,249022.9432067871,13112.496397972107
1272,99.51249694824219,10.694869041442871,249122.45570373535,13123.19126701355
1273,97.36799621582031,10.842288970947266,249219.82369995117,13134.033555984497
1274,100.15772247314453,10.59323787689209,249319.98142242432,13144.62679386139
1275,99.89218139648438,11.014303207397461,249419.8736038208,13155.641097068787
1276,99.3040771484375,10.839215278625488,249519.17768096924,13166.480312347412
1277,96.77885437011719,10.46875286102295,249615.95653533936,13176.949065208435
1278,128.9165496826172,10.949763298034668,249744.87308502197,13187.89882850647
1279,78.38253784179688,10.071706771850586,249823.25562286377,13197.97053527832
1280,91.21892547607422,10.771032333374023,249914.47454833984,13208.741567611694
1281,104.21271514892578,10.626429557800293,250018.68726348877,13219.367997169495
1282,106.49125671386719,10.921494483947754,250125.17852020264,13230.289491653442
1283,112.04412841796875,10.937644004821777,250237.2226486206,13241.227135658264
1284,93.69821166992188,10.818635940551758,250330.92086029053,13252.045771598816
1285,102.74520874023438,10.603154182434082,250433.66606903076,13262.64892578125
1286,73.44869995117188,10.905461311340332,250507.11476898193,13273.55438709259
1287,131.364501953125,10.994208335876465,250638.47927093506,13284.548595428467
1288,115.44573974609375,10.7489013671875,250753.92501068115,13295.297496795654
1289,107.47966003417969,10.72046184539795,250861.40467071533,13306.017958641052
1290,101.90530395507812,9.673052787780762,250963.3099746704,13315.691011428833
1291,74.65547180175781,10.463286399841309,251037.96544647217,13326.154297828674
1292,81.78117370605469,10.513370513916016,251119.74662017822,13336.66766834259
1293,90.13964080810547,10.395209312438965,251209.88626098633,13347.06287765503
1294,97.89276123046875,10.803793907165527,251307.7790222168,13357.866671562195
1295,94.59054565429688,10.666767120361328,251402.3695678711,13368.533438682556
1296,84.02751159667969,10.667091369628906,251486.39707946777,13379.200530052185
1297,100.23419189453125,11.24020004272461,251586.6312713623,13390.44073009491
1298,58.316001892089844,10.4527587890625,251644.9472732544,13400.893488883972
1299,104.57943725585938,10.734284400939941,251749.52671051025,13411.627773284912
1300,110.62921905517578,10.998873710632324,251860.15592956543,13422.626646995544
1301,114.43440246582031,11.142991065979004,251974.59033203125,13433.769638061523
1302,88.90196990966797,10.712725639343262,252063.49230194092,13444.482363700867
1303,93.99273681640625,11.049744606018066,252157.48503875732,13455.532108306885
1304,99.2085189819336,10.872871398925781,252256.69355773926,13466.40497970581
1305,89.43138122558594,10.684630393981934,252346.12493896484,13477.089610099792
1306,83.51262664794922,10.486649513244629,252429.6375656128,13487.576259613037
1307,126.85952758789062,10.994060516357422,252556.49709320068,13498.570320129395
1308,94.15412902832031,10.510828971862793,252650.651222229,13509.081149101257
1309,81.17047119140625,10.908818244934082,252731.8216934204,13519.989967346191
1310,108.79039764404297,10.9114990234375,252840.61209106445,13530.901466369629
1311,110.15995788574219,10.703723907470703,252950.7720489502,13541.6051902771
1312,86.44146728515625,10.503860473632812,253037.21351623535,13552.109050750732
1313,79.19584655761719,10.675141334533691,253116.40936279297,13562.784192085266
1314,83.9404296875,10.739251136779785,253200.34979248047,13573.523443222046
1315,114.07810974121094,10.710433959960938,253314.42790222168,13584.233877182007
1316,86.99240112304688,10.594670295715332,253401.42030334473,13594.828547477722
1317,80.54014587402344,10.487409591674805,253481.96044921875,13605.315957069397
1318,78.09679412841797,10.64539623260498,253560.05724334717,13615.961353302002
1319,89.50161743164062,10.872239112854004,253649.5588607788,13626.833592414856
1320,95.88510131835938,10.721274375915527,253745.44396209717,13637.554866790771
1321,96.45521545410156,10.813390731811523,253841.89917755127,13648.368257522583
1322,66.42283630371094,10.552383422851562,253908.32201385498,13658.920640945435
1323,88.30028533935547,10.701949119567871,253996.62229919434,13669.622590065002
1324,86.59774780273438,10.810162544250488,254083.22004699707,13680.432752609253
1325,78.55389404296875,10.667285919189453,254161.77394104004,13691.100038528442
1326,109.23552703857422,10.67304801940918,254271.0094680786,13701.773086547852
1327,111.25714111328125,10.937525749206543,254382.2666091919,13712.710612297058
1328,115.00422668457031,10.717120170593262,254497.27083587646,13723.427732467651
1329,120.50811004638672,10.757295608520508,254617.77894592285,13734.185028076172
1330,87.62334442138672,10.56531810760498,254705.40229034424,13744.750346183777
1331,104.28545379638672,10.35568904876709,254809.68774414062,13755.106035232544
1332,102.58431243896484,10.619824409484863,254912.2720565796,13765.725859642029
1333,105.76907348632812,10.964229583740234,255018.04113006592,13776.690089225769
1334,83.23046112060547,10.473221778869629,255101.27159118652,13787.163311004639
1335,115.58645629882812,10.050564765930176,255216.85804748535,13797.213875770569
1336,72.01348876953125,10.729207992553711,255288.87153625488,13807.943083763123
1337,99.61711120605469,11.385078430175781,255388.48864746094,13819.328162193298
1338,85.46005249023438,10.87999439239502,255473.94869995117,13830.208156585693
1339,104.59454345703125,10.825319290161133,255578.5432434082,13841.033475875854
1340,94.9778823852539,10.450604438781738,255673.52112579346,13851.484080314636
1341,93.18702697753906,10.425813674926758,255766.708152771,13861.909893989563
1342,86.65187072753906,10.692699432373047,255853.36002349854,13872.602593421936
1343,70.76780700683594,10.24589729309082,255924.12783050537,13882.848490715027
1344,99.787109375,11.027366638183594,256023.91493988037,13893.87585735321
1345,112.92298889160156,10.206066131591797,256136.83792877197,13904.081923484802
1346,90.53227996826172,10.657864570617676,256227.37020874023,13914.73978805542
1347,87.62706756591797,10.707924842834473,256314.99727630615,13925.447712898254
1348,60.49832534790039,10.438179016113281,256375.49560165405,13935.885891914368
1349,71.31320190429688,10.530076026916504,256446.80880355835,13946.415967941284
1350,86.54988098144531,10.854731559753418,256533.3586845398,13957.270699501038
1351,75.9337158203125,10.765382766723633,256609.2924003601,13968.036082267761
1352,103.57876586914062,10.58825969696045,256712.87116622925,13978.624341964722
1353,90.81440734863281,11.072891235351562,256803.68557357788,13989.697233200073
1354,102.50727081298828,10.860750198364258,256906.19284439087,14000.557983398438
1355,101.41963195800781,10.55797004699707,257007.61247634888,14011.115953445435
1356,106.98707580566406,10.686687469482422,257114.59955215454,14021.802640914917
1357,95.65363311767578,11.33322811126709,257210.25318527222,14033.135869026184
1358,65.46725463867188,10.587021827697754,257275.7204399109,14043.722890853882
1359,152.18280029296875,11.125445365905762,257427.90324020386,14054.848336219788
1360,85.93922424316406,10.524675369262695,257513.84246444702,14065.37301158905
1361,94.58141326904297,10.46231460571289,257608.42387771606,14075.835326194763
1362,112.1708984375,10.730485916137695,257720.59477615356,14086.5658121109
1363,85.02491760253906,10.942838668823242,257805.6196937561,14097.508650779724
1364,124.24443054199219,10.894649505615234,257929.8641242981,14108.40330028534
1365,116.29849243164062,10.877610206604004,258046.16261672974,14119.280910491943
1366,106.07829284667969,10.786897659301758,258152.24090957642,14130.067808151245
1367,120.29291534423828,11.261160850524902,258272.53382492065,14141.32896900177
1368,79.32791137695312,10.907419204711914,258351.8617362976,14152.236388206482
1369,119.86105346679688,10.21639347076416,258471.7227897644,14162.452781677246
1370,94.09569549560547,10.89453411102295,258565.81848526,14173.347315788269
1371,118.51513671875,10.899806022644043,258684.33362197876,14184.247121810913
1372,108.80125427246094,10.53037166595459,258793.13487625122,14194.777493476868
1373,138.5965576171875,10.996198654174805,258931.7314338684,14205.773692131042
1374,73.55023956298828,10.627971649169922,259005.2816734314,14216.401663780212
1375,83.65338134765625,10.762053489685059,259088.93505477905,14227.163717269897
1376,113.61404418945312,10.712363243103027,259202.5490989685,14237.876080513
1377,97.05826568603516,10.3974027633667,259299.60736465454,14248.273483276367
1378,69.73106384277344,10.565648078918457,259369.3384284973,14258.839131355286
1379,87.90399169921875,10.503872871398926,259457.24242019653,14269.343004226685
1380,51.42112350463867,10.409296989440918,259508.66354370117,14279.752301216125
1381,108.10518646240234,10.860422134399414,259616.76873016357,14290.612723350525
1382,94.90542602539062,10.522608757019043,259711.67415618896,14301.135332107544
1383,89.94233703613281,10.601943016052246,259801.6164932251,14311.737275123596
1384,113.17771911621094,10.566393852233887,259914.7942123413,14322.30366897583
1385,96.58329010009766,10.776860237121582,260011.3775024414,14333.080529212952
1386,85.0536880493164,9.89062213897705,260096.43119049072,14342.971151351929
1387,135.97299194335938,10.878375053405762,260232.40418243408,14353.849526405334
1388,96.12049865722656,10.94376277923584,260328.5246810913,14364.79328918457
1389,106.25778198242188,10.95661735534668,260434.78246307373,14375.749906539917
1390,117.7024154663086,10.697647094726562,260552.48487854004,14386.447553634644
1391,105.92483520507812,11.094440460205078,260658.40971374512,14397.541994094849
1392,96.79057312011719,10.615681648254395,260755.20028686523,14408.157675743103
1393,116.29549407958984,10.403919219970703,260871.49578094482,14418.561594963074
1394,89.28308868408203,10.688950538635254,260960.7788696289,14429.250545501709
1395,85.52336120605469,10.731653213500977,261046.30223083496,14439.98219871521
1396,116.31343841552734,10.70700454711914,261162.6156692505,14450.68920326233
1397,103.01127624511719,11.199658393859863,261265.6269454956,14461.888861656189
1398,111.7848892211914,10.546293258666992,261377.4118347168,14472.435154914856
1399,94.3851318359375,10.650500297546387,261471.79696655273,14483.085655212402
1400,73.29452514648438,10.841608047485352,261545.09149169922,14493.927263259888
1401,97.17137145996094,10.23518180847168,261642.26286315918,14504.16244506836
1402,53.772857666015625,11.040181159973145,261696.0357208252,14515.202626228333
1403,98.76652526855469,10.756823539733887,261794.80224609375,14525.959449768066
1404,97.37079620361328,10.73544979095459,261892.17304229736,14536.694899559021
1405,78.1729507446289,10.322141647338867,261970.345993042,14547.01704120636
1406,91.44969940185547,10.619729042053223,262061.79569244385,14557.636770248413
1407,111.18799591064453,10.534961700439453,262172.9836883545,14568.171731948853
1408,83.67326354980469,10.465483665466309,262256.6569519043,14578.637215614319
1409,93.84062194824219,10.736651420593262,262350.49757385254,14589.373867034912
1410,90.53743743896484,10.888969421386719,262441.0350112915,14600.262836456299
1411,95.40404510498047,11.323854446411133,262536.4390563965,14611.58669090271
1412,67.1685562133789,10.834648132324219,262603.60761260986,14622.421339035034
1413,86.73674011230469,10.637457847595215,262690.34435272217,14633.05879688263
1414,93.9719467163086,10.705787658691406,262784.3162994385,14643.76458454132
1415,87.16749572753906,10.17621898651123,262871.483795166,14653.940803527832
1416,89.34626770019531,10.816788673400879,262960.8300628662,14664.757592201233
1417,64.87515258789062,10.571264266967773,263025.7052154541,14675.3288564682
1418,84.52206420898438,10.717068672180176,263110.2272796631,14686.04592514038
1419,66.52009582519531,10.281475067138672,263176.7473754883,14696.32740020752
1420,91.87979888916016,10.591099739074707,263268.62717437744,14706.918499946594
1421,81.76325988769531,10.841008186340332,263350.39043426514,14717.759508132935
1422,70.73724365234375,10.683398246765137,263421.1276779175,14728.4429063797
1423,104.08485412597656,10.851405143737793,263525.21253204346,14739.294311523438
1424,86.18572998046875,10.817488670349121,263611.3982620239,14750.111800193787
1425,75.88864135742188,11.19294261932373,263687.28690338135,14761.30474281311
1426,64.06587219238281,9.351570129394531,263751.35277557373,14770.656312942505
1427,65.84142303466797,10.646753311157227,263817.1941986084,14781.303066253662
1428,132.35214233398438,11.255001068115234,263949.5463409424,14792.558067321777
1429,106.34870147705078,10.875732421875,264055.89504241943,14803.433799743652
1430,73.44136047363281,10.089799880981445,264129.33640289307,14813.523599624634
1431,72.83128356933594,10.197978973388672,264202.1676864624,14823.721578598022
1432,105.89317321777344,10.835099220275879,264308.0608596802,14834.556677818298
1433,62.355342864990234,10.782971382141113,264370.41620254517,14845.33964920044
1434,81.86355590820312,11.084836959838867,264452.27975845337,14856.424486160278
1435,78.05509948730469,10.576741218566895,264530.3348579407,14867.001227378845
1436,67.09040832519531,10.694106101989746,264597.42526626587,14877.695333480835
1437,76.07756042480469,10.831127166748047,264673.5028266907,14888.526460647583
1438,74.56866455078125,11.150504112243652,264748.07149124146,14899.676964759827
1439,102.89874267578125,10.977825164794922,264850.97023391724,14910.654789924622
1440,79.37722778320312,10.577530860900879,264930.34746170044,14921.232320785522
1441,113.47471618652344,10.921630859375,265043.82217788696,14932.153951644897
1442,99.76168823242188,11.378044128417969,265143.5838661194,14943.531995773315
1443,101.07547760009766,11.257184028625488,265244.6593437195,14954.789179801941
1444,94.18597412109375,10.576162338256836,265338.8453178406,14965.365342140198
1445,102.79676818847656,10.704893112182617,265441.64208602905,14976.07023525238
1446,78.97474670410156,10.415349960327148,265520.61683273315,14986.485585212708
1447,94.73810577392578,10.758840560913086,265615.3549385071,14997.24442577362
1448,95.99765014648438,10.813180923461914,265711.35258865356,15008.057606697083
1449,86.60961151123047,10.718771934509277,265797.9622001648,15018.776378631592
1450,73.29033660888672,10.426518440246582,265871.2525367737,15029.202897071838
1451,77.80086517333984,10.499650001525879,265949.053401947,15039.702547073364
1452,87.48187255859375,10.711735725402832,266036.5352745056,15050.414282798767
1453,89.814453125,10.517102241516113,266126.3497276306,15060.931385040283
1454,108.56295776367188,10.606040954589844,266234.9126853943,15071.537425994873
1455,106.19525146484375,10.815537452697754,266341.10793685913,15082.35296344757
1456,56.862525939941406,10.650142669677734,266397.9704627991,15093.003106117249
1457,94.30957794189453,10.82710075378418,266492.28004074097,15103.830206871033
1458,73.85948944091797,11.003012657165527,266566.1395301819,15114.833219528198
1459,92.46580505371094,10.617981910705566,266658.6053352356,15125.451201438904
1460,67.94415283203125,10.498486518859863,266726.5494880676,15135.949687957764
1461,70.01606750488281,10.480070114135742,266796.5655555725,15146.4297580719
1462,111.25811004638672,10.534255981445312,266907.8236656189,15156.964014053345
1463,82.26908874511719,11.058328628540039,266990.092754364,15168.022342681885
1464,102.4933090209961,10.364575386047363,267092.586063385,15178.386918067932
1465,78.564208984375,10.765040397644043,267171.1502723694,15189.151958465576
1466,100.18380737304688,10.71487808227539,267271.33407974243,15199.866836547852
1467,116.60899353027344,10.619791030883789,267387.9430732727,15210.486627578735
1468,93.97225952148438,10.903061866760254,267481.9153327942,15221.389689445496
1469,58.78151321411133,10.733951568603516,267540.6968460083,15232.1236410141
1470,92.93814849853516,10.888195991516113,267633.63499450684,15243.011837005615
1471,117.64697265625,11.060391426086426,267751.2819671631,15254.072228431702
1472,90.030029296875,10.884692192077637,267841.31199645996,15264.95692062378
1473,69.95692443847656,10.399982452392578,267911.26892089844,15275.356903076172
1474,72.9710464477539,11.094228744506836,267984.2399673462,15286.451131820679
1475,75.9668960571289,10.656747817993164,268060.2068634033,15297.107879638672
1476,133.94818115234375,10.126668930053711,268194.15504455566,15307.234548568726
1477,89.35408020019531,10.760129928588867,268283.50912475586,15317.994678497314
1478,73.45843505859375,10.495050430297852,268356.96755981445,15328.489728927612
1479,91.39924621582031,10.365220069885254,268448.3668060303,15338.854948997498
1480,76.95021057128906,11.023688316345215,268525.31701660156,15349.878637313843
1481,87.16847229003906,10.28711986541748,268612.4854888916,15360.16575717926
1482,100.30079650878906,10.731008529663086,268712.7862854004,15370.896765708923
1483,87.16279602050781,11.029792785644531,268799.9490814209,15381.926558494568
1484,72.9756851196289,10.616608619689941,268872.9247665405,15392.543167114258
1485,80.84922790527344,10.850625991821289,268953.7739944458,15403.39379310608
1486,81.30155944824219,10.327247619628906,269035.07555389404,15413.721040725708
1487,70.58194732666016,10.724586486816406,269105.6575012207,15424.445627212524
1488,75.14324188232422,10.433201789855957,269180.800743103,15434.87882900238
1489,71.26054382324219,10.472086906433105,269252.06128692627,15445.350915908813
1490,107.03448486328125,10.76536750793457,269359.09577178955,15456.116283416748
1491,103.10787963867188,10.70312786102295,269462.2036514282,15466.819411277771
1492,71.7628173828125,10.795707702636719,269533.96646881104,15477.615118980408
1493,66.9489974975586,11.01547622680664,269600.9154663086,15488.630595207214
1494,92.92613220214844,10.979663848876953,269693.84159851074,15499.610259056091
1495,125.88230895996094,10.578167915344238,269819.7239074707,15510.188426971436
1496,92.00550842285156,10.84694766998291,269911.72941589355,15521.035374641418
1497,76.67935180664062,11.110452651977539,269988.4087677002,15532.145827293396
1498,99.14677429199219,10.778748512268066,270087.5555419922,15542.924575805664
1499,120.08592224121094,11.137964248657227,270207.6414642334,15554.062540054321
1500,59.13572311401367,10.603487968444824,270266.7771873474,15564.666028022766
1501,97.38420104980469,10.586345672607422,270364.1613883972,15575.252373695374
1502,89.85487365722656,10.845330238342285,270454.01626205444,15586.097703933716
1503,99.15721130371094,10.626898765563965,270553.17347335815,15596.72460269928
1504,58.4156494140625,10.637459754943848,270611.5891227722,15607.362062454224
1505,84.4222183227539,10.652681350708008,270696.01134109497,15618.014743804932
1506,100.07955169677734,10.509769439697266,270796.09089279175,15628.524513244629
1507,102.55406188964844,10.831596374511719,270898.6449546814,15639.35610961914
1508,79.871826171875,10.7579345703125,270978.5167808533,15650.114044189453
1509,96.62022399902344,10.824084281921387,271075.1370048523,15660.938128471375
1510,95.76896667480469,10.480984687805176,271170.9059715271,15671.41911315918
1511,84.09074401855469,10.825241088867188,271254.99671554565,15682.244354248047
1512,95.81913757324219,10.48901653289795,271350.8158531189,15692.733370780945
1513,85.7352523803711,11.185067176818848,271436.55110549927,15703.918437957764
1514,62.058753967285156,10.444169044494629,271498.60985946655,15714.362607002258
1515,73.89566040039062,10.670951843261719,271572.50551986694,15725.03355884552
1516,86.93254089355469,10.918896675109863,271659.4380607605,15735.95245552063
1517,74.9267578125,10.267765045166016,271734.364818573,15746.220220565796
1518,57.05694580078125,10.56247615814209,271791.4217643738,15756.782696723938
1519,53.75341033935547,11.242615699768066,271845.17517471313,15768.025312423706
1520,82.25338745117188,10.909597396850586,271927.4285621643,15778.934909820557
1521,119.36659240722656,10.72475814819336,272046.79515457153,15789.65966796875
1522,104.44651794433594,10.582098007202148,272151.24167251587,15800.241765975952
1523,105.47869873046875,11.070287704467773,272256.72037124634,15811.31205368042
1524,95.50778198242188,10.473061561584473,272352.22815322876,15821.785115242004
1525,55.18913650512695,10.676312446594238,272407.4172897339,15832.461427688599
1526,103.38812255859375,11.236379623413086,272510.8054122925,15843.697807312012
1527,69.95056915283203,10.993317604064941,272580.7559814453,15854.691124916077
1528,102.56474304199219,10.793984413146973,272683.3207244873,15865.485109329224
1529,82.74300384521484,10.780543327331543,272766.0637283325,15876.265652656555
1530,102.93795776367188,11.199564933776855,272869.0016860962,15887.465217590332
1531,86.97745513916016,10.904982566833496,272955.97914123535,15898.370200157166
1532,63.07850646972656,10.692659378051758,273019.0576477051,15909.062859535217
1533,84.35698699951172,10.567411422729492,273103.4146347046,15919.630270957947
1534,52.869773864746094,10.767135620117188,273156.28440856934,15930.397406578064
1535,106.63511657714844,10.648292541503906,273262.9195251465,15941.045699119568
1536,87.50425720214844,10.673110008239746,273350.42378234863,15951.718809127808
1537,89.62223052978516,10.441204071044922,273440.0460128784,15962.160013198853
1538,75.51631927490234,10.786332130432129,273515.5623321533,15972.946345329285
1539,78.08599853515625,10.608391761779785,273593.6483306885,15983.554737091064
1540,86.47982025146484,10.705168724060059,273680.12815093994,15994.259905815125
1541,72.25810241699219,10.79836654663086,273752.38625335693,16005.058272361755
1542,77.02510070800781,10.527018547058105,273829.41135406494,16015.585290908813
1543,98.25498962402344,10.684117317199707,273927.66634368896,16026.269408226013
1544,103.8912353515625,10.779338836669922,274031.5575790405,16037.048747062683
1545,90.9013671875,10.797124862670898,274122.458946228,16047.845871925354
1546,94.36351013183594,10.351794242858887,274216.82245635986,16058.197666168213
1547,91.21275329589844,10.48081111907959,274308.03520965576,16068.678477287292
1548,82.54812622070312,10.70398235321045,274390.58333587646,16079.382459640503
1549,91.33366394042969,10.449746131896973,274481.9169998169,16089.8322057724
1550,104.8547134399414,11.031054496765137,274586.77171325684,16100.863260269165
1551,98.67698669433594,10.77535343170166,274685.4486999512,16111.638613700867
1552,96.26707458496094,10.703984260559082,274781.71577453613,16122.342597961426
1553,122.08547973632812,11.13892936706543,274903.80125427246,16133.481527328491
1554,75.15416717529297,10.814494132995605,274978.95542144775,16144.296021461487
1555,109.95059967041016,10.995019912719727,275088.90602111816,16155.291041374207
1556,79.39958953857422,10.410505294799805,275168.30561065674,16165.701546669006
1557,71.66716766357422,10.326925277709961,275239.9727783203,16176.028471946716
1558,52.83263397216797,10.610346794128418,275292.8054122925,16186.638818740845
1559,86.59046936035156,10.60263442993164,275379.39588165283,16197.241453170776
1560,129.38311767578125,10.78561782836914,275508.7789993286,16208.027070999146
1561,98.1543960571289,10.792285919189453,275606.93339538574,16218.819356918335
1562,90.27710723876953,11.034211158752441,275697.2105026245,16229.853568077087
1563,73.14405822753906,10.982937812805176,275770.35456085205,16240.836505889893
1564,53.304481506347656,10.961244583129883,275823.6590423584,16251.797750473022
1565,94.5644302368164,10.988581657409668,275918.2234725952,16262.786332130432
1566,81.0582046508789,10.431296348571777,275999.2816772461,16273.217628479004
1567,81.43363952636719,10.676172256469727,276080.71531677246,16283.893800735474
1568,101.78382873535156,10.799873352050781,276182.4991455078,16294.693674087524
1569,80.20803833007812,10.837355613708496,276262.7071838379,16305.531029701233
1570,57.80332946777344,10.611875534057617,276320.51051330566,16316.14290523529
1571,86.81859588623047,10.437803268432617,276407.3291091919,16326.580708503723
1572,78.61993408203125,10.877077102661133,276485.9490432739,16337.457785606384
1573,83.66095733642578,11.16927719116211,276569.61000061035,16348.627062797546
1574,104.59614562988281,10.829863548278809,276674.20614624023,16359.456926345825
1575,76.08834838867188,10.26261043548584,276750.2944946289,16369.719536781311
1576,88.81217956542969,9.775981903076172,276839.10667419434,16379.495518684387
1577,87.78099060058594,10.905232429504395,276926.8876647949,16390.40075111389
1578,88.29255676269531,10.635741233825684,277015.1802215576,16401.036492347717
1579,65.99087524414062,10.30319595336914,277081.17109680176,16411.339688301086
1580,96.52996063232422,10.451725006103516,277177.7010574341,16421.79141330719
1581,89.81531524658203,10.62545394897461,277267.51637268066,16432.416867256165
1582,90.27605438232422,10.202336311340332,277357.792427063,16442.619203567505
1583,67.09037780761719,10.543701171875,277424.8828048706,16453.16290473938
1584,107.80313110351562,11.311058044433594,277532.6859359741,16464.473962783813
1585,103.38604736328125,10.967965126037598,277636.0719833374,16475.44192790985
1586,79.52619171142578,11.008465766906738,277715.5981750488,16486.450393676758
1587,88.34681701660156,10.731099128723145,277803.94499206543,16497.18149280548
1588,84.26429748535156,10.599231719970703,277888.2092895508,16507.78072452545
1589,97.93254089355469,10.858558654785156,277986.14183044434,16518.639283180237
1590,53.354034423828125,10.601608276367188,278039.49586486816,16529.240891456604
1591,67.27125549316406,10.793691635131836,278106.7671203613,16540.034583091736
1592,70.57542419433594,10.729304313659668,278177.34254455566,16550.763887405396
1593,70.26278686523438,10.512109756469727,278247.6053314209,16561.275997161865
1594,94.43174743652344,11.279598236083984,278342.0370788574,16572.55559539795
1595,112.00534057617188,10.767072677612305,278454.0424194336,16583.32266807556
1596,65.86390686035156,10.665704727172852,278519.90632629395,16593.988372802734
1597,95.47331237792969,10.529715538024902,278615.3796386719,16604.51808834076
1598,86.74437713623047,10.782283782958984,278702.1240158081,16615.30037212372
1599,85.9250259399414,10.723905563354492,278788.04904174805,16626.024277687073
1600,69.75968933105469,10.630955696105957,278857.8087310791,16636.65523338318
1601,75.28634643554688,10.059423446655273,278933.09507751465,16646.714656829834
1602,84.79972839355469,10.790172576904297,279017.8948059082,16657.50482940674
1603,84.09965515136719,10.448779106140137,279101.99446105957,16667.95360851288
1604,60.33220672607422,10.738762855529785,279162.32666778564,16678.69237136841
1605,95.37725067138672,10.53359603881836,279257.70391845703,16689.225967407227
1606,46.808349609375,10.555072784423828,279304.5122680664,16699.78104019165
1607,131.63771057128906,10.365232467651367,279436.1499786377,16710.1462726593
1608,87.67872619628906,10.958842277526855,279523.828704834,16721.10511493683
1609,59.375091552734375,10.496182441711426,279583.2037963867,16731.60129737854
1610,96.39263916015625,10.934479713439941,279679.5964355469,16742.53577709198
1611,70.46790313720703,10.912079811096191,279750.0643386841,16753.447856903076
1612,91.57630920410156,10.414739608764648,279841.6406478882,16763.86259651184
1613,92.63102722167969,10.70205020904541,279934.27167510986,16774.564646720886
1614,113.9720230102539,10.886665344238281,280048.2436981201,16785.451312065125
1615,68.95801544189453,10.47082233428955,280117.201713562,16795.922134399414
1616,47.30316925048828,10.92416000366211,280164.5048828125,16806.846294403076
1617,84.28640747070312,10.821266174316406,280248.7912902832,16817.667560577393
1618,99.32813262939453,11.00232219696045,280348.1194229126,16828.669882774353
1619,108.03707885742188,10.78914737701416,280456.15650177,16839.459030151367
1620,84.80584716796875,10.607420921325684,280540.962348938,16850.066451072693
1621,81.25196838378906,10.734310150146484,280622.2143173218,16860.80076122284
1622,74.6612548828125,10.778870582580566,280696.8755722046,16871.57963180542
1623,82.72444152832031,11.099015235900879,280779.6000137329,16882.67864704132
1624,83.98941040039062,10.734722137451172,280863.5894241333,16893.413369178772
1625,74.59654998779297,11.051636695861816,280938.1859741211,16904.465005874634
1626,82.99614715576172,10.565537452697754,281021.18212127686,16915.03054332733
1627,97.79671478271484,11.056551933288574,281118.97883605957,16926.08709526062
1628,102.26554107666016,10.866393089294434,281221.24437713623,16936.953488349915
1629,77.72852325439453,10.792961120605469,281298.9729003906,16947.74644947052
1630,86.0782470703125,11.046462059020996,281385.05114746094,16958.79291152954
1631,90.90151977539062,10.603672981262207,281475.9526672363,16969.396584510803
1632,58.53374099731445,10.79680061340332,281534.48640823364,16980.193385124207
1633,77.98271179199219,10.50853157043457,281612.46912002563,16990.70191669464
1634,59.454200744628906,10.553397178649902,281671.92332077026,17001.25531387329
1635,73.12394714355469,10.324399948120117,281745.0472679138,17011.57971382141
1636,80.81124877929688,10.872659683227539,281825.8585166931,17022.45237350464
1637,82.85147094726562,10.48912239074707,281908.7099876404,17032.941495895386
1638,79.25184631347656,10.725882530212402,281987.96183395386,17043.667378425598
1639,58.56523895263672,10.706518173217773,282046.5270729065,17054.373896598816
1640,79.1597671508789,10.83389663696289,282125.6868400574,17065.20779323578
1641,72.23690795898438,10.736572265625,282197.92374801636,17075.944365501404
1642,110.7188491821289,10.862140655517578,282308.6425971985,17086.80650615692
1643,70.8941879272461,10.940399169921875,282379.53678512573,17097.746905326843
1644,111.60414123535156,11.086926460266113,282491.1409263611,17108.83383178711
1645,71.1829833984375,10.792657852172852,282562.3239097595,17119.626489639282
1646,75.1278076171875,10.596619606018066,282637.4517173767,17130.2231092453
1647,59.091041564941406,10.563986778259277,282696.54275894165,17140.78709602356
1648,101.27442932128906,11.002581596374512,282797.81718826294,17151.789677619934
1649,108.16410827636719,10.614603996276855,282905.9812965393,17162.40428161621
1650,92.16397094726562,10.724406242370605,282998.1452674866,17173.12868785858
1651,125.67625427246094,10.683167457580566,283123.82152175903,17183.811855316162
1652,111.93314361572266,10.682881355285645,283235.75466537476,17194.494736671448
1653,86.7322006225586,10.448156356811523,283322.4868659973,17204.94289302826
1654,80.25880432128906,11.037181854248047,283402.7456703186,17215.980074882507
1655,71.94104766845703,10.64305305480957,283474.68671798706,17226.623127937317
1656,99.96461486816406,10.21967887878418,283574.6513328552,17236.8428068161
1657,91.71809387207031,10.795501708984375,283666.3694267273,17247.638308525085
1658,66.55704498291016,10.233968734741211,283732.9264717102,17257.872277259827
1659,86.28752136230469,10.840370178222656,283819.2139930725,17268.71264743805
1660,61.267822265625,10.425783157348633,283880.48181533813,17279.138430595398
1661,120.56968688964844,10.018498420715332,284001.0515022278,17289.156929016113
1662,106.80773162841797,10.849377632141113,284107.8592338562,17300.006306648254
1663,73.97402954101562,10.6722993850708,284181.8332633972,17310.678606033325
1664,74.9156265258789,10.652862548828125,284256.7488899231,17321.331468582153
1665,91.66671752929688,10.785258293151855,284348.4156074524,17332.116726875305
1666,80.0972900390625,10.681963920593262,284428.51289749146,17342.7986907959
1667,172.76368713378906,11.11427116394043,284601.27658462524,17353.91296195984
1668,91.1591796875,10.833500862121582,284692.43576431274,17364.74646282196
1669,82.69645690917969,10.827802658081055,284775.1322212219,17375.57426548004
1670,67.3967514038086,11.007817268371582,284842.52897262573,17386.582082748413
1671,61.82400131225586,10.131468772888184,284904.352973938,17396.7135515213
1672,83.61228942871094,11.37814712524414,284987.9652633667,17408.091698646545
1673,75.92100524902344,10.569062232971191,285063.8862686157,17418.660760879517
1674,79.7938003540039,10.839181900024414,285143.6800689697,17429.49994277954
1675,71.70649719238281,10.40328311920166,285215.3865661621,17439.903225898743
1676,77.89633178710938,10.146270751953125,285293.2828979492,17450.049496650696
1677,88.80955505371094,10.716449737548828,285382.09245300293,17460.765946388245
1678,64.66152954101562,10.650964736938477,285446.75398254395,17471.416911125183
1679,89.92499542236328,10.38634967803955,285536.6789779663,17481.803260803223
1680,77.87095642089844,10.639886856079102,285614.5499343872,17492.4431476593
1681,57.81621170043945,11.151839256286621,285672.36614608765,17503.59498691559
1682,96.88460540771484,11.178961753845215,285769.25075149536,17514.773948669434
1683,87.60734558105469,10.900620460510254,285856.8580970764,17525.674569129944
1684,55.87000274658203,10.703436851501465,285912.728099823,17536.378005981445
1685,101.22832489013672,10.949834823608398,286013.95642471313,17547.327840805054
1686,58.826690673828125,10.77518367767334,286072.78311538696,17558.103024482727
1687,94.86662292480469,10.934405326843262,286167.64973831177,17569.03742980957
1688,87.44915771484375,11.064960479736328,286255.0988960266,17580.102390289307
1689,85.56907653808594,10.92149543762207,286340.6679725647,17591.02388572693
1690,58.978538513183594,10.757967948913574,286399.6465110779,17601.781853675842
1691,89.62406921386719,11.019660949707031,286489.27058029175,17612.80151462555
1692,69.976806640625,10.723163604736328,286559.2473869324,17623.524678230286
1693,74.16822814941406,10.475251197814941,286633.4156150818,17633.9999294281
1694,67.77374267578125,10.628458976745605,286701.18935775757,17644.628388404846
1695,89.49540710449219,10.399599075317383,286790.68476486206,17655.027987480164
1696,97.49586486816406,10.824989318847656,286888.1806297302,17665.85297679901
1697,79.75011444091797,10.7161283493042,286967.93074417114,17676.569105148315
1698,72.64283752441406,10.646551132202148,287040.57358169556,17687.215656280518
1699,94.68623352050781,10.64415168762207,287135.25981521606,17697.85980796814
1700,94.62147521972656,10.952563285827637,287229.8812904358,17708.812371253967
1701,99.94326782226562,10.626800537109375,287329.82455825806,17719.439171791077
1702,68.08639526367188,10.713238716125488,287397.9109535217,17730.152410507202
1703,89.61550903320312,10.67630386352539,287487.52646255493,17740.828714370728
1704,87.44429016113281,10.921831130981445,287574.97075271606,17751.75054550171
1705,80.43284606933594,11.252123832702637,287655.4035987854,17763.00266933441
1706,93.65617370605469,10.82961368560791,287749.05977249146,17773.83228302002
1707,94.02096557617188,10.568755149841309,287843.0807380676,17784.40103816986
1708,87.87512969970703,10.81968879699707,287930.95586776733,17795.220726966858
1709,102.60539245605469,10.876297950744629,288033.5612602234,17806.097024917603
1710,64.9344711303711,10.742040634155273,288098.49573135376,17816.839065551758
1711,83.67688751220703,11.284969329833984,288182.17261886597,17828.12403488159
1712,95.93133544921875,10.885436058044434,288278.1039543152,17839.009470939636
1713,80.45840454101562,10.840761184692383,288358.5623588562,17849.85023212433
1714,75.487548828125,10.502861976623535,288434.0499076843,17860.353094100952
1715,79.05375671386719,11.136832237243652,288513.1036643982,17871.489926338196
1716,86.56280517578125,10.753149032592773,288599.666469574,17882.24307537079
1717,82.78417205810547,10.781018257141113,288682.4506416321,17893.02409362793
1718,80.65205383300781,10.508468627929688,288763.1026954651,17903.53256225586
1719,93.21806335449219,10.718626976013184,288856.3207588196,17914.251189231873
1720,96.71729278564453,10.853492736816406,288953.0380516052,17925.10468196869
1721,88.50479125976562,11.172261238098145,289041.542842865,17936.276943206787
1722,71.56291198730469,10.53576946258545,289113.1057548523,17946.812712669373
1723,73.81611633300781,10.753632545471191,289186.9218711853,17957.566345214844
1724,66.27349853515625,10.374714851379395,289253.19536972046,17967.941060066223
1725,91.48014831542969,10.822063446044922,289344.6755180359,17978.763123512268
1726,36.63450622558594,10.508782386779785,289381.3100242615,17989.271905899048
1727,87.51593017578125,10.845606803894043,289468.82595443726,18000.117512702942
1728,76.88052368164062,10.90174674987793,289545.7064781189,18011.01925945282
1729,78.94642639160156,11.1023530960083,289624.6529045105,18022.121612548828
1730,72.5355224609375,10.574553489685059,289697.18842697144,18032.696166038513
1731,78.95726776123047,10.591292381286621,289776.14569473267,18043.2874584198
1732,76.04683685302734,10.93718433380127,289852.1925315857,18054.2246427536
1733,73.32579040527344,10.53536605834961,289925.51832199097,18064.76000881195
1734,67.21440887451172,10.638625144958496,289992.7327308655,18075.39863395691
1735,87.00491333007812,10.931949615478516,290079.73764419556,18086.330583572388
1736,75.9284439086914,10.606040954589844,290155.66608810425,18096.936624526978
1737,74.60784912109375,10.536954879760742,290230.27393722534,18107.47357940674
1738,87.65245056152344,11.056971549987793,290317.92638778687,18118.530550956726
1739,85.38845825195312,10.288313865661621,290403.3148460388,18128.818864822388
1740,63.94537353515625,10.576912879943848,290467.260219574,18139.39577770233
1741,84.65171813964844,10.891199111938477,290551.9119377136,18150.28697681427
1742,79.53685760498047,10.888569831848145,290631.4487953186,18161.175546646118
1743,96.2053451538086,9.839111328125,290727.6541404724,18171.014657974243
1744,84.21734619140625,10.811868667602539,290811.8714866638,18181.826526641846
1745,61.88166809082031,10.42773151397705,290873.75315475464,18192.254258155823
1746,66.3520736694336,10.562763214111328,290940.1052284241,18202.817021369934
1747,77.53336334228516,10.547527313232422,291017.63859176636,18213.364548683167
1748,59.981040954589844,10.647642135620117,291077.61963272095,18224.012190818787
1749,84.18281555175781,10.963605880737305,291161.8024482727,18234.975796699524
1750,55.357398986816406,10.617953300476074,291217.1598472595,18245.59375
1751,72.97632598876953,11.034045219421387,291290.1361732483,18256.62779521942
1752,76.28736877441406,10.7125244140625,291366.4235420227,18267.340319633484
1753,96.00688171386719,11.300468444824219,291462.4304237366,18278.640788078308
1754,73.0549545288086,11.003299713134766,291535.4853782654,18289.644087791443
1755,70.52437591552734,10.891685485839844,291606.0097541809,18300.535773277283
1756,96.97148132324219,10.763398170471191,291702.98123550415,18311.299171447754
1757,69.18059539794922,10.885782241821289,291772.1618309021,18322.184953689575
1758,74.34738159179688,10.58506965637207,291846.5092124939,18332.770023345947
1759,78.2581787109375,10.868048667907715,291924.76739120483,18343.638072013855
1760,66.24632263183594,10.757609367370605,291991.01371383667,18354.395681381226
1761,89.98768615722656,11.156803131103516,292081.0013999939,18365.55248451233
1762,66.87979125976562,10.500723838806152,292147.88119125366,18376.053208351135
1763,77.30369567871094,10.869022369384766,292225.1848869324,18386.92223072052
1764,81.30958557128906,11.287129402160645,292306.49447250366,18398.20936012268
1765,68.47616577148438,10.528595924377441,292374.97063827515,18408.737956047058
1766,85.72138977050781,10.465483665466309,292460.69202804565,18419.203439712524
1767,88.65361022949219,10.714247703552246,292549.34563827515,18429.917687416077
1768,81.45845794677734,10.508612632751465,292630.8040962219,18440.426300048828
1769,62.35707473754883,10.426223754882812,292693.1611709595,18450.85252380371
1770,89.77069091796875,11.086181640625,292782.93186187744,18461.938705444336
1771,81.87977600097656,10.874385833740234,292864.8116378784,18472.813091278076
1772,75.97703552246094,10.488687515258789,292940.7886734009,18483.301778793335
1773,90.24171447753906,10.851530075073242,293031.0303878784,18494.15330886841
1774,90.49818420410156,10.141199111938477,293121.5285720825,18504.294507980347
1775,79.76171875,10.22543716430664,293201.2902908325,18514.519945144653
1776,62.205726623535156,11.11001205444336,293263.49601745605,18525.629957199097
1777,67.40959167480469,10.606566429138184,293330.90560913086,18536.236523628235
1778,62.31258773803711,10.380874633789062,293393.2181968689,18546.617398262024
1779,86.13790893554688,11.062555313110352,293479.35610580444,18557.679953575134
1780,73.29194641113281,10.772307395935059,293552.6480522156,18568.45226097107
1781,92.06031799316406,10.52745532989502,293644.70837020874,18578.979716300964
1782,71.08218383789062,10.65534496307373,293715.79055404663,18589.635061264038
1783,128.82958984375,10.762258529663086,293844.6201438904,18600.3973197937
1784,74.44918060302734,10.997018814086914,293919.0693244934,18611.394338607788
1785,53.82009506225586,10.9432373046875,293972.88941955566,18622.337575912476
1786,87.4283676147461,10.676031112670898,294060.3177871704,18633.013607025146
1787,92.84248352050781,10.679339408874512,294153.1602706909,18643.69294643402
1788,86.06572723388672,11.062088966369629,294239.2259979248,18654.75503540039
1789,65.62330627441406,10.516839981079102,294304.8493041992,18665.27187538147
1790,73.10242462158203,10.737746238708496,294377.9517288208,18676.00962162018
1791,84.9244384765625,10.88428783416748,294462.87616729736,18686.893909454346
1792,91.33686828613281,10.437187194824219,294554.2130355835,18697.33109664917
1793,76.49507904052734,10.352462768554688,294630.708114624,18707.683559417725
1794,79.43934631347656,10.825828552246094,294710.1474609375,18718.50938796997
1795,45.45166778564453,10.700819969177246,294755.59912872314,18729.210207939148
1796,92.52078247070312,11.137528419494629,294848.11991119385,18740.347736358643
1797,87.17298889160156,10.584861755371094,294935.29290008545,18750.932598114014
1798,63.13740539550781,10.693385124206543,294998.43030548096,18761.62598323822
1799,74.13125610351562,10.276780128479004,295072.5615615845,18771.9027633667
1800,73.31898498535156,10.7576265335083,295145.8805465698,18782.660389900208
1801,62.11345672607422,10.50520133972168,295207.9940032959,18793.16559123993
1802,69.49116516113281,11.01865005493164,295277.48516845703,18804.18424129486
1803,75.40469360351562,10.925895690917969,295352.88986206055,18815.11013698578
1804,108.79266357421875,10.899605751037598,295461.68252563477,18826.009742736816
1805,93.81659698486328,11.104992866516113,295555.4991226196,18837.114735603333
1806,88.19498443603516,10.612289428710938,295643.69410705566,18847.727025032043
1807,163.9407958984375,11.170145988464355,295807.6349029541,18858.897171020508
1808,70.86249542236328,10.765960693359375,295878.49739837646,18869.663131713867
1809,58.55365753173828,10.953929901123047,295937.0510559082,18880.61706161499
1810,81.32319641113281,10.969825744628906,296018.37425231934,18891.58688735962
1811,68.170654296875,10.635881423950195,296086.5449066162,18902.22276878357
1812,88.73580932617188,11.137459754943848,296175.2807159424,18913.360228538513
1813,77.72604370117188,11.18552303314209,296253.00675964355,18924.545751571655
1814,89.977783203125,10.523476600646973,296342.9845428467,18935.069228172302
1815,84.7890853881836,10.96735954284668,296427.77362823486,18946.03658771515
1816,68.97200012207031,10.768782615661621,296496.74562835693,18956.80537033081
1817,59.91209411621094,10.254463195800781,296556.65772247314,18967.05983352661
1818,76.39720153808594,10.518831253051758,296633.05492401123,18977.578664779663
1819,76.05462646484375,10.820635795593262,296709.1095504761,18988.399300575256
1820,88.48265075683594,10.460253715515137,296797.5922012329,18998.85955429077
1821,71.91484069824219,10.558786392211914,296869.50704193115,19009.418340682983
1822,89.36880493164062,11.009739875793457,296958.8758468628,19020.428080558777
1823,56.97557830810547,10.53947925567627,297015.8514251709,19030.967559814453
1824,112.11234283447266,10.26274585723877,297127.9637680054,19041.230305671692
1825,97.14134979248047,11.01744556427002,297225.10511779785,19052.247751235962
1826,89.3404541015625,11.135035514831543,297314.4455718994,19063.382786750793
1827,81.09662628173828,11.108606338500977,297395.54219818115,19074.491393089294
1828,60.53550720214844,11.032530784606934,297456.0777053833,19085.5239238739
1829,93.72434997558594,10.094985961914062,297549.8020553589,19095.618909835815
1830,100.87127685546875,10.673992156982422,297650.67333221436,19106.292901992798
1831,86.52742004394531,11.154338836669922,297737.2007522583,19117.447240829468
1832,72.25724792480469,10.917983055114746,297809.4580001831,19128.365223884583
1833,76.29405975341797,10.11109447479248,297885.7520599365,19138.476318359375
1834,76.98120880126953,10.400379180908203,297962.7332687378,19148.876697540283
1835,73.6112289428711,10.744734764099121,298036.34449768066,19159.621432304382
1836,68.11334228515625,10.88908576965332,298104.4578399658,19170.510518074036
1837,71.47566223144531,10.696542739868164,298175.93350219727,19181.207060813904
1838,36.84223175048828,10.500380516052246,298212.77573394775,19191.707441329956
1839,69.84917449951172,10.773917198181152,298282.62490844727,19202.481358528137
1840,47.983909606933594,10.02383041381836,298330.6088180542,19212.505188941956
