Step,Distillation Loss,CE Loss,Accumulated Distillation Loss,Accumulated CE Loss
1,12.056133270263672,12.249120712280273,12.056133270263672,12.249120712280273
2,11.973411560058594,16.591983795166016,24.029544830322266,28.84110450744629
3,15.115103721618652,13.551363945007324,39.14464855194092,42.39246845245361
4,7.416286945343018,9.582683563232422,46.560935497283936,51.975152015686035
5,7.700497150421143,11.090210914611816,54.26143264770508,63.06536293029785
6,7.314648628234863,8.754739761352539,61.57608127593994,71.82010269165039
7,10.782320022583008,8.861454010009766,72.35840129852295,80.68155670166016
8,7.97903299331665,10.542366027832031,80.3374342918396,91.22392272949219
9,7.255932807922363,9.062871932983398,87.59336709976196,100.28679466247559
10,6.5382890701293945,9.126763343811035,94.13165616989136,109.41355800628662
11,7.28500509262085,8.517642974853516,101.4166612625122,117.93120098114014
12,6.368387222290039,8.878445625305176,107.78504848480225,126.80964660644531
13,7.081864356994629,8.793930053710938,114.86691284179688,135.60357666015625
14,3.8926596641540527,7.698037147521973,118.75957250595093,143.30161380767822
15,3.027156114578247,6.898135185241699,121.78672862052917,150.19974899291992
16,6.189816951751709,8.429962158203125,127.97654557228088,158.62971115112305
17,4.206794261932373,5.749083518981934,132.18333983421326,164.37879467010498
18,5.861084938049316,7.915097713470459,138.04442477226257,172.29389238357544
19,7.447116851806641,8.580887794494629,145.4915416240692,180.87478017807007
20,7.174563407897949,9.082408905029297,152.66610503196716,189.95718908309937
21,4.643596172332764,8.061777114868164,157.30970120429993,198.01896619796753
22,6.878899097442627,8.791412353515625,164.18860030174255,206.81037855148315
23,5.362565517425537,8.440153121948242,169.5511658191681,215.2505316734314
24,8.499737739562988,8.148798942565918,178.05090355873108,223.39933061599731
25,9.098780632019043,8.85060977935791,187.14968419075012,232.24994039535522
26,5.611376762390137,7.808467864990234,192.76106095314026,240.05840826034546
27,7.040676116943359,8.138291358947754,199.80173707008362,248.1966996192932
28,5.812521457672119,7.943739891052246,205.61425852775574,256.14043951034546
29,6.007084369659424,7.8315229415893555,211.62134289741516,263.9719624519348
30,6.549612045288086,8.286885261535645,218.17095494270325,272.25884771347046
31,7.501527309417725,8.62231159210205,225.67248225212097,280.8811593055725
32,6.141997814178467,7.917942047119141,231.81448006629944,288.79910135269165
33,6.60215950012207,8.640838623046875,238.4166395664215,297.4399399757385
34,6.897190093994141,8.109474182128906,245.31382966041565,305.54941415786743
35,7.3445305824279785,8.246453285217285,252.65836024284363,313.7958674430847
36,6.980600357055664,8.951927185058594,259.6389605998993,322.7477946281433
37,5.834486961364746,7.393930912017822,265.47344756126404,330.14172554016113
38,2.1341450214385986,6.3464484214782715,267.60759258270264,336.4881739616394
39,5.854966640472412,7.654507160186768,273.46255922317505,344.1426811218262
40,6.740384101867676,9.065980911254883,280.2029433250427,353.20866203308105
41,6.795015335083008,7.3445963859558105,286.99795866012573,360.55325841903687
42,6.240206241607666,7.65561056137085,293.2381649017334,368.2088689804077
43,6.0509138107299805,6.931093215942383,299.2890787124634,375.1399621963501
44,5.52276611328125,7.084197521209717,304.81184482574463,382.2241597175598
45,8.713367462158203,9.07993221282959,313.52521228790283,391.3040919303894
46,5.387775897979736,7.745668888092041,318.91298818588257,399.04976081848145
47,5.865469455718994,7.7389912605285645,324.77845764160156,406.78875207901
48,7.676707744598389,9.209541320800781,332.45516538619995,415.9982933998108
49,9.994437217712402,8.533439636230469,342.44960260391235,424.53173303604126
50,4.905782699584961,7.0204758644104,347.3553853034973,431.55220890045166
51,6.758141040802002,7.528067111968994,354.1135263442993,439.08027601242065
52,8.073062896728516,7.926855087280273,362.18658924102783,447.0071310997009
53,8.301579475402832,8.468236923217773,370.48816871643066,455.4753680229187
54,5.541001796722412,7.636142730712891,376.0291705131531,463.1115107536316
55,5.784637928009033,7.481832504272461,381.8138084411621,470.59334325790405
56,4.475174903869629,7.066863059997559,386.28898334503174,477.6602063179016
57,7.133146286010742,7.455349445343018,393.4221296310425,485.11555576324463
58,4.545208930969238,7.343902587890625,397.9673385620117,492.45945835113525
59,5.680968761444092,7.100841999053955,403.6483073234558,499.5603003501892
60,5.463504791259766,7.846834182739258,409.1118121147156,507.40713453292847
61,12.589253425598145,9.745868682861328,421.7010655403137,517.1530032157898
62,6.53514289855957,8.70909595489502,428.2362084388733,525.8620991706848
63,5.646280288696289,7.316198348999023,433.8824887275696,533.1782975196838
64,5.480284690856934,6.960022449493408,439.3627734184265,540.1383199691772
65,6.616150379180908,7.909804344177246,445.9789237976074,548.0481243133545
66,2.353541374206543,5.424222946166992,448.33246517181396,553.4723472595215
67,7.104294300079346,8.520437240600586,455.4367594718933,561.9927845001221
68,8.640252113342285,8.672605514526367,464.0770115852356,570.6653900146484
69,4.055611610412598,7.339629650115967,468.1326231956482,578.0050196647644
70,3.276531219482422,7.129457950592041,471.4091544151306,585.1344776153564
71,5.249526500701904,7.8263349533081055,476.6586809158325,592.9608125686646
72,1.8740254640579224,3.339409589767456,478.53270637989044,596.300222158432
73,5.5420451164245605,7.6551103591918945,484.074751496315,603.9553325176239
74,7.089912414550781,7.092051982879639,491.1646639108658,611.0473845005035
75,2.464773178100586,6.463891506195068,493.62943708896637,617.5112760066986
76,7.2498040199279785,7.962374687194824,500.87924110889435,625.4736506938934
77,6.022947311401367,7.700976848602295,506.9021884202957,633.1746275424957
78,6.495612621307373,8.123148918151855,513.3978010416031,641.2977764606476
79,7.391758918762207,7.605658531188965,520.7895599603653,648.9034349918365
80,7.313667297363281,7.518540859222412,528.1032272577286,656.421975851059
81,2.3599634170532227,3.5586349964141846,530.4631906747818,659.9806108474731
82,2.7071011066436768,5.471787452697754,533.1702917814255,665.4523983001709
83,4.423276424407959,5.516988277435303,537.5935682058334,670.9693865776062
84,6.190173149108887,6.976081371307373,543.7837413549423,677.9454679489136
85,6.242806434631348,7.468019962310791,550.0265477895737,685.4134879112244
86,5.140096664428711,7.532326698303223,555.1666444540024,692.9458146095276
87,1.762897253036499,4.9103169441223145,556.9295417070389,697.8561315536499
88,4.028401851654053,7.458431243896484,560.9579435586929,705.3145627975464
89,4.7821526527404785,6.992558479309082,565.7400962114334,712.3071212768555
90,7.013152599334717,7.376596450805664,572.7532488107681,719.6837177276611
91,5.503203868865967,6.5149245262146,578.2564526796341,726.1986422538757
92,4.668213844299316,6.964982509613037,582.9246665239334,733.1636247634888
93,5.274750232696533,7.164360046386719,588.19941675663,740.3279848098755
94,2.591809034347534,5.397641181945801,590.7912257909775,745.7256259918213
95,4.981459140777588,7.189216613769531,595.7726849317551,752.9148426055908
96,4.545423984527588,7.003468036651611,600.3181089162827,759.9183106422424
97,7.700054168701172,8.641977310180664,608.0181630849838,768.5602879524231
98,4.617402076721191,5.704771041870117,612.635565161705,774.2650589942932
99,5.493267059326172,6.688154220581055,618.1288322210312,780.9532132148743
100,4.0286407470703125,5.890146255493164,622.1574729681015,786.8433594703674
101,4.681520462036133,6.54492712020874,626.8389934301376,793.3882865905762
102,8.243431091308594,7.1366047859191895,635.0824245214462,800.5248913764954
103,6.875905990600586,7.5778093338012695,641.9583305120468,808.1027007102966
104,4.845780372619629,6.40520715713501,646.8041108846664,814.5079078674316
105,6.026988983154297,8.123271942138672,652.8310998678207,822.6311798095703
106,6.169540882110596,6.9868316650390625,659.0006407499313,829.6180114746094
107,6.689337730407715,8.115471839904785,665.689978480339,837.7334833145142
108,7.316263198852539,8.625873565673828,673.0062416791916,846.359356880188
109,4.310703754425049,6.749386787414551,677.3169454336166,853.1087436676025
110,7.228507995605469,7.390744686126709,684.5454534292221,860.4994883537292
111,2.5599920749664307,6.282371997833252,687.1054455041885,866.7818603515625
112,8.343307495117188,8.509866714477539,695.4487529993057,875.29172706604
113,11.26438045501709,7.774332523345947,706.7131334543228,883.066059589386
114,5.1432342529296875,6.705907344818115,711.8563677072525,889.7719669342041
115,6.8286356925964355,8.341132164001465,718.6850033998489,898.1130990982056
116,6.263652801513672,7.21694278717041,724.9486562013626,905.330041885376
117,6.622336387634277,8.182506561279297,731.5709925889969,913.5125484466553
118,1.7972512245178223,3.1632208824157715,733.3682438135147,916.675769329071
119,1.5148224830627441,4.234154224395752,734.8830662965775,920.9099235534668
120,4.826197147369385,6.9881134033203125,739.7092634439468,927.8980369567871
121,6.069777965545654,7.646951198577881,745.7790414094925,935.544988155365
122,6.48392391204834,7.242158889770508,752.2629653215408,942.7871470451355
123,7.095849514007568,6.87657356262207,759.3588148355484,949.6637206077576
124,4.259171009063721,7.2657470703125,763.6179858446121,956.9294676780701
125,3.182474374771118,8.360407829284668,766.8004602193832,965.2898755073547
126,2.855510950088501,6.0674729347229,769.6559711694717,971.3573484420776
127,6.29765510559082,8.916852951049805,775.9536262750626,980.2742013931274
128,4.246209621429443,6.094775199890137,780.199835896492,986.3689765930176
129,6.392980098724365,7.225481033325195,786.5928159952164,993.5944576263428
130,4.760804653167725,6.033218860626221,791.3536206483841,999.627676486969
131,4.959092140197754,7.05661678314209,796.3127127885818,1006.6842932701111
132,7.723330974578857,7.558003902435303,804.0360437631607,1014.2422971725464
133,6.5365214347839355,7.627360820770264,810.5725651979446,1021.8696579933167
134,5.7493672370910645,7.248923301696777,816.3219324350357,1029.1185812950134
135,3.626174211502075,7.2269721031188965,819.9481066465378,1036.3455533981323
136,6.621719837188721,7.647623538970947,826.5698264837265,1043.9931769371033
137,6.656877040863037,8.0326509475708,833.2267035245895,1052.025827884674
138,6.910488605499268,7.973933696746826,840.1371921300888,1059.999761581421
139,5.640079021453857,7.218294620513916,845.7772711515427,1067.2180562019348
140,5.672172546386719,6.4429168701171875,851.4494436979294,1073.660973072052
141,3.9098527431488037,6.576745986938477,855.3592964410782,1080.2377190589905
142,6.928056240081787,7.784928321838379,862.28735268116,1088.0226473808289
143,6.298055171966553,7.676547527313232,868.5854078531265,1095.699194908142
144,5.373976707458496,7.46972131729126,873.959384560585,1103.1689162254333
145,2.6020045280456543,6.713258266448975,876.5613890886307,1109.8821744918823
146,8.342782020568848,7.716459274291992,884.9041711091995,1117.5986337661743
147,1.8907233476638794,4.803969383239746,886.7948944568634,1122.402603149414
148,4.757192611694336,6.88408899307251,891.5520870685577,1129.2866921424866
149,4.850771427154541,7.2574615478515625,896.4028584957123,1136.5441536903381
150,6.464073657989502,7.624528884887695,902.8669321537018,1144.1686825752258
151,4.507630348205566,6.287998676300049,907.3745625019073,1150.4566812515259
152,6.86759614944458,6.943749904632568,914.2421586513519,1157.4004311561584
153,5.253433704376221,7.16330623626709,919.4955923557281,1164.5637373924255
154,4.783491611480713,6.893627643585205,924.2790839672089,1171.4573650360107
155,5.091930866241455,7.0231828689575195,929.3710148334503,1178.4805479049683
156,5.25411319732666,7.174665927886963,934.625128030777,1185.6552138328552
157,4.059787750244141,6.543167591094971,938.6849157810211,1192.1983814239502
158,10.76701545715332,8.2726469039917,949.4519312381744,1200.471028327942
159,2.9522016048431396,6.41953706741333,952.4041328430176,1206.8905653953552
160,3.6495628356933594,7.002439498901367,956.0536956787109,1213.8930048942566
161,4.821194648742676,7.110699653625488,960.8748903274536,1221.003704547882
162,2.0747265815734863,4.213374137878418,962.9496169090271,1225.2170786857605
163,4.701368808746338,5.80567741394043,967.6509857177734,1231.022756099701
164,1.8913626670837402,5.067909240722656,969.5423483848572,1236.0906653404236
165,6.558444023132324,7.402929782867432,976.1007924079895,1243.493595123291
166,2.5126311779022217,6.168231010437012,978.6134235858917,1249.661826133728
167,5.71555233001709,7.358119010925293,984.3289759159088,1257.0199451446533
168,9.037623405456543,7.581490516662598,993.3665993213654,1264.601435661316
169,3.8091249465942383,7.293411731719971,997.1757242679596,1271.894847393036
170,6.621011734008789,7.382403373718262,1003.7967360019684,1279.2772507667542
171,3.289229393005371,4.995113849639893,1007.0859653949738,1284.272364616394
172,5.390876770019531,7.255990505218506,1012.4768421649933,1291.5283551216125
173,4.1935954093933105,6.523665904998779,1016.6704375743866,1298.0520210266113
174,5.586411952972412,7.555869102478027,1022.256849527359,1305.6078901290894
175,6.726738929748535,7.165220260620117,1028.9835884571075,1312.7731103897095
176,5.204179286956787,7.11989164352417,1034.1877677440643,1319.8930020332336
177,6.991311550140381,7.349023342132568,1041.1790792942047,1327.2420253753662
178,4.946753978729248,6.752211570739746,1046.125833272934,1333.994236946106
179,6.096678733825684,7.51921272277832,1052.2225120067596,1341.5134496688843
180,3.840036153793335,7.001389026641846,1056.062548160553,1348.5148386955261
181,6.217060565948486,7.3612518310546875,1062.2796087265015,1355.8760905265808
182,5.355698108673096,7.116934299468994,1067.6353068351746,1362.9930248260498
183,4.844996929168701,6.23008394241333,1072.4803037643433,1369.2231087684631
184,4.586012840270996,6.642014503479004,1077.0663166046143,1375.8651232719421
185,5.69111967086792,7.450630187988281,1082.7574362754822,1383.3157534599304
186,1.9734221696853638,4.84932279586792,1084.7308584451675,1388.1650762557983
187,4.491519927978516,6.752338409423828,1089.222378373146,1394.9174146652222
188,4.431969165802002,7.431399822235107,1093.654347538948,1402.3488144874573
189,5.401400089263916,6.681750774383545,1099.055747628212,1409.0305652618408
190,7.917652130126953,7.484983444213867,1106.973399758339,1416.5155487060547
191,8.340902328491211,6.885124683380127,1115.3143020868301,1423.4006733894348
192,4.7384514808654785,6.917821407318115,1120.0527535676956,1430.318494796753
193,4.693660736083984,7.023824214935303,1124.7464143037796,1437.3423190116882
194,4.852090358734131,6.932483673095703,1129.5985046625137,1444.274802684784
195,4.073691368103027,5.422826766967773,1133.6721960306168,1449.6976294517517
196,5.118067741394043,7.1087188720703125,1138.7902637720108,1456.806348323822
197,4.076783657073975,6.245408535003662,1142.8670474290848,1463.0517568588257
198,5.334063529968262,6.87719202041626,1148.201110959053,1469.928948879242
199,5.330193519592285,7.03961181640625,1153.5313044786453,1476.9685606956482
200,5.172733783721924,7.100739479064941,1158.7040382623672,1484.0693001747131
201,5.332713603973389,6.604268550872803,1164.0367518663406,1490.673568725586
202,5.184257984161377,7.058775901794434,1169.221009850502,1497.7323446273804
203,4.540183067321777,6.991170883178711,1173.7611929178238,1504.723515510559
204,4.8322296142578125,7.183302879333496,1178.5934225320816,1511.9068183898926
205,6.195752143859863,6.9084577560424805,1184.7891746759415,1518.815276145935
206,4.913016319274902,6.823423862457275,1189.7021909952164,1525.6387000083923
207,4.709555625915527,7.291118621826172,1194.411746621132,1532.9298186302185
208,4.611769676208496,7.224125385284424,1199.0235162973404,1540.153944015503
209,3.855053663253784,6.5859270095825195,1202.8785699605942,1546.7398710250854
210,4.726377010345459,6.912726879119873,1207.6049469709396,1553.6525979042053
211,4.809022903442383,6.756249904632568,1212.413969874382,1560.408847808838
212,4.681813716888428,6.789643287658691,1217.0957835912704,1567.1984910964966
213,5.176954746246338,6.38216495513916,1222.2727383375168,1573.5806560516357
214,4.438713073730469,7.44277286529541,1226.7114514112473,1581.0234289169312
215,7.2203474044799805,7.226058483123779,1233.9317988157272,1588.249487400055
216,2.304697275161743,6.231915473937988,1236.236496090889,1594.481402873993
217,5.493535041809082,7.067758560180664,1241.730031132698,1601.5491614341736
218,4.713167190551758,7.14859676361084,1246.4431983232498,1608.6977581977844
219,5.763683319091797,7.058821201324463,1252.2068816423416,1615.756579399109
220,4.632569789886475,5.528315544128418,1256.839451432228,1621.2848949432373
221,4.716123580932617,6.22370719909668,1261.5555750131607,1627.508602142334
222,4.9300007820129395,6.337898254394531,1266.4855757951736,1633.8465003967285
223,6.128951072692871,7.39464807510376,1272.6145268678665,1641.2411484718323
224,4.442460060119629,7.581902027130127,1277.0569869279861,1648.8230504989624
225,4.628568649291992,6.514743328094482,1281.6855555772781,1655.3377938270569
226,1.9900048971176147,3.8384644985198975,1283.6755604743958,1659.1762583255768
227,4.507463455200195,7.089271545410156,1288.183023929596,1666.265529870987
228,4.882428169250488,5.875831604003906,1293.0654520988464,1672.1413614749908
229,4.6185688972473145,6.702698230743408,1297.6840209960938,1678.8440597057343
230,4.769192218780518,7.069974422454834,1302.4532132148743,1685.914034128189
231,5.177979469299316,6.729006767272949,1307.6311926841736,1692.643040895462
232,5.377068519592285,6.704474449157715,1313.0082612037659,1699.3475153446198
233,4.566819190979004,6.311852931976318,1317.5750803947449,1705.659368276596
234,3.8530771732330322,6.782075881958008,1321.428157567978,1712.441444158554
235,3.17979097366333,5.9515061378479,1324.6079485416412,1718.392950296402
236,4.812460422515869,6.24452543258667,1329.420408964157,1724.6374757289886
237,4.853996753692627,6.698256015777588,1334.2744057178497,1731.3357317447662
238,7.092939376831055,7.329580783843994,1341.3673450946808,1738.6653125286102
239,1.1684406995773315,3.7401323318481445,1342.5357857942581,1742.4054448604584
240,4.64080286026001,7.059964179992676,1347.1765886545181,1749.465409040451
241,5.321253299713135,6.229242324829102,1352.4978419542313,1755.6946513652802
242,4.696730613708496,7.129099369049072,1357.1945725679398,1762.8237507343292
243,5.163313388824463,6.659209251403809,1362.3578859567642,1769.482959985733
244,4.506062030792236,5.740719795227051,1366.8639479875565,1775.22367978096
245,3.192880630493164,6.271956443786621,1370.0568286180496,1781.4956362247467
246,4.135865211486816,5.8180084228515625,1374.1926938295364,1787.3136446475983
247,3.977705240249634,6.182108402252197,1378.170399069786,1793.4957530498505
248,4.144402503967285,7.222359657287598,1382.3148015737534,1800.718112707138
249,4.550711154937744,6.762035846710205,1386.865512728691,1807.4801485538483
250,5.5580854415893555,7.3245391845703125,1392.4235981702805,1814.8046877384186
251,4.9080119132995605,7.1569318771362305,1397.33161008358,1821.9616196155548
252,3.389460563659668,6.261524677276611,1400.7210706472397,1828.2231442928314
253,4.910050392150879,6.823398113250732,1405.6311210393906,1835.0465424060822
254,4.756320953369141,6.749514579772949,1410.3874419927597,1841.796056985855
255,4.911839485168457,6.696451187133789,1415.2992814779282,1848.492508172989
256,5.038492679595947,6.716324329376221,1420.337774157524,1855.208832502365
257,4.893523216247559,6.933566570281982,1425.2312973737717,1862.142399072647
258,5.61145544052124,7.16446590423584,1430.842752814293,1869.306864976883
259,7.847641944885254,6.71420955657959,1438.6903947591782,1876.0210745334625
260,1.5715748071670532,5.974283218383789,1440.2619695663452,1881.9953577518463
261,4.990237236022949,6.712250232696533,1445.2522068023682,1888.7076079845428
262,4.458742618560791,6.818343162536621,1449.710949420929,1895.5259511470795
263,5.686530113220215,7.522149085998535,1455.3974795341492,1903.048100233078
264,6.289996147155762,6.788490295410156,1461.687475681305,1909.8365905284882
265,3.9650533199310303,6.09573221206665,1465.652529001236,1915.9323227405548
266,4.922256946563721,6.121009349822998,1470.5747859477997,1922.0533320903778
267,5.674237251281738,7.6693549156188965,1476.2490231990814,1929.7226870059967
268,2.4380838871002197,5.1291184425354,1478.6871070861816,1934.851805448532
269,5.001564979553223,7.584001064300537,1483.6886720657349,1942.4358065128326
270,4.989441394805908,6.479666233062744,1488.6781134605408,1948.9154727458954
271,5.837890625,7.149535655975342,1494.5160040855408,1956.0650084018707
272,6.304971694946289,7.717185020446777,1500.820975780487,1963.7821934223175
273,5.143661975860596,6.7650675773620605,1505.9646377563477,1970.5472609996796
274,5.263198375701904,6.587116718292236,1511.2278361320496,1977.1343777179718
275,5.569094657897949,6.8171610832214355,1516.7969307899475,1983.9515388011932
276,5.33008337020874,7.035820484161377,1522.1270141601562,1990.9873592853546
277,4.289392948150635,7.230148792266846,1526.4164071083069,1998.2175080776215
278,5.098618030548096,7.548731327056885,1531.515025138855,2005.7662394046783
279,4.015478610992432,6.3200201988220215,1535.5305037498474,2012.0862596035004
280,4.624822616577148,6.922501564025879,1540.1553263664246,2019.0087611675262
281,5.416182994842529,6.7659687995910645,1545.571509361267,2025.7747299671173
282,5.715035438537598,7.236425399780273,1551.2865447998047,2033.0111553668976
283,4.4039835929870605,6.833487033843994,1555.6905283927917,2039.8446424007416
284,3.9900898933410645,6.63331937789917,1559.6806182861328,2046.4779617786407
285,1.2866082191467285,3.657986879348755,1560.9672265052795,2050.1359486579895
286,4.847192764282227,6.551486015319824,1565.8144192695618,2056.6874346733093
287,5.211992263793945,7.2473320960998535,1571.0264115333557,2063.934766769409
288,6.767471790313721,7.530551433563232,1577.7938833236694,2071.4653182029724
289,4.532177925109863,6.9514546394348145,1582.3260612487793,2078.416772842407
290,3.3160839080810547,5.605554103851318,1585.6421451568604,2084.0223269462585
291,5.883854866027832,7.307312488555908,1591.5260000228882,2091.3296394348145
292,4.2466888427734375,6.359347820281982,1595.7726888656616,2097.6889872550964
293,4.29268217086792,6.3160600662231445,1600.0653710365295,2104.0050473213196
294,5.940643787384033,6.777664661407471,1606.0060148239136,2110.782711982727
295,4.490410804748535,5.967800617218018,1610.496425628662,2116.750512599945
296,4.151101112365723,6.539730548858643,1614.6475267410278,2123.2902431488037
297,5.791820049285889,6.814165115356445,1620.4393467903137,2130.10440826416
298,6.566870212554932,8.003170013427734,1627.0062170028687,2138.107578277588
299,5.358584880828857,7.356833457946777,1632.3648018836975,2145.4644117355347
300,6.649381637573242,7.700599193572998,1639.0141835212708,2153.1650109291077
301,1.156341314315796,2.8920748233795166,1640.1705248355865,2156.057085752487
302,3.6649532318115234,7.540683269500732,1643.835478067398,2163.597769021988
303,5.753886699676514,6.786995887756348,1649.5893647670746,2170.3847649097443
304,1.616702914237976,3.8413431644439697,1651.2060676813126,2174.2261080741882
305,5.092975616455078,6.591322898864746,1656.2990432977676,2180.817430973053
306,4.494790077209473,6.709421157836914,1660.793833374977,2187.52685213089
307,4.7933173179626465,7.060091018676758,1665.5871506929398,2194.5869431495667
308,4.88864278793335,6.769939422607422,1670.475793480873,2201.356882572174
309,6.679357528686523,7.393649578094482,1677.1551510095596,2208.7505321502686
310,5.3155903816223145,6.645563125610352,1682.470741391182,2215.396095275879
311,5.380354404449463,7.819656848907471,1687.8510957956314,2223.2157521247864
312,4.447416305541992,5.040018081665039,1692.2985121011734,2228.2557702064514
313,2.787830114364624,7.115483283996582,1695.086342215538,2235.371253490448
314,1.1683088541030884,4.990383625030518,1696.254651069641,2240.3616371154785
315,4.881462097167969,6.553814888000488,1701.136113166809,2246.915452003479
316,4.393113136291504,6.844662666320801,1705.5292263031006,2253.7601146698
317,5.607095241546631,7.0443949699401855,1711.1363215446472,2260.80450963974
318,5.739017009735107,6.769532203674316,1716.8753385543823,2267.5740418434143
319,1.4955484867095947,5.022825717926025,1718.370887041092,2272.5968675613403
320,4.586155414581299,6.892648220062256,1722.9570424556732,2279.4895157814026
321,5.845917224884033,7.796202659606934,1728.8029596805573,2287.2857184410095
322,2.0017805099487305,6.984407901763916,1730.804740190506,2294.2701263427734
323,4.033526420593262,6.655014991760254,1734.8382666110992,2300.9251413345337
324,4.894591808319092,6.946653366088867,1739.7328584194183,2307.8717947006226
325,4.444519519805908,6.7341227531433105,1744.1773779392242,2314.605917453766
326,3.952334403991699,6.1798224449157715,1748.129712343216,2320.7857398986816
327,4.3673248291015625,6.93314266204834,1752.4970371723175,2327.71888256073
328,4.826588153839111,6.110462665557861,1757.3236253261566,2333.829345226288
329,1.1723811626434326,3.69191575050354,1758.4960064888,2337.5212609767914
330,4.461177349090576,6.201753616333008,1762.9571838378906,2343.7230145931244
331,4.71013879776001,5.918308734893799,1767.6673226356506,2349.641323328018
332,4.38572883605957,6.467571258544922,1772.0530514717102,2356.108894586563
333,6.248009204864502,6.974545955657959,1778.3010606765747,2363.083440542221
334,1.3492635488510132,2.54467511177063,1779.6503242254257,2365.6281156539917
335,5.103795528411865,7.790188789367676,1784.7541197538376,2373.4183044433594
336,5.508995056152344,6.37862491607666,1790.26311480999,2379.796929359436
337,4.799093246459961,6.293570518493652,1795.06220805645,2386.0904998779297
338,3.610020399093628,6.568589687347412,1798.6722284555435,2392.659089565277
339,5.519351959228516,6.900701999664307,1804.191580414772,2399.5597915649414
340,4.908314228057861,7.102445602416992,1809.09989464283,2406.6622371673584
341,4.040589332580566,6.08577299118042,1813.1404839754105,2412.748010158539
342,4.4447245597839355,7.063326835632324,1817.5852085351944,2419.811336994171
343,4.295000076293945,7.143185138702393,1821.8802086114883,2426.9545221328735
344,4.361469745635986,6.0713067054748535,1826.2416783571243,2433.0258288383484
345,6.41533088684082,5.922032833099365,1832.6570092439651,2438.9478616714478
346,5.412100315093994,7.199924468994141,1838.0691095590591,2446.147786140442
347,1.2480331659317017,3.836343288421631,1839.3171427249908,2449.9841294288635
348,5.307439804077148,5.794454097747803,1844.624582529068,2455.7785835266113
349,3.7808196544647217,7.021841526031494,1848.4054021835327,2462.800425052643
350,6.045559883117676,7.368734836578369,1854.4509620666504,2470.169159889221
351,5.989652156829834,7.671477794647217,1860.4406142234802,2477.8406376838684
352,4.616756439208984,6.715629577636719,1865.0573706626892,2484.556267261505
353,4.918078422546387,6.304703235626221,1869.9754490852356,2490.8609704971313
354,4.171541690826416,7.399758338928223,1874.146990776062,2498.2607288360596
355,5.083380222320557,7.444663047790527,1879.2303709983826,2505.70539188385
356,4.1511359214782715,6.132071495056152,1883.3815069198608,2511.8374633789062
357,6.578611850738525,7.174437046051025,1889.9601187705994,2519.0119004249573
358,3.0245919227600098,7.2284111976623535,1892.9847106933594,2526.2403116226196
359,3.941160202026367,6.9424147605896,1896.9258708953857,2533.1827263832092
360,7.575934410095215,6.367279052734375,1904.501805305481,2539.5500054359436
361,5.247888088226318,7.959296703338623,1909.7496933937073,2547.509302139282
362,5.568220615386963,6.988602161407471,1915.3179140090942,2554.4979043006897
363,4.218139171600342,7.04705810546875,1919.5360531806946,2561.5449624061584
364,3.483715295791626,6.904107093811035,1923.0197684764862,2568.4490694999695
365,3.443962574005127,5.73859167098999,1926.4637310504913,2574.1876611709595
366,7.220804214477539,7.428414344787598,1933.6845352649689,2581.616075515747
367,9.18327522277832,6.802366733551025,1942.8678104877472,2588.418442249298
368,5.026494026184082,6.497331619262695,1947.8943045139313,2594.915773868561
369,3.9472134113311768,6.522164821624756,1951.8415179252625,2601.4379386901855
370,0.9917101263999939,2.7905824184417725,1952.8332280516624,2604.2285211086273
371,5.025537967681885,6.764138221740723,1957.8587660193443,2610.992659330368
372,4.827661037445068,6.528637409210205,1962.6864270567894,2617.5212967395782
373,3.979379653930664,6.797678470611572,1966.66580671072,2624.31897521019
374,7.091477394104004,7.084161281585693,1973.757284104824,2631.4031364917755
375,3.9387505054473877,6.697194576263428,1977.6960346102715,2638.100331068039
376,4.470246315002441,6.558030605316162,1982.166280925274,2644.658361673355
377,4.265268325805664,5.607029914855957,1986.4315492510796,2650.265391588211
378,4.398937702178955,6.856451988220215,1990.8304869532585,2657.1218435764313
379,4.326194763183594,6.828521728515625,1995.156681716442,2663.950365304947
380,3.9691193103790283,5.815890789031982,1999.1258010268211,2669.766256093979
381,4.073793411254883,6.619056224822998,2003.199594438076,2676.385312318802
382,4.490238666534424,6.743701934814453,2007.6898331046104,2683.1290142536163
383,4.0161356925964355,5.566593170166016,2011.7059687972069,2688.6956074237823
384,3.8866875171661377,6.715125560760498,2015.592656314373,2695.410732984543
385,4.290491580963135,6.60596227645874,2019.8831478953362,2702.0166952610016
386,1.3993157148361206,3.959604501724243,2021.2824636101723,2705.976299762726
387,1.8892619609832764,4.612261772155762,2023.1717255711555,2710.5885615348816
388,5.965357303619385,7.194728851318359,2029.137082874775,2717.7832903862
389,4.7221503257751465,6.152691841125488,2033.85923320055,2723.9359822273254
390,3.9246344566345215,6.2565999031066895,2037.7838676571846,2730.192582130432
391,2.1641311645507812,4.917597770690918,2039.9479988217354,2735.110179901123
392,4.831889629364014,6.756678104400635,2044.7798884510994,2741.8668580055237
393,4.6624250411987305,6.842855930328369,2049.442313492298,2748.709713935852
394,1.7631603479385376,5.514848232269287,2051.2054738402367,2754.2245621681213
395,7.502363681793213,7.903651714324951,2058.70783752203,2762.1282138824463
396,5.0303568840026855,7.406140327453613,2063.7381944060326,2769.5343542099
397,5.1376848220825195,6.737717628479004,2068.875879228115,2776.272071838379
398,3.8149006366729736,6.405805587768555,2072.690779864788,2782.6778774261475
399,5.10121488571167,6.678442001342773,2077.7919947504997,2789.3563194274902
400,3.799821615219116,6.474767208099365,2081.591816365719,2795.8310866355896
401,4.875410556793213,6.820347785949707,2086.467226922512,2802.6514344215393
402,4.763341903686523,7.350671768188477,2091.2305688261986,2810.002106189728
403,5.97657585144043,6.602149486541748,2097.207144677639,2816.6042556762695
404,4.611788749694824,6.155642032623291,2101.818933427334,2822.759897708893
405,5.723483085632324,6.403924942016602,2107.542416512966,2829.1638226509094
406,3.36871600151062,7.569901466369629,2110.911132514477,2836.733724117279
407,4.34244441986084,6.243261337280273,2115.2535769343376,2842.9769854545593
408,2.857002019882202,7.029772758483887,2118.11057895422,2850.006758213043
409,4.517445087432861,6.3921284675598145,2122.6280240416527,2856.398886680603
410,4.118714332580566,6.758162975311279,2126.7467383742332,2863.1570496559143
411,4.102573871612549,6.361607074737549,2130.849312245846,2869.518656730652
412,5.033938407897949,6.517510890960693,2135.8832506537437,2876.0361676216125
413,1.3821446895599365,4.142309665679932,2137.2653953433037,2880.1784772872925
414,5.232089519500732,5.756250858306885,2142.4974848628044,2885.9347281455994
415,5.1439738273620605,7.332618236541748,2147.6414586901665,2893.267346382141
416,5.4659810066223145,7.185720920562744,2153.107439696789,2900.453067302704
417,3.489274263381958,6.177608489990234,2156.5967139601707,2906.630675792694
418,3.9081225395202637,6.945025444030762,2160.504836499691,2913.575701236725
419,4.546133995056152,6.359275817871094,2165.050970494747,2919.934977054596
420,5.47481632232666,7.20591926574707,2170.525786817074,2927.140896320343
421,3.968363046646118,6.562127113342285,2174.49414986372,2933.7030234336853
422,4.753596782684326,6.620768070220947,2179.2477466464043,2940.3237915039062
423,5.120987892150879,5.914088726043701,2184.368734538555,2946.23788022995
424,1.3002210855484009,3.6540772914886475,2185.6689556241035,2949.8919575214386
425,5.644922733306885,6.675858974456787,2191.3138783574104,2956.5678164958954
426,5.961610317230225,6.918216705322266,2197.2754886746407,2963.4860332012177
427,1.619773030281067,4.6126885414123535,2198.8952617049217,2968.09872174263
428,5.5574259757995605,6.226628303527832,2204.4526876807213,2974.325350046158
429,3.2643625736236572,6.9427714347839355,2207.717050254345,2981.2681214809418
430,4.928055763244629,7.223658084869385,2212.6451060175896,2988.491779565811
431,4.366996765136719,6.3203864097595215,2217.0121027827263,2994.8121659755707
432,10.315766334533691,7.609066009521484,2227.32786911726,3002.421231985092
433,6.227868556976318,6.3637871742248535,2233.5557376742363,3008.785019159317
434,4.119749546051025,6.275825023651123,2237.6754872202873,3015.060844182968
435,6.5705084800720215,7.2990593910217285,2244.2459957003593,3022.35990357399
436,1.069944977760315,3.546315908432007,2245.3159406781197,3025.906219482422
437,3.851428270339966,6.037628173828125,2249.1673689484596,3031.94384765625
438,4.59204626083374,6.780117988586426,2253.7594152092934,3038.7239656448364
439,4.589972972869873,6.7731733322143555,2258.3493881821632,3045.497138977051
440,4.836134910583496,5.794410228729248,2263.1855230927467,3051.29154920578
441,5.120664119720459,6.652486801147461,2268.306187212467,3057.9440360069275
442,4.484128952026367,6.7673726081848145,2272.7903161644936,3064.7114086151123
443,4.512954235076904,6.384853363037109,2277.3032703995705,3071.0962619781494
444,4.89573335647583,6.7762370109558105,2282.1990037560463,3077.872498989105
445,4.992834568023682,6.8895111083984375,2287.19183832407,3084.7620100975037
446,5.361422538757324,7.128948211669922,2292.5532608628273,3091.8909583091736
447,2.989964485168457,7.850585460662842,2295.5432253479958,3099.7415437698364
448,2.150188446044922,5.633916854858398,2297.6934137940407,3105.375460624695
449,4.616050720214844,7.2038679122924805,2302.3094645142555,3112.5793285369873
450,4.765511989593506,6.574638843536377,2307.074976503849,3119.1539673805237
451,5.058177471160889,5.924881458282471,2312.13315397501,3125.078848838806
452,4.991209030151367,7.022908687591553,2317.1243630051613,3132.1017575263977
453,7.057623386383057,7.5485992431640625,2324.1819863915443,3139.6503567695618
454,4.433368682861328,7.21904182434082,2328.6153550744057,3146.8693985939026
455,3.8794312477111816,6.107812881469727,2332.494786322117,3152.9772114753723
456,3.4540770053863525,5.975295543670654,2335.948863327503,3158.952507019043
457,6.134099960327148,7.557366847991943,2342.0829632878304,3166.509873867035
458,3.379810094833374,5.365310192108154,2345.4627733826637,3171.875184059143
459,3.527557373046875,6.76431941986084,2348.9903307557106,3178.639503479004
460,1.8825122117996216,12.71472454071045,2350.87284296751,3191.3542280197144
461,3.925158739089966,7.211245536804199,2354.7980017066,3198.5654735565186
462,4.657127380371094,6.788949012756348,2359.4551290869713,3205.354422569275
463,5.011577129364014,6.688908100128174,2364.4667062163353,3212.043330669403
464,5.385685920715332,6.816586494445801,2369.8523921370506,3218.859917163849
465,4.501187801361084,6.6887969970703125,2374.3535799384117,3225.548714160919
466,4.761477947235107,6.917547225952148,2379.115057885647,3232.4662613868713
467,5.737005710601807,6.822171688079834,2384.8520635962486,3239.288433074951
468,4.336585998535156,6.4684343338012695,2389.188649594784,3245.7568674087524
469,5.070418834686279,6.1922101974487305,2394.25906842947,3251.949077606201
470,5.568628311157227,7.145445823669434,2399.8276967406273,3259.0945234298706
471,5.03253698348999,6.548635959625244,2404.8602337241173,3265.643159389496
472,4.883012771606445,7.701436996459961,2409.7432464957237,3273.344596385956
473,6.52778434753418,6.688261032104492,2416.271030843258,3280.0328574180603
474,4.1695170402526855,6.90986967086792,2420.4405478835106,3286.942727088928
475,4.086810111999512,6.796729564666748,2424.52735799551,3293.739456653595
476,4.405334949493408,6.8259806632995605,2428.9326929450035,3300.5654373168945
477,5.008269309997559,6.886221408843994,2433.940962255001,3307.4516587257385
478,4.013160228729248,5.5371551513671875,2437.9541224837303,3312.9888138771057
479,5.397853851318359,6.613424777984619,2443.3519763350487,3319.6022386550903
480,5.987941741943359,7.250642776489258,2449.339918076992,3326.8528814315796
481,11.005929946899414,6.91693639755249,2460.3458480238914,3333.769817829132
482,4.787294864654541,6.271522521972656,2465.133142888546,3340.0413403511047
483,4.371250629425049,7.151876449584961,2469.504393517971,3347.1932168006897
484,4.6660847663879395,7.182126522064209,2474.170478284359,3354.375343322754
485,4.267275810241699,6.9534759521484375,2478.4377540946007,3361.3288192749023
486,4.017542839050293,6.540362358093262,2482.455296933651,3367.8691816329956
487,5.6114068031311035,6.176253795623779,2488.066703736782,3374.0454354286194
488,4.910257816314697,6.988253593444824,2492.9769615530968,3381.033689022064
489,4.413218021392822,6.120244979858398,2497.3901795744896,3387.1539340019226
490,5.376778602600098,6.84600305557251,2502.7669581770897,3393.999937057495
491,1.926055669784546,5.170635223388672,2504.6930138468742,3399.170572280884
492,4.605866432189941,6.260965824127197,2509.298880279064,3405.431538105011
493,4.216391563415527,7.180854797363281,2513.5152718424797,3412.6123929023743
494,4.862764358520508,6.315361022949219,2518.378036201,3418.9277539253235
495,5.587019920349121,6.600070476531982,2523.9650561213493,3425.5278244018555
496,3.6242101192474365,6.7782392501831055,2527.5892662405968,3432.3060636520386
497,6.050551414489746,5.991154670715332,2533.6398176550865,3438.297218322754
498,5.562968730926514,7.109500885009766,2539.202786386013,3445.4067192077637
499,4.438368797302246,6.141907691955566,2543.6411551833153,3451.5486268997192
500,3.6457936763763428,5.60007905960083,2547.2869488596916,3457.14870595932
501,4.120455741882324,5.850107192993164,2551.407404601574,3462.9988131523132
502,4.966705799102783,6.373970985412598,2556.3741104006767,3469.372784137726
503,4.972743034362793,5.744857311248779,2561.3468534350395,3475.1176414489746
504,5.443634033203125,5.469761848449707,2566.7904874682426,3480.5874032974243
505,5.412749290466309,6.774614334106445,2572.203236758709,3487.3620176315308
506,3.5355801582336426,6.545017242431641,2575.7388169169426,3493.9070348739624
507,4.7555341720581055,6.586854934692383,2580.4943510890007,3500.493889808655
508,4.2155890464782715,6.304275035858154,2584.709940135479,3506.798164844513
509,1.0623164176940918,3.16225004196167,2585.772256553173,3509.9604148864746
510,4.904999256134033,5.639105319976807,2590.677255809307,3515.5995202064514
511,1.1455020904541016,2.55025053024292,2591.822757899761,3518.1497707366943
512,4.036562442779541,5.733205795288086,2595.8593203425407,3523.8829765319824
513,1.1966478824615479,3.707017660140991,2597.0559682250023,3527.5899941921234
514,4.014207363128662,5.894235134124756,2601.070175588131,3533.484229326248
515,4.282111167907715,6.004154205322266,2605.3522867560387,3539.4883835315704
516,4.651543140411377,5.55118465423584,2610.00382989645,3545.0395681858063
517,4.542784690856934,6.497021198272705,2614.546614587307,3551.536589384079
518,3.93403959274292,6.771912097930908,2618.48065418005,3558.30850148201
519,4.537881374359131,6.677487373352051,2623.018535554409,3564.985988855362
520,6.278034687042236,6.241948127746582,2629.2965702414513,3571.2279369831085
521,4.532581806182861,6.217385768890381,2633.829152047634,3577.445322751999
522,3.590895175933838,4.933340549468994,2637.420047223568,3582.378663301468
523,2.8936820030212402,5.6331787109375,2640.313729226589,3588.0118420124054
524,4.144083023071289,6.140431880950928,2644.4578122496605,3594.1522738933563
525,1.7733248472213745,5.438150405883789,2646.231137096882,3599.59042429924
526,1.0816538333892822,2.984133720397949,2647.312790930271,3602.574558019638
527,4.524812698364258,6.510529518127441,2651.8376036286354,3609.0850875377655
528,4.469537258148193,6.318312644958496,2656.3071408867836,3615.403400182724
529,5.747602939605713,6.0546746253967285,2662.0547438263893,3621.4580748081207
530,2.0495402812957764,4.077306270599365,2664.104284107685,3625.53538107872
531,3.8175973892211914,5.6696977615356445,2667.9218814969063,3631.2050788402557
532,5.267509460449219,6.114223003387451,2673.1893909573555,3637.319301843643
533,4.696049213409424,5.805215835571289,2677.885440170765,3643.1245176792145
534,5.366189479827881,6.844155788421631,2683.251629650593,3649.968673467636
535,4.71487283706665,5.430418968200684,2687.9665024876595,3655.399092435837
536,5.435635089874268,6.686365604400635,2693.4021375775337,3662.0854580402374
537,5.255061149597168,6.724405288696289,2698.657198727131,3668.8098633289337
538,5.573588848114014,6.566893100738525,2704.230787575245,3675.3767564296722
539,4.197529315948486,6.0783867835998535,2708.4283168911934,3681.455143213272
540,4.380290985107422,6.397281646728516,2712.808607876301,3687.8524248600006
541,4.127805233001709,6.3596014976501465,2716.9364131093025,3694.2120263576508
542,5.520640850067139,6.929473876953125,2722.4570539593697,3701.141500234604
543,4.517676830291748,5.882462024688721,2726.9747307896614,3707.0239622592926
544,4.371720790863037,6.175600528717041,2731.3464515805244,3713.1995627880096
545,4.639440059661865,6.272783279418945,2735.9858916401863,3719.4723460674286
546,3.7509491443634033,5.633151531219482,2739.7368407845497,3725.105497598648
547,4.878182411193848,6.658512115478516,2744.6150231957436,3731.7640097141266
548,4.6942458152771,6.270108222961426,2749.3092690110207,3738.034117937088
549,3.6094725131988525,5.243806838989258,2752.9187415242195,3743.2779247760773
550,4.216704368591309,6.132141590118408,2757.135445892811,3749.4100663661957
551,5.680514812469482,5.100812911987305,2762.8159607052803,3754.510879278183
552,4.266351699829102,6.478394985198975,2767.0823124051094,3760.989274263382
553,4.80078125,6.654983997344971,2771.8830936551094,3767.644258260727
554,3.5674071311950684,6.133922576904297,2775.4505007863045,3773.778180837631
555,5.3369951248168945,7.01486873626709,2780.7874959111214,3780.7930495738983
556,3.498548746109009,5.745512962341309,2784.2860446572304,3786.5385625362396
557,4.190042018890381,5.3054890632629395,2788.4760866761208,3791.8440515995026
558,7.851947784423828,6.045146465301514,2796.3280344605446,3797.889198064804
559,4.012487411499023,6.2930827140808105,2800.3405218720436,3804.182280778885
560,2.1180810928344727,5.015389919281006,2802.458602964878,3809.197670698166
561,1.097830057144165,3.6587705612182617,2803.5564330220222,3812.856441259384
562,5.364804744720459,6.431713581085205,2808.9212377667427,3819.2881548404694
563,4.200615882873535,6.111732006072998,2813.1218536496162,3825.3998868465424
564,3.4295172691345215,6.3257927894592285,2816.5513709187508,3831.7256796360016
565,0.9179074764251709,1.9984190464019775,2817.469278395176,3833.7240986824036
566,7.38416051864624,6.386950492858887,2824.853438913822,3840.1110491752625
567,4.862483978271484,6.462496757507324,2829.7159228920937,3846.57354593277
568,4.115294933319092,7.016977310180664,2833.8312178254128,3853.5905232429504
569,6.178993225097656,6.626191139221191,2840.0102110505104,3860.2167143821716
570,1.2884809970855713,3.5896265506744385,2841.298692047596,3863.806340932846
571,6.462845802307129,6.142794132232666,2847.761537849903,3869.9491350650787
572,3.760883092880249,6.03051233291626,2851.5224209427834,3875.979647397995
573,1.679075002670288,5.40277099609375,2853.2014959454536,3881.3824183940887
574,4.658799648284912,5.501335144042969,2857.8602955937386,3886.8837535381317
575,4.245510101318359,5.988810062408447,2862.105805695057,3892.87256360054
576,4.307381629943848,6.547384262084961,2866.4131873250008,3899.419947862625
577,5.665134906768799,7.45816707611084,2872.0783222317696,3906.878114938736
578,2.036613941192627,3.6891491413116455,2874.114936172962,3910.5672640800476
579,4.103529930114746,6.505115985870361,2878.218466103077,3917.072380065918
580,7.051055431365967,6.183080196380615,2885.269521534443,3923.2554602622986
581,6.073594570159912,6.826903820037842,2891.343116104603,3930.0823640823364
582,4.119221210479736,6.9976487159729,2895.4623373150826,3937.0800127983093
583,4.103255271911621,6.350210189819336,2899.565592586994,3943.4302229881287
584,5.618351459503174,5.8048200607299805,2905.1839440464973,3949.2350430488586
585,6.09374475479126,7.801336765289307,2911.2776888012886,3957.036379814148
586,5.168056011199951,5.581192493438721,2916.4457448124886,3962.6175723075867
587,0.8511399626731873,1.911142349243164,2917.2968847751617,3964.52871465683
588,3.4113426208496094,6.018950462341309,2920.7082273960114,3970.547665119171
589,3.8353216648101807,7.84583044052124,2924.5435490608215,3978.3934955596924
590,5.417932033538818,7.083778381347656,2929.9614810943604,3985.47727394104
591,4.477134704589844,5.9825663566589355,2934.43861579895,3991.459840297699
592,3.9093093872070312,5.798861503601074,2938.347925186157,3997.2587018013
593,3.647289276123047,5.846741676330566,2941.9952144622803,4003.1054434776306
594,3.2967700958251953,4.607010841369629,2945.2919845581055,4007.7124543190002
595,4.2227678298950195,6.403372287750244,2949.5147523880005,4014.1158266067505
596,4.671207427978516,6.23979377746582,2954.185959815979,4020.3556203842163
597,4.5556206703186035,6.834926605224609,2958.7415804862976,4027.190546989441
598,4.418078422546387,5.327088356018066,2963.159658908844,4032.517635345459
599,2.597625732421875,5.4327006340026855,2965.757284641266,4037.9503359794617
600,4.4272685050964355,6.387215614318848,2970.1845531463623,4044.3375515937805
601,3.9247493743896484,6.111620903015137,2974.109302520752,4050.4491724967957
602,5.051743030548096,5.764863967895508,2979.1610455513,4056.214036464691
603,4.251194953918457,5.971452713012695,2983.4122405052185,4062.185489177704
604,4.231746673583984,6.913370132446289,2987.6439871788025,4069.09885931015
605,4.119475364685059,6.066978931427002,2991.7634625434875,4075.165838241577
606,7.559813976287842,6.880091667175293,2999.3232765197754,4082.0459299087524
607,4.548811912536621,6.057615280151367,3003.872088432312,4088.103545188904
608,4.837199687957764,6.375211715698242,3008.70928812027,4094.478756904602
609,4.012538909912109,6.396426677703857,3012.721827030182,4100.875183582306
610,2.46684193611145,5.04952335357666,3015.1886689662933,4105.924706935883
611,4.6140031814575195,6.4836745262146,3019.802672147751,4112.408381462097
612,3.200188636779785,6.8093743324279785,3023.0028607845306,4119.217755794525
613,4.618600368499756,6.527634143829346,3027.6214611530304,4125.7453899383545
614,6.721312522888184,7.058640956878662,3034.3427736759186,4132.804030895233
615,5.837533473968506,7.330844879150391,3040.180307149887,4140.1348757743835
616,3.5860729217529297,6.357949256896973,3043.76638007164,4146.4928250312805
617,3.6085445880889893,6.487048625946045,3047.374924659729,4152.979873657227
618,4.570266246795654,6.256106853485107,3051.9451909065247,4159.235980510712
619,4.2740302085876465,6.285778522491455,3056.2192211151123,4165.521759033203
620,2.193328857421875,4.911557197570801,3058.412549972534,4170.433316230774
621,5.527830600738525,6.466279029846191,3063.9403805732727,4176.89959526062
622,3.859098196029663,6.12003231048584,3067.7994787693024,4183.019627571106
623,4.302221298217773,6.363427639007568,3072.10170006752,4189.3830552101135
624,9.82987117767334,7.273193836212158,3081.9315712451935,4196.656249046326
625,3.5158824920654297,5.111834526062012,3085.447453737259,4201.768083572388
626,5.516563892364502,6.677289962768555,3090.9640176296234,4208.445373535156
627,4.754817485809326,6.827179908752441,3095.7188351154327,4215.272553443909
628,1.2839264869689941,3.3104565143585205,3097.0027616024017,4218.583009958267
629,4.289819717407227,5.9641900062561035,3101.292581319809,4224.547199964523
630,4.205136775970459,5.962862014770508,3105.4977180957794,4230.510061979294
631,4.0024213790893555,6.117909908294678,3109.500139474869,4236.6279718875885
632,3.6624014377593994,6.519797325134277,3113.162540912628,4243.147769212723
633,4.2896952629089355,6.315001487731934,3117.452236175537,4249.462770700455
634,4.714324474334717,6.325356483459473,3122.166560649872,4255.788127183914
635,6.412886142730713,6.40965461730957,3128.5794467926025,4262.197781801224
636,4.0478692054748535,5.863474369049072,3132.6273159980774,4268.061256170273
637,5.435030937194824,6.621606349945068,3138.062346935272,4274.682862520218
638,3.6500701904296875,5.510669231414795,3141.712417125702,4280.193531751633
639,1.2801337242126465,4.648656845092773,3142.9925508499146,4284.8421885967255
640,4.347455024719238,7.4099812507629395,3147.340005874634,4292.252169847488
641,4.5037713050842285,6.760046005249023,3151.843777179718,4299.012215852737
642,4.198878765106201,6.36125373840332,3156.042655944824,4305.373469591141
643,3.8438615798950195,6.181113243103027,3159.8865175247192,4311.554582834244
644,5.428048610687256,7.024081707000732,3165.3145661354065,4318.5786645412445
645,6.347690105438232,6.13038969039917,3171.6622562408447,4324.709054231644
646,5.239207744598389,4.992980480194092,3176.901463985443,4329.702034711838
647,1.2603200674057007,4.072813034057617,3178.161784052849,4333.774847745895
648,4.462920665740967,5.858186721801758,3182.62470471859,4339.633034467697
649,4.526721000671387,6.0425333976745605,3187.151425719261,4345.675567865372
650,4.752568244934082,6.52617073059082,3191.9039939641953,4352.2017385959625
651,5.917649269104004,7.177374362945557,3197.8216432332993,4359.379112958908
652,3.608503580093384,6.305200576782227,3201.4301468133926,4365.68431353569
653,4.27485466003418,6.027142524719238,3205.705001473427,4371.71145606041
654,5.624199390411377,5.447823524475098,3211.329200863838,4377.159279584885
655,3.2838661670684814,5.897730350494385,3214.6130670309067,4383.057009935379
656,5.050494194030762,7.422049045562744,3219.6635612249374,4390.479058980942
657,1.1153688430786133,3.5264291763305664,3220.778930068016,4394.005488157272
658,3.0681312084198,5.730129241943359,3223.847061276436,4399.735617399216
659,4.138123512268066,5.973207473754883,3227.985184788704,4405.708824872971
660,4.593812465667725,5.336860656738281,3232.5789972543716,4411.045685529709
661,5.054938793182373,6.669011116027832,3237.633936047554,4417.714696645737
662,0.8475475907325745,2.4756391048431396,3238.4814836382866,4420.19033575058
663,1.6273915767669678,4.052739143371582,3240.1088752150536,4424.243074893951
664,3.901449203491211,5.708728790283203,3244.0103244185448,4429.951803684235
665,6.17587423324585,6.959810256958008,3250.1861986517906,4436.911613941193
666,3.5003502368927,5.386353969573975,3253.6865488886833,4442.297967910767
667,3.599494457244873,5.911886215209961,3257.286043345928,4448.209854125977
668,4.335397243499756,6.160940170288086,3261.621440589428,4454.370794296265
669,3.66109561920166,6.14866304397583,3265.2825362086296,4460.5194573402405
670,1.0535423755645752,3.1662724018096924,3266.336078584194,4463.68572974205
671,3.928611993789673,5.50360631942749,3270.264690577984,4469.189336061478
672,4.626480579376221,5.156276702880859,3274.89117115736,4474.3456127643585
673,3.9650847911834717,5.751875400543213,3278.8562559485435,4480.097488164902
674,4.501475811004639,6.326671123504639,3283.357731759548,4486.424159288406
675,3.7513060569763184,5.82092809677124,3287.1090378165245,4492.245087385178
676,4.024597644805908,6.1378912925720215,3291.1336354613304,4498.38297867775
677,0.9299262166023254,2.5691845417022705,3292.0635616779327,4500.952163219452
678,1.1482832431793213,5.337573528289795,3293.211844921112,4506.289736747742
679,3.976088523864746,6.21066427230835,3297.187933444977,4512.50040102005
680,4.850447654724121,5.801558017730713,3302.038381099701,4518.301959037781
681,3.481215476989746,6.443357467651367,3305.5195965766907,4524.745316505432
682,4.6936469078063965,6.6077046394348145,3310.213243484497,4531.353021144867
683,3.2576708793640137,5.433993339538574,3313.470914363861,4536.7870144844055
684,3.3101558685302734,5.942858695983887,3316.7810702323914,4542.729873180389
685,4.884055137634277,7.0402045249938965,3321.6651253700256,4549.770077705383
686,2.3197081089019775,5.315474987030029,3323.9848334789276,4555.085552692413
687,4.227016448974609,5.817920207977295,3328.211849927902,4560.903472900391
688,5.237662315368652,6.35359001159668,3333.449512243271,4567.257062911987
689,1.5179060697555542,4.567608833312988,3334.9674183130264,4571.8246717453
690,4.31217622756958,6.119471073150635,3339.279594540596,4577.944142818451
691,5.124595642089844,6.829817295074463,3344.404190182686,4584.773960113525
692,4.665729999542236,5.739748001098633,3349.069920182228,4590.513708114624
693,4.43164587020874,6.035358905792236,3353.501566052437,4596.549067020416
694,3.98526668548584,5.909730911254883,3357.4868327379227,4602.458797931671
695,3.903524875640869,6.033176898956299,3361.3903576135635,4608.491974830627
696,3.727898597717285,5.553755760192871,3365.118256211281,4614.04573059082
697,4.072705268859863,5.063005447387695,3369.1909614801407,4619.108736038208
698,5.305284023284912,5.300814628601074,3374.4962455034256,4624.409550666809
699,6.300365924835205,6.513978004455566,3380.796611428261,4630.923528671265
700,6.20173978805542,6.862521171569824,3386.998351216316,4637.7860498428345
701,7.326272010803223,6.0424323081970215,3394.3246232271194,4643.8284821510315
702,5.474762916564941,6.230406284332275,3399.7993861436844,4650.058888435364
703,4.001746654510498,6.40357780456543,3403.801132798195,4656.462466239929
704,3.9088425636291504,6.525548934936523,3407.709975361824,4662.988015174866
705,5.012176513671875,6.286950588226318,3412.722151875496,4669.274965763092
706,1.6699920892715454,3.6262552738189697,3414.3921439647675,4672.901221036911
707,4.557717800140381,5.576320171356201,3418.949861764908,4678.477541208267
708,5.933136463165283,6.3844170570373535,3424.882998228073,4684.861958265305
709,3.600203275680542,4.920915603637695,3428.4832015037537,4689.782873868942
710,4.601974964141846,6.052890777587891,3433.0851764678955,4695.83576464653
711,1.5471818447113037,4.932852745056152,3434.632358312607,4700.768617391586
712,3.6148738861083984,5.40910005569458,3438.247232198715,4706.177717447281
713,4.028410911560059,6.354126930236816,3442.2756431102753,4712.531844377518
714,4.523448467254639,5.7007622718811035,3446.79909157753,4718.232606649399
715,4.910006046295166,6.305032253265381,3451.709097623825,4724.537638902664
716,1.6461577415466309,4.12335205078125,3453.3552553653717,4728.660990953445
717,2.0581130981445312,4.734873294830322,3455.4133684635162,4733.395864248276
718,5.331864833831787,6.598642826080322,3460.745233297348,4739.994507074356
719,4.092643737792969,5.349524974822998,3464.837877035141,4745.344032049179
720,4.0001068115234375,5.443363666534424,3468.8379838466644,4750.7873957157135
721,4.041524887084961,6.1311936378479,3472.8795087337494,4756.918589353561
722,4.218288898468018,5.8011274337768555,3477.0977976322174,4762.719716787338
723,1.7481056451797485,3.212693929672241,3478.845903277397,4765.9324107170105
724,4.326749324798584,6.739580154418945,3483.1726526021957,4772.671990871429
725,5.253736972808838,6.598320007324219,3488.4263895750046,4779.270310878754
726,4.018918514251709,6.634660720825195,3492.4453080892563,4785.904971599579
727,5.013513088226318,6.592729091644287,3497.4588211774826,4792.497700691223
728,1.4000418186187744,5.2559919357299805,3498.8588629961014,4797.753692626953
729,3.6159110069274902,6.040993690490723,3502.474774003029,4803.794686317444
730,4.37887716293335,6.400797367095947,3506.853651165962,4810.19548368454
731,3.8298003673553467,5.830999851226807,3510.6834515333176,4816.026483535767
732,3.9126970767974854,5.773513317108154,3514.596148610115,4821.799996852875
733,4.392971515655518,6.3532938957214355,3518.9891201257706,4828.153290748596
734,3.689851999282837,6.57011604309082,3522.6789721250534,4834.723406791687
735,4.071552276611328,5.7761454582214355,3526.7505244016647,4840.499552249908
736,4.186432361602783,5.7201313972473145,3530.9369567632675,4846.219683647156
737,2.4595370292663574,5.022461414337158,3533.396493792534,4851.242145061493
738,4.754183292388916,5.868251800537109,3538.150677084923,4857.11039686203
739,3.37909197807312,6.5534234046936035,3541.529769062996,4863.663820266724
740,3.4467742443084717,5.761677265167236,3544.9765433073044,4869.425497531891
741,4.627963542938232,6.806889057159424,3549.6045068502426,4876.23238658905
742,3.132580280303955,5.225671768188477,3552.7370871305466,4881.458058357239
743,4.064628601074219,5.946070671081543,3556.801715731621,4887.40412902832
744,1.0264506340026855,2.7648279666900635,3557.8281663656235,4890.16895699501
745,2.6223576068878174,4.625195503234863,3560.4505239725113,4894.794152498245
746,6.444840431213379,6.369250774383545,3566.8953644037247,4901.163403272629
747,3.7719600200653076,5.120614528656006,3570.66732442379,4906.284017801285
748,2.4788668155670166,5.971606731414795,3573.146191239357,4912.2556245327
749,4.031632900238037,6.306796550750732,3577.177824139595,4918.56242108345
750,4.102104187011719,6.4298577308654785,3581.2799283266068,4924.992278814316
751,3.614081621170044,6.438108444213867,3584.894009947777,4931.43038725853
752,4.995848655700684,6.392641067504883,3589.8898586034775,4937.823028326035
753,1.2086858749389648,3.6015665531158447,3591.0985444784164,4941.42459487915
754,4.566237926483154,5.80416202545166,3595.6647824048996,4947.228756904602
755,4.593573570251465,6.316665172576904,3600.258355975151,4953.545422077179
756,4.262006759643555,5.8743109703063965,3604.5203627347946,4959.419733047485
757,6.470725059509277,6.9520463943481445,3610.991087794304,4966.3717794418335
758,4.0338826179504395,5.610916614532471,3615.0249704122543,4971.982696056366
759,2.7636022567749023,6.023593425750732,3617.7885726690292,4978.006289482117
760,4.310176372528076,6.801009654998779,3622.0987490415573,4984.8072991371155
761,2.9391798973083496,5.475175380706787,3625.0379289388657,4990.282474517822
762,3.71396541595459,6.38834285736084,3628.7518943548203,4996.670817375183
763,9.398408889770508,6.587657928466797,3638.1503032445908,5003.25847530365
764,2.788864850997925,5.852553367614746,3640.9391680955887,5009.111028671265
765,4.221494674682617,6.750788688659668,3645.1606627702713,5015.861817359924
766,5.120535373687744,6.408838748931885,3650.281198143959,5022.270656108856
767,2.979952335357666,4.590156555175781,3653.2611504793167,5026.860812664032
768,5.341824054718018,6.249753475189209,3658.6029745340347,5033.110566139221
769,2.355607032775879,5.263798236846924,3660.9585815668106,5038.374364376068
770,6.043421745300293,6.774354934692383,3667.002003312111,5045.1487193107605
771,4.222472190856934,6.546871185302734,3671.224475502968,5051.695590496063
772,0.8926489353179932,2.9451825618743896,3672.117124438286,5054.640773057938
773,5.336634159088135,6.592623710632324,3677.453758597374,5061.23339676857
774,4.585221767425537,6.520470142364502,3682.0389803647995,5067.753866910934
775,5.953045845031738,6.681095123291016,3687.9920262098312,5074.4349620342255
776,4.8304667472839355,6.605433464050293,3692.822492957115,5081.040395498276
777,4.8272480964660645,6.590697288513184,3697.6497410535812,5087.631092786789
778,4.842675685882568,6.468150615692139,3702.492416739464,5094.099243402481
779,4.226071357727051,5.926606178283691,3706.718488097191,5100.025849580765
780,4.122831344604492,6.058663845062256,3710.8413194417953,5106.084513425827
781,3.320199489593506,5.966958999633789,3714.161518931389,5112.051472425461
782,3.6717028617858887,5.558785438537598,3717.8332217931747,5117.610257863998
783,3.4846177101135254,5.3658223152160645,3721.3178395032883,5122.9760801792145
784,1.1450929641723633,2.9237728118896484,3722.4629324674606,5125.899852991104
785,4.082974910736084,6.079547882080078,3726.5459073781967,5131.979400873184
786,4.070314407348633,5.227653503417969,3730.6162217855453,5137.207054376602
787,1.6554397344589233,5.593658447265625,3732.2716615200043,5142.800712823868
788,3.357581377029419,6.145785331726074,3735.6292428970337,5148.946498155594
789,4.459486484527588,6.769813537597656,3740.0887293815613,5155.7163116931915
790,4.106613636016846,6.84716272354126,3744.195343017578,5162.563474416733
791,6.141722679138184,6.829653739929199,3750.3370656967163,5169.393128156662
792,4.043662071228027,6.005183696746826,3754.3807277679443,5175.398311853409
793,3.8494138717651367,5.543797016143799,3758.2301416397095,5180.942108869553
794,2.90633487701416,5.715455055236816,3761.1364765167236,5186.657563924789
795,6.190917015075684,6.124740123748779,3767.3273935317993,5192.782304048538
796,4.13939094543457,5.709290027618408,3771.466784477234,5198.491594076157
797,3.5848984718322754,5.8585638999938965,3775.051682949066,5204.3501579761505
798,4.7685675621032715,6.6962456703186035,3779.8202505111694,5211.046403646469
799,4.750626564025879,6.3999433517456055,3784.5708770751953,5217.446346998215
800,3.719862699508667,6.245925426483154,3788.290739774704,5223.692272424698
801,3.9537038803100586,5.959544658660889,3792.244443655014,5229.651817083359
802,2.072831153869629,4.0836381912231445,3794.3172748088837,5233.735455274582
803,1.0076696872711182,3.6651198863983154,3795.324944496155,5237.40057516098
804,4.818991661071777,6.1581902503967285,3800.1439361572266,5243.558765411377
805,2.8357837200164795,5.7154927253723145,3802.979719877243,5249.274258136749
806,5.145030498504639,6.407900810241699,3808.1247503757477,5255.682158946991
807,4.442459583282471,5.743690490722656,3812.56720995903,5261.425849437714
808,1.0913761854171753,3.2884886264801025,3813.6585861444473,5264.714338064194
809,3.567993402481079,5.653003692626953,3817.2265795469284,5270.367341756821
810,4.522552967071533,6.230151176452637,3821.749132514,5276.597492933273
811,4.203755855560303,5.220391273498535,3825.9528883695602,5281.817884206772
812,1.227112889289856,3.424551248550415,3827.18000125885,5285.242435455322
813,4.398751735687256,6.313137054443359,3831.5787529945374,5291.555572509766
814,4.364443302154541,5.941533088684082,3835.943196296692,5297.49710559845
815,6.455526351928711,6.482327938079834,3842.3987226486206,5303.9794335365295
816,4.281841278076172,6.334695339202881,3846.680563926697,5310.314128875732
817,6.626354694366455,5.90482759475708,3853.3069186210632,5316.2189564704895
818,3.5618929862976074,6.273831367492676,3856.868811607361,5322.492787837982
819,3.7423229217529297,6.080910682678223,3860.6111345291138,5328.57369852066
820,3.966292381286621,6.880465507507324,3864.5774269104004,5335.454164028168
821,4.53772497177124,5.56461763381958,3869.1151518821716,5341.018781661987
822,0.8641132116317749,2.800227403640747,3869.9792650938034,5343.819009065628
823,2.812305450439453,5.596438407897949,3872.791570544243,5349.415447473526
824,3.775571584701538,6.533624172210693,3876.5671421289444,5355.949071645737
825,4.17412805557251,6.056082248687744,3880.741270184517,5362.005153894424
826,4.0505170822143555,6.502483367919922,3884.7917872667313,5368.507637262344
827,4.0829925537109375,6.1874823570251465,3888.874779820442,5374.6951196193695
828,4.465069770812988,6.642521381378174,3893.339849591255,5381.337641000748
829,4.8949809074401855,7.067947864532471,3898.2348304986954,5388.40558886528
830,6.004127025604248,6.374344825744629,3904.2389575242996,5394.779933691025
831,3.896897554397583,6.498086929321289,3908.135855078697,5401.278020620346
832,5.208417892456055,5.716558456420898,3913.3442729711533,5406.994579076767
833,6.04554557800293,6.261178493499756,3919.389818549156,5413.255757570267
834,5.303581714630127,5.317924499511719,3924.6934002637863,5418.573682069778
835,3.888392686843872,6.3962321281433105,3928.58179295063,5424.969914197922
836,4.666356563568115,5.921514511108398,3933.2481495141983,5430.89142870903
837,4.003434181213379,6.381252288818359,3937.2515836954117,5437.2726809978485
838,0.8029658794403076,3.058629035949707,3938.054549574852,5440.331310033798
839,4.211341381072998,5.792626857757568,3942.265890955925,5446.123936891556
840,3.4372622966766357,5.547548294067383,3945.7031532526016,5451.671485185623
841,4.470551013946533,7.099148273468018,3950.173704266548,5458.770633459091
842,4.898865222930908,5.93239164352417,3955.072569489479,5464.703025102615
843,4.740065097808838,6.881171226501465,3959.812634587288,5471.584196329117
844,5.254742622375488,6.031764984130859,3965.0673772096634,5477.615961313248
845,4.705893516540527,5.864807605743408,3969.773270726204,5483.480768918991
846,4.414979934692383,5.924627304077148,3974.1882506608963,5489.405396223068
847,6.109517574310303,5.864533424377441,3980.2977682352066,5495.269929647446
848,5.840373992919922,6.972903251647949,3986.1381422281265,5502.242832899094
849,4.547530651092529,5.726014137268066,3990.685672879219,5507.968847036362
850,3.8904550075531006,6.2342023849487305,3994.576127886772,5514.20304942131
851,3.5915000438690186,5.82002067565918,3998.167627930641,5520.02307009697
852,4.415004730224609,6.040748596191406,4002.582632660866,5526.063818693161
853,4.9224348068237305,6.5289130210876465,4007.5050674676895,5532.592731714249
854,4.662867069244385,6.707252025604248,4012.167934536934,5539.299983739853
855,4.872056007385254,6.293066024780273,4017.039990544319,5545.593049764633
856,5.992420673370361,5.706521987915039,4023.0324112176895,5551.299571752548
857,5.186858177185059,5.093926429748535,4028.2192693948746,5556.393498182297
858,3.2855494022369385,5.321097373962402,4031.5048187971115,5561.714595556259
859,3.5743465423583984,5.716873645782471,4035.07916533947,5567.431469202042
860,3.6044013500213623,5.515407085418701,4038.6835666894913,5572.94687628746
861,5.6238532066345215,6.867871284484863,4044.307419896126,5579.814747571945
862,4.622364044189453,5.669785022735596,4048.9297839403152,5585.484532594681
863,4.253103256225586,6.876349925994873,4053.182887196541,5592.360882520676
864,3.941206216812134,5.757688999176025,4057.124093413353,5598.118571519852
865,4.6709089279174805,6.955794811248779,4061.7950023412704,5605.0743663311005
866,2.534529685974121,7.322376251220703,4064.3295320272446,5612.396742582321
867,3.7635750770568848,6.588317394256592,4068.0931071043015,5618.985059976578
868,1.047877550125122,3.630603075027466,4069.1409846544266,5622.615663051605
869,5.3135762214660645,6.045725345611572,4074.4545608758926,5628.661388397217
870,3.950815200805664,6.104747772216797,4078.4053760766983,5634.766136169434
871,5.805830001831055,5.864236831665039,4084.2112060785294,5640.630373001099
872,4.096791744232178,5.894816875457764,4088.3079978227615,5646.525189876556
873,3.1778523921966553,5.6086907386779785,4091.485850214958,5652.133880615234
874,5.0377655029296875,6.7868828773498535,4096.523615717888,5658.920763492584
875,5.362799644470215,6.095797538757324,4101.886415362358,5665.016561031342
876,2.838977575302124,6.198992729187012,4104.72539293766,5671.215553760529
877,3.665574789047241,6.160883903503418,4108.3909677267075,5677.376437664032
878,5.113400459289551,7.219313621520996,4113.504368185997,5684.595751285553
879,3.976557493209839,6.265625,4117.480925679207,5690.861376285553
880,3.6904914379119873,6.083984375,4121.171417117119,5696.945360660553
881,4.517841815948486,5.128106117248535,4125.689258933067,5702.0734667778015
882,0.974247395992279,3.30887508392334,4126.66350632906,5705.382341861725
883,4.443478584289551,5.513838768005371,4131.106984913349,5710.89618062973
884,6.803991794586182,5.95631217956543,4137.910976707935,5716.852492809296
885,4.759163856506348,5.814589023590088,4142.670140564442,5722.667081832886
886,8.72866439819336,6.297597885131836,4151.398804962635,5728.964679718018
887,4.923324108123779,6.28656005859375,4156.322129070759,5735.251239776611
888,4.933472633361816,6.379140853881836,4161.255601704121,5741.630380630493
889,4.4992780685424805,6.3396172523498535,4165.754879772663,5747.969997882843
890,5.717750549316406,6.308436393737793,4171.4726303219795,5754.278434276581
891,4.696866989135742,6.1992316246032715,4176.169497311115,5760.477665901184
892,3.3642053604125977,6.1627936363220215,4179.533702671528,5766.640459537506
893,3.531505584716797,5.624946594238281,4183.065208256245,5772.265406131744
894,4.6118927001953125,5.9738922119140625,4187.67710095644,5778.239298343658
895,4.568591594696045,6.9504170417785645,4192.245692551136,5785.189715385437
896,4.575933933258057,5.978555202484131,4196.821626484394,5791.168270587921
897,4.727608680725098,6.274707794189453,4201.549235165119,5797.442978382111
898,3.904726028442383,6.496937274932861,4205.453961193562,5803.9399156570435
899,0.9722957611083984,3.28068470954895,4206.42625695467,5807.220600366592
900,4.066068649291992,6.077236175537109,4210.492325603962,5813.2978365421295
901,4.832633972167969,6.53402853012085,4215.32495957613,5819.83186507225
902,4.7577805519104,6.2358880043029785,4220.08274012804,5826.067753076553
903,6.010869979858398,6.692377090454102,4226.093610107899,5832.760130167007
904,5.486377239227295,6.310096263885498,4231.579987347126,5839.070226430893
905,4.163864612579346,5.782224655151367,4235.743851959705,5844.852451086044
906,5.395185947418213,5.960054874420166,4241.139037907124,5850.8125059604645
907,3.6948955059051514,5.854118347167969,4244.833933413029,5856.666624307632
908,3.8546829223632812,6.37951135635376,4248.688616335392,5863.046135663986
909,4.850605487823486,6.5978474617004395,4253.5392218232155,5869.643983125687
910,4.638769149780273,6.384654998779297,4258.177990972996,5876.028638124466
911,4.084327220916748,5.583326816558838,4262.2623181939125,5881.611964941025
912,3.707685947418213,4.474860668182373,4265.970004141331,5886.086825609207
913,4.444669246673584,5.901246547698975,4270.414673388004,5891.988072156906
914,3.8315677642822266,5.9411773681640625,4274.2462411522865,5897.92924952507
915,1.7927207946777344,5.631459712982178,4276.038961946964,5903.560709238052
916,3.4641683101654053,6.731258869171143,4279.50313025713,5910.2919681072235
917,3.3186631202697754,5.296317100524902,4282.821793377399,5915.588285207748
918,3.590205669403076,6.274592876434326,4286.4119990468025,5921.862878084183
919,5.3855156898498535,6.365250587463379,4291.797514736652,5928.228128671646
920,3.849181890487671,6.290256500244141,4295.64669662714,5934.51838517189
921,6.607183933258057,6.093489646911621,4302.253880560398,5940.611874818802
922,4.103017330169678,6.173202991485596,4306.356897890568,5946.7850778102875
923,3.6741206645965576,6.064665794372559,4310.031018555164,5952.84974360466
924,4.1224045753479,5.774820804595947,4314.153423130512,5958.624564409256
925,4.840776443481445,6.394565582275391,4318.994199573994,5965.019129991531
926,5.024555683135986,6.968240261077881,4324.01875525713,5971.987370252609
927,3.3199338912963867,6.86909294128418,4327.338689148426,5978.856463193893
928,4.231261253356934,6.279952049255371,4331.569950401783,5985.136415243149
929,3.7126872539520264,5.797684192657471,4335.282637655735,5990.934099435806
930,5.233442783355713,5.801751136779785,4340.516080439091,5996.735850572586
931,5.251143932342529,6.280472755432129,4345.767224371433,6003.016323328018
932,3.6578118801116943,5.919275283813477,4349.425036251545,6008.935598611832
933,3.916465997695923,5.578080177307129,4353.341502249241,6014.513678789139
934,3.920473575592041,6.123057842254639,4357.261975824833,6020.636736631393
935,5.370648384094238,6.851565837860107,4362.632624208927,6027.4883024692535
936,3.554248332977295,6.3364577293396,4366.186872541904,6033.824760198593
937,3.8281538486480713,6.1122846603393555,4370.0150263905525,6039.9370448589325
938,3.9691741466522217,5.803336143493652,4373.984200537205,6045.740381002426
939,3.269998788833618,6.5046610832214355,4377.254199326038,6052.245042085648
940,3.1029303073883057,5.9384989738464355,4380.357129633427,6058.183541059494
941,1.453413486480713,3.733613967895508,4381.810543119907,6061.9171550273895
942,4.6237640380859375,6.224295139312744,4386.434307157993,6068.141450166702
943,4.563933849334717,5.2968926429748535,4390.998241007328,6073.438342809677
944,3.856983184814453,5.804847240447998,4394.8552241921425,6079.243190050125
945,3.3686511516571045,6.134348392486572,4398.2238753438,6085.377538442612
946,3.961245059967041,6.63071870803833,4402.185120403767,6092.00825715065
947,3.5093994140625,5.431541442871094,4405.694519817829,6097.439798593521
948,5.073577404022217,7.111404895782471,4410.768097221851,6104.551203489304
949,5.8123698234558105,6.659631729125977,4416.580467045307,6111.21083521843
950,3.8245365619659424,6.5958404541015625,4420.405003607273,6117.806675672531
951,1.4068044424057007,5.6189141273498535,4421.811808049679,6123.425589799881
952,1.7670806646347046,4.274840354919434,4423.5788887143135,6127.7004301548
953,3.8754520416259766,5.433718204498291,4427.4543407559395,6133.134148359299
954,4.289793968200684,6.072653293609619,4431.74413472414,6139.206801652908
955,4.344995975494385,6.372164726257324,4436.089130699635,6145.578966379166
956,4.297398090362549,5.811758995056152,4440.386528789997,6151.390725374222
957,1.804587960243225,3.7922821044921875,4442.19111675024,6155.183007478714
958,3.517824649810791,6.186766147613525,4445.708941400051,6161.3697736263275
959,3.3780627250671387,5.286403656005859,4449.087004125118,6166.656177282333
960,4.712321758270264,6.232924938201904,4453.7993258833885,6172.889102220535
961,4.757272720336914,6.39915657043457,4458.556598603725,6179.28825879097
962,3.703666925430298,5.771900177001953,4462.260265529156,6185.060158967972
963,5.015713691711426,6.123672962188721,4467.275979220867,6191.1838319301605
964,3.4843170642852783,5.170034885406494,4470.760296285152,6196.353866815567
965,6.190499782562256,6.371759414672852,4476.950796067715,6202.72562623024
966,3.3040101528167725,5.885665416717529,4480.2548062205315,6208.611291646957
967,5.250312328338623,5.864343166351318,4485.50511854887,6214.475634813309
968,4.930446147918701,5.345013618469238,4490.435564696789,6219.820648431778
969,3.963338851928711,6.511687755584717,4494.3989035487175,6226.332336187363
970,2.350057601928711,4.045172214508057,4496.748961150646,6230.377508401871
971,2.0116801261901855,4.401761531829834,4498.760641276836,6234.779269933701
972,4.41916561126709,6.386495590209961,4503.1798068881035,6241.1657655239105
973,4.801056861877441,5.966883182525635,4507.980863749981,6247.132648706436
974,4.124484539031982,6.579880714416504,4512.105348289013,6253.712529420853
975,4.919154167175293,6.372837066650391,4517.024502456188,6260.085366487503
976,2.6007368564605713,5.1957807540893555,4519.625239312649,6265.281147241592
977,4.601041316986084,5.992857456207275,4524.226280629635,6271.2740046978
978,2.315652370452881,5.55323600769043,4526.541933000088,6276.82724070549
979,5.660220623016357,6.521081924438477,4532.202153623104,6283.348322629929
980,5.752834320068359,6.14350700378418,4537.9549879431725,6289.491829633713
981,1.4834650754928589,5.098742485046387,4539.438453018665,6294.590572118759
982,4.321814060211182,6.391230583190918,4543.7602670788765,6300.98180270195
983,4.681666851043701,5.562594413757324,4548.44193392992,6306.544397115707
984,4.209959506988525,5.837718486785889,4552.651893436909,6312.382115602493
985,4.930726051330566,6.260019779205322,4557.582619488239,6318.642135381699
986,1.164206624031067,4.105324745178223,4558.74682611227,6322.747460126877
987,1.8144079446792603,4.2887725830078125,4560.56123405695,6327.036232709885
988,2.814480781555176,5.471584320068359,4563.375714838505,6332.507817029953
989,4.24286413192749,6.087831497192383,4567.618578970432,6338.595648527145
990,3.331937789916992,5.387063026428223,4570.950516760349,6343.982711553574
991,1.4579081535339355,4.398930549621582,4572.408424913883,6348.381642103195
992,4.519634246826172,4.870718479156494,4576.928059160709,6353.252360582352
993,5.132796764373779,6.725514888763428,4582.060855925083,6359.977875471115
994,4.251425743103027,5.909456253051758,4586.312281668186,6365.887331724167
995,2.745511054992676,4.258725166320801,4589.057792723179,6370.146056890488
996,4.054411888122559,6.418887615203857,4593.112204611301,6376.5649445056915
997,4.062431335449219,5.686197280883789,4597.174635946751,6382.251141786575
998,4.452940464019775,6.379742622375488,4601.62757641077,6388.630884408951
999,3.482670307159424,4.879519939422607,4605.11024671793,6393.510404348373
1000,4.107766628265381,5.230900287628174,4609.218013346195,6398.741304636002
1001,3.1393842697143555,4.551610469818115,4612.35739761591,6403.29291510582
1002,3.578551769256592,4.637035846710205,4615.935949385166,6407.92995095253
1003,3.8733880519866943,5.615689754486084,4619.809337437153,6413.545640707016
1004,2.0095741748809814,2.7835533618927,4621.818911612034,6416.329194068909
1005,3.9584264755249023,5.380944728851318,4625.777338087559,6421.71013879776
1006,3.5337014198303223,4.718384265899658,4629.311039507389,6426.42852306366
1007,2.7736310958862305,2.5358638763427734,4632.084670603275,6428.964386940002
1008,0.8906567692756653,2.7787487506866455,4632.975327372551,6431.743135690689
1009,4.456483840942383,5.51552677154541,4637.431811213493,6437.2586624622345
1010,4.7718424797058105,5.85848331451416,4642.203653693199,6443.117145776749
1011,3.142443895339966,4.236219882965088,4645.346097588539,6447.353365659714
1012,3.452711582183838,5.326779365539551,4648.798809170723,6452.680145025253
1013,3.5598886013031006,5.319703578948975,4652.358697772026,6457.999848604202
1014,3.7455296516418457,5.344417095184326,4656.104227423668,6463.344265699387
1015,3.876157760620117,4.658493995666504,4659.980385184288,6468.002759695053
1016,4.3180832862854,5.708853721618652,4664.298468470573,6473.711613416672
1017,4.1656107902526855,5.502042770385742,4668.464079260826,6479.2136561870575
1018,1.5667465925216675,4.216763973236084,4670.030825853348,6483.430420160294
1019,0.7467538118362427,2.198880672454834,4670.777579665184,6485.629300832748
1020,3.7393229007720947,5.018364906311035,4674.516902565956,6490.647665739059
1021,3.645636796951294,5.200862407684326,4678.162539362907,6495.848528146744
1022,3.1618618965148926,4.218328475952148,4681.324401259422,6500.066856622696
1023,1.3304537534713745,3.8308446407318115,4682.654855012894,6503.897701263428
1024,5.259768962860107,5.0179219245910645,4687.914623975754,6508.915623188019
1025,3.2738077640533447,4.988399982452393,4691.188431739807,6513.904023170471
1026,3.914734125137329,5.424224853515625,4695.1031658649445,6519.328248023987
1027,1.9185374975204468,3.397810697555542,4697.021703362465,6522.726058721542
1028,3.612759590148926,5.109936237335205,4700.634462952614,6527.835994958878
1029,4.064023494720459,5.101980686187744,4704.698486447334,6532.937975645065
1030,3.9374756813049316,5.453855514526367,4708.635962128639,6538.391831159592
1031,2.417330741882324,4.846157073974609,4711.053292870522,6543.237988233566
1032,3.1910059452056885,5.570281982421875,4714.244298815727,6548.808270215988
1033,4.135349273681641,5.206145286560059,4718.379648089409,6554.014415502548
1034,3.54477858543396,5.142012596130371,4721.924426674843,6559.156428098679
1035,3.8496999740600586,4.245290279388428,4725.774126648903,6563.401718378067
1036,4.609356880187988,5.029850006103516,4730.383483529091,6568.4315683841705
1037,3.5779833793640137,5.7939534187316895,4733.961466908455,6574.225521802902
1038,3.869098424911499,5.917717933654785,4737.830565333366,6580.143239736557
1039,2.470857620239258,4.033238887786865,4740.301422953606,6584.176478624344
1040,4.8303070068359375,5.329567909240723,4745.131729960442,6589.506046533585
1041,3.5915188789367676,4.768534183502197,4748.723248839378,6594.274580717087
1042,3.865494728088379,5.504091262817383,4752.588743567467,6599.778671979904
1043,4.872437477111816,6.24860143661499,4757.461181044579,6606.027273416519
1044,1.7847131490707397,4.113729476928711,4759.245894193649,6610.141002893448
1045,3.581383228302002,4.770998477935791,4762.827277421951,6614.912001371384
1046,4.206907272338867,5.360921382904053,4767.03418469429,6620.272922754288
1047,5.21815299987793,5.652068614959717,4772.252337694168,6625.924991369247
1048,4.532831192016602,4.989226818084717,4776.785168886185,6630.914218187332
1049,4.013648509979248,5.024245262145996,4780.798817396164,6635.938463449478
1050,3.7397685050964355,4.905032157897949,4784.53858590126,6640.843495607376
1051,4.3172383308410645,5.271175861358643,4788.855824232101,6646.114671468735
1052,5.752038955688477,5.055991172790527,4794.60786318779,6651.170662641525
1053,3.9228830337524414,5.3171796798706055,4798.530746221542,6656.487842321396
1054,3.953317642211914,5.430379390716553,4802.484063863754,6661.918221712112
1055,3.7419941425323486,5.507348537445068,4806.226058006287,6667.4255702495575
1056,4.450867176055908,4.874390125274658,4810.6769251823425,6672.299960374832
1057,3.475100040435791,4.734249591827393,4814.152025222778,6677.03420996666
1058,3.3026084899902344,4.794552326202393,4817.454633712769,6681.828762292862
1059,3.7903196811676025,5.331689357757568,4821.244953393936,6687.1604516506195
1060,4.784817695617676,5.2205491065979,4826.029771089554,6692.381000757217
1061,3.197303533554077,5.0691399574279785,4829.227074623108,6697.450140714645
1062,3.727778911590576,5.620038032531738,4832.9548535346985,6703.070178747177
1063,3.7889163494110107,5.086949348449707,4836.7437698841095,6708.157128095627
1064,4.185957908630371,3.936835765838623,4840.92972779274,6712.093963861465
1065,5.226271629333496,5.308689117431641,4846.155999422073,6717.402652978897
1066,4.418243885040283,5.662372589111328,4850.574243307114,6723.065025568008
1067,3.497373104095459,4.924019813537598,4854.071616411209,6727.989045381546
1068,3.0012619495391846,4.060796737670898,4857.072878360748,6732.049842119217
1069,4.539326190948486,5.938380241394043,4861.612204551697,6737.988222360611
1070,4.237429141998291,5.501522541046143,4865.849633693695,6743.489744901657
1071,3.6098384857177734,5.152969837188721,4869.459472179413,6748.642714738846
1072,5.266590595245361,5.559201717376709,4874.726062774658,6754.2019164562225
1073,3.8529746532440186,4.7845001220703125,4878.579037427902,6758.986416578293
1074,3.558116912841797,4.76527738571167,4882.137154340744,6763.7516939640045
1075,3.3590171337127686,5.53049898147583,4885.496171474457,6769.28219294548
1076,4.131057262420654,5.760124683380127,4889.627228736877,6775.0423176288605
1077,4.15140438079834,5.674564361572266,4893.778633117676,6780.716881990433
1078,3.1035308837890625,5.199253559112549,4896.882164001465,6785.916135549545
1079,3.7357711791992188,4.976860046386719,4900.617935180664,6790.892995595932
1080,3.302851915359497,5.650576591491699,4903.920787096024,6796.543572187424
1081,3.9722917079925537,4.959978103637695,4907.893078804016,6801.503550291061
1082,3.2084786891937256,4.30761194229126,4911.10155749321,6805.811162233353
1083,4.789543628692627,5.156959056854248,4915.8911011219025,6810.968121290207
1084,4.147976875305176,5.444087982177734,4920.039077997208,6816.412209272385
1085,4.069308757781982,5.078460216522217,4924.10838675499,6821.490669488907
1086,0.7171962261199951,1.8658416271209717,4924.82558298111,6823.356511116028
1087,1.6611051559448242,4.363766193389893,4926.486688137054,6827.720277309418
1088,5.127086162567139,6.227793216705322,4931.613774299622,6833.948070526123
1089,4.387712001800537,5.942978858947754,4936.001486301422,6839.891049385071
1090,3.2466084957122803,5.771629333496094,4939.248094797134,6845.662678718567
1091,3.1199142932891846,4.5324506759643555,4942.368009090424,6850.195129394531
1092,3.445720911026001,5.637631416320801,4945.81373000145,6855.832760810852
1093,3.780740261077881,5.469776153564453,4949.5944702625275,6861.3025369644165
1094,4.315845489501953,5.427414894104004,4953.910315752029,6866.7299518585205
1095,4.477531909942627,5.466374397277832,4958.387847661972,6872.196326255798
1096,0.7791174650192261,1.789209246635437,4959.166965126991,6873.985535502434
1097,2.9112138748168945,4.130942344665527,4962.078179001808,6878.116477847099
1098,6.05789041519165,5.76676607131958,4968.136069417,6883.883243918419
1099,4.549081802368164,5.482692718505859,4972.685151219368,6889.365936636925
1100,4.622729778289795,5.390480995178223,4977.307880997658,6894.756417632103
1101,0.8954832553863525,2.2749147415161133,4978.203364253044,6897.031332373619
1102,4.147363662719727,5.317750453948975,4982.350727915764,6902.349082827568
1103,1.3323116302490234,2.855350971221924,4983.683039546013,6905.20443379879
1104,3.6828553676605225,5.891768455505371,4987.365894913673,6911.096202254295
1105,1.2437660694122314,2.063530445098877,4988.609660983086,6913.159732699394
1106,3.87994384765625,5.288581848144531,4992.489604830742,6918.448314547539
1107,3.54384183883667,5.182640075683594,4996.033446669579,6923.630954623222
1108,4.523964881896973,5.073542594909668,5000.5574115514755,6928.704497218132
1109,3.375059127807617,5.470303535461426,5003.932470679283,6934.174800753593
1110,3.328953266143799,4.415332794189453,5007.261423945427,6938.590133547783
1111,3.22182297706604,5.364023208618164,5010.483246922493,6943.954156756401
1112,2.431293487548828,4.044585227966309,5012.914540410042,6947.998741984367
1113,3.465860605239868,5.618526458740234,5016.380401015282,6953.617268443108
1114,3.688002347946167,5.890485763549805,5020.068403363228,6959.507754206657
1115,4.165867805480957,5.533003807067871,5024.234271168709,6965.040758013725
1116,6.6156392097473145,6.12721586227417,5030.849910378456,6971.167973875999
1117,2.77616024017334,3.610989809036255,5033.6260706186295,6974.778963685036
1118,7.99523401260376,5.065630912780762,5041.621304631233,6979.8445945978165
1119,1.9904828071594238,2.6604058742523193,5043.611787438393,6982.505000472069
1120,3.932447910308838,5.251832485198975,5047.5442353487015,6987.756832957268
1121,3.820488452911377,5.472133636474609,5051.364723801613,6993.228966593742
1122,2.8082993030548096,5.137851715087891,5054.173023104668,6998.36681830883
1123,3.420590400695801,5.400366306304932,5057.5936135053635,7003.767184615135
1124,4.0402092933654785,5.673364162445068,5061.633822798729,7009.44054877758
1125,4.476455211639404,5.621653079986572,5066.110278010368,7015.062201857567
1126,4.042977333068848,5.913486003875732,5070.153255343437,7020.975687861443
1127,3.586360216140747,5.599356174468994,5073.739615559578,7026.575044035912
1128,4.0141682624816895,5.945737838745117,5077.75378382206,7032.520781874657
1129,3.723741292953491,5.462468147277832,5081.477525115013,7037.9832500219345
1130,3.9216244220733643,5.226749420166016,5085.3991495370865,7043.2099994421005
1131,5.232708930969238,4.971981525421143,5090.631858468056,7048.181980967522
1132,1.8960175514221191,5.100528240203857,5092.527876019478,7053.2825092077255
1133,3.6477839946746826,4.553614139556885,5096.1756600141525,7057.836123347282
1134,4.17572021484375,6.24382209777832,5100.351380228996,7064.079945445061
1135,4.542209148406982,4.538791656494141,5104.893589377403,7068.618737101555
1136,4.8814921379089355,4.409726619720459,5109.775081515312,7073.028463721275
1137,5.529483318328857,5.570714950561523,5115.304564833641,7078.599178671837
1138,3.6016485691070557,5.828230381011963,5118.906213402748,7084.427409052849
1139,4.129819393157959,5.598702907562256,5123.036032795906,7090.026111960411
1140,3.803358554840088,5.446347713470459,5126.839391350746,7095.4724596738815
1141,4.0303521156311035,5.3477277755737305,5130.869743466377,7100.820187449455
1142,3.2852976322174072,4.802689075469971,5134.155041098595,7105.622876524925
1143,3.5895402431488037,5.667122840881348,5137.7445813417435,7111.289999365807
1144,3.449098587036133,4.9361443519592285,5141.19367992878,7116.226143717766
1145,4.304714202880859,4.308228969573975,5145.4983941316605,7120.53437268734
1146,3.2622902393341064,4.968405246734619,5148.760684370995,7125.502777934074
1147,3.929852247238159,5.096280574798584,5152.690536618233,7130.599058508873
1148,3.8910675048828125,5.590433120727539,5156.5816041231155,7136.1894916296005
1149,2.617523670196533,4.551141262054443,5159.199127793312,7140.740632891655
1150,2.954885721206665,4.522585868835449,5162.154013514519,7145.26321876049
1151,4.027989387512207,5.8734917640686035,5166.182002902031,7151.136710524559
1152,0.9357674717903137,3.0834426879882812,5167.117770373821,7154.220153212547
1153,5.233939170837402,5.061890125274658,5172.351709544659,7159.282043337822
1154,3.323145866394043,4.611927509307861,5175.674855411053,7163.89397084713
1155,3.6894588470458984,6.218731880187988,5179.364314258099,7170.112702727318
1156,4.8124871253967285,5.5426459312438965,5184.176801383495,7175.655348658562
1157,2.424055337905884,4.6330671310424805,5186.600856721401,7180.288415789604
1158,3.6825244426727295,5.089787483215332,5190.283381164074,7185.3782032728195
1159,0.8315120339393616,2.2932305335998535,5191.114893198013,7187.671433806419
1160,3.599371910095215,4.419736385345459,5194.7142651081085,7192.091170191765
1161,3.6903998851776123,5.15500545501709,5198.404664993286,7197.246175646782
1162,5.925739765167236,4.882570743560791,5204.330404758453,7202.128746390343
1163,4.450960159301758,5.241549015045166,5208.781364917755,7207.370295405388
1164,5.226083755493164,5.7028350830078125,5214.007448673248,7213.073130488396
1165,2.8590686321258545,6.117091655731201,5216.866517305374,7219.190222144127
1166,3.2999162673950195,4.959584712982178,5220.166433572769,7224.149806857109
1167,4.180820941925049,6.348036289215088,5224.347254514694,7230.497843146324
1168,3.4398646354675293,5.989432334899902,5227.787119150162,7236.487275481224
1169,4.6118927001953125,4.850705623626709,5232.399011850357,7241.337981104851
1170,3.7639575004577637,4.385430335998535,5236.162969350815,7245.723411440849
1171,3.0468227863311768,4.620786190032959,5239.209792137146,7250.344197630882
1172,3.2026705741882324,3.4197654724121094,5242.412462711334,7253.763963103294
1173,4.048527240753174,5.656829833984375,5246.460989952087,7259.420792937279
1174,4.525442123413086,5.54794979095459,5250.9864320755005,7264.968742728233
1175,3.13638973236084,5.059223651885986,5254.122821807861,7270.027966380119
1176,4.578561305999756,4.775213241577148,5258.701383113861,7274.8031796216965
1177,5.082953929901123,4.725217342376709,5263.784337043762,7279.528396964073
1178,0.9400243163108826,3.5135695934295654,5264.724361360073,7283.041966557503
1179,5.324508190155029,5.404931545257568,5270.048869550228,7288.44689810276
1180,4.0133137702941895,6.023634910583496,5274.062183320522,7294.470533013344
1181,4.125054836273193,5.5850510597229,5278.1872381567955,7300.055584073067
1182,4.2994184494018555,4.9894304275512695,5282.486656606197,7305.045014500618
1183,1.484407901763916,3.8955841064453125,5283.971064507961,7308.940598607063
1184,3.9683117866516113,6.133330345153809,5287.939376294613,7315.073928952217
1185,4.125763893127441,6.07049560546875,5292.06514018774,7321.144424557686
1186,4.233738422393799,4.896097660064697,5296.298878610134,7326.040522217751
1187,3.1997079849243164,5.141633033752441,5299.498586595058,7331.182155251503
1188,3.976233959197998,5.6972336769104,5303.474820554256,7336.879388928413
1189,1.464041829109192,2.727473497390747,5304.938862383366,7339.606862425804
1190,3.403087854385376,5.250313758850098,5308.341950237751,7344.857176184654
1191,5.945155620574951,5.768451690673828,5314.287105858326,7350.625627875328
1192,4.020195484161377,5.414811611175537,5318.307301342487,7356.040439486504
1193,1.089907169342041,3.839043617248535,5319.397208511829,7359.879483103752
1194,4.537834167480469,5.8056559562683105,5323.93504267931,7365.68513906002
1195,3.742515802383423,5.782707691192627,5327.677558481693,7371.467846751213
1196,1.0376020669937134,2.3027920722961426,5328.715160548687,7373.770638823509
1197,4.616180419921875,5.8638458251953125,5333.331340968609,7379.6344846487045
1198,2.0607831478118896,4.384830951690674,5335.392124116421,7384.019315600395
1199,3.8382272720336914,5.299256324768066,5339.230351388454,7389.318571925163
1200,3.5646328926086426,5.318066596984863,5342.794984281063,7394.636638522148
1201,2.963690996170044,4.200711727142334,5345.758675277233,7398.8373502492905
1202,3.810964584350586,5.236794948577881,5349.569639861584,7404.074145197868
1203,3.1327500343322754,5.248451232910156,5352.702389895916,7409.3225964307785
1204,4.039678573608398,5.898317337036133,5356.742068469524,7415.220913767815
1205,0.916619598865509,2.3533265590667725,5357.65868806839,7417.574240326881
1206,2.7086923122406006,4.854910373687744,5360.3673803806305,7422.429150700569
1207,3.443056106567383,4.854665756225586,5363.810436487198,7427.283816456795
1208,3.3524491786956787,5.66099739074707,5367.162885665894,7432.944813847542
1209,3.3602700233459473,4.480544090270996,5370.5231556892395,7437.425357937813
1210,2.944612741470337,4.37179708480835,5373.46776843071,7441.797155022621
1211,2.888054609298706,5.351409912109375,5376.3558230400085,7447.1485649347305
1212,4.379053115844727,5.642197132110596,5380.734876155853,7452.790762066841
1213,0.9927809834480286,3.0402586460113525,5381.727657139301,7455.8310207128525
1214,3.53324818611145,4.844046115875244,5385.260905325413,7460.675066828728
1215,4.475306510925293,5.962691307067871,5389.736211836338,7466.637758135796
1216,3.8374440670013428,5.210785388946533,5393.573655903339,7471.848543524742
1217,4.017620086669922,5.258073329925537,5397.591275990009,7477.106616854668
1218,0.9801986813545227,2.500314474105835,5398.571474671364,7479.6069313287735
1219,3.536513090133667,5.941462993621826,5402.1079877614975,7485.548394322395
1220,3.588064193725586,5.7899603843688965,5405.696051955223,7491.338354706764
1221,4.216601848602295,4.491408824920654,5409.912653803825,7495.829763531685
1222,4.718959808349609,5.031381607055664,5414.631613612175,7500.8611451387405
1223,3.1374542713165283,5.559340000152588,5417.7690678834915,7506.420485138893
1224,1.3403412103652954,3.7002785205841064,5419.109409093857,7510.120763659477
1225,4.129904270172119,5.106139659881592,5423.239313364029,7515.226903319359
1226,3.5283915996551514,5.219266414642334,5426.767704963684,7520.446169734001
1227,2.7998127937316895,4.813192367553711,5429.567517757416,7525.259362101555
1228,2.521211624145508,4.713482856750488,5432.088729381561,7529.972844958305
1229,3.959779977798462,6.161832809448242,5436.04850935936,7536.134677767754
1230,2.424733877182007,5.816887378692627,5438.473243236542,7541.951565146446
1231,4.652927875518799,5.339569568634033,5443.126171112061,7547.29113471508
1232,4.8273091316223145,5.670713424682617,5447.953480243683,7552.961848139763
1233,2.972882032394409,4.380392551422119,5450.926362276077,7557.342240691185
1234,2.2720208168029785,5.77589750289917,5453.19838309288,7563.118138194084
1235,4.301934242248535,5.441948413848877,5457.500317335129,7568.560086607933
1236,3.856818675994873,5.100973129272461,5461.357136011124,7573.6610597372055
1237,4.728306770324707,5.347878932952881,5466.085442781448,7579.008938670158
1238,4.332420825958252,4.377125263214111,5470.417863607407,7583.3860639333725
1239,4.3826398849487305,5.2186102867126465,5474.800503492355,7588.604674220085
1240,4.234216213226318,5.069095134735107,5479.034719705582,7593.67376935482
1241,3.9912493228912354,6.294783592224121,5483.025969028473,7599.968552947044
1242,2.91351580619812,5.164793014526367,5485.939484834671,7605.133345961571
1243,3.802151679992676,4.309809684753418,5489.741636514664,7609.443155646324
1244,6.396652698516846,5.376336574554443,5496.1382892131805,7614.819492220879
1245,3.4406580924987793,5.015434741973877,5499.578947305679,7619.8349269628525
1246,2.998666524887085,5.762345314025879,5502.577613830566,7625.597272276878
1247,4.5345869064331055,5.397575378417969,5507.1122007369995,7630.994847655296
1248,3.78650164604187,5.1636528968811035,5510.898702383041,7636.158500552177
1249,3.4739584922790527,4.609323501586914,5514.37266087532,7640.767824053764
1250,3.943084955215454,5.268799781799316,5518.315745830536,7646.036623835564
1251,1.9363434314727783,4.340246200561523,5520.252089262009,7650.376870036125
1252,3.0571835041046143,4.661818504333496,5523.309272766113,7655.038688540459
1253,1.5647248029708862,3.511777400970459,5524.873997569084,7658.550465941429
1254,3.4758856296539307,5.834389686584473,5528.349883198738,7664.384855628014
1255,2.788989782333374,4.8861918449401855,5531.1388729810715,7669.271047472954
1256,3.7217612266540527,5.5401129722595215,5534.8606342077255,7674.811160445213
1257,0.9669066071510315,2.260610342025757,5535.827540814877,7677.071770787239
1258,3.396625518798828,4.067417621612549,5539.224166333675,7681.139188408852
1259,4.4860687255859375,5.2515549659729,5543.710235059261,7686.3907433748245
1260,4.8159871101379395,4.184820652008057,5548.526222169399,7690.575564026833
1261,2.5203464031219482,3.505117654800415,5551.046568572521,7694.080681681633
1262,3.727782964706421,4.8931097984313965,5554.774351537228,7698.973791480064
1263,3.3736937046051025,4.672013759613037,5558.148045241833,7703.645805239677
1264,4.174174785614014,5.8035101890563965,5562.322220027447,7709.449315428734
1265,3.1778359413146973,4.799647331237793,5565.500055968761,7714.248962759972
1266,3.5142874717712402,5.317132949829102,5569.014343440533,7719.566095709801
1267,4.554101943969727,5.968801021575928,5573.568445384502,7725.534896731377
1268,1.3216640949249268,2.938232183456421,5574.890109479427,7728.473128914833
1269,1.7779793739318848,4.185498237609863,5576.668088853359,7732.658627152443
1270,4.043065071105957,5.747310161590576,5580.711153924465,7738.4059373140335
1271,4.00081205368042,5.578666687011719,5584.711965978146,7743.984604001045
1272,4.0048136711120605,4.891383171081543,5588.716779649258,7748.875987172127
1273,3.8133437633514404,5.485107898712158,5592.530123412609,7754.361095070839
1274,4.625775337219238,5.4012227058410645,5597.155898749828,7759.76231777668
1275,4.04756498336792,5.12369966506958,5601.203463733196,7764.88601744175
1276,3.8078150749206543,5.664064884185791,5605.011278808117,7770.550082325935
1277,3.1300902366638184,4.895036697387695,5608.141369044781,7775.445119023323
1278,3.6800053119659424,5.219829559326172,5611.821374356747,7780.664948582649
1279,2.5003092288970947,3.6879944801330566,5614.321683585644,7784.352943062782
1280,3.9165523052215576,4.361615180969238,5618.238235890865,7788.7145582437515
1281,3.2661221027374268,5.20859956741333,5621.504357993603,7793.923157811165
1282,3.454294204711914,4.4574809074401855,5624.958652198315,7798.380638718605
1283,4.316746711730957,4.876794815063477,5629.275398910046,7803.2574335336685
1284,3.0801446437835693,4.634073257446289,5632.355543553829,7807.891506791115
1285,4.490931510925293,5.640644073486328,5636.8464750647545,7813.532150864601
1286,2.978562355041504,4.927015781402588,5639.825037419796,7818.459166646004
1287,3.7376136779785156,5.2221245765686035,5643.5626510977745,7823.681291222572
1288,4.501506805419922,5.828649520874023,5648.064157903194,7829.509940743446
1289,3.9400315284729004,5.73744535446167,5652.004189431667,7835.247386097908
1290,2.1498327255249023,5.188235759735107,5654.154022157192,7840.435621857643
1291,3.5755014419555664,5.6138153076171875,5657.729523599148,7846.04943716526
1292,4.892487525939941,6.1546549797058105,5662.622011125088,7852.204092144966
1293,3.7287545204162598,4.4839606285095215,5666.350765645504,7856.688052773476
1294,3.6246914863586426,5.266819477081299,5669.975457131863,7861.954872250557
1295,3.34376859664917,5.340283393859863,5673.319225728512,7867.295155644417
1296,5.244650840759277,5.570995807647705,5678.563876569271,7872.8661514520645
1297,3.629112958908081,5.3232221603393555,5682.192989528179,7878.189373612404
1298,3.832714080810547,5.385833263397217,5686.02570360899,7883.575206875801
1299,2.468099594116211,6.710367202758789,5688.493803203106,7890.28557407856
1300,4.34350061416626,5.852761745452881,5692.837303817272,7896.138335824013
1301,5.67638635635376,3.98386287689209,5698.513690173626,7900.122198700905
1302,3.8889319896698,5.871237277984619,5702.402622163296,7905.9934359788895
1303,3.5454795360565186,5.366461277008057,5705.948101699352,7911.3598972558975
1304,4.253630638122559,5.054598331451416,5710.201732337475,7916.414495587349
1305,4.346827030181885,5.759828090667725,5714.548559367657,7922.174323678017
1306,4.955286502838135,5.574654579162598,5719.503845870495,7927.748978257179
1307,1.6017059087753296,3.983651638031006,5721.10555177927,7931.73262989521
1308,4.362138271331787,5.735137462615967,5725.467690050602,7937.467767357826
1309,3.923309087753296,6.0008931159973145,5729.390999138355,7943.468660473824
1310,3.9957892894744873,5.455504894256592,5733.38678842783,7948.92416536808
1311,1.5760353803634644,4.0383148193359375,5734.962823808193,7952.962480187416
1312,3.128661632537842,5.09860897064209,5738.091485440731,7958.061089158058
1313,4.01436710357666,5.1391706466674805,5742.105852544308,7963.200259804726
1314,7.642191410064697,4.6325883865356445,5749.748043954372,7967.832848191261
1315,3.6070404052734375,5.4896159172058105,5753.355084359646,7973.322464108467
1316,3.902763605117798,4.853620529174805,5757.257847964764,7978.176084637642
1317,2.973832130432129,4.6900763511657715,5760.231680095196,7982.866160988808
1318,3.450333595275879,5.125909328460693,5763.682013690472,7987.992070317268
1319,2.1693572998046875,2.7735724449157715,5765.851370990276,7990.765642762184
1320,5.421738147735596,3.9899184703826904,5771.273109138012,7994.755561232567
1321,6.084592819213867,6.084192752838135,5777.357701957226,8000.839753985405
1322,2.3771142959594727,5.047101020812988,5779.734816253185,8005.886855006218
1323,4.752364158630371,5.139761924743652,5784.487180411816,8011.026616930962
1324,3.2601115703582764,4.346741199493408,5787.747291982174,8015.373358130455
1325,3.628025531768799,4.875970840454102,5791.375317513943,8020.249328970909
1326,3.819469928741455,5.011609077453613,5795.194787442684,8025.260938048363
1327,1.0966914892196655,3.09133243560791,5796.291478931904,8028.352270483971
1328,0.6790753602981567,2.125370979309082,5796.970554292202,8030.47764146328
1329,0.8368094563484192,2.306286096572876,5797.80736374855,8032.783927559853
1330,3.665362596511841,5.109996318817139,5801.472726345062,8037.89392387867
1331,3.3527774810791016,4.409638404846191,5804.825503826141,8042.303562283516
1332,4.088071823120117,5.92722225189209,5808.9135756492615,8048.230784535408
1333,6.323268413543701,6.264244079589844,5815.236844062805,8054.495028614998
1334,5.178558349609375,5.7374067306518555,5820.415402412415,8060.23243534565
1335,4.554097652435303,5.818653106689453,5824.96950006485,8066.051088452339
1336,4.097893714904785,5.652193069458008,5829.067393779755,8071.703281521797
1337,3.563676595687866,3.979475975036621,5832.6310703754425,8075.682757496834
1338,3.5330636501312256,5.030335903167725,5836.164134025574,8080.7130934000015
1339,3.0494604110717773,5.442333221435547,5839.2135944366455,8086.155426621437
1340,4.4070940017700195,5.79410457611084,5843.6206884384155,8091.949531197548
1341,1.6759545803070068,3.4868457317352295,5845.2966430187225,8095.436376929283
1342,3.4494781494140625,5.029867172241211,5848.746121168137,8100.466244101524
1343,1.0052053928375244,2.194265604019165,5849.751326560974,8102.6605097055435
1344,2.6155545711517334,2.060922622680664,5852.366881132126,8104.721432328224
1345,3.155358076095581,5.617815971374512,5855.522239208221,8110.339248299599
1346,3.084747552871704,4.541257858276367,5858.606986761093,8114.880506157875
1347,4.030440330505371,6.1296162605285645,5862.6374270915985,8121.010122418404
1348,4.541990280151367,5.463218688964844,5867.17941737175,8126.4733411073685
1349,4.25731086730957,5.831593990325928,5871.436728239059,8132.304935097694
1350,3.13971209526062,5.142424583435059,5874.57644033432,8137.4473596811295
1351,2.8832833766937256,4.969964027404785,5877.459723711014,8142.417323708534
1352,4.172070503234863,5.72526741027832,5881.631794214249,8148.142591118813
1353,3.997410297393799,5.733488082885742,5885.6292045116425,8153.876079201698
1354,3.62709903717041,5.259973049163818,5889.256303548813,8159.136052250862
1355,5.220098972320557,5.156889915466309,5894.476402521133,8164.292942166328
1356,2.7475368976593018,5.46604585647583,5897.223939418793,8169.758988022804
1357,2.761803388595581,5.019444465637207,5899.985742807388,8174.7784324884415
1358,3.611476182937622,4.915756702423096,5903.597218990326,8179.694189190865
1359,3.8498313426971436,5.971193790435791,5907.447050333023,8185.6653829813
1360,2.5066416263580322,4.570947647094727,5909.953691959381,8190.236330628395
1361,3.5413005352020264,4.870780944824219,5913.494992494583,8195.10711157322
1362,6.054422378540039,5.241300106048584,5919.549414873123,8200.348411679268
1363,1.5427160263061523,3.247389078140259,5921.092130899429,8203.595800757408
1364,3.8656210899353027,5.070680141448975,5924.957751989365,8208.666480898857
1365,2.2247724533081055,4.052083492279053,5927.182524442673,8212.718564391136
1366,4.162235260009766,5.2889790534973145,5931.3447597026825,8218.007543444633
1367,3.2107677459716797,4.194704532623291,5934.555527448654,8222.202247977257
1368,0.8578585386276245,2.8318328857421875,5935.413385987282,8225.034080862999
1369,2.4337270259857178,4.7766265869140625,5937.8471130132675,8229.810707449913
1370,3.310028553009033,5.376931190490723,5941.157141566277,8235.187638640404
1371,4.079696178436279,4.166256427764893,5945.236837744713,8239.353895068169
1372,3.6594347953796387,5.374126434326172,5948.8962725400925,8244.728021502495
1373,1.7996995449066162,4.500546455383301,5950.695972084999,8249.228567957878
1374,3.4704174995422363,6.0953593254089355,5954.166389584541,8255.323927283287
1375,4.193699836730957,5.237473011016846,5958.360089421272,8260.561400294304
1376,3.837120532989502,6.164290904998779,5962.197209954262,8266.725691199303
1377,3.537203788757324,5.92195987701416,5965.734413743019,8272.647651076317
1378,2.758082389831543,5.696636199951172,5968.492496132851,8278.344287276268
1379,4.705636024475098,5.788873672485352,5973.198132157326,8284.133160948753
1380,3.8747904300689697,5.003702640533447,5977.072922587395,8289.136863589287
1381,3.707772731781006,4.464140892028809,5980.780695319176,8293.601004481316
1382,3.925172805786133,5.801726818084717,5984.705868124962,8299.4027312994
1383,3.5054173469543457,5.614834308624268,5988.211285471916,8305.017565608025
1384,4.067836761474609,5.7759246826171875,5992.279122233391,8310.793490290642
1385,4.876949310302734,5.9085693359375,5997.1560715436935,8316.70205962658
1386,3.5314524173736572,5.686496734619141,6000.687523961067,8322.388556361198
1387,4.181400775909424,5.905586242675781,6004.868924736977,8328.294142603874
1388,1.6793793439865112,5.270018577575684,6006.548304080963,8333.56416118145
1389,5.117804050445557,5.1306633949279785,6011.666108131409,8338.694824576378
1390,4.735500812530518,6.420281410217285,6016.401608943939,8345.115105986595
1391,3.259669065475464,3.8924553394317627,6019.661278009415,8349.007561326027
1392,4.729703903198242,5.1812591552734375,6024.390981912613,8354.1888204813
1393,4.237606525421143,4.953129291534424,6028.628588438034,8359.141949772835
1394,1.42080557346344,4.0634331703186035,6030.0493940114975,8363.205382943153
1395,3.5720696449279785,5.356245994567871,6033.6214636564255,8368.561628937721
1396,3.8120779991149902,5.084418773651123,6037.4335416555405,8373.646047711372
1397,3.9866487979888916,4.474447250366211,6041.420190453529,8378.120494961739
1398,4.059931755065918,5.236437797546387,6045.480122208595,8383.356932759285
1399,3.94179630279541,5.857753276824951,6049.421918511391,8389.21468603611
1400,3.2142434120178223,5.069486141204834,6052.6361619234085,8394.284172177315
1401,2.6504554748535156,3.4635868072509766,6055.286617398262,8397.747758984566
1402,5.127833843231201,5.2286272048950195,6060.414451241493,8402.97638618946
1403,3.661105155944824,5.618777275085449,6064.075556397438,8408.595163464546
1404,4.520424842834473,5.838212013244629,6068.5959812402725,8414.43337547779
1405,3.558253765106201,5.40736198425293,6072.154235005379,8419.840737462044
1406,3.1380422115325928,3.8869709968566895,6075.292277216911,8423.7277084589
1407,2.0710325241088867,3.1639809608459473,6077.36330974102,8426.891689419746
1408,1.5634489059448242,3.712491512298584,6078.926758646965,8430.604180932045
1409,4.352283477783203,4.572264194488525,6083.279042124748,8435.176445126534
1410,5.5075507164001465,5.737497329711914,6088.786592841148,8440.913942456245
1411,3.997462272644043,5.391865253448486,6092.784055113792,8446.305807709694
1412,3.295233726501465,5.2756757736206055,6096.079288840294,8451.581483483315
1413,3.248929262161255,5.294057369232178,6099.328218102455,8456.875540852547
1414,4.5176472663879395,5.676703929901123,6103.845865368843,8462.552244782448
1415,3.625218629837036,5.703845977783203,6107.47108399868,8468.256090760231
1416,4.142771244049072,5.726292610168457,6111.613855242729,8473.9823833704
1417,3.0414836406707764,5.362298011779785,6114.6553388834,8479.34468138218
1418,3.0661697387695312,4.945981502532959,6117.7215086221695,8484.290662884712
1419,4.210020542144775,5.441991806030273,6121.931529164314,8489.732654690742
1420,3.712146759033203,5.106034755706787,6125.6436759233475,8494.83868944645
1421,3.0928876399993896,4.618340969085693,6128.736563563347,8499.457030415535
1422,3.774332046508789,5.814797401428223,6132.510895609856,8505.271827816963
1423,3.615276575088501,5.684628009796143,6136.126172184944,8510.95645582676
1424,2.0380735397338867,5.733766078948975,6138.164245724678,8516.690221905708
1425,1.4717636108398438,3.5551328659057617,6139.636009335518,8520.245354771614
1426,4.003422737121582,5.485051155090332,6143.6394320726395,8525.730405926704
1427,3.9505982398986816,6.027177333831787,6147.590030312538,8531.757583260536
1428,3.1539011001586914,5.304184436798096,6150.743931412697,8537.061767697334
1429,4.7065887451171875,4.373241901397705,6155.450520157814,8541.435009598732
1430,3.669786214828491,5.090487003326416,6159.1203063726425,8546.525496602058
1431,1.851117730140686,4.817436695098877,6160.971424102783,8551.342933297157
1432,3.2644240856170654,5.735008239746094,6164.2358481884,8557.077941536903
1433,4.829849720001221,6.9500932693481445,6169.0656979084015,8564.028034806252
1434,4.211941719055176,5.650933742523193,6173.277639627457,8569.678968548775
1435,3.998042345046997,5.855024814605713,6177.275681972504,8575.53399336338
1436,6.593600273132324,5.865311622619629,6183.869282245636,8581.399304986
1437,1.1212146282196045,4.144779205322266,6184.990496873856,8585.544084191322
1438,4.235468864440918,5.207447052001953,6189.2259657382965,8590.751531243324
1439,3.7692484855651855,5.136974811553955,6192.995214223862,8595.888506054878
1440,3.39707350730896,4.973450183868408,6196.392287731171,8600.861956238747
1441,3.757871150970459,4.709322452545166,6200.150158882141,8605.571278691292
1442,1.1080307960510254,2.701385498046875,6201.258189678192,8608.272664189339
1443,4.407426834106445,5.218623638153076,6205.665616512299,8613.491287827492
1444,3.7697534561157227,5.897373199462891,6209.435369968414,8619.388661026955
1445,3.0250277519226074,5.575150489807129,6212.460397720337,8624.963811516762
1446,3.404812812805176,4.929825305938721,6215.865210533142,8629.8936368227
1447,3.281156301498413,6.1093573570251465,6219.1463668346405,8636.002994179726
1448,3.6914710998535156,5.921998500823975,6222.837837934494,8641.92499268055
1449,3.6611735820770264,4.871730804443359,6226.499011516571,8646.796723484993
1450,3.0141243934631348,5.128483295440674,6229.513135910034,8651.925206780434
1451,2.4875941276550293,5.624445915222168,6232.000730037689,8657.549652695656
1452,1.2474359273910522,3.2527589797973633,6233.24816596508,8660.802411675453
1453,4.269962310791016,5.395832061767578,6237.518128275871,8666.19824373722
1454,3.364147663116455,5.1447625160217285,6240.882275938988,8671.343006253242
1455,3.36625337600708,4.189784526824951,6244.248529314995,8675.532790780067
1456,3.8905580043792725,5.567732810974121,6248.139087319374,8681.100523591042
1457,3.6009654998779297,4.748154640197754,6251.740052819252,8685.84867823124
1458,3.224902391433716,5.517446041107178,6254.964955210686,8691.366124272346
1459,3.1291840076446533,4.50567102432251,6258.09413921833,8695.871795296669
1460,4.0482707023620605,5.771871566772461,6262.142409920692,8701.643666863441
1461,0.7571704387664795,2.8066232204437256,6262.899580359459,8704.450290083885
1462,4.666296005249023,6.0540642738342285,6267.565876364708,8710.50435435772
1463,4.282475471496582,5.5068888664245605,6271.8483518362045,8716.011243224144
1464,5.143301010131836,5.233728885650635,6276.991652846336,8721.244972109795
1465,0.9770872592926025,2.3323476314544678,6277.968740105629,8723.577319741249
1466,5.738979339599609,6.206810474395752,6283.707719445229,8729.784130215645
1467,2.978792190551758,5.032569408416748,6286.68651163578,8734.816699624062
1468,6.764453887939453,5.970180511474609,6293.45096552372,8740.786880135536
1469,4.717556953430176,5.627900123596191,6298.16852247715,8746.414780259132
1470,3.501232624053955,5.378913402557373,6301.669755101204,8751.79369366169
1471,3.6094207763671875,5.563211441040039,6305.279175877571,8757.35690510273
1472,4.296360969543457,5.67275857925415,6309.575536847115,8763.029663681984
1473,3.9352846145629883,5.930229663848877,6313.510821461678,8768.959893345833
1474,3.4046404361724854,5.176996231079102,6316.91546189785,8774.136889576912
1475,3.8716235160827637,5.687204360961914,6320.787085413933,8779.824093937874
1476,4.057177543640137,4.82715368270874,6324.844262957573,8784.651247620583
1477,4.204941272735596,5.0578837394714355,6329.0492042303085,8789.709131360054
1478,3.1633927822113037,5.21439790725708,6332.21259701252,8794.923529267311
1479,3.676218271255493,6.174770832061768,6335.888815283775,8801.098300099373
1480,4.636620044708252,5.499612808227539,6340.525435328484,8806.5979129076
1481,3.0476512908935547,5.059815883636475,6343.573086619377,8811.657728791237
1482,3.509065628051758,6.16202974319458,6347.082152247429,8817.819758534431
1483,3.4005208015441895,5.244290828704834,6350.482673048973,8823.064049363136
1484,3.1002345085144043,5.510231018066406,6353.5829075574875,8828.574280381203
1485,4.732152938842773,5.0986714363098145,6358.31506049633,8833.672951817513
1486,4.18634033203125,6.006918430328369,6362.5014008283615,8839.67987024784
1487,3.2707107067108154,5.806406497955322,6365.772111535072,8845.486276745796
1488,2.958287477493286,4.797440528869629,6368.730399012566,8850.283717274666
1489,4.5012688636779785,4.601482391357422,6373.231667876244,8854.885199666023
1490,3.788926601409912,5.200357913970947,6377.0205944776535,8860.085557579994
1491,4.869957447052002,5.306846618652344,6381.8905519247055,8865.392404198647
1492,2.9129092693328857,5.579099655151367,6384.803461194038,8870.971503853798
1493,2.6707472801208496,3.898428440093994,6387.474208474159,8874.869932293892
1494,3.425567865371704,4.963985919952393,6390.899776339531,8879.833918213844
1495,3.6852450370788574,4.543468952178955,6394.58502137661,8884.377387166023
1496,4.0134596824646,5.20363712310791,6398.598481059074,8889.581024289131
1497,3.288166046142578,3.926882743835449,6401.886647105217,8893.507907032967
1498,3.7006447315216064,5.502843856811523,6405.587291836739,8899.010750889778
1499,3.7106645107269287,5.371249198913574,6409.2979563474655,8904.382000088692
1500,3.112558364868164,4.945123672485352,6412.410514712334,8909.327123761177
1501,2.6665892601013184,4.388538837432861,6415.077103972435,8913.71566259861
1502,3.152292013168335,3.982496738433838,6418.229395985603,8917.698159337044
1503,4.3524885177612305,3.858431577682495,6422.581884503365,8921.556590914726
1504,4.6689348220825195,2.9776406288146973,6427.250819325447,8924.534231543541
1505,0.7280176877975464,2.5233564376831055,6427.978837013245,8927.057587981224
1506,0.7935035228729248,2.107161521911621,6428.772340536118,8929.164749503136
1507,2.862332344055176,3.6445465087890625,6431.634672880173,8932.809296011925
1508,3.4874985218048096,4.8578596115112305,6435.1221714019775,8937.667155623436
1509,3.5321030616760254,4.544831275939941,6438.654274463654,8942.211986899376
1510,2.4769623279571533,3.9380624294281006,6441.131236791611,8946.150049328804
1511,2.8177456855773926,3.537227153778076,6443.948982477188,8949.687276482582
1512,3.0990304946899414,4.622885227203369,6447.048012971878,8954.310161709785
1513,3.0123510360717773,4.331981182098389,6450.06036400795,8958.642142891884
1514,3.9674270153045654,4.342157363891602,6454.027791023254,8962.984300255775
1515,2.5921053886413574,4.194553375244141,6456.619896411896,8967.17885363102
1516,2.6628780364990234,4.378987789154053,6459.282774448395,8971.557841420174
1517,3.5104782581329346,4.320959091186523,6462.793252706528,8975.87880051136
1518,2.8137612342834473,3.264493703842163,6465.607013940811,8979.143294215202
1519,4.155817031860352,4.532807350158691,6469.7628309726715,8983.676101565361
1520,2.9385159015655518,4.657332420349121,6472.701346874237,8988.33343398571
1521,2.8971059322357178,4.516441822052002,6475.598452806473,8992.849875807762
1522,2.6295576095581055,3.7806379795074463,6478.228010416031,8996.63051378727
1523,3.4315543174743652,4.098093032836914,6481.659564733505,9000.728606820107
1524,4.236046314239502,3.9726057052612305,6485.895611047745,9004.701212525368
1525,3.4120829105377197,4.547051906585693,6489.3076939582825,9009.248264431953
1526,3.5830976963043213,4.288647651672363,6492.890791654587,9013.536912083626
1527,3.7277612686157227,4.349759578704834,6496.6185529232025,9017.88667166233
1528,3.3537917137145996,4.1804704666137695,6499.972344636917,9022.067142128944
1529,3.138151168823242,3.67692494392395,6503.11049580574,9025.744067072868
1530,3.1357030868530273,4.491468906402588,6506.246198892593,9030.235535979271
1531,3.1789608001708984,4.815197944641113,6509.425159692764,9035.050733923912
1532,3.103813648223877,3.79373836517334,6512.528973340988,9038.844472289085
1533,3.15608811378479,4.9394426345825195,6515.685061454773,9043.783914923668
1534,3.5719902515411377,4.144008159637451,6519.257051706314,9047.927923083305
1535,2.743990898132324,4.16829252243042,6522.001042604446,9052.096215605736
1536,3.37623929977417,4.272608280181885,6525.377281904221,9056.368823885918
1537,2.8245437145233154,4.327504634857178,6528.201825618744,9060.696328520775
1538,2.790318250656128,5.188015460968018,6530.9921438694,9065.884343981743
1539,2.7895328998565674,3.5505549907684326,6533.781676769257,9069.434898972511
1540,3.801180124282837,4.8228983879089355,6537.582856893539,9074.25779736042
1541,3.5360841751098633,4.175762176513672,6541.118941068649,9078.433559536934
1542,0.9535109996795654,3.3245291709899902,6542.072452068329,9081.758088707924
1543,2.3628084659576416,2.7743914127349854,6544.4352605342865,9084.532480120659
1544,3.4514901638031006,4.693832874298096,6547.88675069809,9089.226312994957
1545,2.116849899291992,2.2811577320098877,6550.003600597382,9091.507470726967
1546,3.063559055328369,4.9732160568237305,6553.06715965271,9096.48068678379
1547,2.710216522216797,3.839097023010254,6555.777376174927,9100.3197838068
1548,4.246153831481934,4.844310760498047,6560.023530006409,9105.164094567299
1549,1.9332704544067383,3.346832752227783,6561.956800460815,9108.510927319527
1550,2.418531656265259,3.667949676513672,6564.375332117081,9112.17887699604
1551,0.9383462071418762,2.7904014587402344,6565.313678324223,9114.96927845478
1552,3.1843976974487305,3.9137625694274902,6568.498076021671,9118.883041024208
1553,2.8508081436157227,4.069655418395996,6571.348884165287,9122.952696442604
1554,3.0612423419952393,2.844686985015869,6574.410126507282,9125.79738342762
1555,3.847756862640381,4.657138347625732,6578.257883369923,9130.454521775246
1556,2.7728867530822754,3.770296573638916,6581.030770123005,9134.224818348885
1557,4.778931140899658,3.8500609397888184,6585.809701263905,9138.074879288673
1558,3.091500997543335,4.192771911621094,6588.901202261448,9142.267651200294
1559,3.1412081718444824,3.193768262863159,6592.042410433292,9145.461419463158
1560,3.1886136531829834,4.577132701873779,6595.231024086475,9150.038552165031
1561,3.064162254333496,3.778179407119751,6598.295186340809,9153.816731572151
1562,2.0008223056793213,2.272566080093384,6600.296008646488,9156.089297652245
1563,3.0913450717926025,4.973817825317383,6603.387353718281,9161.063115477562
1564,1.6241731643676758,3.795565128326416,6605.0115268826485,9164.858680605888
1565,3.7811813354492188,4.156309604644775,6608.792708218098,9169.014990210533
1566,1.5890634059906006,2.8108572959899902,6610.381771624088,9171.825847506523
1567,2.622819423675537,2.249138355255127,6613.004591047764,9174.074985861778
1568,3.033270835876465,4.273952007293701,6616.03786188364,9178.348937869072
1569,3.319951057434082,4.837328910827637,6619.357812941074,9183.1862667799
1570,2.616603374481201,2.763295888900757,6621.974416315556,9185.9495626688
1571,3.7821898460388184,4.37036657333374,6625.756606161594,9190.319929242134
1572,3.565603733062744,4.0029096603393555,6629.322209894657,9194.322838902473
1573,2.872765302658081,4.5402421951293945,6632.194975197315,9198.863081097603
1574,0.8602182865142822,2.2246499061584473,6633.0551934838295,9201.087731003761
1575,3.2457380294799805,4.333695411682129,6636.3009315133095,9205.421426415443
1576,2.2670559883117676,2.7484474182128906,6638.567987501621,9208.169873833656
1577,4.335601806640625,3.9769368171691895,6642.903589308262,9212.146810650826
1578,3.90317964553833,4.908876419067383,6646.8067689538,9217.055687069893
1579,3.2285234928131104,3.817831039428711,6650.035292446613,9220.873518109322
1580,3.678194046020508,3.9364895820617676,6653.713486492634,9224.810007691383
1581,2.2762956619262695,4.13231086730957,6655.98978215456,9228.942318558693
1582,2.57850980758667,3.380923271179199,6658.568291962147,9232.323241829872
1583,2.3079850673675537,2.937777519226074,6660.876277029514,9235.261019349098
1584,3.513915538787842,4.596378326416016,6664.390192568302,9239.857397675514
1585,3.4445910453796387,4.4270524978637695,6667.834783613682,9244.284450173378
1586,2.9293503761291504,3.9714314937591553,6670.764133989811,9248.255881667137
1587,3.110142946243286,4.14548397064209,6673.874276936054,9252.40136563778
1588,4.536140441894531,3.217921733856201,6678.410417377949,9255.619287371635
1589,1.801889181137085,3.5551600456237793,6680.212306559086,9259.17444741726
1590,3.286863088607788,4.808398723602295,6683.499169647694,9263.982846140862
1591,0.8335393667221069,2.246868133544922,6684.332709014416,9266.229714274406
1592,2.8999907970428467,4.948254585266113,6687.232699811459,9271.177968859673
1593,1.1470208168029785,3.416079521179199,6688.379720628262,9274.594048380852
1594,3.4548988342285156,4.060293197631836,6691.83461946249,9278.654341578484
1595,3.1232292652130127,4.364321708679199,6694.957848727703,9283.018663287163
1596,3.620622396469116,5.255308628082275,6698.578471124172,9288.273971915245
1597,3.068007230758667,4.33405065536499,6701.646478354931,9292.60802257061
1598,2.907498836517334,3.883627414703369,6704.553977191448,9296.491649985313
1599,3.0720901489257812,4.324521064758301,6707.626067340374,9300.816171050072
1600,3.0743775367736816,3.5623936653137207,6710.700444877148,9304.378564715385
1601,2.926985740661621,3.758316993713379,6713.627430617809,9308.136881709099
1602,4.347679615020752,3.766716718673706,6717.97511023283,9311.903598427773
1603,2.8982081413269043,3.689401865005493,6720.873318374157,9315.593000292778
1604,3.20876407623291,4.445782661437988,6724.08208245039,9320.038782954216
1605,2.7698285579681396,3.2930991649627686,6726.851911008358,9323.331882119179
1606,2.898599624633789,3.7781870365142822,6729.750510632992,9327.110069155693
1607,2.9446446895599365,3.444856643676758,6732.695155322552,9330.55492579937
1608,3.4512906074523926,4.120677471160889,6736.146445930004,9334.67560327053
1609,2.9581761360168457,3.5472681522369385,6739.104622066021,9338.222871422768
1610,2.594233274459839,3.438225269317627,6741.698855340481,9341.661096692085
1611,3.333279848098755,4.598609924316406,6745.03213518858,9346.259706616402
1612,3.3694448471069336,4.511350154876709,6748.4015800356865,9350.771056771278
1613,3.2526321411132812,4.858829021453857,6751.6542121768,9355.629885792732
1614,3.127354383468628,3.9687795639038086,6754.781566560268,9359.598665356636
1615,1.0106192827224731,2.016342878341675,6755.792185842991,9361.615008234978
1616,3.7447011470794678,4.840026378631592,6759.53688699007,9366.45503461361
1617,3.4833037853240967,4.296151161193848,6763.020190775394,9370.751185774803
1618,2.245565414428711,4.625821113586426,6765.265756189823,9375.37700688839
1619,3.4688048362731934,4.1573076248168945,6768.734561026096,9379.534314513206
1620,2.3545472621917725,3.0214290618896484,6771.089108288288,9382.555743575096
1621,3.2073583602905273,3.9872376918792725,6774.296466648579,9386.542981266975
1622,0.753736138343811,1.722685694694519,6775.0502027869225,9388.26566696167
1623,3.063760995864868,3.5059125423431396,6778.113963782787,9391.771579504013
1624,3.0544779300689697,4.311460494995117,6781.168441712856,9396.083039999008
1625,3.4448816776275635,4.038412094116211,6784.613323390484,9400.121452093124
1626,3.428243398666382,4.657257080078125,6788.04156678915,9404.778709173203
1627,0.9914892315864563,2.259777069091797,6789.033056020737,9407.038486242294
1628,3.3195230960845947,4.564067363739014,6792.352579116821,9411.602553606033
1629,3.075801372528076,4.351034641265869,6795.428380489349,9415.9535882473
1630,3.7142419815063477,3.7690300941467285,6799.142622470856,9419.722618341446
1631,2.5898725986480713,4.5998029708862305,6801.732495069504,9424.322421312332
1632,2.8411319255828857,3.2621467113494873,6804.573626995087,9427.584568023682
1633,3.413025140762329,4.250539779663086,6807.986652135849,9431.835107803345
1634,2.648601770401001,2.6589460372924805,6810.63525390625,9434.494053840637
1635,2.752058982849121,4.9971723556518555,6813.387312889099,9439.491226196289
1636,3.057001829147339,1.918870210647583,6816.4443147182465,9441.410096406937
1637,3.0986595153808594,4.970113277435303,6819.542974233627,9446.380209684372
1638,2.440751075744629,3.327751874923706,6821.983725309372,9449.707961559296
1639,2.7404472827911377,3.2740306854248047,6824.724172592163,9452.98199224472
1640,3.194922924041748,4.359787940979004,6827.919095516205,9457.3417801857
1641,0.8157823085784912,1.8668920993804932,6828.734877824783,9459.20867228508
1642,3.5264079570770264,4.572239398956299,6832.26128578186,9463.780911684036
1643,3.2475273609161377,4.213345527648926,6835.5088131427765,9467.994257211685
1644,3.3958094120025635,3.8545777797698975,6838.904622554779,9471.848834991455
1645,2.6175947189331055,4.4008355140686035,6841.522217273712,9476.249670505524
1646,0.9918327331542969,1.9382171630859375,6842.5140500068665,9478.18788766861
1647,3.4693310260772705,4.432381629943848,6845.983381032944,9482.620269298553
1648,2.938373327255249,4.379361629486084,6848.921754360199,9486.99963092804
1649,2.7694122791290283,3.50970721244812,6851.691166639328,9490.509338140488
1650,2.829587459564209,2.9795854091644287,6854.520754098892,9493.488923549652
1651,2.80057954788208,4.207632541656494,6857.321333646774,9497.696556091309
1652,2.9048023223876953,4.213906764984131,6860.226135969162,9501.910462856293
1653,4.100027084350586,4.440515041351318,6864.326163053513,9506.350977897644
1654,1.8142433166503906,3.0213301181793213,6866.140406370163,9509.372308015823
1655,3.455329418182373,2.6992344856262207,6869.595735788345,9512.07154250145
1656,2.884514093399048,4.577535629272461,6872.480249881744,9516.649078130722
1657,2.099074125289917,2.325021982192993,6874.579324007034,9518.974100112915
1658,3.1455698013305664,3.3691580295562744,6877.724893808365,9522.343258142471
1659,3.3060059547424316,4.656243801116943,6881.030899763107,9526.999501943588
1660,2.8478026390075684,4.4486002922058105,6883.878702402115,9531.448102235794
1661,3.4245402812957764,4.407363414764404,6887.303242683411,9535.855465650558
1662,2.9116311073303223,2.8241865634918213,6890.214873790741,9538.67965221405
1663,2.620448112487793,3.1739675998687744,6892.835321903229,9541.853619813919
1664,3.4888718128204346,3.5711214542388916,6896.324193716049,9545.424741268158
1665,1.5947657823562622,1.5905702114105225,6897.9189594984055,9547.015311479568
1666,3.8298797607421875,3.7559449672698975,6901.748839259148,9550.771256446838
1667,4.1629638671875,4.886227130889893,6905.911803126335,9555.657483577728
1668,2.833232879638672,3.9350576400756836,6908.745036005974,9559.592541217804
1669,3.896660566329956,4.002533912658691,6912.641696572304,9563.595075130463
1670,1.6483546495437622,3.8223259449005127,6914.2900512218475,9567.417401075363
1671,3.586808681488037,4.284865379333496,6917.876859903336,9571.702266454697
1672,2.3007702827453613,3.008727788925171,6920.177630186081,9574.710994243622
1673,3.5172038078308105,4.076815605163574,6923.694833993912,9578.787809848785
1674,3.1353728771209717,3.9393980503082275,6926.830206871033,9582.727207899094
1675,2.7176194190979004,4.008084297180176,6929.547826290131,9586.735292196274
1676,3.1413300037384033,3.8695623874664307,6932.689156293869,9590.60485458374
1677,2.9543375968933105,4.016012668609619,6935.643493890762,9594.62086725235
1678,3.409388542175293,5.306588649749756,6939.052882432938,9599.9274559021
1679,3.6510026454925537,4.744847774505615,6942.70388507843,9604.672303676605
1680,2.969064712524414,4.412044048309326,6945.672949790955,9609.084347724915
1681,2.9146487712860107,4.506058216094971,6948.587598562241,9613.59040594101
1682,2.969719648361206,3.102695941925049,6951.557318210602,9616.693101882935
1683,1.120413899421692,3.068603992462158,6952.6777321100235,9619.761705875397
1684,4.333932876586914,3.8808579444885254,6957.01166498661,9623.642563819885
1685,1.7135809659957886,3.1053757667541504,6958.725245952606,9626.74793958664
1686,1.4438893795013428,1.8113113641738892,6960.1691353321075,9628.559250950813
1687,3.393554449081421,4.079075336456299,6963.562689781189,9632.63832628727
1688,1.3171714544296265,2.214801788330078,6964.879861235619,9634.8531280756
1689,2.92210054397583,4.530920028686523,6967.801961779594,9639.384048104286
1690,3.8893511295318604,4.823572635650635,6971.691312909126,9644.207620739937
1691,4.394477844238281,4.942933082580566,6976.085790753365,9649.150553822517
1692,2.8994863033294678,4.953828811645508,6978.985277056694,9654.104382634163
1693,3.3705921173095703,4.614745616912842,6982.355869174004,9658.719128251076
1694,4.30538272857666,4.29150390625,6986.66125190258,9663.010632157326
1695,3.3010566234588623,4.167759895324707,6989.962308526039,9667.17839205265
1696,3.2275335788726807,3.4048681259155273,6993.189842104912,9670.583260178566
1697,4.051239013671875,2.8504750728607178,6997.241081118584,9673.433735251427
1698,3.810370445251465,4.073726177215576,7001.051451563835,9677.507461428642
1699,3.881495952606201,4.514781951904297,7004.932947516441,9682.022243380547
1700,2.25522518157959,3.8916990756988525,7007.188172698021,9685.913942456245
1701,3.1352298259735107,4.535266399383545,7010.323402523994,9690.449208855629
1702,3.0518696308135986,4.273930072784424,7013.375272154808,9694.723138928413
1703,0.9001275300979614,2.5408835411071777,7014.275399684906,9697.26402246952
1704,2.733125686645508,4.2212018966674805,7017.0085253715515,9701.485224366188
1705,3.4550585746765137,3.9375414848327637,7020.463583946228,9705.42276585102
1706,2.9210362434387207,4.052590847015381,7023.384620189667,9709.475356698036
1707,3.968104124069214,3.968242883682251,7027.352724313736,9713.443599581718
1708,3.774970054626465,5.180965900421143,7031.127694368362,9718.62456548214
1709,0.9141194820404053,2.398806095123291,7032.041813850403,9721.023371577263
1710,2.908494472503662,3.7769384384155273,7034.9503083229065,9724.800310015678
1711,2.5798819065093994,3.912014961242676,7037.530190229416,9728.712324976921
1712,3.2519633769989014,4.26307487487793,7040.782153606415,9732.975399851799
1713,3.4845850467681885,5.43279504776001,7044.266738653183,9738.408194899559
1714,3.3308053016662598,4.051855564117432,7047.597543954849,9742.460050463676
1715,3.2343525886535645,4.208608150482178,7050.831896543503,9746.668658614159
1716,3.093803882598877,4.981625556945801,7053.925700426102,9751.650284171104
1717,4.167154312133789,4.598476409912109,7058.0928547382355,9756.248760581017
1718,1.8244613409042358,2.0025992393493652,7059.91731607914,9758.251359820366
1719,3.163062810897827,3.4229328632354736,7063.0803788900375,9761.674292683601
1720,3.5802409648895264,3.046295404434204,7066.660619854927,9764.720588088036
1721,2.9460582733154297,3.6618077754974365,7069.6066781282425,9768.382395863533
1722,2.3853554725646973,2.972809076309204,7071.992033600807,9771.355204939842
1723,3.571500539779663,4.752119064331055,7075.563534140587,9776.107324004173
1724,2.9211342334747314,4.958302974700928,7078.484668374062,9781.065626978874
1725,3.536456823348999,4.798890113830566,7082.021125197411,9785.864517092705
1726,5.022512912750244,3.8732125759124756,7087.043638110161,9789.737729668617
1727,3.3981411457061768,4.41817569732666,7090.441779255867,9794.155905365944
1728,1.1436752080917358,3.5979747772216797,7091.585454463959,9797.753880143166
1729,2.9663796424865723,3.8313403129577637,7094.551834106445,9801.585220456123
1730,3.1887214183807373,4.019658088684082,7097.740555524826,9805.604878544807
1731,4.4091691970825195,4.7926177978515625,7102.149724721909,9810.397496342659
1732,3.2490391731262207,4.9049272537231445,7105.398763895035,9815.302423596382
1733,2.8697681427001953,4.030858039855957,7108.268532037735,9819.333281636238
1734,1.6527059078216553,2.8371434211730957,7109.921237945557,9822.170425057411
1735,4.386758327484131,5.306323528289795,7114.307996273041,9827.476748585701
1736,3.056943655014038,4.68658447265625,7117.364939928055,9832.163333058357
1737,1.6120991706848145,1.9843577146530151,7118.97703909874,9834.14769077301
1738,3.037822961807251,4.741186618804932,7122.014862060547,9838.888877391815
1739,0.7574796080589294,2.107339382171631,7122.772341668606,9840.996216773987
1740,3.543733596801758,4.183223724365234,7126.316075265408,9845.179440498352
1741,3.854011058807373,4.473423004150391,7130.170086324215,9849.652863502502
1742,3.593640089035034,3.8858602046966553,7133.76372641325,9853.5387237072
1743,3.1615896224975586,4.115878582000732,7136.9253160357475,9857.6546022892
1744,3.395078182220459,4.967395782470703,7140.320394217968,9862.62199807167
1745,3.394230604171753,4.062617778778076,7143.71462482214,9866.684615850449
1746,2.9200048446655273,4.656383514404297,7146.634629666805,9871.340999364853
1747,3.0784037113189697,5.0980658531188965,7149.713033378124,9876.439065217972
1748,1.6036758422851562,2.6505773067474365,7151.316709220409,9879.08964252472
1749,2.990492582321167,4.0178022384643555,7154.307201802731,9883.107444763184
1750,3.0685465335845947,4.89276123046875,7157.375748336315,9888.000205993652
1751,3.8802075386047363,4.130402088165283,7161.25595587492,9892.130608081818
1752,3.144864320755005,3.871579647064209,7164.400820195675,9896.002187728882
1753,3.30222749710083,4.702386856079102,7167.703047692776,9900.704574584961
1754,3.3373379707336426,4.216389179229736,7171.040385663509,9904.92096376419
1755,3.354748010635376,3.509845018386841,7174.395133674145,9908.430808782578
1756,3.7237727642059326,4.91923713684082,7178.118906438351,9913.350045919418
1757,3.3462555408477783,5.036938667297363,7181.4651619791985,9918.386984586716
1758,3.4051098823547363,4.243350982666016,7184.870271861553,9922.630335569382
1759,3.021134376525879,3.651207208633423,7187.891406238079,9926.281542778015
1760,3.583289861679077,4.365452766418457,7191.474696099758,9930.646995544434
1761,1.3288323879241943,1.97739577293396,7192.803528487682,9932.624391317368
1762,4.763888359069824,3.9382615089416504,7197.567416846752,9936.56265282631
1763,0.8024199604988098,2.9104812145233154,7198.369836807251,9939.473134040833
1764,3.332404136657715,4.422884464263916,7201.702240943909,9943.896018505096
1765,3.282458782196045,4.812755584716797,7204.984699726105,9948.708774089813
1766,3.048398733139038,4.1585798263549805,7208.033098459244,9952.867353916168
1767,3.079765796661377,4.248562812805176,7211.112864255905,9957.115916728973
1768,2.5162668228149414,4.484277248382568,7213.62913107872,9961.600193977356
1769,4.463790416717529,4.11219596862793,7218.092921495438,9965.712389945984
1770,3.5784053802490234,4.434351444244385,7221.671326875687,9970.146741390228
1771,2.995190382003784,2.24125599861145,7224.66651725769,9972.38799738884
1772,3.9167873859405518,4.776047706604004,7228.583304643631,9977.164045095444
1773,3.459975481033325,5.149029731750488,7232.043280124664,9982.313074827194
1774,3.843801975250244,4.272039890289307,7235.887082099915,9986.585114717484
1775,1.9286540746688843,2.7274041175842285,7237.815736174583,9989.312518835068
1776,3.2917747497558594,3.8720061779022217,7241.107510924339,9993.18452501297
1777,2.7712998390197754,4.060232162475586,7243.878810763359,9997.244757175446
1778,3.2689669132232666,4.6298828125,7247.147777676582,10001.874639987946
1779,3.0694150924682617,4.526914119720459,7250.217192769051,10006.401554107666
1780,0.7917975187301636,2.882718324661255,7251.008990287781,10009.284272432327
1781,3.4713826179504395,4.931877136230469,7254.480372905731,10014.216149568558
1782,3.8735060691833496,3.1440892219543457,7258.353878974915,10017.360238790512
1783,2.980254650115967,4.416984558105469,7261.3341336250305,10021.777223348618
1784,2.2460248470306396,2.877528190612793,7263.580158472061,10024.65475153923
1785,2.988346576690674,4.912962436676025,7266.568505048752,10029.567713975906
1786,3.393418073654175,4.4249749183654785,7269.961923122406,10033.992688894272
1787,4.240921497344971,4.224517345428467,7274.202844619751,10038.2172062397
1788,4.402103900909424,4.873480319976807,7278.60494852066,10043.090686559677
1789,3.0293121337890625,3.705104112625122,7281.6342606544495,10046.795790672302
1790,3.87420392036438,3.5333411693573,7285.508464574814,10050.32913184166
1791,2.7389254570007324,3.3412129878997803,7288.247390031815,10053.67034482956
1792,2.918640375137329,3.7076942920684814,7291.166030406952,10057.378039121628
1793,3.347501039505005,5.063154697418213,7294.513531446457,10062.441193819046
1794,3.9367215633392334,3.560732841491699,7298.450253009796,10066.001926660538
1795,3.203153371810913,4.150084018707275,7301.653406381607,10070.152010679245
1796,2.3670666217803955,4.289647102355957,7304.020473003387,10074.441657781601
1797,4.814993381500244,5.11407995223999,7308.835466384888,10079.555737733841
1798,2.884408473968506,3.48899245262146,7311.719874858856,10083.044730186462
1799,2.7483627796173096,3.4882729053497314,7314.4682376384735,10086.533003091812
1800,3.304476499557495,4.001794815063477,7317.772714138031,10090.534797906876
1801,3.623034954071045,2.7442965507507324,7321.395749092102,10093.279094457626
1802,3.5777950286865234,4.737422943115234,7324.973544120789,10098.016517400742
1803,3.021876811981201,4.766497611999512,7327.99542093277,10102.783015012741
1804,3.3152682781219482,4.041866779327393,7331.310689210892,10106.824881792068
1805,1.428574562072754,2.549954414367676,7332.7392637729645,10109.374836206436
1806,3.5738461017608643,4.495301723480225,7336.313109874725,10113.870137929916
1807,3.3664472103118896,4.201887607574463,7339.679557085037,10118.07202553749
1808,3.1917147636413574,5.14142370223999,7342.871271848679,10123.21344923973
1809,3.3489041328430176,4.316875457763672,7346.220175981522,10127.530324697495
1810,1.689510703086853,3.233424663543701,7347.9096866846085,10130.763749361038
1811,2.9359192848205566,3.7471842765808105,7350.845605969429,10134.510933637619
1812,3.640404224395752,4.723578453063965,7354.486010193825,10139.234512090683
1813,1.673701286315918,2.6236274242401123,7356.159711480141,10141.858139514923
1814,3.38214111328125,4.227977752685547,7359.541852593422,10146.086117267609
1815,2.903132200241089,4.023548126220703,7362.444984793663,10150.10966539383
1816,3.791301965713501,4.201943874359131,7366.2362867593765,10154.311609268188
1817,3.0179219245910645,3.674700975418091,7369.254208683968,10157.986310243607
1818,3.654648780822754,4.445313930511475,7372.90885746479,10162.431624174118
1819,2.636054515838623,3.700770854949951,7375.544911980629,10166.132395029068
1820,3.463688373565674,4.009369850158691,7379.008600354195,10170.141764879227
1821,2.4294261932373047,3.0152699947357178,7381.438026547432,10173.157034873962
1822,3.3469605445861816,3.670663356781006,7384.784987092018,10176.827698230743
1823,3.451152801513672,4.47096586227417,7388.236139893532,10181.298664093018
1824,3.170952081680298,3.117328405380249,7391.407091975212,10184.415992498398
1825,0.7543805241584778,3.1002893447875977,7392.161472499371,10187.516281843185
1826,3.812344551086426,4.610615253448486,7395.973817050457,10192.126897096634
1827,3.258917808532715,4.216944217681885,7399.23273485899,10196.343841314316
1828,2.8352739810943604,4.161486625671387,7402.068008840084,10200.505327939987
1829,3.5086374282836914,3.9599318504333496,7405.576646268368,10204.46525979042
1830,3.4403021335601807,4.854814052581787,7409.016948401928,10209.320073843002
1831,4.242454528808594,5.089812278747559,7413.2594029307365,10214.40988612175
1832,2.723801612854004,3.7209877967834473,7415.983204543591,10218.130873918533
1833,3.376376152038574,4.835801601409912,7419.359580695629,10222.966675519943
1834,1.7998547554016113,4.059875965118408,7421.159435451031,10227.026551485062
1835,3.0842483043670654,4.9688920974731445,7424.243683755398,10231.995443582535
1836,2.845407009124756,4.718425273895264,7427.089090764523,10236.71386885643
1837,2.700723648071289,4.778923034667969,7429.789814412594,10241.492791891098
1838,2.91557240486145,4.072528839111328,7432.705386817455,10245.56532073021
1839,2.8172829151153564,3.639647960662842,7435.522669732571,10249.204968690872
1840,3.5392134189605713,5.077333450317383,7439.061883151531,10254.28230214119
1841,2.557248830795288,3.9889731407165527,7441.6191319823265,10258.271275281906
1842,4.023219585418701,3.975827693939209,7445.642351567745,10262.247102975845
1843,2.9449615478515625,4.420448303222656,7448.587313115597,10266.667551279068
1844,3.956033229827881,2.8545382022857666,7452.543346345425,10269.522089481354
1845,3.237273693084717,5.350314617156982,7455.780620038509,10274.87240409851
1846,3.5842432975769043,4.284325122833252,7459.364863336086,10279.156729221344
1847,3.3446524143218994,4.2616682052612305,7462.709515750408,10283.418397426605
1848,3.434109687805176,4.820068359375,7466.143625438213,10288.23846578598
1849,3.2438619136810303,4.714371204376221,7469.387487351894,10292.952836990356
1850,0.9871698617935181,2.1922919750213623,7470.374657213688,10295.145128965378
1851,1.7107635736465454,2.5909712314605713,7472.085420787334,10297.736100196838
1852,2.5944912433624268,3.9881999492645264,7474.679912030697,10301.724300146103
1853,2.9003078937530518,3.774158000946045,7477.58021992445,10305.498458147049
1854,3.073701858520508,3.9887778759002686,7480.65392178297,10309.48723602295
1855,2.6713387966156006,3.2337915897369385,7483.325260579586,10312.721027612686
1856,1.793260097503662,2.8709349632263184,7485.11852067709,10315.591962575912
1857,1.31675386428833,3.129957675933838,7486.435274541378,10318.721920251846
1858,3.6892902851104736,5.1811699867248535,7490.1245648264885,10323.903090238571
1859,3.0802690982818604,4.848657608032227,7493.20483392477,10328.751747846603
1860,3.1466588973999023,3.9649322032928467,7496.35149282217,10332.716680049896
1861,2.839416027069092,4.535410404205322,7499.190908849239,10337.252090454102
1862,7.751221179962158,3.3351898193359375,7506.9421300292015,10340.587280273438
1863,1.3701684474945068,2.8261051177978516,7508.312298476696,10343.413385391235
1864,2.1386969089508057,4.483335971832275,7510.450995385647,10347.896721363068
1865,3.3714656829833984,4.138171672821045,7513.82246106863,10352.034893035889
1866,3.6439950466156006,4.839921474456787,7517.466456115246,10356.874814510345
1867,2.877870559692383,3.769615650177002,7520.344326674938,10360.644430160522
1868,3.3982033729553223,3.904059648513794,7523.7425300478935,10364.548489809036
1869,2.6670074462890625,3.954087734222412,7526.409537494183,10368.502577543259
1870,2.77189040184021,3.9216856956481934,7529.181427896023,10372.424263238907
1871,2.975978374481201,4.928671836853027,7532.157406270504,10377.35293507576
1872,3.0819568634033203,4.574318885803223,7535.239363133907,10381.927253961563
1873,1.5939821004867554,2.4398059844970703,7536.833345234394,10384.36705994606
1874,2.5888421535491943,3.604654550552368,7539.422187387943,10387.971714496613
1875,4.063634872436523,3.6496024131774902,7543.48582226038,10391.62131690979
1876,1.2919365167617798,2.870445728302002,7544.777758777142,10394.491762638092
1877,3.2007813453674316,3.8393540382385254,7547.978540122509,10398.33111667633
1878,2.5909199714660645,3.6053264141082764,7550.569460093975,10401.936443090439
1879,2.5078999996185303,4.211983680725098,7553.077360093594,10406.148426771164
1880,1.1483862400054932,2.4271037578582764,7554.225746333599,10408.575530529022
1881,3.233825922012329,3.9070568084716797,7557.459572255611,10412.482587337494
1882,3.264686107635498,4.664331436157227,7560.724258363247,10417.146918773651
1883,1.6010991334915161,2.1699302196502686,7562.325357496738,10419.316848993301
1884,1.7468897104263306,3.306345224380493,7564.072247207165,10422.623194217682
1885,2.8042891025543213,4.532746315002441,7566.876536309719,10427.155940532684
1886,2.890570640563965,4.20950984954834,7569.767106950283,10431.365450382233
1887,3.309875965118408,4.640138149261475,7573.0769829154015,10436.005588531494
1888,3.338484764099121,5.093789577484131,7576.415467679501,10441.099378108978
1889,2.836975574493408,4.684991359710693,7579.252443253994,10445.784369468689
1890,2.489504098892212,2.1219661235809326,7581.741947352886,10447.90633559227
1891,3.573221445083618,3.776822566986084,7585.31516879797,10451.683158159256
1892,3.0702221393585205,3.896827459335327,7588.385390937328,10455.579985618591
1893,3.1498143672943115,4.3389692306518555,7591.535205304623,10459.918954849243
1894,2.030139923095703,2.7376856803894043,7593.565345227718,10462.656640529633
1895,4.609159469604492,4.169360637664795,7598.174504697323,10466.826001167297
1896,2.5098912715911865,3.4581243991851807,7600.684395968914,10470.284125566483
1897,2.974138021469116,3.516524314880371,7603.658533990383,10473.800649881363
1898,3.5074245929718018,3.3366150856018066,7607.165958583355,10477.137264966965
1899,1.3050593137741089,1.7801713943481445,7608.471017897129,10478.917436361313
1900,2.7387988567352295,4.022531986236572,7611.209816753864,10482.93996834755
1901,2.9881222248077393,4.076915740966797,7614.197938978672,10487.016884088516
1902,3.153806686401367,5.10166597366333,7617.351745665073,10492.11855006218
1903,2.759631395339966,3.678049087524414,7620.111377060413,10495.796599149704
1904,3.5450239181518555,4.266878128051758,7623.656400978565,10500.063477277756
1905,1.452596664428711,2.3266119956970215,7625.108997642994,10502.390089273453
1906,3.6292598247528076,4.367681980133057,7628.738257467747,10506.757771253586
1907,3.2450764179229736,4.59863805770874,7631.98333388567,10511.356409311295
1908,2.850739002227783,4.776279926300049,7634.8340728878975,10516.132689237595
1909,4.817478179931641,3.7572498321533203,7639.651551067829,10519.889939069748
1910,3.3987791538238525,2.962681770324707,7643.050330221653,10522.852620840073
1911,2.913315534591675,5.266562461853027,7645.963645756245,10528.119183301926
1912,3.256080389022827,2.750157117843628,7649.2197261452675,10530.86934041977
1913,2.941044807434082,4.119804859161377,7652.160770952702,10534.98914527893
1914,3.964585781097412,5.313480854034424,7656.125356733799,10540.302626132965
1915,1.457127332687378,2.778379201889038,7657.582484066486,10543.081005334854
1916,3.50601863861084,3.7811849117279053,7661.088502705097,10546.862190246582
1917,4.048398494720459,4.572502136230469,7665.136901199818,10551.434692382812
1918,2.759596586227417,3.2744028568267822,7667.896497786045,10554.70909523964
1919,3.276451826095581,4.846254348754883,7671.172949612141,10559.555349588394
1920,2.9075381755828857,4.343563556671143,7674.0804877877235,10563.898913145065
1921,3.2439606189727783,4.652133464813232,7677.324448406696,10568.551046609879
1922,3.7017154693603516,4.236077785491943,7681.026163876057,10572.78712439537
1923,2.6884102821350098,4.453396320343018,7683.714574158192,10577.240520715714
1924,3.348144769668579,4.202274799346924,7687.06271892786,10581.44279551506
1925,3.3146486282348633,4.326591968536377,7690.377367556095,10585.769387483597
1926,2.840036392211914,5.16861629486084,7693.217403948307,10590.938003778458
1927,3.1997387409210205,4.616106986999512,7696.417142689228,10595.554110765457
1928,3.4123024940490723,4.073882102966309,7699.829445183277,10599.627992868423
1929,2.3100357055664062,2.9091405868530273,7702.1394808888435,10602.537133455276
1930,3.502169132232666,3.945596933364868,7705.641650021076,10606.482730388641
1931,3.0222740173339844,3.902554750442505,7708.66392403841,10610.385285139084
1932,3.6449978351593018,4.452057361602783,7712.3089218735695,10614.837342500687
1933,3.146226167678833,3.654118061065674,7715.455148041248,10618.491460561752
1934,2.859250783920288,3.8608272075653076,7718.314398825169,10622.352287769318
1935,2.7471282482147217,3.8916778564453125,7721.061527073383,10626.243965625763
1936,0.7609966993331909,1.7631419897079468,7721.8225237727165,10628.00710761547
1937,3.176359176635742,4.665838241577148,7724.998882949352,10632.672945857048
1938,3.984062433242798,3.7674405574798584,7728.982945382595,10636.440386414528
1939,3.4320261478424072,5.241606712341309,7732.4149715304375,10641.68199312687
1940,2.999021053314209,3.5783402919769287,7735.413992583752,10645.260333418846
1941,2.8917622566223145,3.7544214725494385,7738.305754840374,10649.014754891396
1942,3.21882963180542,3.5242438316345215,7741.524584472179,10652.53899872303
1943,2.8916170597076416,3.9772133827209473,7744.416201531887,10656.516212105751
1944,3.1885344982147217,4.809428691864014,7747.604736030102,10661.325640797615
1945,1.9955520629882812,1.900421142578125,7749.60028809309,10663.226061940193
1946,4.366329193115234,5.286796569824219,7753.966617286205,10668.512858510017
1947,3.2871105670928955,4.759771347045898,7757.253727853298,10673.272629857063
1948,2.9354805946350098,4.374080657958984,7760.189208447933,10677.646710515022
1949,3.3981869220733643,3.394038677215576,7763.587395370007,10681.040749192238
1950,3.1092875003814697,4.374889850616455,7766.696682870388,10685.415639042854
1951,2.9371442794799805,3.834252119064331,7769.633827149868,10689.249891161919
1952,3.274557113647461,4.945908069610596,7772.9083842635155,10694.19579923153
1953,3.278876304626465,4.435755729675293,7776.187260568142,10698.631554961205
1954,3.909259557723999,4.944995403289795,7780.096520125866,10703.576550364494
1955,2.967172861099243,4.3545403480529785,7783.063692986965,10707.931090712547
1956,3.750767707824707,4.97170877456665,7786.81446069479,10712.902799487114
1957,3.0902700424194336,5.106531143188477,7789.904730737209,10718.009330630302
1958,1.961887240409851,2.8308024406433105,7791.866617977619,10720.840133070946
1959,3.5316357612609863,4.858183860778809,7795.39825373888,10725.698316931725
1960,2.7727949619293213,4.387634754180908,7798.1710487008095,10730.085951685905
1961,2.9079430103302,4.12934684753418,7801.07899171114,10734.21529853344
1962,2.9370737075805664,4.13072395324707,7804.01606541872,10738.346022486687
1963,3.6665291786193848,4.666306972503662,7807.68259459734,10743.01232945919
1964,3.0462558269500732,5.228170394897461,7810.72885042429,10748.240499854088
1965,3.128126621246338,4.912301063537598,7813.856977045536,10753.152800917625
1966,3.8325674533843994,4.65595006942749,7817.68954449892,10757.808750987053
1967,2.7088236808776855,5.2341108322143555,7820.398368179798,10763.042861819267
1968,3.0551609992980957,3.8079752922058105,7823.453529179096,10766.850837111473
1969,2.8032069206237793,3.965380907058716,7826.25673609972,10770.816218018532
1970,2.9738707542419434,4.466156959533691,7829.230606853962,10775.282374978065
1971,2.9970452785491943,3.714733839035034,7832.227652132511,10778.9971088171
1972,3.267580270767212,5.01535177230835,7835.495232403278,10784.012460589409
1973,2.8946549892425537,3.1978702545166016,7838.389887392521,10787.210330843925
1974,2.4490432739257812,2.0786776542663574,7840.838930666447,10789.289008498192
1975,4.227189064025879,4.669398307800293,7845.066119730473,10793.958406805992
1976,3.656320810317993,4.847606182098389,7848.722440540791,10798.80601298809
1977,2.900909662246704,4.157249450683594,7851.623350203037,10802.963262438774
1978,2.9091360569000244,4.1984944343566895,7854.532486259937,10807.16175687313
1979,2.5698163509368896,3.5215542316436768,7857.102302610874,10810.683311104774
1980,2.6615285873413086,3.0303735733032227,7859.7638311982155,10813.713684678078
1981,3.1190578937530518,3.8497681617736816,7862.8828890919685,10817.563452839851
1982,3.182551383972168,4.476395130157471,7866.065440475941,10822.039847970009
1983,3.109387159347534,3.6717722415924072,7869.174827635288,10825.711620211601
1984,3.198188543319702,4.880434036254883,7872.373016178608,10830.592054247856
1985,2.8558266162872314,5.13014554977417,7875.228842794895,10835.72219979763
1986,2.790839433670044,3.6874444484710693,7878.019682228565,10839.409644246101
1987,3.2514734268188477,4.429501533508301,7881.271155655384,10843.83914577961
1988,2.620638608932495,3.4207983016967773,7883.891794264317,10847.259944081306
1989,1.102002739906311,2.5150868892669678,7884.993797004223,10849.775030970573
1990,3.1341311931610107,4.111505031585693,7888.127928197384,10853.88653600216
1991,0.8519108295440674,2.042217493057251,7888.979839026928,10855.928753495216
1992,1.230501413345337,3.72206974029541,7890.210340440273,10859.650823235512
1993,1.2130850553512573,2.523073434829712,7891.4234254956245,10862.173896670341
1994,3.040959596633911,5.134033679962158,7894.464385092258,10867.307930350304
1995,2.936230421066284,2.7538955211639404,7897.400615513325,10870.061825871468
1996,3.1133906841278076,4.827838897705078,7900.5140061974525,10874.889664769173
1997,2.9644532203674316,4.080607891082764,7903.47845941782,10878.970272660255
1998,3.0128159523010254,4.12905740737915,7906.491275370121,10883.099330067635
1999,3.2179315090179443,3.595510959625244,7909.709206879139,10886.69484102726
2000,4.427742958068848,4.399585247039795,7914.136949837208,10891.0944262743
2001,2.2285876274108887,3.7234067916870117,7916.365537464619,10894.817833065987
2002,3.5049519538879395,3.4805784225463867,7919.870489418507,10898.298411488533
2003,3.0696113109588623,4.273133277893066,7922.9401007294655,10902.571544766426
2004,3.159029722213745,2.342423677444458,7926.099130451679,10904.91396844387
2005,1.0673538446426392,1.742163062095642,7927.166484296322,10906.656131505966
2006,2.8389453887939453,1.9502147436141968,7930.005429685116,10908.60634624958
2007,3.218252658843994,3.118692636489868,7933.22368234396,10911.72503888607
2008,1.6541301012039185,2.1877012252807617,7934.877812445164,10913.912740111351
2009,2.393937110900879,2.553124189376831,7937.271749556065,10916.465864300728
2010,2.975602626800537,1.824454426765442,7940.247352182865,10918.290318727493
2011,2.78702712059021,3.4752399921417236,7943.034379303455,10921.765558719635
2012,3.2232046127319336,4.277485370635986,7946.257583916187,10926.043044090271
2013,3.1838936805725098,3.35504412651062,7949.44147759676,10929.398088216782
2014,0.8722470998764038,2.8855371475219727,7950.313724696636,10932.283625364304
2015,2.9577105045318604,3.7530834674835205,7953.271435201168,10936.036708831787
2016,2.3325815200805664,3.381629228591919,7955.604016721249,10939.418338060379
2017,3.4389841556549072,2.220973014831543,7959.0430008769035,10941.63931107521
2018,2.3599956035614014,2.2251851558685303,7961.402996480465,10943.86449623108
2019,3.252035140991211,3.0697524547576904,7964.655031621456,10946.934248685837
2020,2.6188924312591553,2.152282476425171,7967.273924052715,10949.086531162262
2021,2.761659860610962,3.041348934173584,7970.035583913326,10952.127880096436
2022,2.6083474159240723,3.1415677070617676,7972.64393132925,10955.269447803497
2023,2.8279919624328613,2.68306827545166,7975.471923291683,10957.952516078949
2024,3.1747913360595703,2.893428325653076,7978.646714627743,10960.845944404602
2025,2.8869829177856445,3.3415162563323975,7981.533697545528,10964.187460660934
2026,0.8977638483047485,2.2056355476379395,7982.431461393833,10966.393096208572
2027,2.7231454849243164,3.6792831420898438,7985.1546068787575,10970.072379350662
2028,1.6639093160629272,2.1887285709381104,7986.81851619482,10972.2611079216
2029,2.858989715576172,3.543044328689575,7989.677505910397,10975.80415225029
2030,2.4849488735198975,3.1474289894104004,7992.1624547839165,10978.9515812397
2031,2.1571710109710693,3.0006446838378906,7994.3196257948875,10981.952225923538
2032,2.839603900909424,3.1341044902801514,7997.159229695797,10985.086330413818
2033,1.9063735008239746,1.6538364887237549,7999.065603196621,10986.740166902542
2034,2.686288356781006,2.8500094413757324,8001.751891553402,10989.590176343918
2035,2.630178928375244,3.262716054916382,8004.382070481777,10992.852892398834
2036,2.9214181900024414,4.0127644538879395,8007.30348867178,10996.865656852722
2037,2.7006137371063232,2.8325982093811035,8010.004102408886,10999.698255062103
2038,3.2976861000061035,3.9565980434417725,8013.301788508892,11003.654853105545
2039,2.826374053955078,3.046757698059082,8016.128162562847,11006.701610803604
2040,2.9964706897735596,3.1918773651123047,8019.124633252621,11009.893488168716
2041,2.7408385276794434,3.6121654510498047,8021.8654717803,11013.505653619766
2042,3.836073160171509,3.286627769470215,8025.701544940472,11016.792281389236
2043,1.9904953241348267,1.6802914142608643,8027.6920402646065,11018.472572803497
2044,2.4923830032348633,3.6267917156219482,8030.184423267841,11022.09936451912
2045,3.2748475074768066,2.5953288078308105,8033.459270775318,11024.69469332695
2046,2.988455295562744,3.580451488494873,8036.447726070881,11028.275144815445
2047,2.8180181980133057,1.9883310794830322,8039.265744268894,11030.263475894928
2048,3.011702299118042,4.035952091217041,8042.277446568012,11034.299427986145
2049,3.044961929321289,3.389906644821167,8045.3224084973335,11037.689334630966
2050,2.5763742923736572,3.3169243335723877,8047.898782789707,11041.006258964539
2051,2.4193105697631836,2.908601999282837,8050.31809335947,11043.914860963821
2052,2.440838098526001,2.455613851547241,8052.758931457996,11046.370474815369
2053,3.0666298866271973,3.1727750301361084,8055.825561344624,11049.543249845505
2054,2.976768970489502,2.8420023918151855,8058.802330315113,11052.38525223732
2055,3.3012471199035645,2.4193038940429688,8062.103577435017,11054.804556131363
2056,1.5941308736801147,1.3552751541137695,8063.697708308697,11056.159831285477
2057,2.797717332839966,3.1044626235961914,8066.495425641537,11059.264293909073
2058,2.7856497764587402,3.226522445678711,8069.281075417995,11062.490816354752
2059,3.04707670211792,3.441847562789917,8072.328152120113,11065.932663917542
2060,2.8460235595703125,3.0423262119293213,8075.174175679684,11068.97499012947
2061,2.5185511112213135,2.7869768142700195,8077.692726790905,11071.76196694374
2062,3.0100982189178467,3.0015721321105957,8080.702825009823,11074.763539075851
2063,2.7987356185913086,2.9961843490600586,8083.501560628414,11077.759723424911
2064,2.635120391845703,3.5936014652252197,8086.13668102026,11081.353324890137
2065,2.9079835414886475,4.041564464569092,8089.0446645617485,11085.394889354706
2066,2.402782917022705,2.640622615814209,8091.447447478771,11088.03551197052
2067,3.2476253509521484,3.353785753250122,8094.695072829723,11091.38929772377
2068,3.3370838165283203,4.343141078948975,8098.032156646252,11095.73243880272
2069,2.5474655628204346,2.238098382949829,8100.579622209072,11097.970537185669
2070,3.763824462890625,3.730166435241699,8104.343446671963,11101.70070362091
2071,3.109466075897217,2.887449264526367,8107.45291274786,11104.588152885437
2072,2.9884586334228516,2.206483840942383,8110.441371381283,11106.79463672638
2073,1.915000081062317,1.6290411949157715,8112.356371462345,11108.423677921295
2074,3.002471446990967,4.089173793792725,8115.358842909336,11112.512851715088
2075,2.6034390926361084,3.3180150985717773,8117.962282001972,11115.83086681366
2076,2.916783332824707,2.6503610610961914,8120.879065334797,11118.481227874756
2077,3.066541910171509,2.921813726425171,8123.945607244968,11121.403041601181
2078,2.8691787719726562,2.9600794315338135,8126.814786016941,11124.363121032715
2079,2.422377824783325,2.4216132164001465,8129.237163841724,11126.784734249115
2080,3.3342623710632324,1.795357346534729,8132.571426212788,11128.58009159565
2081,2.6682322025299072,2.988255500793457,8135.2396584153175,11131.568347096443
2082,2.4498660564422607,2.803054094314575,8137.68952447176,11134.371401190758
2083,2.5074217319488525,2.84940242767334,8140.196946203709,11137.220803618431
2084,3.1087610721588135,3.950317859649658,8143.3057072758675,11141.17112147808
2085,2.5297279357910156,3.759923219680786,8145.8354352116585,11144.931044697762
2086,2.459843158721924,2.7400639057159424,8148.29527837038,11147.671108603477
2087,2.1637022495269775,2.981613874435425,8150.458980619907,11150.652722477913
2088,1.6867071390151978,2.7940478324890137,8152.145687758923,11153.446770310402
2089,2.1596338748931885,2.29148006439209,8154.305321633816,11155.738250374794
2090,2.5646872520446777,3.2567684650421143,8156.87000888586,11158.995018839836
2091,1.635213851928711,2.1156091690063477,8158.505222737789,11161.110628008842
2092,3.1106719970703125,2.9430480003356934,8161.6158947348595,11164.053676009178
2093,2.478294849395752,2.5144121646881104,8164.094189584255,11166.568088173866
2094,2.9792063236236572,2.6187102794647217,8167.073395907879,11169.186798453331
2095,1.0043390989303589,2.1759226322174072,8168.077735006809,11171.362721085548
2096,3.444603681564331,3.326871395111084,8171.522338688374,11174.68959248066
2097,2.9280316829681396,2.3799591064453125,8174.450370371342,11177.069551587105
2098,2.6525397300720215,2.979562997817993,8177.102910101414,11180.049114584923
2099,2.4766392707824707,3.1154654026031494,8179.579549372196,11183.164579987526
2100,2.4622130393981934,3.6558620929718018,8182.041762411594,11186.820442080498
2101,3.0506672859191895,3.5389137268066406,8185.092429697514,11190.359355807304
2102,2.4493069648742676,2.8993523120880127,8187.541736662388,11193.258708119392
2103,2.4624598026275635,3.5748701095581055,8190.004196465015,11196.83357822895
2104,3.0189127922058105,3.466248035430908,8193.023109257221,11200.299826264381
2105,2.788818836212158,2.689483642578125,8195.811928093433,11202.98930990696
2106,2.707470178604126,3.017181873321533,8198.519398272038,11206.006491780281
2107,2.2605183124542236,2.8998327255249023,8200.779916584492,11208.906324505806
2108,2.2554824352264404,2.5652620792388916,8203.035399019718,11211.471586585045
2109,1.5434813499450684,1.7821751832962036,8204.578880369663,11213.253761768341
2110,3.1236653327941895,3.1915040016174316,8207.702545702457,11216.445265769958
2111,2.536365270614624,2.685411214828491,8210.238910973072,11219.130676984787
2112,3.043825626373291,3.373791217803955,8213.282736599445,11222.504468202591
2113,2.5588479042053223,2.3406195640563965,8215.84158450365,11224.845087766647
2114,2.4187283515930176,2.8818917274475098,8218.260312855244,11227.726979494095
2115,2.2285850048065186,3.171858787536621,8220.48889786005,11230.898838281631
2116,3.3574321269989014,2.524498701095581,8223.84632998705,11233.423336982727
2117,2.1415293216705322,1.9040217399597168,8225.98785930872,11235.327358722687
2118,3.325322151184082,3.4525084495544434,8229.313181459904,11238.779867172241
2119,3.08357834815979,2.637087106704712,8232.396759808064,11241.416954278946
2120,2.934725761413574,2.112715482711792,8235.331485569477,11243.529669761658
2121,3.154378890991211,4.087970733642578,8238.485864460468,11247.6176404953
2122,2.421964406967163,4.050510883331299,8240.907828867435,11251.668151378632
2123,2.6345112323760986,3.6721436977386475,8243.542340099812,11255.34029507637
2124,3.3099637031555176,3.2218704223632812,8246.852303802967,11258.562165498734
2125,2.8361706733703613,1.996049165725708,8249.688474476337,11260.55821466446
2126,2.414436101913452,2.0755133628845215,8252.10291057825,11262.633728027344
2127,3.6546852588653564,3.3975095748901367,8255.757595837116,11266.031237602234
2128,0.8704155087471008,1.8925949335098267,8256.628011345863,11267.923832535744
2129,2.406611680984497,2.689974546432495,8259.034623026848,11270.613807082176
2130,2.415787696838379,2.6087963581085205,8261.450410723686,11273.222603440285
2131,2.759253978729248,2.8865175247192383,8264.209664702415,11276.109120965004
2132,3.027383804321289,4.667294502258301,8267.237048506737,11280.776415467262
2133,3.0864171981811523,4.590784549713135,8270.323465704918,11285.367200016975
2134,2.795043468475342,2.929751396179199,8273.118509173393,11288.296951413155
2135,2.4583518505096436,3.3799045085906982,8275.576861023903,11291.676855921745
2136,3.099858045578003,3.7808969020843506,8278.67671906948,11295.45775282383
2137,2.672567367553711,4.171835899353027,8281.349286437035,11299.629588723183
2138,2.78741192817688,3.03226900100708,8284.136698365211,11302.66185772419
2139,3.8400185108184814,2.837036609649658,8287.97671687603,11305.49889433384
2140,2.7789337635040283,3.080735921859741,8290.755650639534,11308.5796302557
2141,3.0347390174865723,4.438539028167725,8293.79038965702,11313.018169283867
2142,2.2652173042297363,2.268683910369873,8296.05560696125,11315.286853194237
2143,3.4928433895111084,3.487441062927246,8299.548450350761,11318.774294257164
2144,0.6938430070877075,1.8392466306686401,8300.24229335785,11320.613540887833
2145,2.9956352710723877,2.945330858230591,8303.237928628922,11323.558871746063
2146,3.3311049938201904,3.4110069274902344,8306.569033622742,11326.969878673553
2147,2.9247353076934814,2.875136137008667,8309.493768930435,11329.845014810562
2148,2.8958990573883057,3.7531375885009766,8312.389667987823,11333.598152399063
2149,0.7314433455467224,2.0706586837768555,8313.12111133337,11335.66881108284
2150,2.6948330402374268,3.641742467880249,8315.815944373608,11339.31055355072
2151,2.7248315811157227,4.348878383636475,8318.540775954723,11343.659431934357
2152,2.8471076488494873,3.415128469467163,8321.387883603573,11347.074560403824
2153,2.425279378890991,3.5314924716949463,8323.813162982464,11350.606052875519
2154,3.3387351036071777,4.053074836730957,8327.151898086071,11354.65912771225
2155,2.82893705368042,2.434321880340576,8329.980835139751,11357.09344959259
2156,2.943620204925537,3.608705759048462,8332.924455344677,11360.702155351639
2157,3.308443784713745,3.940157413482666,8336.23289912939,11364.642312765121
2158,1.5282995700836182,2.1343274116516113,8337.761198699474,11366.776640176773
2159,2.499601125717163,2.6223154067993164,8340.260799825191,11369.398955583572
2160,2.30932879447937,2.525395393371582,8342.57012861967,11371.924350976944
2161,1.1232454776763916,1.9439842700958252,8343.693374097347,11373.86833524704
2162,0.8565129041671753,2.3947768211364746,8344.549887001514,11376.263112068176
2163,2.336322546005249,2.4014456272125244,8346.88620954752,11378.664557695389
2164,2.530514717102051,2.980323553085327,8349.416724264622,11381.644881248474
2165,2.759159803390503,1.7467079162597656,8352.175884068012,11383.391589164734
2166,1.8492337465286255,2.648210287094116,8354.02511781454,11386.039799451828
2167,1.9760067462921143,1.7948285341262817,8356.001124560833,11387.834627985954
2168,1.6158156394958496,3.373229742050171,8357.616940200329,11391.207857728004
2169,2.621241807937622,2.3035197257995605,8360.238182008266,11393.511377453804
2170,2.596799612045288,3.0122933387756348,8362.834981620312,11396.52367079258
2171,2.6283278465270996,3.1490633487701416,8365.463309466839,11399.67273414135
2172,2.315861701965332,2.868245840072632,8367.779171168804,11402.540979981422
2173,3.1073575019836426,3.073906660079956,8370.886528670788,11405.614886641502
2174,2.6973013877868652,3.700927734375,8373.583830058575,11409.315814375877
2175,2.867183208465576,2.4730474948883057,8376.45101326704,11411.788861870766
2176,3.0387837886810303,3.2957680225372314,8379.489797055721,11415.084629893303
2177,2.9296393394470215,2.7978134155273438,8382.419436395168,11417.88244330883
2178,2.571962833404541,2.9112892150878906,8384.991399228573,11420.793732523918
2179,1.8058834075927734,2.466874837875366,8386.797282636166,11423.260607361794
2180,3.059216260910034,4.078733921051025,8389.856498897076,11427.339341282845
2181,2.929330587387085,2.297292947769165,8392.785829484463,11429.636634230614
2182,3.036332368850708,3.368368148803711,8395.822161853313,11433.005002379417
2183,3.216923952102661,3.2791967391967773,8399.039085805416,11436.284199118614
2184,2.0571463108062744,2.5274550914764404,8401.096232116222,11438.81165421009
2185,2.5758719444274902,3.3609445095062256,8403.67210406065,11442.172598719597
2186,2.4204139709472656,3.020432472229004,8406.092518031597,11445.193031191826
2187,2.6981916427612305,2.2040417194366455,8408.790709674358,11447.397072911263
2188,3.1008541584014893,3.6150600910186768,8411.89156383276,11451.012133002281
2189,2.21797776222229,2.584202527999878,8414.109541594982,11453.596335530281
2190,2.6953694820404053,1.2917015552520752,8416.804911077023,11454.888037085533
2191,2.801265001296997,4.668453216552734,8419.60617607832,11459.556490302086
2192,2.824521064758301,2.7019665241241455,8422.430697143078,11462.25845682621
2193,3.023768901824951,3.588742256164551,8425.454466044903,11465.847199082375
2194,2.7984468936920166,3.763547420501709,8428.252912938595,11469.610746502876
2195,3.130493640899658,2.9116570949554443,8431.383406579494,11472.522403597832
2196,3.402657985687256,3.6355104446411133,8434.786064565182,11476.157914042473
2197,2.6911110877990723,3.0642411708831787,8437.47717565298,11479.222155213356
2198,2.9300856590270996,3.6059112548828125,8440.407261312008,11482.828066468239
2199,1.5497452020645142,2.528163194656372,8441.957006514072,11485.356229662895
2200,1.768197774887085,2.2675940990448,8443.72520428896,11487.62382376194
2201,3.0384535789489746,3.575608730316162,8446.763657867908,11491.199432492256
2202,1.51079523563385,2.5626912117004395,8448.274453103542,11493.762123703957
2203,2.8325493335723877,3.8725461959838867,8451.107002437115,11497.63466989994
2204,3.2954277992248535,4.35448694229126,8454.40243023634,11501.989156842232
2205,2.920109987258911,4.056958198547363,8457.322540223598,11506.04611504078
2206,1.9301791191101074,1.8844465017318726,8459.252719342709,11507.930561542511
2207,2.667032241821289,2.2589008808135986,8461.91975158453,11510.189462423325
2208,2.3584978580474854,2.2989156246185303,8464.278249442577,11512.488378047943
2209,2.4748637676239014,3.2744803428649902,8466.753113210201,11515.762858390808
2210,3.0534369945526123,3.95430064201355,8469.806550204754,11519.717159032822
2211,0.7941617369651794,1.928926944732666,8470.600711941719,11521.646085977554
2212,2.8536972999572754,3.4947702884674072,8473.454409241676,11525.140856266022
2213,1.7759103775024414,2.11837100982666,8475.230319619179,11527.259227275848
2214,2.4138474464416504,3.003422498703003,8477.64416706562,11530.262649774551
2215,2.4724433422088623,3.452617883682251,8480.11661040783,11533.715267658234
2216,3.7958810329437256,2.720123052597046,8483.912491440773,11536.43539071083
2217,1.8300492763519287,1.851721167564392,8485.742540717125,11538.287111878395
2218,3.1368651390075684,2.5979316234588623,8488.879405856133,11540.885043501854
2219,2.8779234886169434,3.594849109649658,8491.75732934475,11544.479892611504
2220,2.5072033405303955,3.4899420738220215,8494.26453268528,11547.969834685326
2221,2.8544275760650635,2.0899972915649414,8497.118960261345,11550.05983197689
2222,2.604841709136963,3.248349189758301,8499.723801970482,11553.308181166649
2223,2.32497501373291,3.4050095081329346,8502.048776984215,11556.713190674782
2224,3.0850906372070312,2.7753190994262695,8505.133867621422,11559.488509774208
2225,2.9533603191375732,2.2974421977996826,8508.08722794056,11561.785951972008
2226,3.255432367324829,3.8933353424072266,8511.342660307884,11565.679287314415
2227,2.234978199005127,3.425865888595581,8513.57763850689,11569.10515320301
2228,2.839942216873169,3.896023750305176,8516.417580723763,11573.001176953316
2229,2.3868255615234375,2.9574389457702637,8518.804406285286,11575.958615899086
2230,2.8291571140289307,3.4645144939422607,8521.633563399315,11579.423130393028
2231,1.5349828004837036,2.0129382610321045,8523.168546199799,11581.43606865406
2232,3.5161421298980713,3.766051769256592,8526.684688329697,11585.202120423317
2233,2.8477213382720947,3.3879318237304688,8529.532409667969,11588.590052247047
2234,3.094155788421631,2.7452728748321533,8532.62656545639,11591.33532512188
2235,2.923982620239258,3.360849142074585,8535.55054807663,11594.696174263954
2236,2.8120315074920654,3.634124755859375,8538.362579584122,11598.330299019814
2237,0.8996084928512573,2.29178786277771,8539.262188076973,11600.622086882591
2238,2.0460424423217773,2.336805820465088,8541.308230519295,11602.958892703056
2239,2.9955544471740723,3.926093578338623,8544.303784966469,11606.884986281395
2240,3.391958236694336,2.6620471477508545,8547.695743203163,11609.547033429146
2241,2.751091957092285,3.7806994915008545,8550.446835160255,11613.327732920647
2242,3.1742098331451416,3.056532621383667,8553.6210449934,11616.38426554203
2243,2.766885757446289,3.4279351234436035,8556.387930750847,11619.812200665474
2244,2.553510904312134,3.4478683471679688,8558.941441655159,11623.260069012642
2245,0.8244813680648804,2.5949878692626953,8559.765923023224,11625.855056881905
2246,2.7461190223693848,3.7089083194732666,8562.512042045593,11629.563965201378
2247,2.8613858222961426,3.582019567489624,8565.37342786789,11633.145984768867
2248,2.904573917388916,3.843290328979492,8568.278001785278,11636.989275097847
2249,2.6197636127471924,3.377676248550415,8570.897765398026,11640.366951346397
2250,2.3025975227355957,3.5890750885009766,8573.200362920761,11643.956026434898
2251,2.7897884845733643,3.9367899894714355,8575.990151405334,11647.89281642437
2252,2.4175608158111572,2.7743136882781982,8578.407712221146,11650.667130112648
2253,2.934373140335083,2.8218369483947754,8581.34208536148,11653.488967061043
2254,2.6064565181732178,3.8554890155792236,8583.948541879654,11657.344456076622
2255,2.955310583114624,3.7415823936462402,8586.903852462769,11661.086038470268
2256,2.553762674331665,2.276102066040039,8589.4576151371,11663.362140536308
2257,3.1396241188049316,2.718090772628784,8592.597239255905,11666.080231308937
2258,2.6924641132354736,4.288454532623291,8595.28970336914,11670.36868584156
2259,2.5868544578552246,2.4966654777526855,8597.876557826996,11672.865351319313
2260,2.8333613872528076,3.873640775680542,8600.709919214249,11676.738992094994
2261,3.1553828716278076,2.0266973972320557,8603.865302085876,11678.765689492226
2262,2.7143962383270264,2.9803614616394043,8606.579698324203,11681.746050953865
2263,2.7957916259765625,1.6154321432113647,8609.37548995018,11683.361483097076
2264,3.3757071495056152,2.7395334243774414,8612.751197099686,11686.101016521454
2265,2.158752918243408,3.724425792694092,8614.909950017929,11689.825442314148
2266,2.9278581142425537,3.882791519165039,8617.837808132172,11693.708233833313
2267,2.9077463150024414,3.0918641090393066,8620.745554447174,11696.800097942352
2268,2.9324018955230713,3.7184627056121826,8623.677956342697,11700.518560647964
2269,1.8171306848526,1.9668073654174805,8625.49508702755,11702.485368013382
2270,2.444526195526123,2.30696702003479,8627.939613223076,11704.792335033417
2271,2.8934526443481445,2.2502901554107666,8630.833065867424,11707.042625188828
2272,3.104755163192749,2.4621689319610596,8633.937821030617,11709.504794120789
2273,1.7748079299926758,2.4109644889831543,8635.71262896061,11711.915758609772
2274,2.752532720565796,3.0730443000793457,8638.465161681175,11714.988802909851
2275,2.5707976818084717,3.9513750076293945,8641.035959362984,11718.94017791748
2276,2.61222767829895,3.409898519515991,8643.648187041283,11722.350076436996
2277,3.3547282218933105,2.9436750411987305,8647.002915263176,11725.293751478195
2278,3.085998773574829,4.498342037200928,8650.08891403675,11729.792093515396
2279,2.66572904586792,3.697939157485962,8652.754643082619,11733.490032672882
2280,3.446070432662964,2.5257036685943604,8656.200713515282,11736.015736341476
2281,3.053192377090454,3.010331392288208,8659.253905892372,11739.026067733765
2282,2.7201075553894043,3.8369953632354736,8661.974013447762,11742.863063097
2283,2.6138815879821777,3.172910451889038,8664.587895035744,11746.03597354889
2284,1.6609781980514526,2.4400219917297363,8666.248873233795,11748.475995540619
2285,2.0656898021698,2.5911645889282227,8668.314563035965,11751.067160129547
2286,3.035832166671753,3.7791481018066406,8671.350395202637,11754.846308231354
2287,2.3078067302703857,3.6423773765563965,8673.658201932907,11758.48868560791
2288,3.6687352657318115,2.848567247390747,8677.326937198639,11761.3372528553
2289,2.7364869117736816,3.1146976947784424,8680.063424110413,11764.45195055008
2290,3.1110970973968506,2.8418071269989014,8683.17452120781,11767.293757677078
2291,2.6917989253997803,2.5677261352539062,8685.86632013321,11769.861483812332
2292,2.708055257797241,3.8543436527252197,8688.574375391006,11773.715827465057
2293,3.1099860668182373,3.639477014541626,8691.684361457825,11777.355304479599
2294,3.0816681385040283,3.586970567703247,8694.766029596329,11780.942275047302
2295,2.65027117729187,2.3561840057373047,8697.41630077362,11783.29845905304
2296,2.6896955966949463,3.0386948585510254,8700.105996370316,11786.33715391159
2297,3.668325901031494,2.9086990356445312,8703.774322271347,11789.245852947235
2298,2.749952554702759,3.3992180824279785,8706.52427482605,11792.645071029663
2299,3.4632182121276855,2.6488945484161377,8709.987493038177,11795.29396557808
2300,1.7174493074417114,1.7560398578643799,8711.70494234562,11797.050005435944
2301,1.686374306678772,2.393117666244507,8713.391316652298,11799.443123102188
2302,1.7245272397994995,2.0065815448760986,8715.115843892097,11801.449704647064
2303,2.4010202884674072,3.446608543395996,8717.516864180565,11804.89631319046
2304,2.9383814334869385,4.07182502746582,8720.455245614052,11808.968138217926
2305,2.814591884613037,3.6752676963806152,8723.269837498665,11812.643405914307
2306,1.1830227375030518,4.121345043182373,8724.452860236168,11816.764750957489
2307,3.1554293632507324,3.993237018585205,8727.608289599419,11820.757987976074
2308,2.5374414920806885,3.275242805480957,8730.1457310915,11824.033230781555
2309,2.858633279800415,3.428593873977661,8733.0043643713,11827.461824655533
2310,3.266911268234253,2.4846606254577637,8736.271275639534,11829.94648528099
2311,3.122799873352051,3.203065872192383,8739.394075512886,11833.149551153183
2312,1.8410826921463013,1.470747470855713,8741.235158205032,11834.620298624039
2313,2.985332727432251,3.8860397338867188,8744.220490932465,11838.506338357925
2314,3.059805154800415,3.9344687461853027,8747.280296087265,11842.44080710411
2315,1.9425266981124878,1.4581242799758911,8749.222822785378,11843.898931384087
2316,2.566528081893921,3.8115525245666504,8751.789350867271,11847.710483908653
2317,2.439056158065796,3.822291374206543,8754.228407025337,11851.53277528286
2318,2.8581149578094482,3.8738458156585693,8757.086521983147,11855.406621098518
2319,2.7343196868896484,2.494277238845825,8759.820841670036,11857.900898337364
2320,2.6340157985687256,2.7390635013580322,8762.454857468605,11860.639961838722
2321,2.1909029483795166,2.915534257888794,8764.645760416985,11863.555496096611
2322,2.6053261756896973,2.26098895072937,8767.251086592674,11865.81648504734
2323,2.4177424907684326,2.6574347019195557,8769.668829083443,11868.47391974926
2324,2.9138107299804688,1.7196036577224731,8772.582639813423,11870.193523406982
2325,2.460728645324707,2.423100709915161,8775.043368458748,11872.616624116898
2326,2.5441160202026367,3.977412223815918,8777.58748447895,11876.594036340714
2327,2.9875905513763428,3.195702314376831,8780.575075030327,11879.78973865509
2328,2.978883981704712,2.9624271392822266,8783.553959012032,11882.752165794373
2329,2.203270435333252,3.7874531745910645,8785.757229447365,11886.539618968964
2330,2.0125086307525635,2.364398241043091,8787.769738078117,11888.904017210007
2331,2.9259543418884277,3.349144220352173,8790.695692420006,11892.253161430359
2332,2.673194169998169,2.559950351715088,8793.368886590004,11894.813111782074
2333,3.2483346462249756,3.5386569499969482,8796.617221236229,11898.351768732071
2334,2.5412027835845947,3.2611494064331055,8799.158424019814,11901.612918138504
2335,2.910586357116699,3.649838447570801,8802.06901037693,11905.262756586075
2336,0.905393123626709,2.4843153953552246,8802.974403500557,11907.74707198143
2337,2.8398869037628174,3.2400412559509277,8805.81429040432,11910.987113237381
2338,2.7882168292999268,3.725606918334961,8808.60250723362,11914.712720155716
2339,1.1247472763061523,2.395913600921631,8809.727254509926,11917.108633756638
2340,2.5005545616149902,3.0082738399505615,8812.22780907154,11920.116907596588
2341,3.2010445594787598,3.487391948699951,8815.42885363102,11923.604299545288
2342,0.7140722274780273,2.022400140762329,8816.142925858498,11925.62669968605
2343,2.9967031478881836,3.641364097595215,8819.139629006386,11929.268063783646
2344,2.6899635791778564,3.1815171241760254,8821.829592585564,11932.449580907822
2345,2.668438673019409,3.7534797191619873,8824.498031258583,11936.203060626984
2346,2.939502716064453,3.8935599327087402,8827.437533974648,11940.096620559692
2347,2.239759922027588,2.241745710372925,8829.677293896675,11942.338366270065
2348,3.179305076599121,3.9239635467529297,8832.856598973274,11946.262329816818
2349,2.847913980484009,3.3530948162078857,8835.704512953758,11949.615424633026
2350,1.3336063623428345,2.5876762866973877,8837.038119316101,11952.203100919724
2351,2.7498466968536377,2.642469644546509,8839.787966012955,11954.84557056427
2352,3.429795742034912,2.7764089107513428,8843.21776175499,11957.621979475021
2353,2.750518321990967,2.9002885818481445,8845.96828007698,11960.52226805687
2354,0.9292957186698914,2.589783191680908,8846.89757579565,11963.11205124855
2355,3.9880378246307373,1.6261963844299316,8850.885613620281,11964.73824763298
2356,2.8826985359191895,3.9050822257995605,8853.7683121562,11968.64332985878
2357,2.8093111515045166,3.3232271671295166,8856.577623307705,11971.96655702591
2358,2.9856741428375244,3.6556015014648438,8859.563297450542,11975.622158527374
2359,1.4534353017807007,1.7280641794204712,8861.016732752323,11977.350222706795
2360,2.806438446044922,3.1598293781280518,8863.823171198368,11980.510052084923
2361,0.6202348470687866,1.4657481908798218,8864.443406045437,11981.975800275803
2362,2.8240041732788086,3.5755538940429688,8867.267410218716,11985.551354169846
2363,2.5563783645629883,3.1762630939483643,8869.823788583279,11988.727617263794
2364,3.962247610092163,3.002044677734375,8873.78603619337,11991.729661941528
2365,2.1542410850524902,3.056121587753296,8875.940277278423,11994.785783529282
2366,2.760637044906616,2.36745285987854,8878.70091432333,11997.15323638916
2367,2.5273237228393555,2.585207223892212,8881.22823804617,11999.738443613052
2368,2.5549561977386475,2.528144359588623,8883.783194243908,12002.266587972641
2369,2.9540131092071533,2.9055585861206055,8886.737207353115,12005.172146558762
2370,2.7938485145568848,3.4510996341705322,8889.531055867672,12008.623246192932
2371,3.259730339050293,3.392493486404419,8892.790786206722,12012.015739679337
2372,2.5665383338928223,3.7862167358398438,8895.357324540615,12015.801956415176
2373,2.8711323738098145,3.2298760414123535,8898.228456914425,12019.031832456589
2374,2.5825538635253906,3.5715088844299316,8900.81101077795,12022.603341341019
2375,1.4974666833877563,2.393612861633301,8902.308477461338,12024.996954202652
2376,2.5749950408935547,3.3481438159942627,8904.883472502232,12028.345098018646
2377,1.155883550643921,2.5069923400878906,8906.039356052876,12030.852090358734
2378,2.246701717376709,2.4756019115448,8908.286057770252,12033.327692270279
2379,2.804022789001465,4.016894340515137,8911.090080559254,12037.344586610794
2380,2.961510419845581,3.8796563148498535,8914.0515909791,12041.224242925644
2381,2.090325355529785,3.4106788635253906,8916.141916334629,12044.63492178917
2382,3.2033257484436035,2.4923346042633057,8919.345242083073,12047.127256393433
2383,2.7152743339538574,3.1705291271209717,8922.060516417027,12050.297785520554
2384,2.859576463699341,3.085153341293335,8924.920092880726,12053.382938861847
2385,2.9825165271759033,2.3571348190307617,8927.902609407902,12055.740073680878
2386,2.5619454383850098,3.578345775604248,8930.464554846287,12059.318419456482
2387,3.7156569957733154,2.9830946922302246,8934.18021184206,12062.301514148712
2388,2.5184590816497803,3.080024003982544,8936.69867092371,12065.381538152695
2389,3.226567268371582,3.9013917446136475,8939.925238192081,12069.282929897308
2390,2.8161239624023438,3.3890464305877686,8942.741362154484,12072.671976327896
2391,3.331289291381836,3.556628942489624,8946.072651445866,12076.228605270386
2392,2.9837093353271484,3.498430013656616,8949.056360781193,12079.727035284042
2393,2.8502321243286133,3.622413158416748,8951.906592905521,12083.34944844246
2394,2.9898126125335693,3.3403072357177734,8954.896405518055,12086.689755678177
2395,2.0104329586029053,3.386037588119507,8956.906838476658,12090.075793266296
2396,0.6837472319602966,1.7757415771484375,8957.590585708618,12091.851534843445
2397,2.934377431869507,2.7659451961517334,8960.524963140488,12094.617480039597
2398,3.0070440769195557,3.3176982402801514,8963.532007217407,12097.935178279877
2399,2.736379384994507,3.3622429370880127,8966.268386602402,12101.297421216965
2400,3.1498911380767822,3.5939395427703857,8969.418277740479,12104.891360759735
2401,2.9885048866271973,3.840205430984497,8972.406782627106,12108.73156619072
2402,2.49379301071167,3.373249053955078,8974.900575637817,12112.104815244675
2403,2.635338068008423,3.674222946166992,8977.535913705826,12115.779038190842
2404,2.4873061180114746,3.62699556350708,8980.023219823837,12119.406033754349
2405,3.393160581588745,3.3897149562835693,8983.416380405426,12122.795748710632
2406,2.4130663871765137,2.1929478645324707,8985.829446792603,12124.988696575165
2407,3.2269673347473145,2.984189987182617,8989.05641412735,12127.972886562347
2408,3.2864673137664795,3.7637765407562256,8992.342881441116,12131.736663103104
2409,3.066014289855957,3.110147714614868,8995.408895730972,12134.846810817719
2410,2.724400281906128,3.8741116523742676,8998.133296012878,12138.720922470093
2411,2.93593168258667,4.148161888122559,9001.069227695465,12142.869084358215
2412,1.855330228805542,2.5692319869995117,9002.92455792427,12145.438316345215
2413,3.029735803604126,3.278984785079956,9005.954293727875,12148.717301130295
2414,3.0105676651000977,4.114311695098877,9008.964861392975,12152.831612825394
2415,2.6139450073242188,3.3932154178619385,9011.578806400299,12156.224828243256
2416,0.6533822417259216,2.508382558822632,9012.232188642025,12158.733210802078
2417,1.7143100500106812,3.2061283588409424,9013.946498692036,12161.93933916092
2418,2.8446125984191895,3.159836530685425,9016.791111290455,12165.099175691605
2419,3.5137784481048584,2.85546875,9020.30488973856,12167.954644441605
2420,3.0184507369995117,3.6955342292785645,9023.32334047556,12171.650178670883
2421,3.8321216106414795,3.1866631507873535,9027.1554620862,12174.83684182167
2422,2.583950996398926,2.120948314666748,9029.7394130826,12176.957790136337
2423,2.992844581604004,3.84993577003479,9032.732257664204,12180.807725906372
2424,1.8382614850997925,2.8475706577301025,9034.570519149303,12183.655296564102
2425,2.2022199630737305,2.595017910003662,9036.772739112377,12186.250314474106
2426,3.370246171951294,3.5175940990448,9040.142985284328,12189.76790857315
2427,3.0171520709991455,3.5860023498535156,9043.160137355328,12193.353910923004
2428,2.98584246635437,3.046203136444092,9046.145979821682,12196.400114059448
2429,3.2813689708709717,4.0101518630981445,9049.427348792553,12200.410265922546
2430,3.0960774421691895,3.8508973121643066,9052.523426234722,12204.26116323471
2431,2.8575541973114014,1.8547831773757935,9055.380980432034,12206.115946412086
2432,2.9774913787841797,3.307757616043091,9058.358471810818,12209.42370402813
2433,3.1271252632141113,3.636260747909546,9061.485597074032,12213.05996477604
2434,2.64143443107605,3.924457550048828,9064.127031505108,12216.984422326088
2435,2.6378912925720215,2.276864528656006,9066.76492279768,12219.261286854744
2436,2.464994430541992,2.794917345046997,9069.229917228222,12222.056204199791
2437,2.5205702781677246,2.942347764968872,9071.75048750639,12224.99855196476
2438,2.5516226291656494,3.1161458492279053,9074.302110135555,12228.114697813988
2439,1.8593741655349731,3.035623788833618,9076.16148430109,12231.150321602821
2440,2.68491792678833,3.648820161819458,9078.846402227879,12234.79914176464
2441,2.705688953399658,3.1375014781951904,9081.552091181278,12237.936643242836
2442,2.845996141433716,2.8566038608551025,9084.398087322712,12240.793247103691
2443,2.6554007530212402,2.8059866428375244,9087.053488075733,12243.599233746529
2444,2.6436073780059814,3.154813766479492,9089.69709545374,12246.754047513008
2445,2.7242398262023926,2.5490708351135254,9092.421335279942,12249.303118348122
2446,2.7857284545898438,2.52191424369812,9095.207063734531,12251.82503259182
2447,3.0268187522888184,2.3422634601593018,9098.23388248682,12254.167296051979
2448,2.669426679611206,2.232124090194702,9100.903309166431,12256.399420142174
2449,0.8031103014945984,2.3063690662384033,9101.706419467926,12258.705789208412
2450,5.655327796936035,3.52012300491333,9107.361747264862,12262.225912213326
2451,3.00704026222229,3.9362518787384033,9110.368787527084,12266.162164092064
2452,1.8865934610366821,1.9111489057540894,9112.255380988121,12268.073312997818
2453,2.9100329875946045,3.2075490951538086,9115.165413975716,12271.280862092972
2454,2.821296215057373,3.052356004714966,9117.986710190773,12274.333218097687
2455,2.2816600799560547,3.1733558177948,9120.268370270729,12277.506573915482
2456,3.141883134841919,3.697735548019409,9123.410253405571,12281.204309463501
2457,3.0281128883361816,2.7691140174865723,9126.438366293907,12283.973423480988
2458,2.215153932571411,2.7120039463043213,9128.653520226479,12286.685427427292
2459,2.812514305114746,3.431778907775879,9131.466034531593,12290.117206335068
2460,1.49534010887146,2.15287446975708,9132.961374640465,12292.270080804825
2461,2.509293556213379,2.933584451675415,9135.470668196678,12295.2036652565
2462,2.3975789546966553,2.679715871810913,9137.868247151375,12297.883381128311
2463,2.6265134811401367,3.32251238822937,9140.494760632515,12301.20589351654
2464,2.741482973098755,3.758709192276001,9143.236243605614,12304.964602708817
2465,2.653366804122925,3.1430060863494873,9145.889610409737,12308.107608795166
2466,2.5190834999084473,2.351618528366089,9148.408693909645,12310.459227323532
2467,3.054105281829834,3.3783323764801025,9151.462799191475,12313.837559700012
2468,3.315127372741699,3.5390987396240234,9154.777926564217,12317.376658439636
2469,2.3846209049224854,2.92781662940979,9157.16254746914,12320.304475069046
2470,3.016357898712158,4.017972946166992,9160.178905367851,12324.322448015213
2471,2.647855043411255,3.4377403259277344,9162.826760411263,12327.76018834114
2472,2.5885257720947266,3.328731060028076,9165.415286183357,12331.088919401169
2473,3.274211883544922,3.8539206981658936,9168.689498066902,12334.942840099335
2474,2.8185455799102783,3.600060224533081,9171.508043646812,12338.542900323868
2475,1.8007595539093018,3.21052622795105,9173.308803200722,12341.753426551819
2476,3.0553247928619385,3.1748881340026855,9176.364127993584,12344.928314685822
2477,2.744152545928955,4.160099983215332,9179.108280539513,12349.088414669037
2478,2.486790418624878,3.3937315940856934,9181.595070958138,12352.482146263123
2479,2.908242702484131,3.6416828632354736,9184.503313660622,12356.123829126358
2480,2.5426673889160156,3.2669858932495117,9187.045981049538,12359.390815019608
2481,3.252959728240967,4.626914978027344,9190.298940777779,12364.017729997635
2482,2.8572278022766113,3.6085901260375977,9193.156168580055,12367.626320123672
2483,2.6081855297088623,3.2902138233184814,9195.764354109764,12370.916533946991
2484,3.026801347732544,3.7246248722076416,9198.791155457497,12374.641158819199
2485,2.963630437850952,2.9861350059509277,9201.754785895348,12377.62729382515
2486,1.4324537515640259,2.0939135551452637,9203.187239646912,12379.721207380295
2487,2.7016775608062744,3.3728392124176025,9205.888917207718,12383.094046592712
2488,2.208899974822998,2.59956431388855,9208.09781718254,12385.693610906601
2489,1.125687599182129,1.8977781534194946,9209.223504781723,12387.59138906002
2490,2.7583134174346924,3.2983884811401367,9211.981818199158,12390.88977754116
2491,3.7929835319519043,3.4342565536499023,9215.77480173111,12394.32403409481
2492,2.1421589851379395,2.662933349609375,9217.916960716248,12396.98696744442
2493,2.7830281257629395,3.953097343444824,9220.69998884201,12400.940064787865
2494,3.0337986946105957,4.0999321937561035,9223.733787536621,12405.03999698162
2495,2.8676886558532715,3.4923007488250732,9226.601476192474,12408.532297730446
2496,1.3492588996887207,2.0246946811676025,9227.950735092163,12410.556992411613
2497,3.0149638652801514,2.3469362258911133,9230.965698957443,12412.903928637505
2498,2.4456734657287598,3.782367706298828,9233.411372423172,12416.686296343803
2499,3.1103951930999756,3.1955649852752686,9236.521767616272,12419.881861329079
2500,3.385133981704712,4.058725833892822,9239.906901597977,12423.940587162971
2501,2.5736989974975586,2.1913812160491943,9242.480600595474,12426.13196837902
2502,2.4094254970550537,1.86440110206604,9244.89002609253,12427.996369481087
2503,2.831015110015869,2.099583148956299,9247.721041202545,12430.095952630043
2504,2.632878065109253,2.208284854888916,9250.353919267654,12432.304237484932
2505,2.7080633640289307,2.716689109802246,9253.061982631683,12435.020926594734
2506,1.9460331201553345,2.000195264816284,9255.008015751839,12437.02112185955
2507,2.036348581314087,2.0502588748931885,9257.044364333153,12439.071380734444
2508,2.524667501449585,1.8127888441085815,9259.569031834602,12440.884169578552
2509,3.3509111404418945,2.805140256881714,9262.919942975044,12443.689309835434
2510,3.5469725131988525,2.896090030670166,9266.466915488243,12446.585399866104
2511,2.7381949424743652,2.6872646808624268,9269.205110430717,12449.272664546967
2512,2.6407954692840576,2.4748103618621826,9271.845905900002,12451.747474908829
2513,1.9742629528045654,2.4729297161102295,9273.820168852806,12454.220404624939
2514,0.8263986110687256,1.8593724966049194,9274.646567463875,12456.079777121544
2515,2.6906020641326904,1.4790184497833252,9277.337169528008,12457.558795571327
2516,3.0991125106811523,2.1213841438293457,9280.436282038689,12459.680179715157
2517,2.563861846923828,3.581481456756592,9283.000143885612,12463.261661171913
2518,2.9774019718170166,2.2185165882110596,9285.97754585743,12465.480177760124
2519,1.2939274311065674,1.3432146310806274,9287.271473288536,12466.823392391205
2520,3.2301793098449707,2.322469711303711,9290.501652598381,12469.145862102509
2521,1.4410206079483032,1.6965930461883545,9291.94267320633,12470.842455148697
2522,2.4531233310699463,2.2981841564178467,9294.3957965374,12473.140639305115
2523,2.562542676925659,2.001732349395752,9296.958339214325,12475.14237165451
2524,2.3185760974884033,2.100341320037842,9299.276915311813,12477.242712974548
2525,1.276721715927124,2.7715296745300293,9300.55363702774,12480.014242649078
2526,2.1181747913360596,2.8255248069763184,9302.671811819077,12482.839767456055
2527,2.1536216735839844,1.8539152145385742,9304.82543349266,12484.693682670593
2528,1.4396413564682007,3.193603992462158,9306.265074849129,12487.887286663055
2529,2.4168500900268555,2.7563881874084473,9308.681924939156,12490.643674850464
2530,2.0956838130950928,1.6285685300827026,9310.77760875225,12492.272243380547
2531,3.19020414352417,2.143030881881714,9313.967812895775,12494.415274262428
2532,2.732235908508301,1.762190580368042,9316.700048804283,12496.177464842796
2533,2.349073886871338,2.308361768722534,9319.049122691154,12498.485826611519
2534,2.6356308460235596,2.4142329692840576,9321.684753537178,12500.900059580803
2535,2.2751126289367676,2.1781327724456787,9323.959866166115,12503.078192353249
2536,2.419351816177368,2.5832040309906006,9326.379217982292,12505.66139638424
2537,2.218756675720215,2.1417696475982666,9328.597974658012,12507.803166031837
2538,2.4272372722625732,1.916347622871399,9331.025211930275,12509.719513654709
2539,1.8826326131820679,2.5055654048919678,9332.907844543457,12512.2250790596
2540,2.282449245452881,1.5979503393173218,9335.19029378891,12513.823029398918
2541,2.70382022857666,1.1755915880203247,9337.894114017487,12514.998620986938
2542,0.8066520690917969,2.2586357593536377,9338.700766086578,12517.257256746292
2543,2.644436836242676,2.8685646057128906,9341.345202922821,12520.125821352005
2544,2.229186534881592,2.527493715286255,9343.574389457703,12522.653315067291
2545,2.8259530067443848,2.535999059677124,9346.400342464447,12525.189314126968
2546,1.4274721145629883,1.7391287088394165,9347.82781457901,12526.928442835808
2547,2.5409281253814697,2.523073673248291,9350.368742704391,12529.451516509056
2548,2.2226669788360596,1.5006120204925537,9352.591409683228,12530.952128529549
2549,2.405543327331543,1.9105507135391235,9354.996953010559,12532.862679243088
2550,0.8216947317123413,2.6297574043273926,9355.818647742271,12535.492436647415
2551,2.4508965015411377,2.4571213722229004,9358.269544243813,12537.949558019638
2552,2.7305331230163574,1.977238416671753,9361.000077366829,12539.92679643631
2553,2.2320287227630615,1.9122185707092285,9363.232106089592,12541.839015007019
2554,2.520688533782959,2.247009038925171,9365.752794623375,12544.086024045944
2555,2.1878583431243896,2.160759925842285,9367.9406529665,12546.246783971786
2556,2.3229687213897705,1.541443109512329,9370.26362168789,12547.788227081299
2557,2.724546194076538,3.0604169368743896,9372.988167881966,12550.848644018173
2558,1.0103135108947754,3.0474061965942383,9373.99848139286,12553.896050214767
2559,2.506312370300293,3.030487298965454,9376.50479376316,12556.926537513733
2560,2.46665358543396,2.6204874515533447,9378.971447348595,12559.547024965286
2561,1.115915060043335,2.9346394538879395,9380.087362408638,12562.481664419174
2562,2.38507342338562,2.7201719284057617,9382.472435832024,12565.20183634758
2563,3.108988046646118,2.347210645675659,9385.58142387867,12567.549046993256
2564,2.256413459777832,1.6512646675109863,9387.837837338448,12569.200311660767
2565,3.6840155124664307,2.2058889865875244,9391.521852850914,12571.406200647354
2566,1.0222197771072388,1.658124327659607,9392.544072628021,12573.064324975014
2567,2.7187092304229736,2.9427061080932617,9395.262781858444,12576.007031083107
2568,2.548030376434326,2.828415870666504,9397.810812234879,12578.835446953773
2569,2.153247117996216,2.2935988903045654,9399.964059352875,12581.129045844078
2570,2.555927276611328,2.5726912021636963,9402.519986629486,12583.701737046242
2571,2.83672833442688,2.5224411487579346,9405.356714963913,12586.224178195
2572,2.7688117027282715,1.7016677856445312,9408.125526666641,12587.925845980644
2573,2.8633108139038086,2.4302191734313965,9410.988837480545,12590.356065154076
2574,2.8807742595672607,2.8776979446411133,9413.869611740112,12593.233763098717
2575,1.151620626449585,1.6334015130996704,9415.021232366562,12594.867164611816
2576,2.8744304180145264,3.2246663570404053,9417.895662784576,12598.091830968857
2577,2.495560646057129,3.0613043308258057,9420.391223430634,12601.153135299683
2578,2.2160024642944336,2.75246524810791,9422.607225894928,12603.90560054779
2579,3.162973403930664,3.2253854274749756,9425.770199298859,12607.130985975266
2580,2.8634886741638184,3.323589563369751,9428.633687973022,12610.454575538635
2581,2.484295129776001,2.3511173725128174,9431.117983102798,12612.805692911148
2582,2.8451974391937256,2.149691343307495,9433.963180541992,12614.955384254456
2583,2.5339202880859375,2.637484312057495,9436.497100830078,12617.592868566513
2584,2.952056884765625,2.1666500568389893,9439.449157714844,12619.759518623352
2585,2.309978485107422,2.0815038681030273,9441.759136199951,12621.841022491455
2586,0.8245712518692017,1.89524507522583,9442.58370745182,12623.73626756668
2587,2.260916233062744,1.753757119178772,9444.844623684883,12625.49002468586
2588,2.4463002681732178,1.340410590171814,9447.290923953056,12626.830435276031
2589,2.509007692337036,2.975642442703247,9449.799931645393,12629.806077718735
2590,2.7682511806488037,3.0060911178588867,9452.568182826042,12632.812168836594
2591,2.3197546005249023,2.2625651359558105,9454.887937426567,12635.07473397255
2592,1.587175726890564,3.3614425659179688,9456.475113153458,12638.436176538467
2593,1.969415307044983,2.7797024250030518,9458.444528460503,12641.21587896347
2594,2.6972475051879883,3.1399149894714355,9461.14177596569,12644.355793952942
2595,2.3964550495147705,1.699542760848999,9463.538231015205,12646.05533671379
2596,2.815704584121704,2.702089548110962,9466.353935599327,12648.757426261902
2597,2.0606257915496826,1.6280299425125122,9468.414561390877,12650.385456204414
2598,3.0405561923980713,1.5710811614990234,9471.455117583275,12651.956537365913
2599,2.968656539916992,2.5394532680511475,9474.423774123192,12654.495990633965
2600,2.7255523204803467,1.695961594581604,9477.149326443672,12656.191952228546
2601,2.945706367492676,2.7047433853149414,9480.095032811165,12658.896695613861
2602,2.6332015991210938,2.9351577758789062,9482.728234410286,12661.83185338974
2603,0.7925130724906921,2.8233909606933594,9483.520747482777,12664.655244350433
2604,2.7356929779052734,2.37617826461792,9486.256440460682,12667.031422615051
2605,2.543163299560547,2.987941265106201,9488.799603760242,12670.019363880157
2606,2.436985969543457,1.8103331327438354,9491.236589729786,12671.829697012901
2607,2.6707663536071777,5.013233661651611,9493.907356083393,12676.842930674553
2608,1.338379144668579,1.551638126373291,9495.245735228062,12678.394568800926
2609,2.5737433433532715,1.5977140665054321,9497.819478571415,12679.992282867432
2610,3.2514119148254395,1.1537812948226929,9501.07089048624,12681.146064162254
2611,3.106735944747925,2.521177291870117,9504.177626430988,12683.667241454124
2612,2.858088493347168,3.2043652534484863,9507.035714924335,12686.871606707573
2613,2.476583242416382,2.5787394046783447,9509.512298166752,12689.450346112251
2614,2.6169371604919434,2.263843297958374,9512.129235327244,12691.71418941021
2615,2.637205123901367,2.434082269668579,9514.766440451145,12694.148271679878
2616,2.8701586723327637,2.0613009929656982,9517.636599123478,12696.209572672844
2617,2.808234930038452,3.299042224884033,9520.444834053516,12699.508614897728
2618,2.374441623687744,3.1181910037994385,9522.819275677204,12702.626805901527
2619,2.7938218116760254,2.0158917903900146,9525.61309748888,12704.642697691917
2620,3.4079012870788574,3.743443012237549,9529.020998775959,12708.386140704155
2621,2.5747509002685547,1.9502160549163818,9531.595749676228,12710.336356759071
2622,2.3991940021514893,1.394606590270996,9533.994943678379,12711.730963349342
2623,2.531963348388672,3.324836015701294,9536.526907026768,12715.055799365044
2624,2.8258492946624756,2.69781756401062,9539.35275632143,12717.753616929054
2625,2.6450254917144775,2.6909234523773193,9541.997781813145,12720.444540381432
2626,2.1385483741760254,1.5086685419082642,9544.13633018732,12721.95320892334
2627,3.091132402420044,1.9147274494171143,9547.22746258974,12723.867936372757
2628,2.218270778656006,1.7298343181610107,9549.445733368397,12725.597770690918
2629,2.6099393367767334,2.1618547439575195,9552.055672705173,12727.759625434875
2630,2.522400379180908,2.986083984375,9554.578073084354,12730.74570941925
2631,2.4257962703704834,3.350461006164551,9557.003869354725,12734.096170425415
2632,2.5086982250213623,2.8290517330169678,9559.512567579746,12736.925222158432
2633,3.309784412384033,3.263075590133667,9562.82235199213,12740.188297748566
2634,2.3736109733581543,2.4057841300964355,9565.195962965488,12742.594081878662
2635,2.4924368858337402,2.1619949340820312,9567.688399851322,12744.756076812744
2636,2.9747791290283203,2.7483716011047363,9570.66317898035,12747.504448413849
2637,2.340296983718872,1.9656715393066406,9573.00347596407,12749.470119953156
2638,2.602259635925293,3.371694564819336,9575.605735599995,12752.841814517975
2639,2.808004856109619,2.3760671615600586,9578.413740456104,12755.217881679535
2640,2.4042611122131348,3.306149482727051,9580.818001568317,12758.524031162262
2641,2.5278279781341553,2.217607259750366,9583.345829546452,12760.741638422012
2642,2.728447198867798,2.455547332763672,9586.07427674532,12763.197185754776
2643,3.034529209136963,3.146254062652588,9589.108805954456,12766.343439817429
2644,2.849435567855835,1.614450216293335,9591.958241522312,12767.957890033722
2645,2.2788708209991455,2.522620677947998,9594.237112343311,12770.48051071167
2646,2.3536105155944824,2.25085711479187,9596.590722858906,12772.731367826462
2647,2.2955682277679443,2.315805196762085,9598.886291086674,12775.047173023224
2648,2.1593101024627686,2.033998966217041,9601.045601189137,12777.081171989441
2649,2.4553558826446533,2.751174211502075,9603.500957071781,12779.832346200943
2650,2.206294059753418,1.6593122482299805,9605.707251131535,12781.491658449173
2651,2.3207004070281982,2.187506675720215,9608.027951538563,12783.679165124893
2652,2.7633137702941895,2.9301936626434326,9610.791265308857,12786.609358787537
2653,2.9853222370147705,2.4110124111175537,9613.776587545872,12789.020371198654
2654,2.6723625659942627,2.41967511177063,9616.448950111866,12791.440046310425
2655,0.811065673828125,1.3945444822311401,9617.260015785694,12792.834590792656
2656,1.979245662689209,2.09761905670166,9619.239261448383,12794.932209849358
2657,2.78432035446167,2.123784303665161,9622.023581802845,12797.055994153023
2658,2.3523316383361816,2.12838077545166,9624.375913441181,12799.184374928474
2659,2.4001495838165283,2.101397752761841,9626.776063024998,12801.285772681236
2660,2.7511990070343018,1.4936203956604004,9629.527262032032,12802.779393076897
2661,2.3532490730285645,2.3312346935272217,9631.88051110506,12805.110627770424
2662,2.803271770477295,2.6119723320007324,9634.683782875538,12807.722600102425
2663,2.735016107559204,2.925952672958374,9637.418798983097,12810.648552775383
2664,2.4459805488586426,2.147038459777832,9639.864779531956,12812.79559123516
2665,2.6324210166931152,2.7340309619903564,9642.497200548649,12815.529622197151
2666,2.891681671142578,3.0704703330993652,9645.388882219791,12818.60009253025
2667,2.2487237453460693,2.5289013385772705,9647.637605965137,12821.128993868828
2668,2.165353536605835,2.7730698585510254,9649.802959501743,12823.902063727379
2669,2.326075553894043,2.061363935470581,9652.129035055637,12825.96342766285
2670,2.229928493499756,1.6390622854232788,9654.358963549137,12827.602489948273
2671,2.0592784881591797,1.5218615531921387,9656.418242037296,12829.124351501465
2672,2.628530502319336,2.2533767223358154,9659.046772539616,12831.3777282238
2673,2.863539218902588,2.59922456741333,9661.910311758518,12833.976952791214
2674,2.5704452991485596,2.0754234790802,9664.480757057667,12836.052376270294
2675,2.9181158542633057,3.0113117694854736,9667.39887291193,12839.06368803978
2676,2.012643575668335,2.36968994140625,9669.411516487598,12841.433377981186
2677,0.944616973400116,2.252255439758301,9670.356133460999,12843.685633420944
2678,2.7334144115448,2.874344825744629,9673.089547872543,12846.559978246689
2679,1.7228502035140991,1.51568603515625,9674.812398076057,12848.075664281845
2680,2.707427501678467,1.8527839183807373,9677.519825577736,12849.928448200226
2681,3.056149482727051,3.2807650566101074,9680.575975060463,12853.209213256836
2682,2.1714820861816406,1.6623280048370361,9682.747457146645,12854.871541261673
2683,2.4322237968444824,3.1315083503723145,9685.179680943489,12858.003049612045
2684,3.126492500305176,2.0470759868621826,9688.306173443794,12860.050125598907
2685,2.909710168838501,2.4673690795898438,9691.215883612633,12862.517494678497
2686,2.760067939758301,1.9912503957748413,9693.975951552391,12864.508745074272
2687,2.359658718109131,1.7778102159500122,9696.3356102705,12866.286555290222
2688,3.047816753387451,1.8949182033538818,9699.383427023888,12868.181473493576
2689,0.7875596880912781,1.6336297988891602,9700.170986711979,12869.815103292465
2690,2.2577528953552246,2.5748097896575928,9702.428739607334,12872.389913082123
2691,2.2916412353515625,1.9426058530807495,9704.720380842686,12874.332518935204
2692,1.0235586166381836,2.4978654384613037,9705.743939459324,12876.830384373665
2693,2.239206314086914,2.012228012084961,9707.98314577341,12878.84261238575
2694,2.7329044342041016,2.144214630126953,9710.716050207615,12880.986827015877
2695,1.334797739982605,3.4400665760040283,9712.050847947598,12884.42689359188
2696,2.862793207168579,2.8682925701141357,9714.913641154766,12887.295186161995
2697,2.279791831970215,2.0432968139648438,9717.193432986736,12889.33848297596
2698,2.1670374870300293,1.362238883972168,9719.360470473766,12890.700721859932
2699,2.493297576904297,1.9821743965148926,9721.85376805067,12892.682896256447
2700,2.642941474914551,2.3943488597869873,9724.496709525585,12895.077245116234
2701,2.737449884414673,2.49202036857605,9727.23415941,12897.56926548481
2702,2.5133399963378906,2.4713456630706787,9729.747499406338,12900.04061114788
2703,2.464463233947754,2.4430575370788574,9732.211962640285,12902.48366868496
2704,2.6631431579589844,1.2836480140686035,9734.875105798244,12903.767316699028
2705,2.599008083343506,2.454899787902832,9737.474113881588,12906.22221648693
2706,2.765153169631958,2.426769256591797,9740.23926705122,12908.648985743523
2707,3.2213926315307617,2.9007222652435303,9743.46065968275,12911.549708008766
2708,2.4891178607940674,2.165266990661621,9745.949777543545,12913.714974999428
2709,3.6593146324157715,2.5035581588745117,9749.60909217596,12916.218533158302
2710,1.4637274742126465,2.2645297050476074,9751.072819650173,12918.48306286335
2711,2.6101953983306885,2.0017874240875244,9753.683015048504,12920.484850287437
2712,2.4764034748077393,3.534207820892334,9756.159418523312,12924.01905810833
2713,2.6794464588165283,2.936084270477295,9758.838864982128,12926.955142378807
2714,2.687370538711548,1.9326543807983398,9761.52623552084,12928.887796759605
2715,2.699141263961792,3.6607296466827393,9764.225376784801,12932.548526406288
2716,2.400090456008911,2.0004005432128906,9766.62546724081,12934.548926949501
2717,2.3165464401245117,2.892923593521118,9768.942013680935,12937.441850543022
2718,2.1659598350524902,1.68087637424469,9771.107973515987,12939.122726917267
2719,2.6309573650360107,3.17734694480896,9773.738930881023,12942.300073862076
2720,1.2955447435379028,2.238189697265625,9775.034475624561,12944.538263559341
2721,2.6747546195983887,3.193162679672241,9777.70923024416,12947.731426239014
2722,2.8467726707458496,2.921449899673462,9780.556002914906,12950.652876138687
2723,2.280158758163452,3.5992376804351807,9782.836161673069,12954.252113819122
2724,2.465034246444702,1.8399391174316406,9785.301195919514,12956.092052936554
2725,2.6466636657714844,3.2783684730529785,9787.947859585285,12959.370421409607
2726,2.4846646785736084,2.604520320892334,9790.432524263859,12961.9749417305
2727,2.502750873565674,2.132781982421875,9792.935275137424,12964.107723712921
2728,2.3507518768310547,3.1721274852752686,9795.286027014256,12967.279851198196
2729,2.6623117923736572,1.9665974378585815,9797.94833880663,12969.246448636055
2730,2.234997272491455,2.2431979179382324,9800.18333607912,12971.489646553993
2731,2.6316983699798584,2.358973264694214,9802.8150344491,12973.848619818687
2732,3.2447023391723633,1.7992180585861206,9806.059736788273,12975.647837877274
2733,2.3357436656951904,2.5422000885009766,9808.395480453968,12978.190037965775
2734,2.81650447845459,1.2479244470596313,9811.211984932423,12979.437962412834
2735,2.5077288150787354,2.346301555633545,9813.719713747501,12981.784263968468
2736,1.7601869106292725,1.7736701965332031,9815.47990065813,12983.557934165001
2737,1.433736801147461,2.699676513671875,9816.913637459278,12986.257610678673
2738,3.0400314331054688,3.0575785636901855,9819.953668892384,12989.315189242363
2739,2.577021837234497,2.8969521522521973,9822.530690729618,12992.212141394615
2740,2.2413313388824463,2.0301740169525146,9824.7720220685,12994.242315411568
2741,2.024684429168701,1.8469582796096802,9826.79670649767,12996.089273691177
2742,3.0057053565979004,3.5575149059295654,9829.802411854267,12999.646788597107
2743,2.485428810119629,2.88944673538208,9832.287840664387,13002.536235332489
2744,2.9120283126831055,2.49687123298645,9835.19986897707,13005.033106565475
2745,2.1046032905578613,1.9333359003067017,9837.304472267628,13006.966442465782
2746,2.6469497680664062,2.2821996212005615,9839.951422035694,13009.248642086983
2747,2.724013566970825,1.9621522426605225,9842.675435602665,13011.210794329643
2748,1.111796259880066,2.2260706424713135,9843.787231862545,13013.436864972115
2749,2.329407215118408,2.749955177307129,9846.116639077663,13016.186820149422
2750,2.5316696166992188,2.021383047103882,9848.648308694363,13018.208203196526
2751,2.8125100135803223,1.9330012798309326,9851.460818707943,13020.141204476357
2752,1.9636048078536987,1.442154049873352,9853.424423515797,13021.58335852623
2753,2.4054317474365234,1.8440639972686768,9855.829855263233,13023.427422523499
2754,2.4890639781951904,2.179931879043579,9858.318919241428,13025.607354402542
2755,2.544804573059082,2.8257856369018555,9860.863723814487,13028.433140039444
2756,2.8037307262420654,1.6774531602859497,9863.66745454073,13030.11059319973
2757,3.0370914936065674,2.279654026031494,9866.704546034336,13032.390247225761
2758,2.3509435653686523,1.8046050071716309,9869.055489599705,13034.194852232933
2759,2.0138957500457764,1.7447463274002075,9871.06938534975,13035.939598560333
2760,2.5806756019592285,2.5974409580230713,9873.65006095171,13038.537039518356
2761,2.8448407649993896,1.1375234127044678,9876.49490171671,13039.67456293106
2762,2.4749321937561035,2.7038843631744385,9878.969833910465,13042.378447294235
2763,2.423243761062622,2.804152250289917,9881.393077671528,13045.182599544525
2764,2.5797154903411865,3.0110816955566406,9883.972793161869,13048.193681240082
2765,2.7436156272888184,2.775496244430542,9886.716408789158,13050.969177484512
2766,2.5439293384552,1.719473123550415,9889.260338127613,13052.688650608063
2767,2.7423038482666016,3.281933069229126,9892.00264197588,13055.970583677292
2768,2.735905885696411,3.404397487640381,9894.738547861576,13059.374981164932
2769,2.280488967895508,2.1168875694274902,9897.019036829472,13061.49186873436
2770,2.4596810340881348,2.4518625736236572,9899.47871786356,13063.943731307983
2771,2.5087525844573975,2.903428077697754,9901.987470448017,13066.847159385681
2772,2.056976079940796,1.875645637512207,9904.044446527958,13068.722805023193
2773,0.961310088634491,1.309239387512207,9905.005756616592,13070.032044410706
2774,2.287628650665283,3.1540143489837646,9907.293385267258,13073.18605875969
2775,2.465240001678467,2.051680564880371,9909.758625268936,13075.23773932457
2776,2.8108348846435547,2.902529716491699,9912.56946015358,13078.140269041061
2777,2.674266815185547,2.154937267303467,9915.243726968765,13080.295206308365
2778,2.361659526824951,2.0610547065734863,9917.60538649559,13082.356261014938
2779,2.9996676445007324,2.484396457672119,9920.605054140091,13084.84065747261
2780,2.364975690841675,2.46612286567688,9922.970029830933,13087.306780338287
2781,2.528853178024292,1.5858948230743408,9925.498883008957,13088.892675161362
2782,1.878151297569275,1.711927056312561,9927.377034306526,13090.604602217674
2783,2.401881217956543,2.0949196815490723,9929.778915524483,13092.699521899223
2784,2.5784008502960205,2.0377259254455566,9932.357316374779,13094.737247824669
2785,2.7255914211273193,2.3629164695739746,9935.082907795906,13097.100164294243
2786,2.8294363021850586,2.932950019836426,9937.912344098091,13100.03311431408
2787,2.0983176231384277,2.6064350605010986,9940.01066172123,13102.63954937458
2788,2.804692506790161,2.52494740486145,9942.81535422802,13105.164496779442
2789,1.8695013523101807,1.9512572288513184,9944.68485558033,13107.115754008293
2790,2.5907177925109863,2.3295390605926514,9947.27557337284,13109.445293068886
2791,1.4881000518798828,3.178091049194336,9948.76367342472,13112.62338411808
2792,2.512410879135132,2.6004390716552734,9951.276084303856,13115.223823189735
2793,2.193850517272949,1.3794866800308228,9953.469934821129,13116.603309869766
2794,2.6552257537841797,2.596871852874756,9956.125160574913,13119.200181722641
2795,2.4065847396850586,2.6842472553253174,9958.531745314598,13121.884428977966
2796,2.413278102874756,2.5027072429656982,9960.945023417473,13124.387136220932
2797,2.7523019313812256,2.050076961517334,9963.697325348854,13126.43721318245
2798,2.4952473640441895,1.9686858654022217,9966.192572712898,13128.405899047852
2799,2.7728750705718994,2.5655813217163086,9968.96544778347,13130.971480369568
2800,2.4163296222686768,3.0929183959960938,9971.381777405739,13134.064398765564
2801,2.2568585872650146,2.158299207687378,9973.638635993004,13136.222697973251
2802,2.8953959941864014,2.0615227222442627,9976.53403198719,13138.284220695496
2803,2.389742612838745,2.084130048751831,9978.923774600029,13140.368350744247
2804,2.5572509765625,2.4348678588867188,9981.481025576591,13142.803218603134
2805,2.220221996307373,1.8675068616867065,9983.701247572899,13144.67072546482
2806,2.405285120010376,2.25404953956604,9986.10653269291,13146.924775004387
2807,2.5279219150543213,2.5351154804229736,9988.634454607964,13149.45989048481
2808,2.174501657485962,2.193913221359253,9990.80895626545,13151.65380370617
2809,2.6827971935272217,2.4501774311065674,9993.491753458977,13154.103981137276
2810,0.6014540791511536,1.8423126935958862,9994.093207538128,13155.946293830872
2811,2.2862422466278076,2.4777321815490723,9996.379449784756,13158.42402601242
2812,2.078322649002075,1.3802977800369263,9998.457772433758,13159.804323792458
2813,2.587291955947876,2.6806893348693848,10001.045064389706,13162.485013127327
2814,2.4886839389801025,2.0203561782836914,10003.533748328686,13164.50536930561
2815,2.905724287033081,1.8375593423843384,10006.439472615719,13166.342928647995
2816,2.713087797164917,2.774394989013672,10009.152560412884,13169.117323637009
2817,2.4568870067596436,2.5904202461242676,10011.609447419643,13171.707743883133
2818,2.2625784873962402,2.2877092361450195,10013.87202590704,13173.995453119278
2819,3.083773374557495,2.032520294189453,10016.955799281597,13176.027973413467
2820,2.9143407344818115,2.506671190261841,10019.870140016079,13178.53464460373
2821,2.0830931663513184,1.8712446689605713,10021.95323318243,13180.40588927269
2822,2.4492321014404297,2.6390085220336914,10024.40246528387,13183.044897794724
2823,2.2430243492126465,2.3749337196350098,10026.645489633083,13185.419831514359
2824,2.356660842895508,1.7438924312591553,10029.002150475979,13187.163723945618
2825,2.5549497604370117,1.9308311939239502,10031.557100236416,13189.094555139542
2826,2.4393858909606934,2.4822959899902344,10033.996486127377,13191.576851129532
2827,0.9793753027915955,3.127868413925171,10034.975861430168,13194.704719543457
2828,2.8188576698303223,1.7448954582214355,10037.794719099998,13196.449615001678
2829,1.7121866941452026,1.603879451751709,10039.506905794144,13198.05349445343
2830,2.604113817214966,1.6647610664367676,10042.111019611359,13199.718255519867
2831,2.6471240520477295,2.9723451137542725,10044.758143663406,13202.690600633621
2832,2.9839510917663574,2.4715499877929688,10047.742094755173,13205.162150621414
2833,2.1067416667938232,2.716823101043701,10049.848836421967,13207.878973722458
2834,2.1958374977111816,2.1907527446746826,10052.044673919678,13210.069726467133
2835,2.5375845432281494,2.8733255863189697,10054.582258462906,13212.943052053452
2836,2.740483522415161,2.4232590198516846,10057.322741985321,13215.366311073303
2837,2.2609612941741943,2.2040932178497314,10059.583703279495,13217.570404291153
2838,1.929491400718689,2.395690441131592,10061.513194680214,13219.966094732285
2839,2.1197400093078613,1.1559380292892456,10063.632934689522,13221.122032761574
2840,2.5515971183776855,3.6745245456695557,10066.1845318079,13224.796557307243
2841,2.5419681072235107,2.6189398765563965,10068.726499915123,13227.4154971838
2842,2.35540771484375,1.2291384935379028,10071.081907629967,13228.644635677338
2843,3.226386547088623,2.319593667984009,10074.308294177055,13230.964229345322
2844,2.6333141326904297,1.7440541982650757,10076.941608309746,13232.708283543587
2845,2.8062188625335693,1.9775456190109253,10079.74782717228,13234.685829162598
2846,0.8728539347648621,1.4794423580169678,10080.620681107044,13236.165271520615
2847,2.1938765048980713,1.7843025922775269,10082.814557611942,13237.949574112892
2848,2.1709494590759277,2.2899935245513916,10084.985507071018,13240.239567637444
2849,2.642648696899414,3.8625619411468506,10087.628155767918,13244.10212957859
2850,2.84429931640625,2.0779104232788086,10090.472455084324,13246.18004000187
2851,1.888810634613037,1.766268253326416,10092.361265718937,13247.946308255196
2852,0.7816656231880188,2.074913501739502,10093.142931342125,13250.021221756935
2853,2.5424327850341797,1.534226655960083,10095.68536412716,13251.555448412895
2854,2.594043016433716,2.5588154792785645,10098.279407143593,13254.114263892174
2855,2.3774564266204834,2.0653185844421387,10100.656863570213,13256.179582476616
2856,2.49902606010437,3.0393221378326416,10103.155889630318,13259.218904614449
2857,0.5719079971313477,1.5088101625442505,10103.727797627449,13260.727714776993
2858,2.640594720840454,1.8334861993789673,10106.36839234829,13262.561200976372
2859,2.583176612854004,1.9890568256378174,10108.951568961143,13264.55025780201
2860,0.9022435545921326,2.506786584854126,10109.853812515736,13267.057044386864
2861,1.7868931293487549,1.374065637588501,10111.640705645084,13268.431110024452
2862,2.934816837310791,2.318776845932007,10114.575522482395,13270.749886870384
2863,3.0471746921539307,2.2554585933685303,10117.62269717455,13273.005345463753
2864,3.1711134910583496,1.5821080207824707,10120.793810665607,13274.587453484535
2865,2.3884658813476562,3.2238924503326416,10123.182276546955,13277.811345934868
2866,2.272416353225708,1.5250149965286255,10125.45469290018,13279.336360931396
2867,2.8685646057128906,2.011805534362793,10128.323257505894,13281.34816646576
2868,2.3923473358154297,1.9671900272369385,10130.71560484171,13283.315356492996
2869,2.7806429862976074,2.8068528175354004,10133.496247828007,13286.122209310532
2870,2.8533051013946533,2.6964523792266846,10136.349552929401,13288.818661689758
2871,1.5830358266830444,1.7503340244293213,10137.932588756084,13290.568995714188
2872,2.3085339069366455,2.4057552814483643,10140.241122663021,13292.974750995636
2873,2.6539366245269775,2.6229183673858643,10142.895059287548,13295.597669363022
2874,2.2545523643493652,2.1651771068573,10145.149611651897,13297.76284646988
2875,2.504795551300049,1.8948373794555664,10147.654407203197,13299.657683849335
2876,2.1585984230041504,2.2083938121795654,10149.813005626202,13301.866077661514
2877,2.2489113807678223,2.719905138015747,10152.06191700697,13304.58598279953
2878,3.212315320968628,2.320512056350708,10155.274232327938,13306.90649485588
2879,2.46435546875,1.651440143585205,10157.738587796688,13308.557934999466
2880,2.559340715408325,2.305730104446411,10160.297928512096,13310.863665103912
2881,2.9118447303771973,2.5179216861724854,10163.209773242474,13313.381586790085
2882,3.1065244674682617,1.7170729637145996,10166.316297709942,13315.0986597538
2883,2.293733835220337,2.285663604736328,10168.610031545162,13317.384323358536
2884,2.1994991302490234,2.3322808742523193,10170.809530675411,13319.716604232788
2885,2.4797472953796387,2.665454864501953,10173.28927797079,13322.38205909729
2886,2.3081581592559814,1.9344608783721924,10175.597436130047,13324.316519975662
2887,2.3941092491149902,3.182352304458618,10177.991545379162,13327.49887228012
2888,2.630560874938965,2.476677179336548,10180.6221062541,13329.975549459457
2889,2.212026357650757,2.509902000427246,10182.834132611752,13332.485451459885
2890,2.361128568649292,1.577452540397644,10185.1952611804,13334.062904000282
2891,3.1292285919189453,2.132056713104248,10188.32448977232,13336.194960713387
2892,2.25829815864563,2.7095770835876465,10190.582787930965,13338.904537796974
2893,2.2498788833618164,2.385230541229248,10192.832666814327,13341.289768338203
2894,2.4481852054595947,1.0849688053131104,10195.280852019787,13342.374737143517
2895,2.78604793548584,1.584671974182129,10198.066899955273,13343.959409117699
2896,2.253469228744507,3.6702826023101807,10200.320369184017,13347.629691720009
2897,2.1492323875427246,2.314227819442749,10202.46960157156,13349.943919539452
2898,2.666024684906006,1.8780100345611572,10205.135626256466,13351.821929574013
2899,2.4661054611206055,2.75780987739563,10207.601731717587,13354.579739451408
2900,2.2876033782958984,1.6566741466522217,10209.889335095882,13356.23641359806
2901,2.340620279312134,1.8668460845947266,10212.229955375195,13358.103259682655
2902,2.312762975692749,2.898033380508423,10214.542718350887,13361.001293063164
2903,3.1892518997192383,1.0746403932571411,10217.731970250607,13362.07593345642
2904,1.0885119438171387,2.096082925796509,10218.820482194424,13364.172016382217
2905,0.7872327566146851,1.4148777723312378,10219.607714951038,13365.586894154549
2906,2.7635817527770996,2.765947103500366,10222.371296703815,13368.352841258049
2907,2.348731279373169,2.2965919971466064,10224.720027983189,13370.649433255196
2908,2.4991748332977295,2.847975492477417,10227.219202816486,13373.497408747673
2909,3.2232842445373535,2.8233847618103027,10230.442487061024,13376.320793509483
2910,1.9641212224960327,1.9087938070297241,10232.40660828352,13378.229587316513
2911,2.674034595489502,2.22237491607666,10235.08064287901,13380.45196223259
2912,2.4811813831329346,2.4062836170196533,10237.561824262142,13382.85824584961
2913,2.4391367435455322,3.5523643493652344,10240.000961005688,13386.410610198975
2914,2.4290263652801514,2.224761962890625,10242.429987370968,13388.635372161865
2915,2.501727342605591,2.8214869499206543,10244.931714713573,13391.456859111786
2916,2.470900774002075,2.2217562198638916,10247.402615487576,13393.67861533165
2917,2.8698434829711914,2.5644946098327637,10250.272458970547,13396.243109941483
2918,1.7795666456222534,1.713013768196106,10252.052025616169,13397.956123709679
2919,2.359011173248291,3.1381030082702637,10254.411036789417,13401.094226717949
2920,1.9399793148040771,1.809282660484314,10256.351016104221,13402.903509378433
2921,2.2217631340026855,2.2870283126831055,10258.572779238224,13405.190537691116
2922,2.2161335945129395,2.2092437744140625,10260.788912832737,13407.39978146553
2923,2.7888803482055664,2.6471521854400635,10263.577793180943,13410.04693365097
2924,2.5221025943756104,2.9755859375,10266.099895775318,13413.02251958847
2925,2.876404285430908,3.0018036365509033,10268.976300060749,13416.024323225021
2926,2.7481985092163086,2.252624273300171,10271.724498569965,13418.276947498322
2927,2.654860258102417,1.6224181652069092,10274.379358828068,13419.899365663528
2928,2.2352113723754883,2.1491456031799316,10276.614570200443,13422.048511266708
2929,0.9142365455627441,2.416846752166748,10277.528806746006,13424.465358018875
2930,3.185129165649414,2.830733060836792,10280.713935911655,13427.296091079712
2931,2.41374135017395,2.8751206398010254,10283.12767726183,13430.171211719513
2932,2.80525541305542,2.9927821159362793,10285.932932674885,13433.16399383545
2933,2.689570188522339,2.515848159790039,10288.622502863407,13435.67984199524
2934,2.718634843826294,3.013268232345581,10291.341137707233,13438.693110227585
2935,2.5839946269989014,3.207298517227173,10293.925132334232,13441.900408744812
2936,2.774729013442993,2.6970980167388916,10296.699861347675,13444.59750676155
2937,2.6250579357147217,1.681459903717041,10299.32491928339,13446.278966665268
2938,2.8465094566345215,2.5626583099365234,10302.171428740025,13448.841624975204
2939,2.3175048828125,2.3416683673858643,10304.488933622837,13451.18329334259
2940,0.8339908719062805,2.608222007751465,10305.322924494743,13453.791515350342
2941,2.9274327754974365,2.7341277599334717,10308.25035727024,13456.525643110275
2942,2.7673826217651367,2.4859578609466553,10311.017739892006,13459.011600971222
2943,2.700809955596924,2.738812208175659,10313.718549847603,13461.750413179398
2944,3.129892349243164,2.658344030380249,10316.848442196846,13464.408757209778
2945,0.7953174114227295,1.3863343000411987,10317.643759608269,13465.795091509819
2946,2.775975465774536,2.7334818840026855,10320.419735074043,13468.528573393822
2947,2.5827929973602295,1.8956636190414429,10323.002528071404,13470.424237012863
2948,2.517554998397827,2.476083993911743,10325.520083069801,13472.900321006775
2949,2.010911226272583,2.18192720413208,10327.530994296074,13475.082248210907
2950,2.6298441886901855,1.3809894323349,10330.160838484764,13476.463237643242
2951,2.718548536300659,2.1388516426086426,10332.879387021065,13478.60208928585
2952,2.7683703899383545,3.0548267364501953,10335.647757411003,13481.6569160223
2953,2.442281484603882,1.991594910621643,10338.090038895607,13483.648510932922
2954,2.6351754665374756,1.7790333032608032,10340.725214362144,13485.427544236183
2955,2.856452703475952,2.1216092109680176,10343.58166706562,13487.549153447151
2956,2.5675973892211914,2.1474673748016357,10346.149264454842,13489.696620821953
2957,2.577615261077881,1.8287893533706665,10348.72687971592,13491.525410175323
2958,2.607198715209961,3.070373773574829,10351.33407843113,13494.595783948898
2959,1.9707703590393066,2.172240734100342,10353.304848790169,13496.768024682999
2960,0.8668099641799927,2.6224334239959717,10354.171658754349,13499.390458106995
2961,2.17611026763916,2.5681350231170654,10356.347769021988,13501.958593130112
2962,1.658536434173584,1.9530444145202637,10358.006305456161,13503.911637544632
2963,2.4287028312683105,3.1224777698516846,10360.43500828743,13507.034115314484
2964,2.432535409927368,3.385758399963379,10362.867543697357,13510.419873714447
2965,2.6000442504882812,2.552487850189209,10365.467587947845,13512.972361564636
2966,2.557392120361328,2.8036961555480957,10368.024980068207,13515.776057720184
2967,2.55625319480896,2.8912413120269775,10370.581233263016,13518.667299032211
2968,2.432086229324341,2.46120023727417,10373.01331949234,13521.128499269485
2969,2.8819971084594727,1.9592485427856445,10375.8953166008,13523.087747812271
2970,2.2478158473968506,2.420311450958252,10378.143132448196,13525.50805926323
2971,2.2559378147125244,3.082679510116577,10380.399070262909,13528.590738773346
2972,2.3457741737365723,1.3983724117279053,10382.744844436646,13529.989111185074
2973,2.5953478813171387,2.782005786895752,10385.340192317963,13532.77111697197
2974,2.63520884513855,2.960031747817993,10387.975401163101,13535.731148719788
2975,0.8143559694290161,2.2021992206573486,10388.78975713253,13537.933347940445
2976,2.2859389781951904,1.9373841285705566,10391.075696110725,13539.870732069016
2977,2.2319352626800537,2.270382881164551,10393.307631373405,13542.14111495018
2978,2.3508388996124268,1.7596094608306885,10395.658470273018,13543.90072441101
2979,2.2364227771759033,2.451388359069824,10397.894893050194,13546.35211277008
2980,2.7620649337768555,3.0892879962921143,10400.65695798397,13549.441400766373
2981,2.438148021697998,2.3597917556762695,10403.095106005669,13551.801192522049
2982,2.345078945159912,2.6412906646728516,10405.440184950829,13554.442483186722
2983,2.8152711391448975,2.6638474464416504,10408.255456089973,13557.106330633163
2984,2.7305665016174316,2.2025504112243652,10410.98602259159,13559.308881044388
2985,2.8131003379821777,2.2935500144958496,10413.799122929573,13561.602431058884
2986,2.2508175373077393,2.34698224067688,10416.04994046688,13563.94941329956
2987,1.5226023197174072,3.128793716430664,10417.572542786598,13567.078207015991
2988,2.289849281311035,2.819525957107544,10419.86239206791,13569.897732973099
2989,3.0815017223358154,3.2428576946258545,10422.943893790245,13573.140590667725
2990,2.685445547103882,2.627615451812744,10425.629339337349,13575.768206119537
2991,2.020253896713257,1.6650830507278442,10427.649593234062,13577.433289170265
2992,2.288670539855957,2.822239637374878,10429.938263773918,13580.25552880764
2993,2.495845317840576,2.5845043659210205,10432.434109091759,13582.840033173561
2994,2.281773328781128,3.211014986038208,10434.71588242054,13586.0510481596
2995,2.575146198272705,3.0422749519348145,10437.291028618813,13589.093323111534
2996,2.715698480606079,2.3001174926757812,10440.006727099419,13591.39344060421
2997,2.5113632678985596,2.765532970428467,10442.518090367317,13594.158973574638
2998,2.6530542373657227,1.769275426864624,10445.171144604683,13595.928249001503
2999,0.8350085616111755,2.1001622676849365,10446.006153166294,13598.028411269188
3000,2.9655966758728027,1.7846882343292236,10448.971749842167,13599.813099503517
3001,2.232560396194458,1.7073825597763062,10451.204310238361,13601.520482063293
3002,1.8782155513763428,0.9101539254188538,10453.082525789738,13602.430635988712
3003,2.069302797317505,1.4438018798828125,10455.151828587055,13603.874437868595
3004,1.9459246397018433,1.307845115661621,10457.097753226757,13605.182282984257
3005,2.749307870864868,1.4556628465652466,10459.847061097622,13606.637945830822
3006,0.8742802143096924,1.851998209953308,10460.721341311932,13608.489944040775
3007,2.953035831451416,1.4646788835525513,10463.674377143383,13609.954622924328
3008,2.3184938430786133,2.0899717807769775,10465.992870986462,13612.044594705105
3009,2.3807690143585205,1.4948889017105103,10468.37364000082,13613.539483606815
3010,2.716543197631836,1.7503920793533325,10471.090183198452,13615.289875686169
3011,2.08760142326355,1.2922475337982178,10473.177784621716,13616.582123219967
3012,2.2271769046783447,1.667715311050415,10475.404961526394,13618.249838531017
3013,2.2687950134277344,0.8237014412879944,10477.673756539822,13619.073539972305
3014,2.682173252105713,1.429386854171753,10480.355929791927,13620.502926826477
3015,2.2817201614379883,1.4337143898010254,10482.637649953365,13621.936641216278
3016,2.279339551925659,1.6793081760406494,10484.916989505291,13623.615949392319
3017,2.109562635421753,1.548416256904602,10487.026552140713,13625.164365649223
3018,3.04533314704895,2.2942893505096436,10490.071885287762,13627.458654999733
3019,2.601194381713867,1.0739212036132812,10492.673079669476,13628.532576203346
3020,2.37062406539917,2.1147632598876953,10495.043703734875,13630.647339463234
3021,2.029141902923584,1.6812307834625244,10497.072845637798,13632.328570246696
3022,2.88516902923584,3.242466688156128,10499.958014667034,13635.571036934853
3023,2.934404134750366,2.509488344192505,10502.892418801785,13638.080525279045
3024,2.127373218536377,2.527578353881836,10505.01979202032,13640.608103632927
3025,1.7800424098968506,1.5359783172607422,10506.799834430218,13642.144081950188
3026,2.309516429901123,1.6692577600479126,10509.109350860119,13643.813339710236
3027,2.1317567825317383,1.071047067642212,10511.24110764265,13644.884386777878
3028,2.4423739910125732,2.016448736190796,10513.683481633663,13646.900835514069
3029,2.602292776107788,1.3584308624267578,10516.285774409771,13648.259266376495
3030,1.9613213539123535,1.214464545249939,10518.247095763683,13649.473730921745
3031,1.7580622434616089,1.4044511318206787,10520.005158007145,13650.878182053566
3032,2.3439671993255615,2.2017810344696045,10522.34912520647,13653.079963088036
3033,2.699988842010498,1.8222161531448364,10525.049114048481,13654.90217924118
3034,2.3377137184143066,1.8513157367706299,10527.386827766895,13656.753494977951
3035,2.620922803878784,1.0145528316497803,10530.007750570774,13657.7680478096
3036,2.598600387573242,1.5200474262237549,10532.606350958347,13659.288095235825
3037,2.105064868927002,2.057751178741455,10534.711415827274,13661.345846414566
3038,1.8537453413009644,1.190976858139038,10536.565161168575,13662.536823272705
3039,1.6927812099456787,1.8722634315490723,10538.257942378521,13664.409086704254
3040,2.3993093967437744,2.9180116653442383,10540.657251775265,13667.327098369598
3041,2.45878267288208,2.09608793258667,10543.116034448147,13669.423186302185
3042,1.5832022428512573,1.2474240064620972,10544.699236690998,13670.670610308647
3043,2.6122026443481445,1.2596632242202759,10547.311439335346,13671.930273532867
3044,2.424436330795288,1.2531256675720215,10549.735875666142,13673.18339920044
3045,2.3684728145599365,1.2085050344467163,10552.104348480701,13674.391904234886
3046,2.4288322925567627,1.5762743949890137,10554.533180773258,13675.968178629875
3047,2.5519540309906006,1.8431570529937744,10557.085134804249,13677.811335682869
3048,2.705148935317993,1.7684820890426636,10559.790283739567,13679.579817771912
3049,2.500265121459961,1.09805166721344,10562.290548861027,13680.677869439125
3050,2.0831048488616943,1.5511363744735718,10564.373653709888,13682.229005813599
3051,2.5268521308898926,2.389723300933838,10566.900505840778,13684.618729114532
3052,1.9275107383728027,1.4588747024536133,10568.828016579151,13686.077603816986
3053,2.4627790451049805,1.6093425750732422,10571.290795624256,13687.68694639206
3054,2.067016363143921,1.2511119842529297,10573.3578119874,13688.938058376312
3055,2.6813623905181885,1.5914524793624878,10576.039174377918,13690.529510855675
3056,1.8367347717285156,1.1118745803833008,10577.875909149647,13691.641385436058
3057,2.473332405090332,1.240949034690857,10580.349241554737,13692.882334470749
3058,2.653555393218994,2.4611330032348633,10583.002796947956,13695.343467473984
3059,2.538841485977173,1.7038120031356812,10585.541638433933,13697.04727947712
3060,2.5682101249694824,2.0696566104888916,10588.109848558903,13699.116936087608
3061,2.293134927749634,2.0199389457702637,10590.402983486652,13701.136875033379
3062,2.1526565551757812,1.2022887468338013,10592.555640041828,13702.339163780212
3063,1.9204329252243042,1.1166911125183105,10594.476072967052,13703.45585489273
3064,2.8789281845092773,1.5894896984100342,10597.355001151562,13705.04534459114
3065,2.213560104370117,1.4028078317642212,10599.568561255932,13706.448152422905
3066,1.3751864433288574,1.4720932245254517,10600.94374769926,13707.92024564743
3067,2.100573778152466,1.9608652591705322,10603.044321477413,13709.881110906601
3068,2.4336321353912354,1.976195216178894,10605.477953612804,13711.85730612278
3069,2.9742770195007324,2.545714855194092,10608.452230632305,13714.403020977974
3070,1.8857712745666504,1.3733885288238525,10610.338001906872,13715.776409506798
3071,2.0983352661132812,2.1153652667999268,10612.436337172985,13717.891774773598
3072,2.1125383377075195,1.1771975755691528,10614.548875510693,13719.068972349167
3073,2.1338179111480713,0.9716565608978271,10616.68269342184,13720.040628910065
3074,1.9867141246795654,1.4756172895431519,10618.66940754652,13721.516246199608
3075,2.342090368270874,0.8468199968338013,10621.011497914791,13722.363066196442
3076,2.2716565132141113,1.1521692276000977,10623.283154428005,13723.515235424042
3077,2.581190586090088,1.619786024093628,10625.864345014095,13725.135021448135
3078,2.923670530319214,1.6615171432495117,10628.788015544415,13726.796538591385
3079,3.124436855316162,1.8357449769973755,10631.91245239973,13728.632283568382
3080,2.333592653274536,1.2496353387832642,10634.246045053005,13729.881918907166
3081,1.0835055112838745,4.020598411560059,10635.32955056429,13733.902517318726
3082,1.3724431991577148,1.2478587627410889,10636.701993763447,13735.150376081467
3083,2.038660764694214,1.9166679382324219,10638.740654528141,13737.0670440197
3084,2.5575504302978516,1.7019323110580444,10641.298204958439,13738.768976330757
3085,2.4319028854370117,1.915358066558838,10643.730107843876,13740.684334397316
3086,2.187875986099243,1.9054712057113647,10645.917983829975,13742.589805603027
3087,2.7808380126953125,1.9660322666168213,10648.69882184267,13744.555837869644
3088,0.7306305170059204,1.9891055822372437,10649.429452359676,13746.544943451881
3089,2.4837067127227783,2.026081085205078,10651.9131590724,13748.571024537086
3090,2.4198455810546875,1.972861409187317,10654.333004653454,13750.543885946274
3091,3.5976855754852295,2.111832857131958,10657.930690228939,13752.655718803406
3092,1.5170985460281372,1.4790573120117188,10659.447788774967,13754.134776115417
3093,2.4967756271362305,1.0668387413024902,10661.944564402103,13755.20161485672
3094,2.3454158306121826,1.7768375873565674,10664.289980232716,13756.978452444077
3095,2.7655487060546875,2.4197070598602295,10667.05552893877,13759.398159503937
3096,2.190037488937378,1.1171703338623047,10669.245566427708,13760.515329837799
3097,2.403773784637451,1.8123456239700317,10671.649340212345,13762.32767546177
3098,3.958739757537842,1.9543136358261108,10675.608079969883,13764.281989097595
3099,2.578657627105713,1.4329622983932495,10678.186737596989,13765.714951395988
3100,3.0019490718841553,1.4370118379592896,10681.188686668873,13767.151963233948
3101,2.5537068843841553,2.8638603687286377,10683.742393553257,13770.015823602676
3102,2.180311918258667,2.0011940002441406,10685.922705471516,13772.01701760292
3103,2.075761079788208,0.7980923652648926,10687.998466551304,13772.815109968185
3104,2.0152041912078857,1.99967360496521,10690.013670742512,13774.81478357315
3105,2.7312874794006348,1.9459398984909058,10692.744958221912,13776.760723471642
3106,2.796983003616333,2.214439630508423,10695.541941225529,13778.97516310215
3107,2.8300833702087402,1.6404954195022583,10698.372024595737,13780.615658521652
3108,2.2074670791625977,1.6777684688568115,10700.5794916749,13782.293426990509
3109,2.11836838722229,1.3382645845413208,10702.697860062122,13783.63169157505
3110,2.4460690021514893,1.9358025789260864,10705.143929064274,13785.567494153976
3111,2.173679828643799,1.591781735420227,10707.317608892918,13787.159275889397
3112,2.425480604171753,1.4203124046325684,10709.74308949709,13788.57958829403
3113,2.4805901050567627,1.3819376230239868,10712.223679602146,13789.961525917053
3114,1.9518295526504517,1.6283873319625854,10714.175509154797,13791.589913249016
3115,2.2194292545318604,1.2729016542434692,10716.394938409328,13792.86281490326
3116,2.5596115589141846,2.2885396480560303,10718.954549968243,13795.151354551315
3117,2.3389649391174316,2.3441405296325684,10721.29351490736,13797.495495080948
3118,2.488825559616089,1.8210047483444214,10723.782340466976,13799.316499829292
3119,2.0884597301483154,1.3666068315505981,10725.870800197124,13800.683106660843
3120,1.7905082702636719,1.4177230596542358,10727.661308467388,13802.100829720497
3121,2.4340412616729736,1.308306097984314,10730.095349729061,13803.409135818481
3122,2.5725526809692383,1.3846652507781982,10732.66790241003,13804.79380106926
3123,2.30035138130188,1.2846225500106812,10734.968253791332,13806.07842361927
3124,2.2001588344573975,1.775343894958496,10737.16841262579,13807.853767514229
3125,2.477060556411743,2.042679786682129,10739.645473182201,13809.896447300911
3126,3.129856586456299,1.6145373582839966,10742.775329768658,13811.510984659195
3127,2.368387460708618,1.5543992519378662,10745.143717229366,13813.065383911133
3128,3.0201449394226074,2.152838706970215,10748.163862168789,13815.218222618103
3129,2.1211390495300293,4.752710342407227,10750.285001218319,13819.97093296051
3130,1.8479998111724854,2.1834890842437744,10752.133001029491,13822.154422044754
3131,2.2506186962127686,1.57623291015625,10754.383619725704,13823.73065495491
3132,1.6524169445037842,1.3854095935821533,10756.036036670208,13825.116064548492
3133,2.247058153152466,1.153595209121704,10758.28309482336,13826.269659757614
3134,2.8926048278808594,1.5830110311508179,10761.175699651241,13827.852670788765
3135,1.2591989040374756,2.6227030754089355,10762.434898555279,13830.475373864174
3136,2.633394241333008,1.8213276863098145,10765.068292796612,13832.296701550484
3137,0.8421481847763062,2.7808034420013428,10765.910440981388,13835.077504992485
3138,2.5523297786712646,1.7115064859390259,10768.46277076006,13836.789011478424
3139,2.6783459186553955,1.4754176139831543,10771.141116678715,13838.264429092407
3140,2.2855277061462402,1.7365529537200928,10773.426644384861,13840.000982046127
3141,3.7612078189849854,2.601597785949707,10777.187852203846,13842.602579832077
3142,2.4160170555114746,1.4293031692504883,10779.603869259357,13844.031883001328
3143,2.425161600112915,1.6452513933181763,10782.02903085947,13845.677134394646
3144,2.5221145153045654,1.4962159395217896,10784.551145374775,13847.173350334167
3145,2.580442190170288,2.2879951000213623,10787.131587564945,13849.461345434189
3146,2.8090240955352783,1.924350380897522,10789.94061166048,13851.385695815086
3147,1.9517799615859985,1.2685202360153198,10791.892391622066,13852.654216051102
3148,2.097520589828491,1.9195231199264526,10793.989912211895,13854.573739171028
3149,3.0453507900238037,1.4733906984329224,10797.035263001919,13856.047129869461
3150,2.2722766399383545,1.9901096820831299,10799.307539641857,13858.037239551544
3151,2.3846802711486816,1.4192861318588257,10801.692219913006,13859.456525683403
3152,2.416776180267334,2.187077045440674,10804.108996093273,13861.643602728844
3153,2.571375608444214,1.6224638223648071,10806.680371701717,13863.266066551208
3154,1.917536735534668,1.0708327293395996,10808.597908437252,13864.336899280548
3155,2.503923177719116,2.2674028873443604,10811.101831614971,13866.604302167892
3156,2.236213445663452,2.1521356105804443,10813.338045060635,13868.756437778473
3157,2.149573564529419,1.78945791721344,10815.487618625164,13870.545895695686
3158,2.1719586849212646,2.2240288257598877,10817.659577310085,13872.769924521446
3159,2.3504672050476074,2.093076705932617,10820.010044515133,13874.863001227379
3160,2.427093982696533,1.8565001487731934,10822.43713849783,13876.719501376152
3161,2.2989587783813477,1.4446765184402466,10824.73609727621,13878.164177894592
3162,2.32584547996521,2.1868538856506348,10827.061942756176,13880.351031780243
3163,2.2581870555877686,1.0761737823486328,10829.320129811764,13881.427205562592
3164,2.2241642475128174,1.4022161960601807,10831.544294059277,13882.829421758652
3165,1.7816016674041748,1.0270429849624634,10833.32589572668,13883.856464743614
3166,2.6118757724761963,1.8649892807006836,10835.937771499157,13885.721454024315
3167,2.426983594894409,2.039731502532959,10838.364755094051,13887.761185526848
3168,2.382035255432129,2.4416847229003906,10840.746790349483,13890.202870249748
3169,1.9528411626815796,1.1282789707183838,10842.699631512165,13891.331149220467
3170,2.241896629333496,1.4663174152374268,10844.941528141499,13892.797466635704
3171,2.134289503097534,1.8150383234024048,10847.075817644596,13894.612504959106
3172,2.281809091567993,1.375978708267212,10849.357626736164,13895.988483667374
3173,2.5484776496887207,1.937819480895996,10851.906104385853,13897.92630314827
3174,2.5336573123931885,1.7229135036468506,10854.439761698246,13899.649216651917
3175,2.3408734798431396,1.7627369165420532,10856.78063517809,13901.411953568459
3176,2.028451442718506,1.512284755706787,10858.809086620808,13902.924238324165
3177,1.808314561843872,5.686026096343994,10860.617401182652,13908.61026442051
3178,2.3584887981414795,1.935191035270691,10862.975889980793,13910.54545545578
3179,2.2540969848632812,1.5428199768066406,10865.229986965656,13912.088275432587
3180,2.1640472412109375,2.4733011722564697,10867.394034206867,13914.561576604843
3181,2.303900718688965,2.678529977798462,10869.697934925556,13917.240106582642
3182,0.9159128069877625,1.8841286897659302,10870.613847732544,13919.124235272408
3183,2.8371686935424805,1.2996324300765991,10873.451016426086,13920.423867702484
3184,2.210202217102051,1.8473132848739624,10875.661218643188,13922.271180987358
3185,2.3783676624298096,2.3522727489471436,10878.039586305618,13924.623453736305
3186,1.763377070426941,1.4185785055160522,10879.802963376045,13926.042032241821
3187,2.260584592819214,2.8466365337371826,10882.063547968864,13928.888668775558
3188,2.927936553955078,1.3703861236572266,10884.99148452282,13930.259054899216
3189,2.1035826206207275,2.422032594680786,10887.09506714344,13932.681087493896
3190,0.5870932340621948,2.55043363571167,10887.682160377502,13935.231521129608
3191,2.4489753246307373,1.448747992515564,10890.131135702133,13936.680269122124
3192,2.1323513984680176,1.0725011825561523,10892.263487100601,13937.75277030468
3193,0.9916587471961975,2.1325206756591797,10893.255145847797,13939.885290980339
3194,2.290743112564087,1.7321454286575317,10895.545888960361,13941.617436408997
3195,2.9882924556732178,2.2210769653320312,10898.534181416035,13943.838513374329
3196,2.186861038208008,2.1816954612731934,10900.721042454243,13946.020208835602
3197,2.0083062648773193,1.7386448383331299,10902.72934871912,13947.758853673935
3198,2.306314706802368,2.208733320236206,10905.035663425922,13949.967586994171
3199,2.4326205253601074,1.809851050376892,10907.468283951283,13951.777438044548
3200,1.9127484560012817,2.126340389251709,10909.381032407284,13953.9037784338
3201,2.226322650909424,1.7928532361984253,10911.607355058193,13955.696631669998
3202,2.6027519702911377,1.8930251598358154,10914.210107028484,13957.589656829834
3203,2.308722734451294,1.4474645853042603,10916.518829762936,13959.037121415138
3204,2.5968751907348633,1.5180141925811768,10919.11570495367,13960.55513560772
3205,2.456545352935791,2.1173739433288574,10921.572250306606,13962.672509551048
3206,2.292555332183838,1.5519537925720215,10923.86480563879,13964.22446334362
3207,2.6681153774261475,1.448638916015625,10926.532921016216,13965.673102259636
3208,2.1944868564605713,1.7352948188781738,10928.727407872677,13967.408397078514
3209,2.3034162521362305,1.5623797178268433,10931.030824124813,13968.970776796341
3210,2.6198689937591553,1.3041623830795288,10933.650693118572,13970.27493917942
3211,2.4341235160827637,1.447027564048767,10936.084816634655,13971.72196674347
3212,2.318986654281616,2.0752081871032715,10938.403803288937,13973.797174930573
3213,2.2808444499969482,1.9660786390304565,10940.684647738934,13975.763253569603
3214,2.203418731689453,1.5504193305969238,10942.888066470623,13977.3136729002
3215,2.324916362762451,2.2953269481658936,10945.212982833385,13979.608999848366
3216,1.154151201248169,2.672919750213623,10946.367134034634,13982.28191959858
3217,1.7951871156692505,1.0896756649017334,10948.162321150303,13983.371595263481
3218,2.836318254470825,2.151014566421509,10950.998639404774,13985.522609829903
3219,0.9091366529464722,2.6319081783294678,10951.90777605772,13988.154518008232
3220,2.4382212162017822,2.597970962524414,10954.345997273922,13990.752488970757
3221,0.8099685907363892,2.068645477294922,10955.155965864658,13992.821134448051
3222,2.343907356262207,2.1534693241119385,10957.49987322092,13994.974603772163
3223,2.6300268173217773,1.410760760307312,10960.129900038242,13996.38536453247
3224,2.073197364807129,1.863291621208191,10962.20309740305,13998.248656153679
3225,2.2700347900390625,1.6022014617919922,10964.473132193089,13999.85085761547
3226,2.748798131942749,1.3600784540176392,10967.221930325031,14001.210936069489
3227,2.239161491394043,1.9198193550109863,10969.461091816425,14003.1307554245
3228,2.229980707168579,1.601866602897644,10971.691072523594,14004.732622027397
3229,2.7279233932495117,2.2335383892059326,10974.418995916843,14006.966160416603
3230,2.4484589099884033,1.8668087720870972,10976.867454826832,14008.83296918869
3231,1.9717109203338623,1.839868426322937,10978.839165747166,14010.672837615013
3232,1.2619459629058838,2.361873149871826,10980.101111710072,14013.034710764885
3233,0.8017381429672241,3.09259295463562,10980.902849853039,14016.12730371952
3234,1.6327259540557861,1.2845512628555298,10982.535575807095,14017.411854982376
3235,2.2123987674713135,1.5584238767623901,10984.747974574566,14018.970278859138
3236,2.3769302368164062,1.938430666923523,10987.124904811382,14020.908709526062
3237,1.9701967239379883,2.309196710586548,10989.09510153532,14023.217906236649
3238,2.104836940765381,1.7916946411132812,10991.199938476086,14025.009600877762
3239,2.5188214778900146,2.4298973083496094,10993.718759953976,14027.439498186111
3240,2.0969350337982178,1.7232736349105835,10995.815694987774,14029.162771821022
3241,2.204638719558716,1.1843440532684326,10998.020333707333,14030.34711587429
3242,2.297609567642212,1.5583441257476807,11000.317943274975,14031.905460000038
3243,1.2369199991226196,2.4308528900146484,11001.554863274097,14034.336312890053
3244,2.5386481285095215,1.8101940155029297,11004.093511402607,14036.146506905556
3245,1.7579761743545532,1.4003876447677612,11005.851487576962,14037.546894550323
3246,2.3918607234954834,1.9737449884414673,11008.243348300457,14039.520639538765
3247,2.118142604827881,2.3944268226623535,11010.361490905285,14041.915066361427
3248,1.3700215816497803,2.3886899948120117,11011.731512486935,14044.30375635624
3249,2.0639231204986572,1.4363560676574707,11013.795435607433,14045.740112423897
3250,1.9913363456726074,1.8532590866088867,11015.786771953106,14047.593371510506
3251,2.491922378540039,2.180328130722046,11018.278694331646,14049.773699641228
3252,2.2027788162231445,1.0127410888671875,11020.48147314787,14050.786440730095
3253,2.146329164505005,1.498000144958496,11022.627802312374,14052.284440875053
3254,2.2711286544799805,1.429872989654541,11024.898930966854,14053.714313864708
3255,2.053694009780884,1.4073095321655273,11026.952624976635,14055.121623396873
3256,2.33762264251709,1.5885210037231445,11029.290247619152,14056.710144400597
3257,2.277801752090454,1.5076749324798584,11031.568049371243,14058.217819333076
3258,2.1067955493927,1.5264637470245361,11033.674844920635,14059.744283080101
3259,1.0977388620376587,1.998666763305664,11034.772583782673,14061.742949843407
3260,2.3291354179382324,1.9612380266189575,11037.101719200611,14063.704187870026
3261,2.504840850830078,2.157672882080078,11039.606560051441,14065.861860752106
3262,2.5833899974823,1.5836011171340942,11042.189950048923,14067.44546186924
3263,2.471687078475952,2.5882840156555176,11044.6616371274,14070.033745884895
3264,2.1954574584960938,2.233743667602539,11046.857094585896,14072.267489552498
3265,1.9022080898284912,1.460427165031433,11048.759302675724,14073.72791671753
3266,1.1222859621047974,1.4266831874847412,11049.881588637829,14075.154599905014
3267,2.425879955291748,1.825989842414856,11052.30746859312,14076.980589747429
3268,2.4097766876220703,1.5943135023117065,11054.717245280743,14078.57490324974
3269,2.4957118034362793,2.2628681659698486,11057.212957084179,14080.83777141571
3270,1.9918543100357056,1.7199630737304688,11059.204811394215,14082.557734489441
3271,2.1895663738250732,1.43107008934021,11061.39437776804,14083.988804578781
3272,2.630336046218872,1.6053900718688965,11064.024713814259,14085.59419465065
3273,1.81511652469635,1.104670763015747,11065.839830338955,14086.698865413666
3274,2.6458988189697266,2.0255308151245117,11068.485729157925,14088.72439622879
3275,2.2127223014831543,1.9913538694381714,11070.698451459408,14090.715750098228
3276,2.123915672302246,1.891347885131836,11072.82236713171,14092.60709798336
3277,2.414353132247925,1.7295128107070923,11075.236720263958,14094.336610794067
3278,1.5971622467041016,1.6973844766616821,11076.833882510662,14096.033995270729
3279,2.293363571166992,1.674120545387268,11079.127246081829,14097.708115816116
3280,1.8113805055618286,1.6089659929275513,11080.93862658739,14099.317081809044
3281,0.5229504704475403,2.841562509536743,11081.461577057838,14102.15864431858
3282,2.5729660987854004,2.8211007118225098,11084.034543156624,14104.979745030403
3283,2.617637872695923,1.6931859254837036,11086.65218102932,14106.672930955887
3284,0.6659303903579712,1.4987670183181763,11087.318111419678,14108.171697974205
3285,2.1954448223114014,1.7122259140014648,11089.51355624199,14109.883923888206
3286,2.1018826961517334,1.7262473106384277,11091.61543893814,14111.610171198845
3287,1.9164025783538818,1.3638845682144165,11093.531841516495,14112.97405576706
3288,3.0332350730895996,2.310163974761963,11096.565076589584,14115.284219741821
3289,2.1712419986724854,1.6337929964065552,11098.736318588257,14116.918012738228
3290,1.8705692291259766,1.4935051202774048,11100.606887817383,14118.411517858505
3291,2.14306902885437,1.4194732904434204,11102.749956846237,14119.830991148949
3292,1.8183842897415161,2.1621367931365967,11104.568341135979,14121.993127942085
3293,2.184360980987549,1.6011309623718262,11106.752702116966,14123.594258904457
3294,1.7595010995864868,1.0469019412994385,11108.512203216553,14124.641160845757
3295,2.3477070331573486,1.4464988708496094,11110.85991024971,14126.087659716606
3296,2.799764394760132,1.838252305984497,11113.65967464447,14127.92591202259
3297,2.073697090148926,1.4598948955535889,11115.73337173462,14129.385806918144
3298,1.6788544654846191,2.0419375896453857,11117.412226200104,14131.42774450779
3299,2.7298896312713623,2.669909954071045,11120.142115831375,14134.09765446186
3300,0.8898064494132996,2.821640968322754,11121.031922280788,14136.919295430183
3301,2.506484270095825,2.0289103984832764,11123.538406550884,14138.948205828667
3302,2.4113571643829346,1.7030893564224243,11125.949763715267,14140.65129518509
3303,2.455132484436035,1.7758089303970337,11128.404896199703,14142.427104115486
3304,2.3238139152526855,2.2073802947998047,11130.728710114956,14144.634484410286
3305,1.687009334564209,1.4875799417495728,11132.41571944952,14146.122064352036
3306,2.4209368228912354,1.4653397798538208,11134.836656272411,14147.58740413189
3307,0.7873667478561401,2.5748398303985596,11135.624023020267,14150.162243962288
3308,1.2155497074127197,2.1404829025268555,11136.83957272768,14152.302726864815
3309,2.3321268558502197,2.0924832820892334,11139.17169958353,14154.395210146904
3310,2.2977359294891357,2.0113441944122314,11141.46943551302,14156.406554341316
3311,2.231672763824463,1.795831561088562,11143.701108276844,14158.202385902405
3312,2.9100494384765625,2.2683868408203125,11146.61115771532,14160.470772743225
3313,2.198631525039673,2.9173600673675537,11148.80978924036,14163.388132810593
3314,2.6554007530212402,1.9046348333358765,11151.465189993382,14165.292767643929
3315,2.229153871536255,2.1062729358673096,11153.694343864918,14167.399040579796
3316,1.169069766998291,2.8241117000579834,11154.863413631916,14170.223152279854
3317,2.6256814002990723,1.709502100944519,11157.489095032215,14171.932654380798
3318,2.500086784362793,2.1819965839385986,11159.989181816578,14174.114650964737
3319,2.7780115604400635,1.5511181354522705,11162.767193377018,14175.66576910019
3320,1.9268888235092163,1.3033684492111206,11164.694082200527,14176.9691375494
3321,2.3805952072143555,2.185288190841675,11167.074677407742,14179.154425740242
3322,2.2449817657470703,1.9216768741607666,11169.319659173489,14181.076102614403
3323,2.352336883544922,1.6363993883132935,11171.671996057034,14182.712502002716
3324,2.1735856533050537,1.5067423582077026,11173.845581710339,14184.219244360924
3325,2.543287992477417,1.845367431640625,11176.388869702816,14186.064611792564
3326,2.282576560974121,1.6489633321762085,11178.67144626379,14187.71357512474
3327,2.544410467147827,1.7452512979507446,11181.215856730938,14189.458826422691
3328,1.7490469217300415,2.031463384628296,11182.964903652668,14191.49028980732
3329,2.6933698654174805,1.3972517251968384,11185.658273518085,14192.887541532516
3330,2.1271114349365234,1.5482741594314575,11187.785384953022,14194.435815691948
3331,0.7643541693687439,2.029832363128662,11188.54973912239,14196.465648055077
3332,2.67567777633667,1.9490253925323486,11191.225416898727,14198.414673447609
3333,2.215148448944092,1.2887814044952393,11193.440565347672,14199.703454852104
3334,2.6564273834228516,2.046360492706299,11196.096992731094,14201.74981534481
3335,4.8141865730285645,3.03920316696167,11200.911179304123,14204.789018511772
3336,2.2745702266693115,2.5285720825195312,11203.185749530792,14207.317590594292
3337,2.0227463245391846,1.5376355648040771,11205.208495855331,14208.855226159096
3338,2.6045491695404053,2.4597082138061523,11207.813045024872,14211.314934372902
3339,1.1194233894348145,1.9066033363342285,11208.932468414307,14213.221537709236
3340,2.0927200317382812,1.625535249710083,11211.025188446045,14214.847072958946
3341,2.712580442428589,1.2673898935317993,11213.737768888474,14216.114462852478
3342,2.6887094974517822,1.6945233345031738,11216.426478385925,14217.808986186981
3343,2.5686347484588623,2.1460766792297363,11218.995113134384,14219.955062866211
3344,2.288515329360962,1.7764084339141846,11221.283628463745,14221.731471300125
3345,2.584104299545288,2.3616209030151367,11223.86773276329,14224.09309220314
3346,2.230120897293091,1.8778460025787354,11226.097853660583,14225.970938205719
3347,2.5623977184295654,1.8720766305923462,11228.660251379013,14227.843014836311
3348,0.8867688775062561,2.2018826007843018,11229.54702025652,14230.044897437096
3349,1.4254447221755981,1.6761398315429688,11230.972464978695,14231.721037268639
3350,2.339195489883423,2.414574384689331,11233.311660468578,14234.135611653328
3351,2.5926923751831055,1.6339232921600342,11235.904352843761,14235.769534945488
3352,2.2703371047973633,1.5357733964920044,11238.174689948559,14237.30530834198
3353,2.2860822677612305,1.6223713159561157,11240.46077221632,14238.927679657936
3354,1.5454258918762207,1.154961109161377,11242.006198108196,14240.082640767097
3355,0.7493771910667419,1.8313437700271606,11242.755575299263,14241.913984537125
3356,2.176339626312256,1.662079095840454,11244.931914925575,14243.576063632965
3357,2.361558198928833,1.8671621084213257,11247.293473124504,14245.443225741386
3358,2.4633989334106445,2.2099642753601074,11249.756872057915,14247.653190016747
3359,2.3141093254089355,2.5720484256744385,11252.070981383324,14250.225238442421
3360,2.237016201019287,1.6649703979492188,11254.307997584343,14251.89020884037
3361,1.7980059385299683,1.4912083148956299,11256.106003522873,14253.381417155266
3362,2.4475162029266357,1.8228658437728882,11258.5535197258,14255.204282999039
3363,2.5298497676849365,2.4167726039886475,11261.083369493484,14257.621055603027
3364,1.9513477087020874,1.5362025499343872,11263.034717202187,14259.157258152962
3365,2.42044997215271,2.936638593673706,11265.45516717434,14262.093896746635
3366,2.6412293910980225,2.222332715988159,11268.096396565437,14264.316229462624
3367,2.2251672744750977,1.3379703760147095,11270.321563839912,14265.654199838638
3368,2.2392468452453613,1.6764307022094727,11272.560810685158,14267.330630540848
3369,2.07698655128479,1.9758365154266357,11274.637797236443,14269.306467056274
3370,2.2552592754364014,1.514391303062439,11276.893056511879,14270.820858359337
3371,2.6142165660858154,2.6400773525238037,11279.507273077965,14273.46093571186
3372,1.706679344177246,1.3409584760665894,11281.213952422142,14274.801894187927
3373,2.453721046447754,1.5811879634857178,11283.66767346859,14276.383082151413
3374,1.911692500114441,1.3807352781295776,11285.579365968704,14277.763817429543
3375,1.884906530380249,3.2460503578186035,11287.464272499084,14281.009867787361
3376,2.4043798446655273,2.525571346282959,11289.86865234375,14283.535439133644
3377,2.710188865661621,1.7582451105117798,11292.578841209412,14285.293684244156
3378,2.51214599609375,1.1725245714187622,11295.090987205505,14286.466208815575
3379,2.192789316177368,1.8233628273010254,11297.283776521683,14288.289571642876
3380,0.9683182239532471,2.25038743019104,11298.252094745636,14290.539959073067
3381,2.1817917823791504,1.4620001316070557,11300.433886528015,14292.001959204674
3382,2.5394105911254883,1.868678331375122,11302.97329711914,14293.870637536049
3383,2.3775007724761963,1.9839829206466675,11305.350797891617,14295.854620456696
3384,1.9442329406738281,1.694911241531372,11307.29503083229,14297.549531698227
3385,2.2585952281951904,2.0154330730438232,11309.553626060486,14299.56496477127
3386,1.9991587400436401,1.347399353981018,11311.55278480053,14300.912364125252
3387,2.445194721221924,1.8094439506530762,11313.997979521751,14302.721808075905
3388,2.3090944290161133,2.463811159133911,11316.307073950768,14305.185619235039
3389,2.395439386367798,1.6796808242797852,11318.702513337135,14306.865300059319
3390,2.525607109069824,1.9203466176986694,11321.228120446205,14308.785646677017
3391,2.404576063156128,2.5518741607666016,11323.632696509361,14311.337520837784
3392,2.815229892730713,2.0682473182678223,11326.447926402092,14313.405768156052
3393,0.6958946585655212,2.333163261413574,11327.143821060658,14315.738931417465
3394,1.532166838645935,1.6502857208251953,11328.675987899303,14317.38921713829
3395,2.230726480484009,2.210948944091797,11330.906714379787,14319.600166082382
3396,2.4963572025299072,1.3249398469924927,11333.403071582317,14320.925105929375
3397,3.0004403591156006,1.4837188720703125,11336.403511941433,14322.408824801445
3398,2.299771547317505,1.3668181896209717,11338.70328348875,14323.775642991066
3399,2.3506531715393066,1.4234129190444946,11341.05393666029,14325.19905591011
3400,2.0647623538970947,1.5756056308746338,11343.118699014187,14326.774661540985
3401,2.523791790008545,1.9897563457489014,11345.642490804195,14328.764417886734
3402,2.4901182651519775,2.283017158508301,11348.132609069347,14331.047435045242
3403,2.475446939468384,2.024348020553589,11350.608056008816,14333.071783065796
3404,1.5774530172348022,1.8420681953430176,11352.18550902605,14334.913851261139
3405,2.345494508743286,1.9756959676742554,11354.531003534794,14336.889547228813
3406,2.3187599182128906,2.5424537658691406,11356.849763453007,14339.432000994682
3407,2.456538200378418,2.1424477100372314,11359.306301653385,14341.57444870472
3408,2.123622179031372,1.72727632522583,11361.429923832417,14343.301725029945
3409,0.9353909492492676,1.9575486183166504,11362.365314781666,14345.259273648262
3410,2.5805206298828125,2.59413743019104,11364.945835411549,14347.853411078453
3411,2.1624667644500732,1.4649102687835693,11367.108302175999,14349.318321347237
3412,2.5389225482940674,1.819595217704773,11369.647224724293,14351.137916564941
3413,2.7909178733825684,2.406794309616089,11372.438142597675,14353.544710874557
3414,2.1172237396240234,1.4502079486846924,11374.5553663373,14354.994918823242
3415,2.4993479251861572,1.2616325616836548,11377.054714262486,14356.256551384926
3416,2.1920742988586426,2.155019760131836,11379.246788561344,14358.411571145058
3417,1.92026686668396,1.3364791870117188,11381.167055428028,14359.74805033207
3418,2.421748161315918,1.9461134672164917,11383.588803589344,14361.694163799286
3419,2.139631509780884,2.299276828765869,11385.728435099125,14363.993440628052
3420,2.109093189239502,1.5088121891021729,11387.837528288364,14365.502252817154
3421,2.0084705352783203,1.64339017868042,11389.845998823643,14367.145642995834
3422,1.3742083311080933,1.5035030841827393,11391.22020715475,14368.649146080017
3423,2.119915246963501,1.3307974338531494,11393.340122401714,14369.97994351387
3424,2.6303725242614746,2.0201900005340576,11395.970494925976,14372.000133514404
3425,2.5197460651397705,3.382411241531372,11398.490240991116,14375.382544755936
3426,2.186284303665161,1.6613765954971313,11400.67652529478,14377.043921351433
3427,2.112128973007202,1.6917707920074463,11402.788654267788,14378.73569214344
3428,2.2896220684051514,2.026198387145996,11405.078276336193,14380.761890530586
3429,2.164579391479492,1.23553466796875,11407.242855727673,14381.997425198555
3430,2.2131800651550293,2.10422945022583,11409.456035792828,14384.10165464878
3431,2.3892815113067627,1.8565624952316284,11411.845317304134,14385.958217144012
3432,2.154171943664551,1.2038675546646118,11413.999489247799,14387.162084698677
3433,2.3118114471435547,1.291237711906433,11416.311300694942,14388.453322410583
3434,2.5195868015289307,1.401469349861145,11418.830887496471,14389.854791760445
3435,1.6434252262115479,1.2838023900985718,11420.474312722683,14391.138594150543
3436,1.819420337677002,1.4791182279586792,11422.29373306036,14392.617712378502
3437,2.1118481159210205,1.8934165239334106,11424.405581176281,14394.511128902435
3438,2.390941858291626,1.6927361488342285,11426.796523034573,14396.20386505127
3439,1.7811689376831055,2.9117367267608643,11428.577691972256,14399.11560177803
3440,2.5302505493164062,2.3539183139801025,11431.107942521572,14401.46952009201
3441,1.9689363241195679,1.7128080129623413,11433.076878845692,14403.182328104973
3442,2.800628185272217,2.2229702472686768,11435.877507030964,14405.405298352242
3443,2.1919708251953125,1.89385187625885,11438.06947785616,14407.2991502285
3444,2.3443925380706787,1.3864256143569946,11440.41387039423,14408.685575842857
3445,2.363398313522339,2.265469551086426,11442.777268707752,14410.951045393944
3446,2.3193798065185547,2.1861822605133057,11445.09664851427,14413.137227654457
3447,2.0037689208984375,1.9125888347625732,11447.10041743517,14415.04981648922
3448,2.420815944671631,1.9080332517623901,11449.52123337984,14416.957849740982
3449,2.471902370452881,2.3456504344940186,11451.993135750294,14419.303500175476
3450,2.4760377407073975,1.1758825778961182,11454.469173491001,14420.479382753372
3451,2.624701976776123,1.9660123586654663,11457.093875467777,14422.445395112038
3452,2.3122918605804443,2.136789560317993,11459.406167328358,14424.582184672356
3453,2.015941858291626,1.7468130588531494,11461.42210918665,14426.328997731209
3454,2.163958787918091,1.328459620475769,11463.586067974567,14427.657457351685
3455,2.5393576622009277,1.8385035991668701,11466.125425636768,14429.495960950851
3456,1.624437928199768,4.829070568084717,11467.749863564968,14434.325031518936
3457,2.7265126705169678,2.3656909465789795,11470.476376235485,14436.690722465515
3458,1.7304483652114868,1.8565431833267212,11472.206824600697,14438.547265648842
3459,2.159172534942627,2.7520880699157715,11474.36599713564,14441.299353718758
3460,2.455873727798462,1.897781491279602,11476.821870863438,14443.197135210037
3461,2.3761534690856934,1.9495106935501099,11479.198024332523,14445.146645903587
3462,1.9213111400604248,1.910149335861206,11481.119335472584,14447.056795239449
3463,2.250386953353882,2.1149184703826904,11483.369722425938,14449.171713709831
3464,2.860774278640747,2.0575249195098877,11486.230496704578,14451.229238629341
3465,2.3037900924682617,1.956221342086792,11488.534286797047,14453.185459971428
3466,2.150822401046753,1.3733395338058472,11490.685109198093,14454.558799505234
3467,2.5316784381866455,1.5378422737121582,11493.21678763628,14456.096641778946
3468,1.976377248764038,1.2118513584136963,11495.193164885044,14457.30849313736
3469,2.6907267570495605,2.128915786743164,11497.883891642094,14459.437408924103
3470,1.976346492767334,2.4890334606170654,11499.860238134861,14461.92644238472
3471,2.4060099124908447,1.9310076236724854,11502.266248047352,14463.857450008392
3472,2.284506320953369,2.092282772064209,11504.550754368305,14465.949732780457
3473,2.6266632080078125,2.3173091411590576,11507.177417576313,14468.267041921616
3474,2.4516313076019287,1.9535592794418335,11509.629048883915,14470.220601201057
3475,2.6648690700531006,2.4604172706604004,11512.293917953968,14472.681018471718
3476,2.227581262588501,1.9116488695144653,11514.521499216557,14474.592667341232
3477,2.35549259185791,1.4518914222717285,11516.876991808414,14476.044558763504
3478,2.3198301792144775,2.1552278995513916,11519.196821987629,14478.199786663055
3479,2.68593168258667,1.3507298231124878,11521.882753670216,14479.550516486168
3480,2.593470335006714,2.1848244667053223,11524.476224005222,14481.735340952873
3481,0.6979160904884338,1.999118685722351,11525.17414009571,14483.734459638596
3482,2.379542112350464,1.7986423969268799,11527.553682208061,14485.533102035522
3483,1.0872211456298828,2.12162446975708,11528.640903353691,14487.65472650528
3484,2.195565700531006,2.0632176399230957,11530.836469054222,14489.717944145203
3485,2.786072015762329,1.5126746892929077,11533.622541069984,14491.230618834496
3486,2.468554973602295,1.555942177772522,11536.091096043587,14492.786561012268
3487,2.2572684288024902,2.023888111114502,11538.34836447239,14494.810449123383
3488,0.5503032803535461,1.9456197023391724,11538.898667752743,14496.756068825722
3489,1.6728668212890625,1.3462958335876465,11540.571534574032,14498.10236465931
3490,2.5640416145324707,1.9583207368850708,11543.135576188564,14500.060685396194
3491,1.9194656610488892,1.5327670574188232,11545.055041849613,14501.593452453613
3492,2.4089951515197754,1.406243920326233,11547.464037001133,14502.99969637394
3493,1.9596905708312988,1.9927064180374146,11549.423727571964,14504.992402791977
3494,0.8601138591766357,1.5432515144348145,11550.28384143114,14506.535654306412
3495,2.312635898590088,2.3726649284362793,11552.596477329731,14508.908319234848
3496,2.239401340484619,1.8648488521575928,11554.835878670216,14510.773168087006
3497,2.1764538288116455,2.6504149436950684,11557.012332499027,14513.4235830307
3498,2.4664762020111084,1.2582522630691528,11559.478808701038,14514.68183529377
3499,2.424649477005005,1.484149694442749,11561.903458178043,14516.165984988213
3500,1.396462082862854,1.3660132884979248,11563.299920260906,14517.53199827671
3501,2.0757148265838623,1.5894025564193726,11565.37563508749,14519.12140083313
3502,1.0883491039276123,1.1005436182022095,11566.463984191418,14520.221944451332
3503,2.358319044113159,0.6929956078529358,11568.82230323553,14520.914940059185
3504,1.9316660165786743,1.1911542415618896,11570.75396925211,14522.106094300747
3505,2.388849973678589,0.9749752283096313,11573.142819225788,14523.081069529057
3506,1.865775465965271,0.7680886387825012,11575.008594691753,14523.849158167839
3507,2.2134337425231934,1.33513343334198,11577.222028434277,14525.184291601181
3508,2.585139751434326,1.5266205072402954,11579.80716818571,14526.710912108421
3509,2.346785545349121,1.1027146577835083,11582.15395373106,14527.813626766205
3510,1.7458182573318481,1.9497231245040894,11583.899771988392,14529.763349890709
3511,2.3855435848236084,1.0324007272720337,11586.285315573215,14530.795750617981
3512,0.7676684260368347,2.5404906272888184,11587.052983999252,14533.33624124527
3513,2.0878705978393555,1.259278416633606,11589.140854597092,14534.595519661903
3514,2.339261054992676,1.1245403289794922,11591.480115652084,14535.720059990883
3515,2.680821180343628,1.3134101629257202,11594.160936832428,14537.033470153809
3516,2.2318270206451416,1.51222562789917,11596.392763853073,14538.545695781708
3517,0.6183253526687622,1.59103262424469,11597.011089205742,14540.136728405952
3518,2.1310694217681885,1.0731631517410278,11599.14215862751,14541.209891557693
3519,0.5576279163360596,1.5602895021438599,11599.699786543846,14542.770181059837
3520,0.6610680818557739,2.461963415145874,11600.360854625702,14545.232144474983
3521,2.1291110515594482,1.345337152481079,11602.489965677261,14546.577481627464
3522,2.27720308303833,1.9471873044967651,11604.7671687603,14548.524668931961
3523,1.56449556350708,1.2145897150039673,11606.331664323807,14549.739258646965
3524,2.2577037811279297,1.5780900716781616,11608.589368104935,14551.317348718643
3525,2.482058048248291,1.2857720851898193,11611.071426153183,14552.603120803833
3526,2.599614143371582,1.266501545906067,11613.671040296555,14553.869622349739
3527,2.61247181892395,1.5280063152313232,11616.283512115479,14555.39762866497
3528,1.9070005416870117,1.519040584564209,11618.190512657166,14556.916669249535
3529,2.2100307941436768,2.000791311264038,11620.40054345131,14558.917460560799
3530,1.9471838474273682,1.4038487672805786,11622.347727298737,14560.32130932808
3531,2.2803876399993896,1.1089686155319214,11624.628114938736,14561.430277943611
3532,2.1549909114837646,1.622349500656128,11626.78310585022,14563.052627444267
3533,2.3861610889434814,1.9124162197113037,11629.169266939163,14564.965043663979
3534,2.255544900894165,1.363369107246399,11631.424811840057,14566.328412771225
3535,2.2114806175231934,1.1521977186203003,11633.63629245758,14567.480610489845
3536,2.08154034614563,1.2286368608474731,11635.717832803726,14568.709247350693
3537,2.248243808746338,1.216637134552002,11637.966076612473,14569.925884485245
3538,0.7424106597900391,2.289846658706665,11638.708487272263,14572.215731143951
3539,2.1066346168518066,1.1924059391021729,11640.815121889114,14573.408137083054
3540,2.1068782806396484,1.3405604362487793,11642.922000169754,14574.748697519302
3541,2.286949872970581,1.2848422527313232,11645.208950042725,14576.033539772034
3542,2.237706422805786,1.5607597827911377,11647.44665646553,14577.594299554825
3543,2.271010160446167,1.3301657438278198,11649.717666625977,14578.924465298653
3544,2.0738470554351807,1.5355250835418701,11651.791513681412,14580.459990382195
3545,1.8388813734054565,1.2012217044830322,11653.630395054817,14581.661212086678
3546,2.0499460697174072,1.478806495666504,11655.680341124535,14583.140018582344
3547,2.274721384048462,1.5107537508010864,11657.955062508583,14584.650772333145
3548,1.8004814386367798,1.516431212425232,11659.75554394722,14586.16720354557
3549,2.113865613937378,1.2127926349639893,11661.869409561157,14587.379996180534
3550,2.068190813064575,1.0858346223831177,11663.937600374222,14588.465830802917
3551,2.0480151176452637,1.142533302307129,11665.985615491867,14589.608364105225
3552,2.0068304538726807,1.286342978477478,11667.99244594574,14590.894707083702
3553,2.1364433765411377,1.9560561180114746,11670.12888932228,14592.850763201714
3554,2.3008060455322266,1.2222881317138672,11672.429695367813,14594.073051333427
3555,2.009674072265625,1.2064225673675537,11674.439369440079,14595.279473900795
3556,2.3229119777679443,1.2496311664581299,11676.762281417847,14596.529105067253
3557,2.1976876258850098,1.188260793685913,11678.959969043732,14597.717365860939
3558,2.2660136222839355,1.5871930122375488,11681.225982666016,14599.304558873177
3559,2.1397316455841064,1.5214847326278687,11683.3657143116,14600.826043605804
3560,2.1812453269958496,1.6762218475341797,11685.546959638596,14602.502265453339
3561,2.162442207336426,1.4274808168411255,11687.709401845932,14603.92974627018
3562,2.043250560760498,0.6946156024932861,11689.752652406693,14604.624361872673
3563,1.9044625759124756,1.3267791271209717,11691.657114982605,14605.951140999794
3564,2.0963070392608643,1.5169445276260376,11693.753422021866,14607.46808552742
3565,2.2888848781585693,1.2059032917022705,11696.042306900024,14608.673988819122
3566,2.287126064300537,0.9327648282051086,11698.329432964325,14609.606753647327
3567,2.3977298736572266,1.0812360048294067,11700.727162837982,14610.687989652157
3568,2.299633741378784,1.7688885927200317,11703.026796579361,14612.456878244877
3569,2.004218578338623,1.4390743970870972,11705.0310151577,14613.895952641964
3570,2.1262452602386475,1.381798505783081,11707.157260417938,14615.277751147747
3571,2.082003593444824,1.158562421798706,11709.239264011383,14616.436313569546
3572,2.5904574394226074,1.7726218700408936,11711.829721450806,14618.208935439587
3573,2.735720634460449,1.4998117685317993,11714.565442085266,14619.708747208118
3574,2.063443899154663,1.1290377378463745,11716.62888598442,14620.837784945965
3575,4.031230926513672,2.134162664413452,11720.660116910934,14622.971947610378
3576,1.7793197631835938,1.7367959022521973,11722.439436674118,14624.70874351263
3577,2.1378235816955566,1.6542975902557373,11724.577260255814,14626.363041102886
3578,0.717461884021759,1.575455904006958,11725.294722139835,14627.938497006893
3579,2.226174831390381,1.7717411518096924,11727.520896971226,14629.710238158703
3580,2.157456874847412,1.1340584754943848,11729.678353846073,14630.844296634197
3581,2.114725112915039,1.1003161668777466,11731.793078958988,14631.944612801075
3582,2.2447643280029297,1.5716463327407837,11734.037843286991,14633.516259133816
3583,1.7444075345993042,1.7113248109817505,11735.78225082159,14635.227583944798
3584,0.9722251892089844,1.4095972776412964,11736.7544760108,14636.637181222439
3585,2.231752872467041,1.3841930627822876,11738.986228883266,14638.021374285221
3586,2.0350141525268555,1.4192715883255005,11741.021243035793,14639.440645873547
3587,2.3130946159362793,1.6811847686767578,11743.33433765173,14641.121830642223
3588,2.032315731048584,1.9065911769866943,11745.366653382778,14643.02842181921
3589,2.061885118484497,1.1755149364471436,11747.428538501263,14644.203936755657
3590,2.1229069232940674,0.8570078611373901,11749.551445424557,14645.060944616795
3591,2.151758909225464,1.4707461595535278,11751.703204333782,14646.531690776348
3592,2.26558780670166,0.7953921556472778,11753.968792140484,14647.327082931995
3593,2.2113287448883057,1.4048875570297241,11756.180120885372,14648.731970489025
3594,2.1118834018707275,1.4649406671524048,11758.292004287243,14650.196911156178
3595,1.2227439880371094,2.794989824295044,11759.51474827528,14652.991900980473
3596,2.232954502105713,0.9003987908363342,11761.747702777386,14653.892299771309
3597,2.512794017791748,1.426180124282837,11764.260496795177,14655.318479895592
3598,2.3456225395202637,1.1612484455108643,11766.606119334698,14656.479728341103
3599,2.4763121604919434,1.8932521343231201,11769.08243149519,14658.372980475426
3600,2.2343428134918213,0.7539688944816589,11771.316774308681,14659.126949369907
3601,2.0398855209350586,1.2647247314453125,11773.356659829617,14660.391674101353
3602,2.478044271469116,1.6011677980422974,11775.834704101086,14661.992841899395
3603,0.8479495048522949,1.360228180885315,11776.682653605938,14663.35307008028
3604,2.196563243865967,1.308258056640625,11778.879216849804,14664.661328136921
3605,1.1690239906311035,2.801572799682617,11780.048240840435,14667.462900936604
3606,1.7205973863601685,1.3226852416992188,11781.768838226795,14668.785586178303
3607,1.9329296350479126,1.1870495080947876,11783.701767861843,14669.972635686398
3608,1.8787871599197388,1.0080081224441528,11785.580555021763,14670.980643808842
3609,2.440685749053955,1.236965537071228,11788.021240770817,14672.217609345913
3610,2.40842342376709,0.8115667700767517,11790.429664194584,14673.02917611599
3611,2.2762320041656494,1.8913218975067139,11792.70589619875,14674.920498013496
3612,1.1525580883026123,1.6119234561920166,11793.858454287052,14676.532421469688
3613,1.7847293615341187,1.402984857559204,11795.643183648586,14677.935406327248
3614,2.4091694355010986,1.1878858804702759,11798.052353084087,14679.123292207718
3615,2.33845591545105,1.714872121810913,11800.390808999538,14680.838164329529
3616,2.322979688644409,1.696277141571045,11802.713788688183,14682.5344414711
3617,2.184521198272705,1.2294689416885376,11804.898309886456,14683.763910412788
3618,2.315960645675659,1.0715447664260864,11807.214270532131,14684.835455179214
3619,2.4049031734466553,1.5298857688903809,11809.619173705578,14686.365340948105
3620,1.893895149230957,1.6334308385849,11811.513068854809,14687.99877178669
3621,0.9764955639839172,1.830950140953064,11812.489564418793,14689.829721927643
3622,2.241008996963501,1.1147077083587646,11814.730573415756,14690.944429636002
3623,2.234264612197876,1.5724984407424927,11816.964838027954,14692.516928076744
3624,1.899580478668213,1.0854192972183228,11818.864418506622,14693.602347373962
3625,2.3207342624664307,1.2940598726272583,11821.185152769089,14694.89640724659
3626,2.8010411262512207,1.8464548587799072,11823.98619389534,14696.74286210537
3627,2.0234177112579346,1.1414064168930054,11826.009611606598,14697.884268522263
3628,2.539226770401001,1.4761645793914795,11828.548838376999,14699.360433101654
3629,1.8220601081848145,1.3238602876663208,11830.370898485184,14700.68429338932
3630,2.5509536266326904,1.9668892621994019,11832.921852111816,14702.65118265152
3631,2.0471861362457275,1.0967957973480225,11834.969038248062,14703.747978448868
3632,2.321962594985962,1.1527009010314941,11837.291000843048,14704.9006793499
3633,2.1877596378326416,1.48838472366333,11839.47876048088,14706.389064073563
3634,2.54242205619812,1.450831413269043,11842.021182537079,14707.839895486832
3635,2.077564239501953,1.0281480550765991,11844.09874677658,14708.868043541908
3636,2.065629243850708,1.1591367721557617,11846.164376020432,14710.027180314064
3637,2.3209726810455322,1.7481193542480469,11848.485348701477,14711.775299668312
3638,2.1703054904937744,1.0205923318862915,11850.65565419197,14712.795892000198
3639,0.9267151951789856,1.7610610723495483,11851.58236938715,14714.556953072548
3640,1.891190528869629,1.17436945438385,11853.47355991602,14715.731322526932
3641,2.120697498321533,1.101814866065979,11855.594257414341,14716.833137392998
3642,2.1809897422790527,1.5820990800857544,11857.77524715662,14718.415236473083
3643,0.6641325950622559,1.7695331573486328,11858.439379751682,14720.184769630432
3644,1.8738378286361694,1.7933712005615234,11860.313217580318,14721.978140830994
3645,2.22133469581604,1.6015359163284302,11862.534552276134,14723.579676747322
3646,2.338989019393921,1.1901473999023438,11864.873541295528,14724.769824147224
3647,2.334503412246704,1.434009075164795,11867.208044707775,14726.20383322239
3648,1.7850608825683594,1.0478699207305908,11868.993105590343,14727.25170314312
3649,2.2317075729370117,1.5202473402023315,11871.22481316328,14728.771950483322
3650,2.1913676261901855,1.1412371397018433,11873.41618078947,14729.913187623024
3651,1.8513582944869995,0.8492199778556824,11875.267539083958,14730.76240760088
3652,2.4537312984466553,1.4109474420547485,11877.721270382404,14732.173355042934
3653,2.111318349838257,1.4781513214111328,11879.832588732243,14733.651506364346
3654,2.109499931335449,1.5953949689865112,11881.942088663578,14735.246901333332
3655,2.0095016956329346,1.5916482210159302,11883.951590359211,14736.838549554348
3656,2.1939690113067627,1.5536264181137085,11886.145559370518,14738.392175972462
3657,2.4077818393707275,1.0220075845718384,11888.553341209888,14739.414183557034
3658,1.9165889024734497,1.3338596820831299,11890.469930112362,14740.748043239117
3659,2.4440197944641113,1.12421715259552,11892.913949906826,14741.872260391712
3660,0.9554481506347656,2.7720112800598145,11893.86939805746,14744.644271671772
3661,2.1729071140289307,1.0182578563690186,11896.04230517149,14745.662529528141
3662,2.0373919010162354,1.4862526655197144,11898.079697072506,14747.14878219366
3663,0.9268278479576111,2.0294559001922607,11899.006524920464,14749.178238093853
3664,1.640533685684204,1.2469645738601685,11900.647058606148,14750.425202667713
3665,2.4078876972198486,0.9778017401695251,11903.054946303368,14751.403004407883
3666,2.115168333053589,1.1983931064605713,11905.170114636421,14752.601397514343
3667,1.998092532157898,1.4019010066986084,11907.16820716858,14754.003298521042
3668,2.104788303375244,0.7319613695144653,11909.272995471954,14754.735259890556
3669,1.989497423171997,1.1027746200561523,11911.262492895126,14755.838034510612
3670,2.14277720451355,1.2792530059814453,11913.40527009964,14757.117287516594
3671,2.415393114089966,1.6838756799697876,11915.82066321373,14758.801163196564
3672,2.266070604324341,1.3508230447769165,11918.086733818054,14760.15198624134
3673,1.2964630126953125,1.4324514865875244,11919.38319683075,14761.584437727928
3674,2.523556709289551,1.053102731704712,11921.906753540039,14762.637540459633
3675,2.1116957664489746,1.1872559785842896,11924.018449306488,14763.824796438217
3676,2.3084464073181152,1.5212726593017578,11926.326895713806,14765.346069097519
3677,2.6844074726104736,1.1343176364898682,11929.011303186417,14766.480386734009
3678,2.4064457416534424,1.2271082401275635,11931.41774892807,14767.707494974136
3679,2.291455030441284,1.553281545639038,11933.709203958511,14769.260776519775
3680,2.4879918098449707,1.3190869092941284,11936.197195768356,14770.57986342907
3681,1.6512597799301147,0.9734089970588684,11937.848455548286,14771.553272426128
3682,2.3829903602600098,1.6914207935333252,11940.231445908546,14773.244693219662
3683,2.1110122203826904,2.1276094913482666,11942.34245812893,14775.37230271101
3684,2.316685676574707,1.744432806968689,11944.659143805504,14777.116735517979
3685,2.5975453853607178,1.2933282852172852,11947.256689190865,14778.410063803196
3686,0.7109203934669495,1.3777409791946411,11947.967609584332,14779.78780478239
3687,1.806997299194336,1.2583853006362915,11949.774606883526,14781.046190083027
3688,1.855072259902954,1.1386975049972534,11951.629679143429,14782.184887588024
3689,1.889249563217163,1.6972970962524414,11953.518928706646,14783.882184684277
3690,2.3160240650177,1.102500081062317,11955.834952771664,14784.984684765339
3691,2.1789143085479736,0.9859409928321838,11958.013867080212,14785.970625758171
3692,2.2126104831695557,0.9314753413200378,11960.226477563381,14786.902101099491
3693,2.1631453037261963,1.275543212890625,11962.389622867107,14788.177644312382
3694,2.2856991291046143,1.6808267831802368,11964.675321996212,14789.858471095562
3695,2.42061448097229,1.4146430492401123,11967.095936477184,14791.273114144802
3696,2.2587249279022217,1.5001336336135864,11969.354661405087,14792.773247778416
3697,1.8094854354858398,1.3817131519317627,11971.164146840572,14794.154960930347
3698,2.1846888065338135,1.2656793594360352,11973.348835647106,14795.420640289783
3699,1.3522454500198364,3.6687684059143066,11974.701081097126,14799.089408695698
3700,2.0809757709503174,1.0774579048156738,11976.782056868076,14800.166866600513
3701,1.8079783916473389,1.3374239206314087,11978.590035259724,14801.504290521145
3702,2.237596273422241,0.8701133131980896,11980.827631533146,14802.374403834343
3703,2.0484533309936523,1.2218124866485596,11982.87608486414,14803.596216320992
3704,0.8913668394088745,1.6338731050491333,11983.767451703548,14805.23008942604
3705,1.9198358058929443,0.9068359136581421,11985.687287509441,14806.136925339699
3706,2.3888230323791504,1.6574651002883911,11988.07611054182,14807.794390439987
3707,2.346835136413574,1.353796362876892,11990.422945678234,14809.148186802864
3708,2.0253453254699707,1.3265169858932495,11992.448291003704,14810.474703788757
3709,2.025714874267578,1.1899571418762207,11994.474005877972,14811.664660930634
3710,2.131958246231079,0.902380645275116,11996.605964124203,14812.567041575909
3711,2.094158172607422,1.3432363271713257,11998.70012229681,14813.91027790308
3712,2.1215763092041016,1.9365146160125732,12000.821698606014,14815.846792519093
3713,2.004915952682495,1.0385116338729858,12002.826614558697,14816.885304152966
3714,1.919778823852539,2.268357276916504,12004.74639338255,14819.153661429882
3715,1.7830060720443726,1.1736596822738647,12006.529399454594,14820.327321112156
3716,2.496567726135254,1.5173615217208862,12009.025967180729,14821.844682633877
3717,2.298978090286255,2.046342611312866,12011.324945271015,14823.89102524519
3718,2.0938913822174072,1.7685641050338745,12013.418836653233,14825.659589350224
3719,1.9946128129959106,1.3687502145767212,12015.413449466228,14827.0283395648
3720,2.7327332496643066,1.1204363107681274,12018.146182715893,14828.148775875568
3721,1.8630950450897217,1.396279215812683,12020.009277760983,14829.545055091381
3722,1.7598003149032593,1.163330316543579,12021.769078075886,14830.708385407925
3723,1.884400486946106,1.1762726306915283,12023.653478562832,14831.884658038616
3724,1.5958739519119263,1.207505226135254,12025.249352514744,14833.092163264751
3725,2.0278782844543457,1.6583503484725952,12027.277230799198,14834.750513613224
3726,2.30118727684021,1.0218321084976196,12029.578418076038,14835.772345721722
3727,2.4105608463287354,1.698974370956421,12031.988978922367,14837.471320092678
3728,0.7986239194869995,2.3614501953125,12032.787602841854,14839.83277028799
3729,2.0328190326690674,0.8078749775886536,12034.820421874523,14840.64064526558
3730,1.7022666931152344,1.0216065645217896,12036.522688567638,14841.662251830101
3731,2.1698811054229736,1.3556678295135498,12038.692569673061,14843.017919659615
3732,2.0900588035583496,1.4294832944869995,12040.78262847662,14844.447402954102
3733,2.3254127502441406,1.5548255443572998,12043.108041226864,14846.002228498459
3734,2.2118632793426514,1.61366605758667,12045.319904506207,14847.615894556046
3735,1.986697793006897,1.1620683670043945,12047.306602299213,14848.77796292305
3736,2.6077795028686523,1.3731929063796997,12049.914381802082,14850.15115582943
3737,2.0686142444610596,1.0648225545883179,12051.982996046543,14851.215978384018
3738,2.06838059425354,1.3878247737884521,12054.051376640797,14852.603803157806
3739,2.157954692840576,0.6149163842201233,12056.209331333637,14853.218719542027
3740,2.2531280517578125,2.1148831844329834,12058.462459385395,14855.33360272646
3741,2.2026045322418213,1.6747673749923706,12060.665063917637,14857.008370101452
3742,1.8589030504226685,1.1427431106567383,12062.52396696806,14858.151113212109
3743,2.0346364974975586,1.2359130382537842,12064.558603465557,14859.387026250362
3744,1.902548909187317,0.8469009399414062,12066.461152374744,14860.233927190304
3745,2.0756771564483643,1.1960270404815674,12068.536829531193,14861.429954230785
3746,2.0634753704071045,1.8303660154342651,12070.6003049016,14863.26032024622
3747,2.061185121536255,1.6784321069717407,12072.661490023136,14864.938752353191
3748,1.871656060218811,1.0180401802062988,12074.533146083355,14865.956792533398
3749,2.0908203125,1.0150330066680908,12076.623966395855,14866.971825540066
3750,1.9024684429168701,1.1376004219055176,12078.526434838772,14868.109425961971
3751,2.129253625869751,1.6787300109863281,12080.655688464642,14869.788155972958
3752,2.2515342235565186,1.6379590034484863,12082.907222688198,14871.426114976406
3753,2.5671470165252686,1.1765800714492798,12085.474369704723,14872.602695047855
3754,2.002812623977661,1.2482430934906006,12087.477182328701,14873.850938141346
3755,2.0298454761505127,1.3006863594055176,12089.507027804852,14875.151624500751
3756,2.5174028873443604,1.2150678634643555,12092.024430692196,14876.366692364216
3757,2.0501251220703125,1.5315594673156738,12094.074555814266,14877.898251831532
3758,1.9472229480743408,0.9911400675773621,12096.02177876234,14878.889391899109
3759,1.9064879417419434,1.188681721687317,12097.928266704082,14880.078073620796
3760,2.2123806476593018,1.4126975536346436,12100.140647351742,14881.49077117443
3761,2.2111752033233643,1.3228039741516113,12102.351822555065,14882.813575148582
3762,1.3665379285812378,1.803321123123169,12103.718360483646,14884.616896271706
3763,2.022587299346924,1.052896499633789,12105.740947782993,14885.66979277134
3764,0.717745304107666,2.147120952606201,12106.458693087101,14887.816913723946
3765,1.793056845664978,1.028117060661316,12108.251749932766,14888.845030784607
3766,1.973522424697876,1.1198081970214844,12110.225272357464,14889.964838981628
3767,2.118798017501831,0.9106725454330444,12112.344070374966,14890.875511527061
3768,1.9200693368911743,1.2277785539627075,12114.264139711857,14892.103290081024
3769,2.1492021083831787,1.0513746738433838,12116.41334182024,14893.154664754868
3770,1.9975697994232178,1.4238656759262085,12118.410911619663,14894.578530430794
3771,2.1271235942840576,1.4160208702087402,12120.538035213947,14895.994551301003
3772,1.916637659072876,1.4538004398345947,12122.45467287302,14897.448351740837
3773,1.875110149383545,1.1195513010025024,12124.329783022404,14898.56790304184
3774,2.571089029312134,2.0554676055908203,12126.900872051716,14900.62337064743
3775,2.1175413131713867,1.9452916383743286,12129.018413364887,14902.568662285805
3776,3.0226733684539795,2.265307664871216,12132.041086733341,14904.833969950676
3777,2.269345760345459,1.2771039009094238,12134.310432493687,14906.111073851585
3778,2.661503553390503,1.7847570180892944,12136.971936047077,14907.895830869675
3779,2.3100552558898926,0.9862274527549744,12139.281991302967,14908.88205832243
3780,1.8817733526229858,1.0924118757247925,12141.16376465559,14909.974470198154
3781,1.934730052947998,1.2531437873840332,12143.098494708538,14911.227613985538
3782,2.437131643295288,0.9395508170127869,12145.535626351833,14912.167164802551
3783,2.18450927734375,1.0700676441192627,12147.720135629177,14913.23723244667
3784,2.2830100059509277,1.735729455947876,12150.003145635128,14914.972961902618
3785,2.7929508686065674,2.296842336654663,12152.796096503735,14917.269804239273
3786,2.0330097675323486,1.4758780002593994,12154.829106271267,14918.745682239532
3787,2.277397871017456,1.7819021940231323,12157.106504142284,14920.527584433556
3788,1.9895604848861694,1.2420605421066284,12159.09606462717,14921.769644975662
3789,1.9843080043792725,1.0156821012496948,12161.08037263155,14922.785327076912
3790,1.710411548614502,1.124650001525879,12162.790784180164,14923.909977078438
3791,1.9691212177276611,1.0628372430801392,12164.759905397892,14924.972814321518
3792,1.8110816478729248,0.7180934548377991,12166.570987045765,14925.690907776356
3793,2.648390769958496,1.068101167678833,12169.219377815723,14926.759008944035
3794,2.668748378753662,1.113654375076294,12171.888126194477,14927.87266331911
3795,2.326916217803955,1.422837734222412,12174.215042412281,14929.295501053333
3796,1.9617633819580078,1.0012907981872559,12176.176805794239,14930.29679185152
3797,2.466728925704956,1.204350233078003,12178.643534719944,14931.501142084599
3798,2.7827484607696533,1.561282992362976,12181.426283180714,14933.062425076962
3799,2.3895061016082764,1.2392489910125732,12183.815789282322,14934.301674067974
3800,1.863960862159729,0.9498592019081116,12185.679750144482,14935.251533269882
3801,2.343122720718384,1.2147516012191772,12188.0228728652,14936.466284871101
3802,2.0851564407348633,1.2163456678390503,12190.108029305935,14937.68263053894
3803,1.553496241569519,2.5302181243896484,12191.661525547504,14940.21284866333
3804,1.9746720790863037,1.4198169708251953,12193.63619762659,14941.632665634155
3805,2.2196907997131348,1.2003875970840454,12195.855888426304,14942.83305323124
3806,0.7792894244194031,1.9462730884552002,12196.635177850723,14944.779326319695
3807,1.902382493019104,0.9336498379707336,12198.537560343742,14945.712976157665
3808,2.2037088871002197,1.7933754920959473,12200.741269230843,14947.506351649761
3809,1.8594828844070435,0.9476527571678162,12202.60075211525,14948.454004406929
3810,2.172595739364624,2.3763957023620605,12204.773347854614,14950.830400109291
3811,2.335867404937744,2.0304863452911377,12207.109215259552,14952.860886454582
3812,2.3732879161834717,1.1774203777313232,12209.482503175735,14954.038306832314
3813,1.7842464447021484,1.043421745300293,12211.266749620438,14955.081728577614
3814,2.0710763931274414,1.4378584623336792,12213.337826013565,14956.519587039948
3815,2.3506581783294678,1.7257583141326904,12215.688484191895,14958.24534535408
3816,2.094587802886963,1.7171989679336548,12217.783071994781,14959.962544322014
3817,1.9249980449676514,1.119870662689209,12219.70807003975,14961.082414984703
3818,2.2732887268066406,1.2827333211898804,12221.981358766556,14962.365148305893
3819,2.2127904891967773,1.1088956594467163,12224.194149255753,14963.47404396534
3820,1.1187106370925903,2.145582914352417,12225.312859892845,14965.619626879692
3821,2.4409918785095215,0.7992855906486511,12227.753851771355,14966.41891247034
3822,2.3394577503204346,1.2411545515060425,12230.093309521675,14967.660067021847
3823,2.3883016109466553,1.2302775382995605,12232.481611132622,14968.890344560146
3824,1.9645670652389526,1.2640955448150635,12234.44617819786,14970.154440104961
3825,1.7358311414718628,1.2221839427947998,12236.182009339333,14971.376624047756
3826,2.551038980484009,1.6600991487503052,12238.733048319817,14973.036723196507
3827,1.8570539951324463,1.2001584768295288,12240.590102314949,14974.236881673336
3828,1.9474855661392212,1.2485640048980713,12242.537587881088,14975.485445678234
3829,1.9409807920455933,1.2599210739135742,12244.478568673134,14976.745366752148
3830,2.4296185970306396,1.5804914236068726,12246.908187270164,14978.325858175755
3831,2.191866159439087,1.4404785633087158,12249.100053429604,14979.766336739063
3832,2.0803096294403076,1.1652873754501343,12251.180363059044,14980.931624114513
3833,2.012141227722168,1.297654390335083,12253.192504286766,14982.229278504848
3834,2.055198907852173,0.8872954249382019,12255.247703194618,14983.116573929787
3835,1.88652503490448,1.7893136739730835,12257.134228229523,14984.90588760376
3836,1.9122873544692993,0.9761046767234802,12259.046515583992,14985.881992280483
3837,2.169663429260254,1.119443655014038,12261.216179013252,14987.001435935497
3838,1.7724740505218506,1.8426673412322998,12262.988653063774,14988.84410327673
3839,1.3809936046600342,0.8814452886581421,12264.369646668434,14989.725548565388
3840,2.222834587097168,1.5877236127853394,12266.592481255531,14991.313272178173
3841,1.077067494392395,1.2950860261917114,12267.669548749924,14992.608358204365
3842,1.7106804847717285,1.5556668043136597,12269.380229234695,14994.164025008678
3843,2.067122220993042,1.006994605064392,12271.447351455688,14995.171019613743
3844,2.5024337768554688,1.7857484817504883,12273.949785232544,14996.956768095493
3845,2.040003538131714,1.5566320419311523,12275.989788770676,14998.513400137424
3846,2.167717933654785,1.4526116847991943,12278.15750670433,14999.966011822224
3847,2.066431999206543,0.9208369255065918,12280.223938703537,15000.88684874773
3848,1.827060341835022,1.0186655521392822,12282.050999045372,15001.90551429987
3849,2.153891086578369,1.340367078781128,12284.20489013195,15003.24588137865
3850,2.531688928604126,2.5887484550476074,12286.736579060555,15005.834629833698
3851,2.1655867099761963,0.9250770807266235,12288.90216577053,15006.759706914425
3852,2.4794609546661377,1.3952974081039429,12291.381626725197,15008.155004322529
3853,1.4326484203338623,1.9128302335739136,12292.81427514553,15010.067834556103
3854,2.0265934467315674,1.1548621654510498,12294.840868592262,15011.222696721554
3855,1.9972776174545288,1.027032732963562,12296.838146209717,15012.249729454517
3856,2.3352291584014893,1.048973560333252,12299.173375368118,15013.29870301485
3857,2.410033702850342,1.9043138027191162,12301.583409070969,15015.20301681757
3858,1.3313562870025635,1.4495360851287842,12302.914765357971,15016.652552902699
3859,2.0745720863342285,1.6101444959640503,12304.989337444305,15018.262697398663
3860,2.3168795108795166,1.2778441905975342,12307.306216955185,15019.54054158926
3861,0.7101308107376099,1.1882286071777344,12308.016347765923,15020.728770196438
3862,1.9786983728408813,1.004709005355835,12309.995046138763,15021.733479201794
3863,2.684093475341797,2.006460666656494,12312.679139614105,15023.73993986845
3864,1.9999713897705078,0.8830874562263489,12314.679111003876,15024.623027324677
3865,2.4583194255828857,1.4135751724243164,12317.137430429459,15026.0366024971
3866,3.517458438873291,1.6968210935592651,12320.654888868332,15027.73342359066
3867,2.2430179119110107,1.2779817581176758,12322.897906780243,15029.011405348778
3868,2.365600824356079,1.3257689476013184,12325.263507604599,15030.337174296379
3869,2.080937385559082,1.808030366897583,12327.344444990158,15032.145204663277
3870,1.7736009359359741,1.1063140630722046,12329.118045926094,15033.251518726349
3871,2.1690921783447266,2.210087299346924,12331.287138104439,15035.461606025696
3872,2.38466739654541,1.5718305110931396,12333.671805500984,15037.033436536789
3873,2.398714780807495,0.9444690346717834,12336.070520281792,15037.97790557146
3874,2.1804518699645996,1.068541407585144,12338.250972151756,15039.046446979046
3875,2.2443277835845947,1.2621763944625854,12340.49529993534,15040.308623373508
3876,0.8398423790931702,1.5752983093261719,12341.335142314434,15041.883921682835
3877,2.3157882690429688,2.284400463104248,12343.650930583477,15044.168322145939
3878,1.413537621498108,1.5593202114105225,12345.064468204975,15045.72764235735
3879,2.366185426712036,1.8450329303741455,12347.430653631687,15047.572675287724
3880,2.0708463191986084,1.177644968032837,12349.501499950886,15048.750320255756
3881,2.2199859619140625,1.150046944618225,12351.7214859128,15049.900367200375
3882,2.076629638671875,1.6705549955368042,12353.798115551472,15051.570922195911
3883,2.2108654975891113,1.7194637060165405,12356.00898104906,15053.290385901928
3884,2.04202938079834,1.041461706161499,12358.05101042986,15054.33184760809
3885,2.058661937713623,1.1071242094039917,12360.109672367573,15055.438971817493
3886,2.173750638961792,1.580016851425171,12362.283423006535,15057.018988668919
3887,2.187298536300659,1.1196833848953247,12364.470721542835,15058.138672053814
3888,2.4534592628479004,1.7393192052841187,12366.924180805683,15059.877991259098
3889,2.9386332035064697,1.2368690967559814,12369.86281400919,15061.114860355854
3890,2.1285417079925537,1.1128969192504883,12371.991355717182,15062.227757275105
3891,2.382446527481079,1.3925492763519287,12374.373802244663,15063.620306551456
3892,2.0178794860839844,1.1689050197601318,12376.391681730747,15064.789211571217
3893,2.2392470836639404,1.4107462167739868,12378.630928814411,15066.19995778799
3894,2.019716262817383,2.0375795364379883,12380.650645077229,15068.237537324429
3895,1.0863432884216309,1.7312862873077393,12381.73698836565,15069.968823611736
3896,2.256551742553711,1.6752490997314453,12383.993540108204,15071.644072711468
3897,2.158665657043457,1.2580199241638184,12386.152205765247,15072.902092635632
3898,2.212352752685547,1.656541347503662,12388.364558517933,15074.558633983135
3899,0.7314651608467102,1.5844272375106812,12389.09602367878,15076.143061220646
3900,2.305483102798462,1.567557692527771,12391.401506781578,15077.710618913174
3901,2.0401992797851562,1.3019613027572632,12393.441706061363,15079.012580215931
3902,2.1735098361968994,2.0148627758026123,12395.61521589756,15081.027442991734
3903,1.8344628810882568,1.0869231224060059,12397.449678778648,15082.11436611414
3904,1.9993278980255127,1.1162623167037964,12399.449006676674,15083.230628430843
3905,3.3760616779327393,1.0044193267822266,12402.825068354607,15084.235047757626
3906,2.542186975479126,1.681084394454956,12405.367255330086,15085.91613215208
3907,2.53741717338562,1.3681981563568115,12407.904672503471,15087.284330308437
3908,0.9065374135971069,2.6102662086486816,12408.811209917068,15089.894596517086
3909,2.190791606903076,1.545530080795288,12411.002001523972,15091.440126597881
3910,1.7483830451965332,1.2763354778289795,12412.750384569168,15092.71646207571
3911,2.240335464477539,1.3484822511672974,12414.990720033646,15094.064944326878
3912,0.600556492805481,1.2302883863449097,12415.591276526451,15095.295232713223
3913,2.0141007900238037,2.8362464904785156,12417.605377316475,15098.131479203701
3914,2.3374452590942383,1.7688292264938354,12419.94282257557,15099.900308430195
3915,2.3563733100891113,1.396580696105957,12422.299195885658,15101.2968891263
3916,1.9409351348876953,1.604835033416748,12424.240131020546,15102.901724159718
3917,2.2933552265167236,1.0406845808029175,12426.533486247063,15103.94240874052
3918,2.32714581489563,4.939397811889648,12428.860632061958,15108.88180655241
3919,2.0321013927459717,1.191475749015808,12430.892733454704,15110.073282301426
3920,0.7372796535491943,1.4957982301712036,12431.630013108253,15111.569080531597
3921,2.42948317527771,1.0916451215744019,12434.059496283531,15112.660725653172
3922,1.9369102716445923,1.1404101848602295,12435.996406555176,15113.801135838032
3923,2.4705278873443604,1.5620191097259521,12438.46693444252,15115.363154947758
3924,2.1534552574157715,1.8931045532226562,12440.620389699936,15117.25625950098
3925,2.123786449432373,1.015705943107605,12442.744176149368,15118.271965444088
3926,2.0379369258880615,1.851492166519165,12444.782113075256,15120.123457610607
3927,2.4168701171875,1.2011804580688477,12447.198983192444,15121.324638068676
3928,2.0320775508880615,1.2236131429672241,12449.231060743332,15122.548251211643
3929,0.6425725817680359,1.8996100425720215,12449.8736333251,15124.447861254215
3930,2.078075408935547,1.473881721496582,12451.951708734035,15125.921742975712
3931,1.9557212591171265,1.713719367980957,12453.907429993153,15127.635462343693
3932,2.227130174636841,1.4642786979675293,12456.13456016779,15129.09974104166
3933,2.647780418395996,1.948238730430603,12458.782340586185,15131.047979772091
3934,1.7541890144348145,1.493259072303772,12460.53652960062,15132.541238844395
3935,0.7978271842002869,1.4608091115951538,12461.33435678482,15134.00204795599
3936,2.151547431945801,1.582064151763916,12463.485904216766,15135.584112107754
3937,1.1799713373184204,1.7374212741851807,12464.665875554085,15137.321533381939
3938,2.096546173095703,1.4200390577316284,12466.76242172718,15138.74157243967
3939,2.0087506771087646,1.4786561727523804,12468.77117240429,15140.220228612423
3940,2.29453444480896,0.8762080669403076,12471.065706849098,15141.096436679363
3941,2.4142677783966064,1.685314416885376,12473.479974627495,15142.781751096249
3942,1.5913394689559937,3.249960422515869,12475.07131409645,15146.031711518764
3943,0.7956190705299377,2.042912006378174,12475.86693316698,15148.074623525143
3944,2.754608631134033,1.2805927991867065,12478.621541798115,15149.35521632433
3945,2.5422658920288086,1.2466744184494019,12481.163807690144,15150.601890742779
3946,2.2509052753448486,1.274637222290039,12483.414712965488,15151.876527965069
3947,2.1793270111083984,1.357930064201355,12485.594039976597,15153.23445802927
3948,2.814650535583496,0.7517924308776855,12488.40869051218,15153.986250460148
3949,2.4156951904296875,2.0245087146759033,12490.82438570261,15156.010759174824
3950,1.9789962768554688,1.3583827018737793,12492.803381979465,15157.369141876698
3951,2.097317934036255,1.619071125984192,12494.900699913502,15158.988213002682
3952,2.3134765625,1.9043970108032227,12497.214176476002,15160.892610013485
3953,1.8052479028701782,0.9852991700172424,12499.019424378872,15161.877909183502
3954,1.8999947309494019,1.2187952995300293,12500.919419109821,15163.096704483032
3955,2.240966796875,1.700505018234253,12503.160385906696,15164.797209501266
3956,2.720902919769287,1.4894860982894897,12505.881288826466,15166.286695599556
3957,1.9767545461654663,1.2261561155319214,12507.858043372631,15167.512851715088
3958,3.4906468391418457,3.170548915863037,12511.348690211773,15170.683400630951
3959,2.2773656845092773,1.6597505807876587,12513.626055896282,15172.343151211739
3960,1.9283053874969482,1.1638092994689941,12515.55436128378,15173.506960511208
3961,2.0921361446380615,1.0653032064437866,12517.646497428417,15174.572263717651
3962,1.922973871231079,1.5295014381408691,12519.569471299648,15176.101765155792
3963,2.6220703125,0.7915320992469788,12522.191541612148,15176.89329725504
3964,2.4775197505950928,1.5533699989318848,12524.669061362743,15178.446667253971
3965,1.5623773336410522,3.1559927463531494,12526.231438696384,15181.602660000324
3966,1.9708479642868042,2.0365610122680664,12528.202286660671,15183.639221012592
3967,1.5152387619018555,2.993853807449341,12529.717525422573,15186.633074820042
3968,2.277658224105835,1.5439409017562866,12531.995183646679,15188.177015721798
3969,1.7580735683441162,1.3270727396011353,12533.753257215023,15189.504088461399
3970,2.2054765224456787,1.9208563566207886,12535.958733737469,15191.42494481802
3971,2.4941248893737793,1.9809765815734863,12538.452858626842,15193.405921399593
3972,2.469597578048706,2.3104820251464844,12540.922456204891,15195.71640342474
3973,2.527198553085327,1.4216564893722534,12543.449654757977,15197.138059914112
3974,2.3318822383880615,1.453786849975586,12545.781536996365,15198.591846764088
3975,2.141528367996216,0.9509465098381042,12547.92306536436,15199.542793273926
3976,2.025263786315918,1.5207630395889282,12549.948329150677,15201.063556313515
3977,2.1991100311279297,1.3766334056854248,12552.147439181805,15202.4401897192
3978,2.371136426925659,2.161371946334839,12554.51857560873,15204.601561665535
3979,1.144667387008667,1.7451951503753662,12555.663242995739,15206.34675681591
3980,1.2607251405715942,1.9565719366073608,12556.92396813631,15208.303328752518
3981,2.120370626449585,2.634485960006714,12559.04433876276,15210.937814712524
3982,2.250382661819458,1.7423206567764282,12561.29472142458,15212.6801353693
3983,1.8890165090560913,1.3839737176895142,12563.183737933636,15214.06410908699
3984,2.2074835300445557,1.567447304725647,12565.39122146368,15215.631556391716
3985,1.7935786247253418,1.3866491317749023,12567.184800088406,15217.01820552349
3986,2.272122859954834,1.5092718601226807,12569.45692294836,15218.527477383614
3987,2.148817300796509,1.5169028043746948,12571.605740249157,15220.044380187988
3988,2.1944572925567627,1.6753957271575928,12573.800197541714,15221.719775915146
3989,2.312197208404541,1.2817862033843994,12576.112394750118,15223.00156211853
3990,2.2682275772094727,0.7321817874908447,12578.380622327328,15223.733743906021
3991,1.9493979215621948,1.8056495189666748,12580.33002024889,15225.539393424988
3992,2.0970373153686523,1.409923791885376,12582.427057564259,15226.949317216873
3993,2.1026992797851562,1.2568538188934326,12584.529756844044,15228.206171035767
3994,2.057111978530884,1.5073318481445312,12586.586868822575,15229.713502883911
3995,1.0320265293121338,2.065464735031128,12587.618895351887,15231.778967618942
3996,2.0092594623565674,1.3103511333465576,12589.628154814243,15233.089318752289
3997,2.0958921909332275,1.6772798299789429,12591.724047005177,15234.766598582268
3998,2.0971407890319824,1.2883557081222534,12593.821187794209,15236.05495429039
3999,1.9315801858901978,1.853434443473816,12595.752767980099,15237.908388733864
4000,2.1627581119537354,1.0696583986282349,12597.915526092052,15238.978047132492
4001,1.940523386001587,1.265246868133545,12599.856049478054,15240.243294000626
4002,2.9890191555023193,2.717834711074829,12602.845068633556,15242.9611287117
4003,0.6417027115821838,1.9691717624664307,12603.486771345139,15244.930300474167
4004,2.173234701156616,0.8560113310813904,12605.660006046295,15245.786311805248
4005,2.126312732696533,1.3519545793533325,12607.786318778992,15247.138266384602
4006,1.967548131942749,0.9966856837272644,12609.753866910934,15248.134952068329
4007,1.2992260456085205,1.9756560325622559,12611.053092956543,15250.110608100891
4008,1.8873417377471924,1.266159176826477,12612.94043469429,15251.376767277718
4009,2.212364435195923,0.9133557677268982,12615.152799129486,15252.290123045444
4010,2.2774879932403564,1.16520357131958,12617.430287122726,15253.455326616764
4011,2.3759491443634033,1.139432430267334,12619.80623626709,15254.594759047031
4012,2.0708892345428467,0.9961918592453003,12621.877125501633,15255.590950906277
4013,1.7979930639266968,0.9925979971885681,12623.67511856556,15256.583548903465
4014,1.8877778053283691,0.8449752926826477,12625.562896370888,15257.428524196148
4015,2.193808078765869,1.0776550769805908,12627.756704449654,15258.506179273129
4016,2.050469160079956,0.9260839223861694,12629.807173609734,15259.432263195515
4017,2.3480000495910645,0.7727454304695129,12632.155173659325,15260.205008625984
4018,2.2264935970306396,1.5328478813171387,12634.381667256355,15261.737856507301
4019,0.7005007266998291,1.5639821290969849,12635.082167983055,15263.301838636398
4020,2.2132792472839355,0.9934663772583008,12637.295447230339,15264.295305013657
4021,1.8480819463729858,1.3759790658950806,12639.143529176712,15265.671284079552
4022,2.1778619289398193,1.0980329513549805,12641.321391105652,15266.769317030907
4023,2.4626898765563965,1.112667441368103,12643.784080982208,15267.881984472275
4024,1.9560729265213013,1.2692078351974487,12645.74015390873,15269.151192307472
4025,2.4656476974487305,0.8783973455429077,12648.205801606178,15270.029589653015
4026,2.3958487510681152,1.1557060480117798,12650.601650357246,15271.185295701027
4027,2.42842173576355,1.102896809577942,12653.03007209301,15272.288192510605
4028,2.3844971656799316,1.2319538593292236,12655.41456925869,15273.520146369934
4029,2.0303544998168945,1.1227720975875854,12657.444923758507,15274.642918467522
4030,2.3040974140167236,1.0259870290756226,12659.749021172523,15275.668905496597
4031,2.5355334281921387,0.9798627495765686,12662.284554600716,15276.648768246174
4032,2.3940939903259277,0.6335031390190125,12664.678648591042,15277.282271385193
4033,1.4727485179901123,1.6923741102218628,12666.151397109032,15278.974645495415
4034,2.1793580055236816,0.7154152393341064,12668.330755114555,15279.690060734749
4035,1.8960297107696533,1.11235511302948,12670.226784825325,15280.802415847778
4036,2.0127758979797363,0.8976627588272095,12672.239560723305,15281.700078606606
4037,2.239314556121826,0.9151546955108643,12674.478875279427,15282.615233302116
4038,1.7572687864303589,2.7997591495513916,12676.236144065857,15285.414992451668
4039,1.9662816524505615,1.48040771484375,12678.202425718307,15286.895400166512
4040,0.9591831564903259,2.904202461242676,12679.161608874798,15289.799602627754
4041,2.1684329509735107,1.415102243423462,12681.330041825771,15291.214704871178
4042,2.0664258003234863,1.0792635679244995,12683.396467626095,15292.293968439102
4043,1.960318684577942,1.0933133363723755,12685.356786310673,15293.387281775475
4044,2.063178777694702,1.1705129146575928,12687.419965088367,15294.557794690132
4045,2.1849539279937744,1.568129301071167,12689.604919016361,15296.125923991203
4046,2.7398598194122314,1.4582479000091553,12692.344778835773,15297.584171891212
4047,2.3496270179748535,1.7784262895584106,12694.694405853748,15299.36259818077
4048,2.4134140014648438,1.2314143180847168,12697.107819855213,15300.594012498856
4049,0.9329067468643188,1.6181299686431885,12698.040726602077,15302.212142467499
4050,2.394648790359497,0.924538254737854,12700.435375392437,15303.136680722237
4051,1.275768518447876,1.8837522268295288,12701.711143910885,15305.020432949066
4052,2.18892765045166,1.2695672512054443,12703.900071561337,15306.290000200272
4053,2.190432071685791,1.1956826448440552,12706.090503633022,15307.485682845116
4054,2.524498224258423,1.4543776512145996,12708.61500185728,15308.94006049633
4055,2.1269054412841797,1.4063489437103271,12710.741907298565,15310.34640944004
4056,2.1630892753601074,1.2817230224609375,12712.904996573925,15311.628132462502
4057,1.9264086484909058,1.2243188619613647,12714.831405222416,15312.852451324463
4058,2.017728805541992,1.155614972114563,12716.849134027958,15314.008066296577
4059,2.0537025928497314,1.385240077972412,12718.902836620808,15315.39330637455
4060,2.8296051025390625,1.1235069036483765,12721.732441723347,15316.516813278198
4061,2.2217910289764404,1.2976150512695312,12723.954232752323,15317.814428329468
4062,2.0754523277282715,1.0335394144058228,12726.029685080051,15318.847967743874
4063,2.3244097232818604,1.289561152458191,12728.354094803333,15320.137528896332
4064,1.9623801708221436,1.0751678943634033,12730.316474974155,15321.212696790695
4065,0.9153744578361511,1.5956906080245972,12731.231849431992,15322.80838739872
4066,2.3804261684417725,1.1672648191452026,12733.612275600433,15323.975652217865
4067,2.457396984100342,1.051844596862793,12736.069672584534,15325.027496814728
4068,0.7988341450691223,2.833160877227783,12736.868506729603,15327.860657691956
4069,1.9461241960525513,1.22097909450531,12738.814630925655,15329.08163678646
4070,2.0891780853271484,1.1560723781585693,12740.903809010983,15330.23770916462
4071,2.176744222640991,1.1668198108673096,12743.080553233624,15331.404528975487
4072,1.788762092590332,3.5640041828155518,12744.869315326214,15334.968533158302
4073,1.9132722616195679,0.9978090524673462,12746.782587587833,15335.96634221077
4074,2.1343531608581543,1.7217248678207397,12748.916940748692,15337.68806707859
4075,1.9082680940628052,1.4643408060073853,12750.825208842754,15339.152407884598
4076,2.152337074279785,1.3491474390029907,12752.977545917034,15340.5015553236
4077,2.1768078804016113,0.9544544816017151,12755.154353797436,15341.456009805202
4078,2.118316650390625,1.4286855459213257,12757.272670447826,15342.884695351124
4079,2.0749258995056152,1.2320177555084229,12759.347596347332,15344.116713106632
4080,0.9389940500259399,2.337625026702881,12760.286590397358,15346.454338133335
4081,1.892466425895691,1.2064141035079956,12762.179056823254,15347.660752236843
4082,1.6511971950531006,1.227576494216919,12763.830254018307,15348.88832873106
4083,2.327146291732788,1.4509445428848267,12766.15740031004,15350.339273273945
4084,2.649017810821533,1.2367043495178223,12768.806418120861,15351.575977623463
4085,2.0033249855041504,0.9476448893547058,12770.809743106365,15352.523622512817
4086,1.89406418800354,0.8244011402130127,12772.703807294369,15353.34802365303
4087,1.9412555694580078,0.9687709808349609,12774.645062863827,15354.316794633865
4088,1.9817053079605103,1.2165700197219849,12776.626768171787,15355.533364653587
4089,0.8028120994567871,2.2397923469543457,12777.429580271244,15357.773157000542
4090,2.270045042037964,1.2433786392211914,12779.699625313282,15359.016535639763
4091,2.131631374359131,1.0170809030532837,12781.831256687641,15360.033616542816
4092,1.1853868961334229,1.3730669021606445,12783.016643583775,15361.406683444977
4093,2.287367105484009,1.1064338684082031,12785.304010689259,15362.513117313385
4094,2.3533899784088135,0.9039224982261658,12787.657400667667,15363.417039811611
4095,1.1430357694625854,2.505836009979248,12788.80043643713,15365.92287582159
4096,1.8732033967971802,1.1108733415603638,12790.673639833927,15367.03374916315
4097,2.211543083190918,1.8915907144546509,12792.885182917118,15368.925339877605
4098,2.142533779144287,1.1843873262405396,12795.027716696262,15370.109727203846
4099,1.9243659973144531,1.3627475500106812,12796.952082693577,15371.472474753857
4100,2.1687088012695312,1.2298309803009033,12799.120791494846,15372.702305734158
4101,2.199152708053589,1.3195085525512695,12801.3199442029,15374.021814286709
4102,2.2729270458221436,1.3589318990707397,12803.592871248722,15375.38074618578
4103,2.265115976333618,1.4292736053466797,12805.857987225056,15376.810019791126
4104,2.097012758255005,1.2667361497879028,12807.95499998331,15378.076755940914
4105,2.183528423309326,1.167500615119934,12810.13852840662,15379.244256556034
4106,1.9993222951889038,0.9911873936653137,12812.137850701809,15380.2354439497
4107,2.352283239364624,1.300655484199524,12814.490133941174,15381.536099433899
4108,2.0348572731018066,1.2852632999420166,12816.524991214275,15382.821362733841
4109,1.8050589561462402,1.3919707536697388,12818.330050170422,15384.21333348751
4110,1.3364909887313843,1.4744731187820435,12819.666541159153,15385.687806606293
4111,1.2084414958953857,4.287840843200684,12820.874982655048,15389.975647449493
4112,1.5607677698135376,1.0010427236557007,12822.435750424862,15390.97669017315
4113,1.8632816076278687,1.3348519802093506,12824.29903203249,15392.311542153358
4114,2.82210373878479,1.0653417110443115,12827.121135771275,15393.376883864403
4115,2.0384867191314697,1.2971633672714233,12829.159622490406,15394.674047231674
4116,0.9050726890563965,2.223361015319824,12830.064695179462,15396.897408246994
4117,2.126103162765503,1.418566107749939,12832.190798342228,15398.315974354744
4118,1.8765132427215576,1.3187435865402222,12834.06731158495,15399.634717941284
4119,1.8902597427368164,1.1159451007843018,12835.957571327686,15400.750663042068
4120,2.313349485397339,1.11240553855896,12838.270920813084,15401.863068580627
4121,2.4172871112823486,3.147986888885498,12840.688207924366,15405.011055469513
4122,2.2475974559783936,0.6906682252883911,12842.935805380344,15405.701723694801
4123,1.2516885995864868,1.0576938390731812,12844.18749397993,15406.759417533875
4124,2.388418197631836,2.057313919067383,12846.575912177563,15408.816731452942
4125,1.9125113487243652,1.0183051824569702,12848.488423526287,15409.835036635399
4126,1.9045592546463013,1.4101990461349487,12850.392982780933,15411.245235681534
4127,2.2663185596466064,1.0004419088363647,12852.65930134058,15412.24567759037
4128,1.6072211265563965,1.0955255031585693,12854.266522467136,15413.341203093529
4129,2.186236619949341,1.5274951457977295,12856.452759087086,15414.868698239326
4130,2.190838098526001,0.8979594707489014,12858.643597185612,15415.766657710075
4131,1.6665765047073364,1.277269959449768,12860.310173690319,15417.043927669525
4132,2.0125365257263184,1.6092489957809448,12862.322710216045,15418.653176665306
4133,1.9244660139083862,1.155550479888916,12864.247176229954,15419.808727145195
4134,2.0463922023773193,1.379600167274475,12866.293568432331,15421.18832731247
4135,1.6382964849472046,0.970660924911499,12867.931864917278,15422.158988237381
4136,2.0867838859558105,0.788891077041626,12870.018648803234,15422.947879314423
4137,1.9035097360610962,1.0291892290115356,12871.922158539295,15423.977068543434
4138,2.3512461185455322,1.6170440912246704,12874.27340465784,15425.594112634659
4139,2.2620174884796143,0.8470947742462158,12876.53542214632,15426.441207408905
4140,2.3229293823242188,1.4723012447357178,12878.858351528645,15427.91350865364
4141,1.9441108703613281,1.4567910432815552,12880.802462399006,15429.370299696922
4142,1.7015180587768555,0.9365602731704712,12882.503980457783,15430.306859970093
4143,1.9516798257827759,1.0537229776382446,12884.455660283566,15431.360582947731
4144,1.7927607297897339,1.1542073488235474,12886.248421013355,15432.514790296555
4145,2.1488277912139893,1.0282275676727295,12888.39724880457,15433.543017864227
4146,2.06276273727417,0.8099274039268494,12890.460011541843,15434.352945268154
4147,2.2159957885742188,1.0940531492233276,12892.676007330418,15435.446998417377
4148,2.093001365661621,0.9636124968528748,12894.76900869608,15436.41061091423
4149,0.8108145594596863,1.717909574508667,12895.579823255539,15438.128520488739
4150,2.5272104740142822,1.3965587615966797,12898.107033729553,15439.525079250336
4151,2.1869688034057617,0.9944924116134644,12900.294002532959,15440.51957166195
4152,0.7631438970565796,2.2175424098968506,12901.057146430016,15442.737114071846
4153,2.131598711013794,0.8698786497116089,12903.18874514103,15443.606992721558
4154,0.899442195892334,1.7606245279312134,12904.088187336922,15445.367617249489
4155,2.4124438762664795,1.2383652925491333,12906.500631213188,15446.605982542038
4156,1.963523507118225,0.6617957949638367,12908.464154720306,15447.267778337002
4157,1.7150638103485107,0.9321538209915161,12910.179218530655,15448.199932157993
4158,2.0358307361602783,1.2081456184387207,12912.215049266815,15449.408077776432
4159,1.7827101945877075,1.200637698173523,12913.997759461403,15450.608715474606
4160,1.965274691581726,1.187515377998352,12915.963034152985,15451.796230852604
4161,2.0674726963043213,0.9879971146583557,12918.030506849289,15452.784227967262
4162,2.08048677444458,1.7221040725708008,12920.110993623734,15454.506332039833
4163,2.0165257453918457,1.0938332080841064,12922.127519369125,15455.600165247917
4164,2.4815640449523926,1.7599068880081177,12924.609083414078,15457.360072135925
4165,2.1179399490356445,1.094030737876892,12926.727023363113,15458.454102873802
4166,2.480499029159546,2.097440242767334,12929.207522392273,15460.55154311657
4167,2.260354995727539,3.4865877628326416,12931.467877388,15464.038130879402
4168,2.245236396789551,1.3150955438613892,12933.71311378479,15465.353226423264
4169,2.1829655170440674,1.0291752815246582,12935.896079301834,15466.382401704788
4170,1.8804469108581543,1.4703580141067505,12937.776526212692,15467.852759718895
4171,2.192774772644043,1.2041274309158325,12939.969300985336,15469.05688714981
4172,2.2377657890319824,2.7049436569213867,12942.207066774368,15471.761830806732
4173,2.286870241165161,1.4923593997955322,12944.493937015533,15473.254190206528
4174,1.8744091987609863,1.1749191284179688,12946.368346214294,15474.429109334946
4175,1.8497508764266968,0.9424418807029724,12948.218097090721,15475.371551215649
4176,1.9560306072235107,1.2215948104858398,12950.174127697945,15476.593146026134
4177,1.883439540863037,0.9089482426643372,12952.057567238808,15477.502094268799
4178,0.8124075531959534,1.968953251838684,12952.869974792004,15479.471047520638
4179,1.6608399152755737,1.2469477653503418,12954.53081470728,15480.717995285988
4180,2.016744375228882,1.4900120496749878,12956.547559082508,15482.208007335663
4181,2.349332571029663,1.6746432781219482,12958.896891653538,15483.882650613785
4182,2.071460247039795,0.9797294735908508,12960.968351900578,15484.862380087376
4183,2.2072558403015137,1.9989888668060303,12963.175607740879,15486.861368954182
4184,2.2076380252838135,1.1914101839065552,12965.383245766163,15488.052779138088
4185,1.7269190549850464,1.0488618612289429,12967.110164821148,15489.101640999317
4186,1.760650396347046,1.5418022871017456,12968.870815217495,15490.643443286419
4187,1.2020708322525024,1.6267319917678833,12970.072886049747,15492.270175278187
4188,2.1110174655914307,1.0360993146896362,12972.183903515339,15493.306274592876
4189,2.534555196762085,0.9295642971992493,12974.718458712101,15494.235838890076
4190,2.309760808944702,0.9110270142555237,12977.028219521046,15495.146865904331
4191,0.7035073041915894,2.2214548587799072,12977.731726825237,15497.368320763111
4192,1.6782159805297852,1.1022857427597046,12979.409942805767,15498.47060650587
4193,3.061777114868164,1.2358006238937378,12982.471719920635,15499.706407129765
4194,1.4668627977371216,0.9139977097511292,12983.938582718372,15500.620404839516
4195,1.6073046922683716,1.429875373840332,12985.54588741064,15502.050280213356
4196,2.477473735809326,1.2058321237564087,12988.02336114645,15503.256112337112
4197,2.026045322418213,1.147014856338501,12990.049406468868,15504.403127193451
4198,2.5914230346679688,1.336851716041565,12992.640829503536,15505.739978909492
4199,2.1748623847961426,1.467113971710205,12994.815691888332,15507.207092881203
4200,1.8637604713439941,1.2370134592056274,12996.679452359676,15508.444106340408
4201,2.0742101669311523,0.7570249438285828,12998.753662526608,15509.201131284237
4202,2.480905771255493,1.7370977401733398,13001.234568297863,15510.93822902441
4203,2.395179271697998,1.3342572450637817,13003.629747569561,15512.272486269474
4204,2.2328765392303467,0.8955817222595215,13005.862624108791,15513.168067991734
4205,1.8825957775115967,1.0772716999053955,13007.745219886303,15514.245339691639
4206,2.2844855785369873,0.8870989680290222,13010.02970546484,15515.132438659668
4207,1.7846627235412598,1.4702926874160767,13011.814368188381,15516.602731347084
4208,1.7901676893234253,0.9437642693519592,13013.604535877705,15517.546495616436
4209,1.8485779762268066,1.3970277309417725,13015.453113853931,15518.943523347378
4210,2.011756181716919,1.0484973192214966,13017.464870035648,15519.9920206666
4211,2.463895320892334,1.2707656621932983,13019.92876535654,15521.262786328793
4212,1.8053042888641357,1.306720495223999,13021.734069645405,15522.569506824017
4213,1.8525723218917847,5.640413284301758,13023.586641967297,15528.209920108318
4214,1.9097669124603271,1.2358617782592773,13025.496408879757,15529.445781886578
4215,2.62422513961792,1.045127272605896,13028.120634019375,15530.490909159184
4216,1.4356036186218262,3.5009539127349854,13029.556237637997,15533.991863071918
4217,2.4551751613616943,1.3532048463821411,13032.011412799358,15535.3450679183
4218,2.2410309314727783,0.981952428817749,13034.252443730831,15536.327020347118
4219,1.872426986694336,0.9512442946434021,13036.124870717525,15537.278264641762
4220,2.098299980163574,1.2303699254989624,13038.223170697689,15538.50863456726
4221,1.9617376327514648,1.9572763442993164,13040.18490833044,15540.46591091156
4222,2.4955050945281982,1.8910107612609863,13042.680413424969,15542.356921672821
4223,2.2132761478424072,1.0728199481964111,13044.893689572811,15543.429741621017
4224,2.0973262786865234,0.9436377286911011,13046.991015851498,15544.373379349709
4225,2.0922834873199463,1.2264809608459473,13049.083299338818,15545.599860310555
4226,2.206029176712036,1.7031421661376953,13051.28932851553,15547.303002476692
4227,2.057744264602661,1.1085015535354614,13053.347072780132,15548.411504030228
4228,2.2110979557037354,0.681216835975647,13055.558170735836,15549.092720866203
4229,1.854957938194275,1.06005859375,13057.41312867403,15550.152779459953
4230,2.08022141456604,1.6933674812316895,13059.493350088596,15551.846146941185
4231,0.5772766470909119,1.9017462730407715,13060.070626735687,15553.747893214226
4232,2.3289740085601807,0.8741095662117004,13062.399600744247,15554.622002780437
4233,2.2767562866210938,1.119979739189148,13064.676357030869,15555.741982519627
4234,1.8805692195892334,0.9203649759292603,13066.556926250458,15556.662347495556
4235,2.0333707332611084,1.2063239812850952,13068.590296983719,15557.868671476841
4236,2.1598446369171143,1.4351977109909058,13070.750141620636,15559.303869187832
4237,1.6358668804168701,1.2205880880355835,13072.386008501053,15560.524457275867
4238,2.234834909439087,1.0986883640289307,13074.620843410492,15561.623145639896
4239,0.7313772439956665,2.374345302581787,13075.352220654488,15563.997490942478
4240,2.462886095046997,0.528410017490387,13077.815106749535,15564.525900959969
4241,2.3214831352233887,1.3594707250595093,13080.136589884758,15565.885371685028
4242,1.9207674264907837,1.0864883661270142,13082.057357311249,15566.971860051155
4243,1.9965564012527466,1.1147348880767822,13084.053913712502,15568.086594939232
4244,2.1198697090148926,1.3118362426757812,13086.173783421516,15569.398431181908
4245,2.0927813053131104,1.2086471319198608,13088.26656472683,15570.607078313828
4246,1.9750016927719116,1.3086745738983154,13090.241566419601,15571.915752887726
4247,1.9820458889007568,1.48850417137146,13092.223612308502,15573.404257059097
4248,2.411123037338257,1.165668249130249,13094.63473534584,15574.569925308228
4249,2.099015235900879,1.360965609550476,13096.733750581741,15575.930890917778
4250,2.7197086811065674,1.6126582622528076,13099.453459262848,15577.54354918003
4251,2.0784571170806885,0.8475745916366577,13101.531916379929,15578.391123771667
4252,1.5663663148880005,1.0328624248504639,13103.098282694817,15579.423986196518
4253,2.507878541946411,2.4965932369232178,13105.606161236763,15581.920579433441
4254,2.0222573280334473,1.0512652397155762,13107.628418564796,15582.971844673157
4255,2.0735838413238525,1.7370033264160156,13109.70200240612,15584.708847999573
4256,2.1025567054748535,1.5409318208694458,13111.804559111595,15586.249779820442
4257,1.9063093662261963,1.0939147472381592,13113.710868477821,15587.34369456768
4258,2.1171631813049316,0.9155347943305969,13115.828031659126,15588.259229362011
4259,2.2965710163116455,1.1806230545043945,13118.124602675438,15589.439852416515
4260,1.5999668836593628,1.773752212524414,13119.724569559097,15591.21360462904
4261,1.594948172569275,1.420466423034668,13121.319517731667,15592.634071052074
4262,2.07947039604187,1.6087948083877563,13123.398988127708,15594.242865860462
4263,1.9064215421676636,1.808706283569336,13125.305409669876,15596.051572144032
4264,2.4677443504333496,1.363166093826294,13127.77315402031,15597.414738237858
4265,2.106170177459717,1.0545721054077148,13129.87932419777,15598.469310343266
4266,2.0650808811187744,1.0000028610229492,13131.944405078888,15599.469313204288
4267,2.082395076751709,1.5560061931610107,13134.02680015564,15601.02531939745
4268,1.822487473487854,1.3944144248962402,13135.849287629128,15602.419733822346
4269,1.407372236251831,1.5142598152160645,13137.25665986538,15603.933993637562
4270,2.1605732440948486,1.2416305541992188,13139.417233109474,15605.175624191761
4271,1.9338542222976685,1.2261762619018555,13141.351087331772,15606.401800453663
4272,2.0054047107696533,1.1219792366027832,13143.356492042542,15607.523779690266
4273,2.257512092590332,1.0205886363983154,13145.614004135132,15608.544368326664
4274,1.7799406051635742,1.2212048768997192,13147.393944740295,15609.765573203564
4275,1.523856282234192,1.403712511062622,13148.91780102253,15611.169285714626
4276,2.170485019683838,1.3049802780151367,13151.088286042213,15612.474265992641
4277,1.7047808170318604,1.080985188484192,13152.793066859245,15613.555251181126
4278,1.292031168937683,3.7865591049194336,13154.085098028183,15617.341810286045
4279,2.455634355545044,0.7858133316040039,13156.540732383728,15618.127623617649
4280,1.3685390949249268,1.0912989377975464,13157.909271478653,15619.218922555447
4281,2.1675570011138916,0.9156259894371033,13160.076828479767,15620.134548544884
4282,2.1975820064544678,1.5283923149108887,13162.274410486221,15621.662940859795
4283,1.9739277362823486,1.1327648162841797,13164.248338222504,15622.795705676079
4284,2.2570271492004395,1.4342020750045776,13166.505365371704,15624.229907751083
4285,2.15190052986145,1.2511348724365234,13168.657265901566,15625.48104262352
4286,1.6782729625701904,0.940747857093811,13170.335538864136,15626.421790480614
4287,2.1430325508117676,0.7909513115882874,13172.478571414948,15627.212741792202
4288,0.623412549495697,1.6010512113571167,13173.101983964443,15628.81379300356
4289,2.14741849899292,1.0997881889343262,13175.249402463436,15629.913581192493
4290,2.12298321723938,1.3186577558517456,13177.372385680676,15631.232238948345
4291,2.3480024337768555,0.8692578077316284,13179.720388114452,15632.101496756077
4292,1.8373451232910156,1.7219969034194946,13181.557733237743,15633.823493659496
4293,1.5767689943313599,1.19666588306427,13183.134502232075,15635.02015954256
4294,2.2456531524658203,0.8339529037475586,13185.38015538454,15635.854112446308
4295,2.0235486030578613,1.1791412830352783,13187.403703987598,15637.033253729343
4296,1.9889861345291138,1.1140819787979126,13189.392690122128,15638.147335708141
4297,2.062483072280884,1.1658755540847778,13191.455173194408,15639.313211262226
4298,1.9046239852905273,1.26188063621521,13193.359797179699,15640.575091898441
4299,2.1652090549468994,1.4502383470535278,13195.525006234646,15642.025330245495
4300,1.7675617933273315,1.076453447341919,13197.292568027973,15643.101783692837
4301,1.9755357503890991,1.1406710147857666,13199.268103778362,15644.242454707623
4302,1.9145781993865967,1.3888999223709106,13201.182681977749,15645.631354629993
4303,2.1007256507873535,0.6994688510894775,13203.283407628536,15646.330823481083
4304,2.3919475078582764,1.3305522203445435,13205.675355136395,15647.661375701427
4305,2.402540683746338,1.9359068870544434,13208.07789582014,15649.597282588482
4306,1.8524936437606812,1.1442489624023438,13209.930389463902,15650.741531550884
4307,2.31477689743042,1.2464321851730347,13212.245166361332,15651.987963736057
4308,3.013840913772583,1.5244226455688477,13215.259007275105,15653.512386381626
4309,2.074164390563965,1.021283745765686,13217.333171665668,15654.533670127392
4310,0.9162280559539795,1.9425314664840698,13218.249399721622,15656.476201593876
4311,1.8030495643615723,1.067089557647705,13220.052449285984,15657.543291151524
4312,2.0471763610839844,1.3620874881744385,13222.099625647068,15658.905378639698
4313,1.862655520439148,1.0580018758773804,13223.962281167507,15659.963380515575
4314,2.3018980026245117,1.2874571084976196,13226.264179170132,15661.250837624073
4315,2.373995542526245,2.241446018218994,13228.638174712658,15663.492283642292
4316,1.8853633403778076,0.7496392726898193,13230.523538053036,15664.241922914982
4317,2.017671585083008,1.194295048713684,13232.541209638119,15665.436217963696
4318,1.9181052446365356,1.2885639667510986,13234.459314882755,15666.724781930447
4319,1.733492374420166,1.4520714282989502,13236.192807257175,15668.176853358746
4320,2.4324429035186768,2.74591064453125,13238.625250160694,15670.922764003277
4321,1.0821833610534668,2.190655469894409,13239.707433521748,15673.113419473171
4322,1.8807520866394043,0.8731749057769775,13241.588185608387,15673.986594378948
4323,2.139115810394287,1.3956331014633179,13243.727301418781,15675.382227480412
4324,1.9400370121002197,0.994755744934082,13245.667338430882,15676.376983225346
4325,1.7295432090759277,1.0855756998062134,13247.396881639957,15677.462558925152
4326,1.908900499343872,1.2830435037612915,13249.305782139301,15678.745602428913
4327,1.947292447090149,1.000759243965149,13251.253074586391,15679.746361672878
4328,2.9300506114959717,1.4381054639816284,13254.183125197887,15681.18446713686
4329,1.2072172164916992,4.456007957458496,13255.39034241438,15685.640475094318
4330,2.378131628036499,1.4220045804977417,13257.768474042416,15687.062479674816
4331,1.6762056350708008,2.0262198448181152,13259.444679677486,15689.088699519634
4332,2.083218574523926,1.2980518341064453,13261.52789825201,15690.38675135374
4333,2.0832762718200684,1.0144106149673462,13263.61117452383,15691.401161968708
4334,1.6233668327331543,0.8197690844535828,13265.234541356564,15692.220931053162
4335,2.1702768802642822,0.9735422134399414,13267.404818236828,15693.194473266602
4336,2.3018264770507812,1.234261393547058,13269.706644713879,15694.428734660149
4337,1.2881394624710083,1.3457648754119873,13270.99478417635,15695.77449953556
4338,2.1838479042053223,1.0411436557769775,13273.178632080555,15696.815643191338
4339,2.0123579502105713,1.453334093093872,13275.190990030766,15698.268977284431
4340,2.1499996185302734,1.2905551195144653,13277.340989649296,15699.559532403946
4341,2.189204216003418,0.9422385096549988,13279.5301938653,15700.501770913601
4342,2.1961333751678467,1.4120460748672485,13281.726327240467,15701.913816988468
4343,0.5790270566940308,2.342498540878296,13282.305354297161,15704.256315529346
4344,2.0048182010650635,1.3151609897613525,13284.310172498226,15705.571476519108
4345,1.0270755290985107,2.4755234718322754,13285.337248027325,15708.04699999094
4346,1.2360342741012573,2.4090001583099365,13286.573282301426,15710.45600014925
4347,2.040565013885498,1.1763733625411987,13288.613847315311,15711.632373511791
4348,1.9648033380508423,1.578599452972412,13290.578650653362,15713.210972964764
4349,1.8973406553268433,1.1462620496749878,13292.47599130869,15714.357235014439
4350,1.8650667667388916,0.997101902961731,13294.341058075428,15715.3543369174
4351,2.296109914779663,1.0059996843338013,13296.637167990208,15716.360336601734
4352,2.1129932403564453,1.7113234996795654,13298.750161230564,15718.071660101414
4353,2.144453525543213,1.1850072145462036,13300.894614756107,15719.25666731596
4354,2.1329448223114014,1.3806655406951904,13303.027559578419,15720.637332856655
4355,2.113880157470703,1.056435465812683,13305.14143973589,15721.693768322468
4356,1.9724957942962646,1.0947200059890747,13307.113935530186,15722.788488328457
4357,2.1311936378479004,1.1931065320968628,13309.245129168034,15723.981594860554
4358,2.003875255584717,1.0724684000015259,13311.249004423618,15725.054063260555
4359,2.1610770225524902,0.7053444385528564,13313.41008144617,15725.759407699108
4360,2.167185068130493,1.2268882989883423,13315.577266514301,15726.986295998096
4361,2.322138786315918,1.5631535053253174,13317.899405300617,15728.549449503422
4362,1.4575080871582031,1.8499221801757812,13319.356913387775,15730.399371683598
4363,2.2088372707366943,1.0916297435760498,13321.565750658512,15731.491001427174
4364,2.3412392139434814,1.8620171546936035,13323.906989872456,15733.353018581867
4365,2.0183680057525635,1.2089570760726929,13325.925357878208,15734.56197565794
4366,2.009063243865967,1.3596266508102417,13327.934421122074,15735.92160230875
4367,2.2396774291992188,0.948815643787384,13330.174098551273,15736.870417952538
4368,2.150153875350952,1.6987756490707397,13332.324252426624,15738.569193601608
4369,1.1216137409210205,2.0824670791625977,13333.445866167545,15740.65166068077
4370,2.3135108947753906,1.2343703508377075,13335.75937706232,15741.886031031609
4371,2.0772600173950195,1.072381854057312,13337.836637079716,15742.958412885666
4372,2.234724760055542,1.226127028465271,13340.071361839771,15744.184539914131
4373,1.9258143901824951,0.9879515767097473,13341.997176229954,15745.172491490841
4374,2.0284085273742676,0.9557321071624756,13344.025584757328,15746.128223598003
4375,1.8082669973373413,0.8737636208534241,13345.833851754665,15747.001987218857
4376,3.2210474014282227,1.314474105834961,13349.054899156094,15748.316461324692
4377,2.1318914890289307,1.2554961442947388,13351.186790645123,15749.571957468987
4378,1.9904521703720093,1.1410471200942993,13353.177242815495,15750.71300458908
4379,2.427589178085327,1.1900485754013062,13355.60483199358,15751.903053164482
4380,1.841651201248169,0.9279280304908752,13357.446483194828,15752.830981194973
4381,1.930850863456726,1.0990540981292725,13359.377334058285,15753.930035293102
4382,2.3729019165039062,0.7777986526489258,13361.750235974789,15754.707833945751
4383,2.375152587890625,1.3203728199005127,13364.12538856268,15756.028206765652
4384,2.022786855697632,1.1748673915863037,13366.148175418377,15757.203074157238
4385,1.9719926118850708,1.3911055326461792,13368.120168030262,15758.594179689884
4386,1.9620532989501953,1.4703161716461182,13370.082221329212,15760.06449586153
4387,2.38046932220459,0.9085893034934998,13372.462690651417,15760.973085165024
4388,0.95257568359375,2.636939764022827,13373.41526633501,15763.610024929047
4389,1.9520069360733032,1.2379099130630493,13375.367273271084,15764.84793484211
4390,2.1275699138641357,1.3139063119888306,13377.494843184948,15766.161841154099
4391,1.8379299640655518,0.8169828653335571,13379.332773149014,15766.978824019432
4392,2.2009363174438477,1.1632806062698364,13381.533709466457,15768.142104625702
4393,2.191662311553955,1.3225724697113037,13383.725371778011,15769.464677095413
4394,2.289827346801758,1.3934293985366821,13386.015199124813,15770.85810649395
4395,1.8869850635528564,0.8387611508369446,13387.902184188366,15771.696867644787
4396,1.9735147953033447,1.1333039999008179,13389.87569898367,15772.830171644688
4397,2.2423717975616455,1.090822696685791,13392.118070781231,15773.920994341373
4398,1.6340113878250122,3.5698890686035156,13393.752082169056,15777.490883409977
4399,1.8593430519104004,1.7361595630645752,13395.611425220966,15779.227042973042
4400,2.0104761123657227,1.8265037536621094,13397.621901333332,15781.053546726704
4401,1.2808253765106201,3.991227149963379,13398.902726709843,15785.044773876667
4402,2.1978347301483154,1.448511004447937,13401.100561439991,15786.493284881115
4403,2.139625072479248,0.9109368324279785,13403.24018651247,15787.404221713543
4404,1.6148567199707031,0.8591484427452087,13404.855043232441,15788.263370156288
4405,1.863598108291626,0.7832202315330505,13406.718641340733,15789.046590387821
4406,2.3395025730133057,0.7916720509529114,13409.058143913746,15789.838262438774
4407,1.6562165021896362,0.8411006331443787,13410.714360415936,15790.679363071918
4408,2.0412304401397705,1.3144973516464233,13412.755590856075,15791.993860423565
4409,1.7694953680038452,1.0155916213989258,13414.52508622408,15793.009452044964
4410,2.578861713409424,1.2808502912521362,13417.103947937489,15794.290302336216
4411,1.2387478351593018,1.0090529918670654,13418.342695772648,15795.299355328083
4412,1.8175324201583862,2.366943597793579,13420.160228192806,15797.666298925877
4413,0.8253302574157715,1.6500219106674194,13420.985558450222,15799.316320836544
4414,2.1056735515594482,1.4935592412948608,13423.091232001781,15800.809880077839
4415,2.0296411514282227,0.981756329536438,13425.12087315321,15801.791636407375
4416,0.8392650485038757,2.1695668697357178,13425.960138201714,15803.961203277111
4417,2.0209012031555176,0.9601082801818848,13427.981039404869,15804.921311557293
4418,2.1366982460021973,1.0474580526351929,13430.117737650871,15805.968769609928
4419,2.2645606994628906,1.1015315055847168,13432.382298350334,15807.070301115513
4420,2.0150046348571777,1.2164392471313477,13434.397302985191,15808.286740362644
4421,1.783441185951233,0.9512062072753906,13436.180744171143,15809.23794656992
4422,1.9547044038772583,0.8834322690963745,13438.13544857502,15810.121378839016
4423,1.968002438545227,1.1816823482513428,13440.103451013565,15811.303061187267
4424,1.691685676574707,2.9282102584838867,13441.79513669014,15814.231271445751
4425,2.3913183212280273,2.594141960144043,13444.186455011368,15816.825413405895
4426,2.270331859588623,1.248233675956726,13446.456786870956,15818.073647081852
4427,2.2600467205047607,1.2787436246871948,13448.716833591461,15819.35239070654
4428,2.0595896244049072,1.1861340999603271,13450.776423215866,15820.5385248065
4429,1.3829209804534912,2.7321736812591553,13452.15934419632,15823.270698487759
4430,2.108490228652954,1.146355390548706,13454.267834424973,15824.417053878307
4431,0.9485572576522827,1.2108526229858398,13455.216391682625,15825.627906501293
4432,2.4593679904937744,1.6580924987792969,13457.675759673119,15827.285999000072
4433,2.206244707107544,1.2273823022842407,13459.882004380226,15828.513381302357
4434,2.016685962677002,0.9070587158203125,13461.898690342903,15829.420440018177
4435,1.556825876235962,0.9932435154914856,13463.45551621914,15830.413683533669
4436,2.313432216644287,1.4273942708969116,13465.768948435783,15831.841077804565
4437,1.910176396369934,1.1005678176879883,13467.679124832153,15832.941645622253
4438,1.961714506149292,1.2328187227249146,13469.640839338303,15834.174464344978
4439,1.814171552658081,1.068710207939148,13471.45501089096,15835.243174552917
4440,2.0462474822998047,1.0555448532104492,13473.50125837326,15836.298719406128
4441,2.1173431873321533,1.4458258152008057,13475.618601560593,15837.744545221329
4442,2.2650609016418457,0.7816022634506226,13477.883662462234,15838.52614748478
4443,2.0580413341522217,1.160693883895874,13479.941703796387,15839.686841368675
4444,1.6313077211380005,1.2959955930709839,13481.573011517525,15840.982836961746
4445,2.030184268951416,1.3604906797409058,13483.603195786476,15842.343327641487
4446,1.985288143157959,1.3235723972320557,13485.588483929634,15843.66690003872
4447,1.9367585182189941,1.1325149536132812,13487.525242447853,15844.799414992332
4448,2.2855849266052246,1.4814642667770386,13489.810827374458,15846.28087925911
4449,2.0729153156280518,0.7867230772972107,13491.883742690086,15847.067602336407
4450,1.9386695623397827,1.3893183469772339,13493.822412252426,15848.456920683384
4451,1.9188401699066162,1.0127592086791992,13495.741252422333,15849.469679892063
4452,2.3281712532043457,1.111889362335205,13498.069423675537,15850.581569254398
4453,1.894045352935791,1.2713744640350342,13499.963469028473,15851.852943718433
4454,2.236544132232666,1.7352699041366577,13502.200013160706,15853.58821362257
4455,2.159975290298462,1.3064830303192139,13504.359988451004,15854.89469665289
4456,1.3930150270462036,1.000892996788025,13505.75300347805,15855.895589649677
4457,1.0767300128936768,1.633345127105713,13506.829733490944,15857.528934776783
4458,2.2031166553497314,1.696973443031311,13509.032850146294,15859.225908219814
4459,0.982853353023529,3.67478084564209,13510.015703499317,15862.900689065456
4460,2.309077501296997,1.5145760774612427,13512.324781000614,15864.415265142918
4461,1.9840915203094482,0.9427763819694519,13514.308872520924,15865.358041524887
4462,1.2071170806884766,0.9965691566467285,13515.515989601612,15866.354610681534
4463,1.235180377960205,2.6358962059020996,13516.751169979572,15868.990506887436
4464,2.118004083633423,1.4445843696594238,13518.869174063206,15870.435091257095
4465,0.7238736748695374,2.2677805423736572,13519.593047738075,15872.702871799469
4466,2.1445040702819824,1.7385233640670776,13521.737551808357,15874.441395163536
4467,1.9257948398590088,1.0896228551864624,13523.663346648216,15875.531018018723
4468,0.7946584820747375,2.2427632808685303,13524.458005130291,15877.773781299591
4469,1.9464701414108276,1.1228018999099731,13526.404475271702,15878.896583199501
4470,1.880314588546753,1.3686035871505737,13528.284789860249,15880.265186786652
4471,1.8326038122177124,0.961585283279419,13530.117393672466,15881.226772069931
4472,2.3618521690368652,0.8580543994903564,13532.479245841503,15882.084826469421
4473,1.810314655303955,0.8731399178504944,13534.289560496807,15882.957966387272
4474,2.3902299404144287,1.5232492685317993,13536.679790437222,15884.481215655804
4475,2.0539581775665283,1.2997627258300781,13538.733748614788,15885.780978381634
4476,2.0789568424224854,1.0661805868148804,13540.81270545721,15886.847158968449
4477,2.259833812713623,1.3230032920837402,13543.072539269924,15888.170162260532
4478,2.1566264629364014,1.5814919471740723,13545.22916573286,15889.751654207706
4479,0.810417652130127,2.2814390659332275,13546.03958338499,15892.03309327364
4480,1.7013522386550903,1.055391788482666,13547.740935623646,15893.088485062122
4481,1.7154107093811035,1.0223588943481445,13549.456346333027,15894.11084395647
4482,2.306589126586914,1.0958775281906128,13551.762935459614,15895.206721484661
4483,1.8514243364334106,1.0630929470062256,13553.614359796047,15896.269814431667
4484,2.032940626144409,1.3693889379501343,13555.647300422192,15897.639203369617
4485,1.7306301593780518,0.9782230854034424,13557.37793058157,15898.61742645502
4486,2.1410412788391113,1.326890230178833,13559.518971860409,15899.9443166852
4487,1.8807120323181152,1.0106966495513916,13561.399683892727,15900.955013334751
4488,2.2897541522979736,0.9835332036018372,13563.689438045025,15901.938546538353
4489,2.2038016319274902,1.5643314123153687,13565.893239676952,15903.502877950668
4490,1.9707030057907104,1.0771918296813965,13567.863942682743,15904.58006978035
4491,2.0933048725128174,1.0431981086730957,13569.957247555256,15905.623267889023
4492,2.076094627380371,1.3642737865447998,13572.033342182636,15906.987541675568
4493,1.7213376760482788,1.052456259727478,13573.754679858685,15908.039997935295
4494,2.2335829734802246,1.6355578899383545,13575.988262832165,15909.675555825233
4495,1.9307280778884888,1.2812191247940063,13577.918990910053,15910.956774950027
4496,1.5413495302200317,1.2132731676101685,13579.460340440273,15912.170048117638
4497,2.08565092086792,1.816774606704712,13581.545991361141,15913.986822724342
4498,2.069580316543579,1.2526748180389404,13583.615571677685,15915.239497542381
4499,2.216306209564209,0.9027804732322693,13585.831877887249,15916.142278015614
4500,2.076960563659668,1.1085988283157349,13587.908838450909,15917.25087684393
4501,1.935577630996704,0.7927936911582947,13589.844416081905,15918.043670535088
4502,1.9705982208251953,0.6812699437141418,13591.81501430273,15918.724940478802
4503,1.7763729095458984,0.840667724609375,13593.591387212276,15919.565608203411
4504,1.9894788265228271,0.6394973993301392,13595.5808660388,15920.205105602741
4505,1.6659281253814697,1.0726842880249023,13597.24679416418,15921.277789890766
4506,1.6434130668640137,0.8494589328765869,13598.890207231045,15922.127248823643
4507,2.4095962047576904,0.8608496189117432,13601.299803435802,15922.988098442554
4508,1.9844982624053955,0.5432959794998169,13603.284301698208,15923.531394422054
4509,2.117831230163574,0.9988484978675842,13605.402132928371,15924.530242919922
4510,2.092463970184326,1.084749460220337,13607.494596898556,15925.614992380142
4511,1.8558183908462524,0.9676756858825684,13609.350415289402,15926.582668066025
4512,2.306232213973999,1.020263671875,13611.656647503376,15927.6029317379
4513,1.9844024181365967,1.1921252012252808,13613.641049921513,15928.795056939125
4514,2.0483198165893555,1.2516636848449707,13615.689369738102,15930.04672062397
4515,2.1056084632873535,1.0353813171386719,13617.79497820139,15931.082101941109
4516,1.6810616254806519,0.8127450346946716,13619.47603982687,15931.894846975803
4517,2.2237493991851807,0.8843831419944763,13621.699789226055,15932.779230117798
4518,1.9625744819641113,1.0041972398757935,13623.66236370802,15933.783427357674
4519,1.6683374643325806,0.9987269043922424,13625.330701172352,15934.782154262066
4520,1.7531417608261108,0.9920424818992615,13627.083842933178,15935.774196743965
4521,1.8994628190994263,0.6448401808738708,13628.983305752277,15936.419036924839
4522,1.9645659923553467,0.736799418926239,13630.947871744633,15937.155836343765
4523,2.0936174392700195,0.9665281772613525,13633.041489183903,15938.122364521027
4524,1.858596682548523,1.246132731437683,13634.900085866451,15939.368497252464
4525,2.2068333625793457,1.1585493087768555,13637.10691922903,15940.527046561241
4526,2.041065216064453,1.1328617334365845,13639.147984445095,15941.659908294678
4527,1.8061885833740234,0.9462987780570984,13640.954173028469,15942.606207072735
4528,1.7905731201171875,0.5936575531959534,13642.744746148586,15943.19986462593
4529,1.8020492792129517,0.6401469707489014,13644.5467954278,15943.84001159668
4530,1.73845374584198,0.8872337937355042,13646.285249173641,15944.727245390415
4531,1.002638339996338,1.3513681888580322,13647.287887513638,15946.078613579273
4532,1.7575033903121948,0.8938323855400085,13649.04539090395,15946.972445964813
4533,0.7837045192718506,1.4365770816802979,13649.829095423222,15948.409023046494
4534,3.27542781829834,0.957508385181427,13653.10452324152,15949.366531431675
4535,1.4051320552825928,0.9621608853340149,13654.509655296803,15950.328692317009
4536,0.661275327205658,2.035810947418213,13655.170930624008,15952.364503264427
4537,2.954679012298584,1.0138050317764282,13658.125609636307,15953.378308296204
4538,2.1821658611297607,0.8341546654701233,13660.307775497437,15954.212462961674
4539,1.9239821434020996,0.8738564848899841,13662.231757640839,15955.086319446564
4540,2.088585138320923,1.0284056663513184,13664.32034277916,15956.114725112915
4541,1.8711109161376953,0.9161075353622437,13666.191453695297,15957.030832648277
4542,2.05734920501709,1.15035879611969,13668.248802900314,15958.181191444397
4543,2.056394577026367,0.8947557210922241,13670.30519747734,15959.07594716549
4544,1.9064726829528809,1.170228362083435,13672.211670160294,15960.246175527573
4545,1.860466718673706,0.8938714265823364,13674.072136878967,15961.140046954155
4546,1.977629542350769,0.7048423886299133,13676.049766421318,15961.844889342785
4547,1.8651155233383179,1.0381752252578735,13677.914881944656,15962.883064568043
4548,2.1698968410491943,1.074244499206543,13680.084778785706,15963.95730906725
4549,1.8687045574188232,1.0033882856369019,13681.953483343124,15964.960697352886
4550,1.864168405532837,0.5952214598655701,13683.817651748657,15965.555918812752
4551,2.173394203186035,0.7569824457168579,13685.991045951843,15966.312901258469
4552,1.7360599040985107,0.8024851679801941,13687.727105855942,15967.115386426449
4553,1.957878828048706,1.0005807876586914,13689.68498468399,15968.115967214108
4554,1.8784509897232056,0.7764781713485718,13691.563435673714,15968.892445385456
4555,2.3124020099639893,1.1102181673049927,13693.875837683678,15970.002663552761
4556,1.9460550546646118,0.9158204197883606,13695.821892738342,15970.91848397255
4557,1.2904974222183228,2.1260573863983154,13697.11239016056,15973.044541358948
4558,1.7633295059204102,1.0043786764144897,13698.875719666481,15974.048920035362
4559,1.9609570503234863,0.803989827632904,13700.836676716805,15974.852909862995
4560,1.7023494243621826,0.8616086840629578,13702.539026141167,15975.714518547058
4561,3.1213502883911133,1.3548110723495483,13705.660376429558,15977.069329619408
4562,2.1325485706329346,1.0783839225769043,13707.79292500019,15978.147713541985
4563,1.8828579187393188,4.387283802032471,13709.67578291893,15982.534997344017
4564,2.532905101776123,0.7044892907142639,13712.208688020706,15983.239486634731
4565,1.9550765752792358,1.0365647077560425,13714.163764595985,15984.276051342487
4566,2.0874903202056885,0.9777377843856812,13716.251254916191,15985.253789126873
4567,1.7653330564498901,0.8784688115119934,13718.016587972641,15986.132257938385
4568,2.079575538635254,0.9187343120574951,13720.096163511276,15987.050992250443
4569,1.6936793327331543,1.0493229627609253,13721.78984284401,15988.100315213203
4570,1.7353636026382446,0.7708461284637451,13723.525206446648,15988.871161341667
4571,1.8756165504455566,0.711597740650177,13725.400822997093,15989.582759082317
4572,2.0610311031341553,0.7724241614341736,13727.461854100227,15990.355183243752
4573,2.010662794113159,1.0572924613952637,13729.47251689434,15991.412475705147
4574,2.7337498664855957,2.0079708099365234,13732.206266760826,15993.420446515083
4575,1.6288131475448608,0.8816153407096863,13733.835079908371,15994.302061855793
4576,2.168994426727295,1.8336583375930786,13736.004074335098,15996.135720193386
4577,1.6438056230545044,0.7471839189529419,13737.647879958153,15996.882904112339
4578,1.9089607000350952,1.1119073629379272,13739.556840658188,15997.994811475277
4579,1.5923136472702026,0.8127883076667786,13741.149154305458,15998.807599782944
4580,2.142691135406494,0.8058056235313416,13743.291845440865,15999.613405406475
4581,1.771817684173584,1.6319221258163452,13745.063663125038,16001.245327532291
4582,1.7906783819198608,1.0792778730392456,13746.854341506958,16002.32460540533
4583,1.932604432106018,0.7895341515541077,13748.786945939064,16003.114139556885
4584,1.2362726926803589,1.5191216468811035,13750.023218631744,16004.633261203766
4585,2.133521318435669,1.2281262874603271,13752.15673995018,16005.861387491226
4586,1.450788140296936,1.045641303062439,13753.607528090477,16006.907028794289
4587,2.082054853439331,0.8621289134025574,13755.689582943916,16007.769157707691
4588,0.6353614330291748,1.8278796672821045,13756.324944376945,16009.597037374973
4589,1.6313371658325195,0.7061702013015747,13757.956281542778,16010.303207576275
4590,2.8038015365600586,2.4361989498138428,13760.760083079338,16012.739406526089
4591,0.6383176445960999,1.518997311592102,13761.398400723934,16014.25840383768
4592,1.8602828979492188,0.9346150755882263,13763.258683621883,16015.193018913269
4593,0.4787434935569763,1.499131441116333,13763.73742711544,16016.692150354385
4594,1.7844384908676147,1.2478286027908325,13765.521865606308,16017.939978957176
4595,2.0143861770629883,0.8186020255088806,13767.536251783371,16018.758580982685
4596,1.984950065612793,0.9076276421546936,13769.521201848984,16019.66620862484
4597,2.044879198074341,0.853019118309021,13771.566081047058,16020.519227743149
4598,2.2543795108795166,1.1193065643310547,13773.820460557938,16021.63853430748
4599,2.0482139587402344,1.5239490270614624,13775.868674516678,16023.162483334541
4600,2.050220251083374,1.190682291984558,13777.918894767761,16024.353165626526
4601,2.7186810970306396,2.393683671951294,13780.637575864792,16026.746849298477
4602,1.9533202648162842,1.0513848066329956,13782.590896129608,16027.79823410511
4603,1.8354214429855347,0.9918928146362305,13784.426317572594,16028.790126919746
4604,1.6690328121185303,0.8843413591384888,13786.095350384712,16029.674468278885
4605,1.9197344779968262,1.0068929195404053,13788.015084862709,16030.681361198425
4606,1.703054666519165,0.94715416431427,13789.718139529228,16031.62851536274
4607,1.9942612648010254,0.8128485679626465,13791.71240079403,16032.441363930702
4608,2.0711233615875244,1.2230088710784912,13793.783524155617,16033.66437280178
4609,1.8056490421295166,0.8381589651107788,13795.589173197746,16034.502531766891
4610,0.7407827377319336,1.7350680828094482,13796.329955935478,16036.237599849701
4611,0.8398078680038452,2.04837703704834,13797.169763803482,16038.28597688675
4612,1.123054027557373,2.3479723930358887,13798.29281783104,16040.633949279785
4613,1.702642560005188,0.8785061240196228,13799.995460391045,16041.512455403805
4614,1.6618417501449585,0.8259070515632629,13801.65730214119,16042.338362455368
4615,2.0189929008483887,1.3352947235107422,13803.676295042038,16043.673657178879
4616,1.9733926057815552,1.155023217201233,13805.64968764782,16044.82868039608
4617,1.908111810684204,1.0476014614105225,13807.557799458504,16045.87628185749
4618,1.5647783279418945,0.8949300646781921,13809.122577786446,16046.771211922169
4619,1.567262887954712,2.3586490154266357,13810.6898406744,16049.129860937595
4620,0.8556423783302307,1.868897557258606,13811.54548305273,16050.998758494854
4621,1.485602617263794,1.4742562770843506,13813.031085669994,16052.473014771938
4622,1.9389320611953735,1.0169397592544556,13814.97001773119,16053.489954531193
4623,2.009202718734741,1.2092615365982056,13816.979220449924,16054.699216067791
4624,0.80837482213974,1.6890684366226196,13817.787595272064,16056.388284504414
4625,0.8178612589836121,1.5748080015182495,13818.605456531048,16057.963092505932
4626,1.7272213697433472,1.3575502634048462,13820.332677900791,16059.320642769337
4627,2.1927924156188965,0.7898210287094116,13822.52547031641,16060.110463798046
4628,2.1771047115325928,1.4793131351470947,13824.702575027943,16061.589776933193
4629,1.804521083831787,0.9939343333244324,13826.507096111774,16062.583711266518
4630,2.1284422874450684,1.0225834846496582,13828.63553839922,16063.606294751167
4631,1.93650484085083,0.8744263052940369,13830.57204324007,16064.480721056461
4632,0.6439293622970581,2.3114047050476074,13831.215972602367,16066.792125761509
4633,1.9907058477401733,1.141351580619812,13833.206678450108,16067.933477342129
4634,1.9248477220535278,0.9641517996788025,13835.131526172161,16068.897629141808
4635,1.8336308002471924,1.029761552810669,13836.965156972408,16069.927390694618
4636,1.1886435747146606,1.3076239824295044,13838.153800547123,16071.235014677048
4637,1.908572793006897,0.9847723245620728,13840.06237334013,16072.21978700161
4638,2.3333587646484375,1.232582449913025,13842.395732104778,16073.452369451523
4639,1.426363229751587,3.7386066913604736,13843.82209533453,16077.190976142883
4640,1.9460844993591309,0.9882897734642029,13845.768179833889,16078.179265916348
4641,2.184049367904663,1.016249179840088,13847.952229201794,16079.195515096188
4642,2.1159071922302246,0.9249439239501953,13850.068136394024,16080.120459020138
4643,2.3423702716827393,1.287227749824524,13852.410506665707,16081.407686769962
4644,1.6678317785263062,1.1540595293045044,13854.078338444233,16082.561746299267
4645,2.174302577972412,1.2722569704055786,13856.252641022205,16083.834003269672
4646,1.8056085109710693,0.682665228843689,13858.058249533176,16084.516668498516
4647,1.7925405502319336,0.9642432332038879,13859.850790083408,16085.48091173172
4648,1.515829086303711,1.140677809715271,13861.366619169712,16086.621589541435
4649,0.8913426995277405,1.629246711730957,13862.25796186924,16088.250836253166
4650,2.138685464859009,0.9901103973388672,13864.396647334099,16089.240946650505
4651,1.935408353805542,0.8788739442825317,13866.332055687904,16090.119820594788
4652,2.070725679397583,1.0484734773635864,13868.402781367302,16091.168294072151
4653,2.224416732788086,1.692457675933838,13870.62719810009,16092.860751748085
4654,1.9543826580047607,0.9524518251419067,13872.581580758095,16093.813203573227
4655,1.7807148694992065,0.9771866798400879,13874.362295627594,16094.790390253067
4656,1.9691673517227173,1.096995234489441,13876.331462979317,16095.887385487556
4657,1.8872305154800415,1.3350683450698853,13878.218693494797,16097.222453832626
4658,1.1616235971450806,1.1077990531921387,13879.380317091942,16098.330252885818
4659,1.9400925636291504,0.9452500343322754,13881.320409655571,16099.27550292015
4660,1.2358750104904175,2.55059552192688,13882.556284666061,16101.826098442078
4661,2.306628465652466,1.2577320337295532,13884.862913131714,16103.083830475807
4662,1.7543268203735352,0.9692914485931396,13886.617239952087,16104.0531219244
4663,1.9146945476531982,1.0084993839263916,13888.53193449974,16105.061621308327
4664,1.855087399482727,1.33533775806427,13890.387021899223,16106.396959066391
4665,1.639106035232544,1.1132891178131104,13892.026127934456,16107.510248184204
4666,0.7652262449264526,2.1268861293792725,13892.791354179382,16109.637134313583
4667,2.0967166423797607,2.0401976108551025,13894.888070821762,16111.677331924438
4668,2.1615066528320312,0.8930336833000183,13897.049577474594,16112.570365607738
4669,1.357277512550354,0.9662608504295349,13898.406854987144,16113.536626458168
4670,1.99064302444458,0.7870153784751892,13900.397498011589,16114.323641836643
4671,1.9291008710861206,1.9489569664001465,13902.326598882675,16116.272598803043
4672,1.502152681350708,2.761258840560913,13903.828751564026,16119.033857643604
4673,2.1118738651275635,1.1175912618637085,13905.940625429153,16120.151448905468
4674,2.255694627761841,1.2044734954833984,13908.196320056915,16121.355922400951
4675,1.917557716369629,0.8490021228790283,13910.113877773285,16122.20492452383
4676,1.9686086177825928,0.8341818451881409,13912.082486391068,16123.039106369019
4677,2.100590467453003,0.7150806784629822,13914.18307685852,16123.754187047482
4678,2.1791937351226807,1.061727523803711,13916.362270593643,16124.815914571285
4679,1.5955036878585815,0.9098872542381287,13917.957774281502,16125.725801825523
4680,1.7095401287078857,0.8671343326568604,13919.66731441021,16126.59293615818
4681,2.1188712120056152,1.4886445999145508,13921.786185622215,16128.081580758095
4682,1.9915658235549927,1.139196515083313,13923.77775144577,16129.220777273178
4683,1.8808056116104126,0.8089056611061096,13925.65855705738,16130.029682934284
4684,1.7806986570358276,0.8613969683647156,13927.439255714417,16130.891079902649
4685,1.9449763298034668,0.9508054256439209,13929.38423204422,16131.841885328293
4686,1.8340351581573486,1.065142273902893,13931.218267202377,16132.907027602196
4687,1.852861762046814,1.0931508541107178,13933.071128964424,16134.000178456306
4688,1.8750851154327393,1.0418386459350586,13934.946214079857,16135.042017102242
4689,1.6632773876190186,0.8781251907348633,13936.609491467476,16135.920142292976
4690,1.9230159521102905,0.7922507524490356,13938.532507419586,16136.712393045425
4691,2.2386417388916016,0.8628783226013184,13940.771149158478,16137.575271368027
4692,1.6669470071792603,2.6327555179595947,13942.438096165657,16140.208026885986
4693,2.3663887977600098,1.644319772720337,13944.804484963417,16141.852346658707
4694,2.333428382873535,1.5363361835479736,13947.13791334629,16143.388682842255
4695,2.102227210998535,0.8133875727653503,13949.24014055729,16144.20207041502
4696,1.8682502508163452,1.3289744853973389,13951.108390808105,16145.531044900417
4697,1.6970466375350952,0.7098908424377441,13952.80543744564,16146.240935742855
4698,1.0022491216659546,2.535461902618408,13953.807686567307,16148.776397645473
4699,0.6624689102172852,1.8575972318649292,13954.470155477524,16150.633994877338
4700,2.09792423248291,0.9894043803215027,13956.568079710007,16151.62339925766
4701,2.2103004455566406,0.9179850816726685,13958.778380155563,16152.541384339333
4702,0.9774895906448364,1.259406328201294,13959.755869746208,16153.800790667534
4703,2.020548105239868,0.7839207649230957,13961.776417851448,16154.584711432457
4704,1.990630030632019,0.9778282046318054,13963.76704788208,16155.562539637089
4705,1.9881479740142822,0.9832373261451721,13965.755195856094,16156.545776963234
4706,1.7931537628173828,0.7932865619659424,13967.548349618912,16157.3390635252
4707,1.787190318107605,0.859233558177948,13969.33553993702,16158.198297083378
4708,1.8567711114883423,0.8742912411689758,13971.192311048508,16159.072588324547
4709,1.92828369140625,3.4185993671417236,13973.120594739914,16162.491187691689
4710,2.3739137649536133,0.9752559661865234,13975.494508504868,16163.466443657875
4711,2.0698368549346924,0.9475135803222656,13977.564345359802,16164.413957238197
4712,1.5707769393920898,0.9831523299217224,13979.135122299194,16165.397109568119
4713,0.6387730836868286,1.7714247703552246,13979.773895382881,16167.168534338474
4714,1.0714621543884277,2.172260284423828,13980.84535753727,16169.340794622898
4715,2.4507813453674316,0.8920594453811646,13983.296138882637,16170.23285406828
4716,1.9018868207931519,0.8551008701324463,13985.19802570343,16171.087954938412
4717,0.9182301759719849,2.3009767532348633,13986.116255879402,16173.388931691647
4718,2.0820577144622803,0.994187593460083,13988.198313593864,16174.383119285107
4719,2.4324288368225098,0.5628348588943481,13990.630742430687,16174.945954144001
4720,2.0804765224456787,1.1104532480239868,13992.711218953133,16176.056407392025
4721,1.9819166660308838,1.2116813659667969,13994.693135619164,16177.268088757992
4722,2.183058023452759,0.9405428171157837,13996.876193642616,16178.208631575108
4723,1.5598716735839844,0.8803440928459167,13998.4360653162,16179.088975667953
4724,2.284778356552124,0.9451621174812317,14000.720843672752,16180.034137785435
4725,2.3447201251983643,0.85997474193573,14003.06556379795,16180.89411252737
4726,2.164323091506958,0.9333450794219971,14005.229886889458,16181.827457606792
4727,1.9631690979003906,2.3249051570892334,14007.193055987358,16184.152362763882
4728,1.668176293373108,4.69825553894043,14008.861232280731,16188.850618302822
4729,1.7215687036514282,0.8935030698776245,14010.582800984383,16189.7441213727
4730,2.0347187519073486,0.9985870122909546,14012.61751973629,16190.74270838499
4731,2.2168445587158203,0.8960810899734497,14014.834364295006,16191.638789474964
4732,1.9154689311981201,0.9637836217880249,14016.749833226204,16192.602573096752
4733,3.008967876434326,1.2235231399536133,14019.758801102638,16193.826096236706
4734,1.7000583410263062,1.6611238718032837,14021.458859443665,16195.487220108509
4735,1.894795298576355,1.3217910528182983,14023.35365474224,16196.809011161327
4736,1.878176212310791,1.2877966165542603,14025.231830954552,16198.096807777882
4737,1.8948607444763184,0.8961018323898315,14027.126691699028,16198.992909610271
4738,2.195808172225952,1.1132996082305908,14029.322499871254,16200.106209218502
4739,1.8278056383132935,0.7676053047180176,14031.150305509567,16200.87381452322
4740,1.0604832172393799,2.0442590713500977,14032.210788726807,16202.91807359457
4741,1.9568531513214111,0.7726650834083557,14034.167641878128,16203.690738677979
4742,2.317885398864746,0.9461761116981506,14036.485527276993,16204.636914789677
4743,2.328296184539795,1.0722254514694214,14038.813823461533,16205.709140241146
4744,1.9336223602294922,1.0505192279815674,14040.747445821762,16206.759659469128
4745,1.2350085973739624,3.163822889328003,14041.982454419136,16209.923482358456
4746,1.7415064573287964,0.780043363571167,14043.723960876465,16210.703525722027
4747,1.9381455183029175,0.676511824131012,14045.662106394768,16211.380037546158
4748,1.8905400037765503,0.9956709146499634,14047.552646398544,16212.375708460808
4749,1.9220232963562012,0.989215612411499,14049.4746696949,16213.36492407322
4750,1.6817176342010498,0.678123950958252,14051.156387329102,16214.043048024178
4751,2.203150510787964,1.2308778762817383,14053.35953783989,16215.27392590046
4752,2.2718851566314697,1.551378607749939,14055.631422996521,16216.82530450821
4753,2.2177071571350098,1.3231618404388428,14057.849130153656,16218.148466348648
4754,2.168553352355957,1.0866461992263794,14060.017683506012,16219.235112547874
4755,2.30741810798645,0.8302556872367859,14062.325101613998,16220.065368235111
4756,2.307978391647339,1.5959376096725464,14064.633080005646,16221.661305844784
4757,2.168128252029419,0.5991016626358032,14066.801208257675,16222.26040750742
4758,2.513416290283203,1.193061351776123,14069.314624547958,16223.453468859196
4759,2.1066696643829346,1.2074321508407593,14071.421294212341,16224.660901010036
4760,1.9064825773239136,1.170870065689087,14073.327776789665,16225.831771075726
4761,2.07071590423584,1.0549741983413696,14075.398492693901,16226.886745274067
4762,2.4722585678100586,0.9128023386001587,14077.870751261711,16227.799547612667
4763,2.221163511276245,0.7995155453681946,14080.091914772987,16228.599063158035
4764,1.7031986713409424,0.9735016822814941,14081.795113444328,16229.572564840317
4765,2.121875047683716,1.019980549812317,14083.916988492012,16230.592545390129
4766,1.7633157968521118,1.1945922374725342,14085.680304288864,16231.787137627602
4767,1.8936015367507935,1.2267876863479614,14087.573905825615,16233.01392531395
4768,0.7463793754577637,1.9663718938827515,14088.320285201073,16234.980297207832
4769,2.4215853214263916,1.5176618099212646,14090.741870522499,16236.497959017754
4770,2.3922436237335205,1.0109550952911377,14093.134114146233,16237.508914113045
4771,1.7524508237838745,1.0751497745513916,14094.886564970016,16238.584063887596
4772,1.968243956565857,1.1258862018585205,14096.854808926582,16239.709950089455
4773,2.052255153656006,0.9733538031578064,14098.907064080238,16240.683303892612
4774,2.987933874130249,1.7666946649551392,14101.894997954369,16242.449998557568
4775,1.8171762228012085,0.7900573015213013,14103.71217417717,16243.240055859089
4776,2.4211840629577637,1.040067434310913,14106.133358240128,16244.2801232934
4777,1.765265941619873,1.063012957572937,14107.898624181747,16245.343136250973
4778,1.6604446172714233,1.165672779083252,14109.559068799019,16246.508809030056
4779,1.4761956930160522,1.9982150793075562,14111.035264492035,16248.507024109364
4780,1.8166075944900513,0.9129718542098999,14112.851872086525,16249.419995963573
4781,1.913913607597351,0.9680558443069458,14114.765785694122,16250.38805180788
4782,1.7251074314117432,1.1001307964324951,14116.490893125534,16251.488182604313
4783,2.0241165161132812,0.9390077590942383,14118.515009641647,16252.427190363407
4784,2.124955654144287,1.1139912605285645,14120.639965295792,16253.541181623936
4785,0.956908106803894,2.7468552589416504,14121.596873402596,16256.288036882877
4786,1.3765020370483398,1.9466859102249146,14122.973375439644,16258.234722793102
4787,0.7171700596809387,3.368873119354248,14123.690545499325,16261.603595912457
4788,1.650529384613037,1.0724462270736694,14125.341074883938,16262.67604213953
4789,1.9507874250411987,0.8980090022087097,14127.291862308979,16263.574051141739
4790,1.8507519960403442,1.3815687894821167,14129.14261430502,16264.955619931221
4791,1.8200119733810425,1.180631160736084,14130.9626262784,16266.136251091957
4792,2.104611396789551,0.9260258078575134,14133.06723767519,16267.062276899815
4793,1.9086899757385254,0.8930490016937256,14134.975927650928,16267.955325901508
4794,1.8792732954025269,1.0466448068618774,14136.855200946331,16269.00197070837
4795,2.175899028778076,1.2994190454483032,14139.03109997511,16270.301389753819
4796,2.0171473026275635,1.5888381004333496,14141.048247277737,16271.890227854252
4797,1.8595863580703735,0.9337167739868164,14142.907833635807,16272.823944628239
4798,2.1827330589294434,1.1913130283355713,14145.090566694736,16274.015257656574
4799,1.89162015914917,0.7796872854232788,14146.982186853886,16274.794944941998
4800,2.0156967639923096,1.0594148635864258,14148.997883617878,16275.854359805584
4801,2.055832624435425,1.0291368961334229,14151.053716242313,16276.883496701717
4802,1.779918909072876,0.799924910068512,14152.833635151386,16277.683421611786
4803,2.0325520038604736,1.0885931253433228,14154.866187155247,16278.77201473713
4804,2.1903045177459717,1.2855342626571655,14157.056491672993,16280.057548999786
4805,1.6032896041870117,0.8087256550788879,14158.65978127718,16280.866274654865
4806,2.1516311168670654,0.933317244052887,14160.811412394047,16281.799591898918
4807,1.8895137310028076,0.8344739675521851,14162.70092612505,16282.63406586647
4808,1.112238883972168,4.062146186828613,14163.813165009022,16286.696212053299
4809,2.2401835918426514,1.1713353395462036,14166.053348600864,16287.867547392845
4810,2.1540873050689697,0.6387484073638916,14168.207435905933,16288.506295800209
4811,2.079482316970825,0.7707604765892029,14170.286918222904,16289.277056276798
4812,2.3635194301605225,0.8258199691772461,14172.650437653065,16290.102876245975
4813,2.011848211288452,0.8423930406570435,14174.662285864353,16290.945269286633
4814,1.8122433423995972,0.9395422339439392,14176.474529206753,16291.884811520576
4815,1.6455904245376587,0.7510098218917847,14178.12011963129,16292.635821342468
4816,2.098785161972046,0.9802276492118835,14180.218904793262,16293.61604899168
4817,1.8248478174209595,0.8684784770011902,14182.043752610683,16294.484527468681
4818,1.8873422145843506,0.798351526260376,14183.931094825268,16295.282878994942
4819,1.974849820137024,0.7008107900619507,14185.905944645405,16295.983689785004
4820,1.8795515298843384,1.113259196281433,14187.78549617529,16297.096948981285
4821,1.8719314336776733,1.0952829122543335,14189.657427608967,16298.19223189354
4822,1.4586185216903687,1.3999019861221313,14191.116046130657,16299.592133879662
4823,1.752426028251648,0.9837642312049866,14192.868472158909,16300.575898110867
4824,2.212007522583008,1.2728703022003174,14195.080479681492,16301.848768413067
4825,1.9930076599121094,0.9636586308479309,14197.073487341404,16302.812427043915
4826,0.982982873916626,2.8773343563079834,14198.05647021532,16305.689761400223
4827,1.9508291482925415,0.9358357191085815,14200.007299363613,16306.625597119331
4828,1.951192855834961,1.3665391206741333,14201.958492219448,16307.992136240005
4829,1.3231923580169678,3.0107123851776123,14203.281684577465,16311.002848625183
4830,1.2888652086257935,2.7984211444854736,14204.57054978609,16313.801269769669
4831,2.23836612701416,0.8075181841850281,14206.808915913105,16314.608787953854
4832,1.980870008468628,1.0264703035354614,14208.789785921574,16315.635258257389
4833,1.8917404413223267,0.8991538286209106,14210.681526362896,16316.53441208601
4834,1.9225198030471802,1.0555552244186401,14212.604046165943,16317.589967310429
4835,2.028681993484497,0.7773165106773376,14214.632728159428,16318.367283821106
4836,1.5944017171859741,1.0812746286392212,14216.227129876614,16319.448558449745
4837,1.780057668685913,1.4278538227081299,14218.0071875453,16320.876412272453
4838,1.7484039068222046,0.6591652631759644,14219.755591452122,16321.53557753563
4839,1.8421722650527954,1.2867978811264038,14221.597763717175,16322.822375416756
4840,1.9170637130737305,0.9235726594924927,14223.514827430248,16323.745948076248
4841,1.694425106048584,1.1424620151519775,14225.209252536297,16324.8884100914
4842,2.022678852081299,0.8732181787490845,14227.231931388378,16325.76162827015
4843,2.078185558319092,1.103797435760498,14229.310116946697,16326.86542570591
4844,1.4397120475769043,1.1507564783096313,14230.749828994274,16328.01618218422
4845,1.3214681148529053,0.7494637966156006,14232.071297109127,16328.765645980835
4846,1.6961960792541504,1.0156151056289673,14233.767493188381,16329.781261086464
4847,1.7652326822280884,0.8200294971466064,14235.53272587061,16330.60129058361
4848,0.9212591052055359,1.4404966831207275,14236.453984975815,16332.041787266731
4849,1.7496519088745117,0.9877238869667053,14238.20363688469,16333.029511153698
4850,2.3825273513793945,1.7127904891967773,14240.586164236069,16334.742301642895
4851,1.7794091701507568,1.0194001197814941,14242.36557340622,16335.761701762676
4852,1.9343888759613037,0.8283007144927979,14244.29996228218,16336.590002477169
4853,2.138322114944458,0.8763880133628845,14246.438284397125,16337.466390490532
4854,1.7596466541290283,0.7852045893669128,14248.197931051254,16338.251595079899
4855,2.099966049194336,1.1073321104049683,14250.297897100449,16339.358927190304
4856,1.6997666358947754,0.7344046831130981,14251.997663736343,16340.093331873417
4857,1.6879693269729614,1.3257027864456177,14253.685633063316,16341.419034659863
4858,0.6081202626228333,1.6366307735443115,14254.29375332594,16343.055665433407
4859,1.928773283958435,0.8883073329925537,14256.222526609898,16343.9439727664
4860,2.158663749694824,1.0936757326126099,14258.381190359592,16345.037648499012
4861,1.7250593900680542,0.7022473216056824,14260.10624974966,16345.739895820618
4862,2.1775801181793213,1.6113451719284058,14262.28382986784,16347.351240992546
4863,2.0370395183563232,1.0685458183288574,14264.320869386196,16348.419786810875
4864,1.1459401845932007,1.6458256244659424,14265.46680957079,16350.06561243534
4865,1.871885061264038,1.1334072351455688,14267.338694632053,16351.199019670486
4866,2.2299344539642334,0.9972141981124878,14269.568629086018,16352.196233868599
4867,1.8903883695602417,1.4749103784561157,14271.459017455578,16353.671144247055
4868,1.6232125759124756,0.7697544097900391,14273.08223003149,16354.440898656845
4869,1.0361738204956055,3.209904193878174,14274.118403851986,16357.650802850723
4870,1.969011902809143,0.8272170424461365,14276.087415754795,16358.47801989317
4871,1.7957229614257812,1.1029211282730103,14277.88313871622,16359.580941021442
4872,1.9520102739334106,0.965341329574585,14279.835148990154,16360.546282351017
4873,1.9863475561141968,1.6754733324050903,14281.821496546268,16362.221755683422
4874,2.027414321899414,0.8797909021377563,14283.848910868168,16363.10154658556
4875,1.1598056554794312,1.1167335510253906,14285.008716523647,16364.218280136585
4876,2.0238261222839355,1.1227682828903198,14287.032542645931,16365.341048419476
4877,1.9646049737930298,1.1617326736450195,14288.997147619724,16366.50278109312
4878,2.126110076904297,1.6142300367355347,14291.123257696629,16368.117011129856
4879,1.7263236045837402,0.9574769735336304,14292.849581301212,16369.07448810339
4880,1.5279428958892822,0.8996515274047852,14294.377524197102,16369.974139630795
4881,2.035952568054199,1.017073154449463,14296.413476765156,16370.991212785244
4882,1.8482872247695923,1.2613983154296875,14298.261763989925,16372.252611100674
4883,1.9307063817977905,0.8354111909866333,14300.192470371723,16373.08802229166
4884,1.8999125957489014,1.0711981058120728,14302.092382967472,16374.159220397472
4885,2.108372688293457,1.155161738395691,14304.200755655766,16375.314382135868
4886,2.151137113571167,1.1494327783584595,14306.351892769337,16376.463814914227
4887,1.658320426940918,0.6080088019371033,14308.010213196278,16377.071823716164
4888,1.9650444984436035,0.8149077892303467,14309.975257694721,16377.886731505394
4889,2.1686456203460693,1.1550745964050293,14312.143903315067,16379.041806101799
4890,1.9765357971191406,1.0247802734375,14314.120439112186,16380.066586375237
4891,1.8605215549468994,0.7864875197410583,14315.980960667133,16380.853073894978
4892,1.5764878988265991,0.9213829040527344,14317.55744856596,16381.77445679903
4893,1.562902569770813,0.7779616713523865,14319.12035113573,16382.552418470383
4894,1.6792255640029907,0.7381937503814697,14320.799576699734,16383.290612220764
4895,1.4745228290557861,0.9344435334205627,14322.27409952879,16384.225055754185
4896,1.0438718795776367,2.023226022720337,14323.317971408367,16386.248281776905
4897,2.0632166862487793,0.9044705033302307,14325.381188094616,16387.152752280235
4898,1.658461570739746,3.4468369483947754,14327.039649665356,16390.59958922863
4899,1.452625036239624,0.9879470467567444,14328.492274701595,16391.587536275387
4900,2.228529930114746,1.7143901586532593,14330.72080463171,16393.30192643404
4901,1.8071980476379395,0.6971569657325745,14332.528002679348,16393.999083399773
4902,2.1262693405151367,0.8074535131454468,14334.654272019863,16394.806536912918
4903,1.985874056816101,0.5831596851348877,14336.64014607668,16395.389696598053
4904,2.1570627689361572,1.5652395486831665,14338.797208845615,16396.954936146736
4905,1.9379022121429443,0.9801676273345947,14340.735111057758,16397.93510377407
4906,1.8717001676559448,0.9058735370635986,14342.606811225414,16398.840977311134
4907,0.5844722986221313,1.792935848236084,14343.191283524036,16400.63391315937
4908,1.81813383102417,1.1626423597335815,14345.00941735506,16401.796555519104
4909,1.6077529191970825,1.154541254043579,14346.617170274258,16402.951096773148
4910,1.750995397567749,0.9409724473953247,14348.368165671825,16403.892069220543
4911,2.0196940898895264,1.2507284879684448,14350.387859761715,16405.14279770851
4912,1.796359896659851,0.677067220211029,14352.184219658375,16405.819864928722
4913,1.7506752014160156,1.068456768989563,14353.93489485979,16406.888321697712
4914,1.8459177017211914,0.8694746494293213,14355.780812561512,16407.75779634714
4915,1.7120829820632935,0.7437827587127686,14357.492895543575,16408.501579105854
4916,1.8383915424346924,0.8690437078475952,14359.33128708601,16409.3706228137
4917,1.0925506353378296,2.5364811420440674,14360.423837721348,16411.907103955746
4918,1.847851037979126,1.0759249925613403,14362.271688759327,16412.983028948307
4919,1.9299973249435425,0.8364786505699158,14364.20168608427,16413.819507598877
4920,2.430227279663086,1.4803529977798462,14366.631913363934,16415.299860596657
4921,2.1606712341308594,0.7956146001815796,14368.792584598064,16416.09547519684
4922,1.8492817878723145,0.8309391140937805,14370.641866385937,16416.926414310932
4923,2.1210432052612305,1.0031694173812866,14372.762909591198,16417.929583728313
4924,2.0420408248901367,1.3350069522857666,14374.804950416088,16419.2645906806
4925,2.2808690071105957,1.3512886762619019,14377.085819423199,16420.61587935686
4926,2.251598358154297,1.409734845161438,14379.337417781353,16422.025614202023
4927,1.7380632162094116,0.8035350441932678,14381.075480997562,16422.829149246216
4928,2.1541261672973633,1.0800902843475342,14383.22960716486,16423.909239530563
4929,1.9575363397598267,0.7401966452598572,14385.18714350462,16424.649436175823
4930,1.336416244506836,1.4459757804870605,14386.523559749126,16426.09541195631
4931,1.9485281705856323,0.8379014134407043,14388.472087919712,16426.93331336975
4932,2.0886454582214355,0.6157468557357788,14390.560733377934,16427.549060225487
4933,1.9091135263442993,1.128210186958313,14392.469846904278,16428.677270412445
4934,2.1484336853027344,1.2159113883972168,14394.61828058958,16429.893181800842
4935,1.905707836151123,1.1018266677856445,14396.523988425732,16430.995008468628
4936,0.8048598170280457,2.193462371826172,14397.32884824276,16433.188470840454
4937,2.418306350708008,1.6356836557388306,14399.747154593468,16434.824154496193
4938,2.3576130867004395,1.1261992454528809,14402.104767680168,16435.950353741646
4939,1.7880948781967163,1.3812423944473267,14403.892862558365,16437.331596136093
4940,3.1699821949005127,1.145226001739502,14407.062844753265,16438.476822137833
4941,1.800249695777893,0.9593320488929749,14408.863094449043,16439.436154186726
4942,2.0736653804779053,1.0741891860961914,14410.936759829521,16440.51034337282
4943,1.952164888381958,1.3426367044448853,14412.888924717903,16441.852980077267
4944,2.1259355545043945,1.0279003381729126,14415.014860272408,16442.88088041544
4945,1.8013057708740234,0.8975434899330139,14416.816166043282,16443.778423905373
4946,1.7516978979110718,0.7177945971488953,14418.567863941193,16444.49621850252
4947,2.029898166656494,0.9108358025550842,14420.59776210785,16445.407054305077
4948,1.7990195751190186,0.8795424699783325,14422.396781682968,16446.286596775055
4949,2.4916508197784424,1.2449251413345337,14424.888432502747,16447.53152191639
4950,1.819861650466919,0.9988735318183899,14426.708294153214,16448.530395448208
4951,1.722437858581543,0.7506784200668335,14428.430732011795,16449.281073868275
4952,1.7386871576309204,0.8951147198677063,14430.169419169426,16450.176188588142
4953,1.924357533454895,0.9591857194900513,14432.09377670288,16451.135374307632
4954,1.7031736373901367,0.8851486444473267,14433.796950340271,16452.02052295208
4955,2.4014856815338135,0.9619594216346741,14436.198436021805,16452.982482373714
4956,1.8944175243377686,1.0824601650238037,14438.092853546143,16454.06494253874
4957,0.7968314290046692,1.1859782934188843,14438.889684975147,16455.250920832157
4958,2.090277910232544,0.9212863445281982,14440.97996288538,16456.172207176685
4959,2.036487579345703,1.0444810390472412,14443.016450464725,16457.216688215733
4960,1.9266167879104614,0.950843334197998,14444.943067252636,16458.16753154993
4961,1.305869460105896,1.099626898765564,14446.248936712742,16459.267158448696
4962,1.7012019157409668,0.760230541229248,14447.950138628483,16460.027388989925
4963,2.0927863121032715,0.952573835849762,14450.042924940586,16460.979962825775
4964,1.6258610486984253,0.8659153580665588,14451.668785989285,16461.84587818384
4965,2.9353039264678955,0.9761381149291992,14454.604089915752,16462.82201629877
4966,1.8885515928268433,0.9218147397041321,14456.49264150858,16463.743831038475
4967,1.6205488443374634,0.9063157439231873,14458.113190352917,16464.6501467824
4968,2.1414568424224854,1.1607906818389893,14460.25464719534,16465.810937464237
4969,1.7354828119277954,1.403435468673706,14461.990130007267,16467.21437293291
4970,1.7499175071716309,0.6817553043365479,14463.740047514439,16467.896128237247
4971,2.0623414516448975,1.2618135213851929,14465.802388966084,16469.157941758633
4972,1.875091552734375,0.8973254561424255,14467.677480518818,16470.055267214775
4973,1.8956007957458496,1.1901048421859741,14469.573081314564,16471.24537205696
4974,2.3900372982025146,0.6354722380638123,14471.963118612766,16471.880844295025
4975,1.5607973337173462,0.6468973755836487,14473.523915946484,16472.52774167061
4976,1.6618608236312866,0.7516305446624756,14475.185776770115,16473.27937221527
4977,1.8462626934051514,0.8097666501998901,14477.03203946352,16474.08913886547
4978,1.8825857639312744,1.0226247310638428,14478.914625227451,16475.111763596535
4979,1.9567630290985107,1.198474645614624,14480.87138825655,16476.31023824215
4980,2.0757827758789062,1.3094828128814697,14482.947171032429,16477.61972105503
4981,1.4968910217285156,0.9105107188224792,14484.444062054157,16478.530231773853
4982,0.7864946722984314,2.1610805988311768,14485.230556726456,16480.691312372684
4983,2.035269260406494,0.7943887710571289,14487.265825986862,16481.48570114374
4984,1.7258148193359375,0.945445716381073,14488.991640806198,16482.431146860123
4985,1.854094386100769,0.8082274794578552,14490.845735192299,16483.23937433958
4986,1.838538646697998,0.7863942980766296,14492.684273838997,16484.025768637657
4987,1.8503010272979736,0.964952290058136,14494.534574866295,16484.990720927715
4988,2.4977784156799316,0.8634021878242493,14497.032353281975,16485.85412311554
4989,1.7321983575820923,0.8413910865783691,14498.764551639557,16486.695514202118
4990,1.7940326929092407,0.9676946401596069,14500.558584332466,16487.663208842278
4991,3.1117122173309326,2.7768301963806152,14503.670296549797,16490.440039038658
4992,1.7680009603500366,0.9694274663925171,14505.438297510147,16491.40946650505
4993,1.965904712677002,1.021478533744812,14507.404202222824,16492.430945038795
4994,1.9311153888702393,1.350636601448059,14509.335317611694,16493.781581640244
4995,2.051509141921997,1.0938498973846436,14511.386826753616,16494.875431537628
4996,1.4814016819000244,0.7434194684028625,14512.868228435516,16495.61885100603
4997,1.7901859283447266,0.946956217288971,14514.658414363861,16496.56580722332
4998,1.6832855939865112,1.026117205619812,14516.341699957848,16497.59192442894
4999,1.8909828662872314,1.1923449039459229,14518.232682824135,16498.784269332886
5000,0.7392634153366089,2.3936500549316406,14518.971946239471,16501.177919387817
5001,1.6288038492202759,0.5865949392318726,14520.600750088692,16501.76451432705
5002,1.776904582977295,1.0801117420196533,14522.377654671669,16502.84462606907
5003,2.054537296295166,0.8167861104011536,14524.432191967964,16503.66141217947
5004,1.9410444498062134,0.8955661654472351,14526.37323641777,16504.556978344917
5005,1.849148154258728,0.6702063679695129,14528.22238457203,16505.227184712887
5006,1.6337188482284546,0.6400835514068604,14529.856103420258,16505.867268264294
5007,1.6786367893218994,0.7366276383399963,14531.53474020958,16506.603895902634
5008,1.913088083267212,0.6772556304931641,14533.447828292847,16507.281151533127
5009,1.6350899934768677,1.031187653541565,14535.082918286324,16508.31233918667
5010,1.9924083948135376,0.6606722474098206,14537.075326681137,16508.97301143408
5011,1.4181755781173706,1.081777572631836,14538.493502259254,16510.05478900671
5012,2.0418128967285156,0.7334250807762146,14540.535315155983,16510.788214087486
5013,1.8931454420089722,0.559866189956665,14542.428460597992,16511.348080277443
5014,1.3907489776611328,0.7253687381744385,14543.819209575653,16512.073449015617
5015,2.278407096862793,1.3648513555526733,14546.097616672516,16513.43830037117
5016,0.6827854514122009,1.4932568073272705,14546.780402123928,16514.931557178497
5017,1.9224404096603394,0.9736771583557129,14548.702842533588,16515.905234336853
5018,2.32588267326355,2.7743873596191406,14551.028725206852,16518.679621696472
5019,1.635498285293579,0.708792507648468,14552.664223492146,16519.38841420412
5020,2.1601853370666504,0.7615759968757629,14554.824408829212,16520.149990200996
5021,2.075899124145508,1.1553796529769897,14556.900307953358,16521.305369853973
5022,1.8109909296035767,1.0601284503936768,14558.711298882961,16522.365498304367
5023,1.7732138633728027,1.6824791431427002,14560.484512746334,16524.04797744751
5024,1.8992347717285156,1.0108697414398193,14562.383747518063,16525.05884718895
5025,1.7241238355636597,0.740004301071167,14564.107871353626,16525.79885149002
5026,1.885920524597168,0.7549980282783508,14565.993791878223,16526.5538495183
5027,1.6981475353240967,1.5853174924850464,14567.691939413548,16528.139167010784
5028,2.4079089164733887,0.9146032929420471,14570.09984833002,16529.053770303726
5029,1.8669161796569824,0.7300280332565308,14571.966764509678,16529.783798336983
5030,2.159745454788208,0.8542783260345459,14574.126509964466,16530.638076663017
5031,1.6607896089553833,0.7962958812713623,14575.787299573421,16531.43437254429
5032,1.9675556421279907,0.8321099877357483,14577.75485521555,16532.266482532024
5033,2.1067585945129395,0.7924805283546448,14579.861613810062,16533.05896306038
5034,2.0450685024261475,1.6675633192062378,14581.906682312489,16534.726526379585
5035,1.9842698574066162,1.0795351266860962,14583.890952169895,16535.80606150627
5036,1.8372561931610107,0.8911930322647095,14585.728208363056,16536.697254538536
5037,1.7414153814315796,0.8776911497116089,14587.469623744488,16537.574945688248
5038,1.8560173511505127,0.7385849952697754,14589.325641095638,16538.313530683517
5039,2.0102710723876953,1.0928868055343628,14591.335912168026,16539.40641748905
5040,2.4587035179138184,0.9930504560470581,14593.79461568594,16540.3994679451
5041,1.5689679384231567,1.0503549575805664,14595.363583624363,16541.44982290268
5042,2.2037298679351807,0.8601679801940918,14597.567313492298,16542.309990882874
5043,2.129603147506714,0.9999336004257202,14599.696916639805,16543.3099244833
5044,0.8953864574432373,3.288784980773926,14600.592303097248,16546.598709464073
5045,1.6279548406600952,1.7884362936019897,14602.220257937908,16548.387145757675
5046,1.7921735048294067,0.6016828417778015,14604.012431442738,16548.988828599453
5047,3.2325336933135986,1.465777039527893,14607.244965136051,16550.45460563898
5048,1.8029659986495972,1.2251771688461304,14609.0479311347,16551.679782807827
5049,1.4239413738250732,1.7026649713516235,14610.471872508526,16553.38244777918
5050,2.435140609741211,0.8419850468635559,14612.907013118267,16554.224432826042
5051,0.9406334757804871,1.940437912940979,14613.847646594048,16556.164870738983
5052,1.1018391847610474,1.633882999420166,14614.949485778809,16557.798753738403
5053,2.059473991394043,1.1698416471481323,14617.008959770203,16558.96859538555
5054,2.155094861984253,1.4506815671920776,14619.164054632187,16560.419276952744
5055,2.1221375465393066,1.4128673076629639,14621.286192178726,16561.832144260406
5056,1.8269469738006592,0.838296115398407,14623.113139152527,16562.670440375805
5057,2.0929079055786133,1.3031514883041382,14625.206047058105,16563.97359186411
5058,2.077700138092041,0.9496203064918518,14627.283747196198,16564.9232121706
5059,2.075723886489868,1.5949063301086426,14629.359471082687,16566.51811850071
5060,1.8598555326461792,0.5810233354568481,14631.219326615334,16567.099141836166
5061,1.6016100645065308,0.8667536973953247,14632.82093667984,16567.96589553356
5062,1.8143073320388794,1.0793513059616089,14634.635244011879,16569.045246839523
5063,1.661221981048584,0.8731345534324646,14636.296465992928,16569.918381392956
5064,1.980215072631836,0.9804054498672485,14638.27668106556,16570.898786842823
5065,1.5116981267929077,0.7035993933677673,14639.788379192352,16571.60238623619
5066,1.386433482170105,2.006146192550659,14641.174812674522,16573.60853242874
5067,0.7751796841621399,1.7682757377624512,14641.949992358685,16575.376808166504
5068,1.8444591760635376,0.8861989974975586,14643.794451534748,16576.263007164
5069,1.678467035293579,1.0013898611068726,14645.472918570042,16577.26439702511
5070,1.9239569902420044,1.5372579097747803,14647.396875560284,16578.801654934883
5071,2.354640245437622,0.8670401573181152,14649.751515805721,16579.6686950922
5072,2.347961902618408,0.8510153293609619,14652.09947770834,16580.519710421562
5073,1.990796446800232,0.7251472473144531,14654.09027415514,16581.244857668877
5074,1.8568246364593506,1.3873381614685059,14655.9470987916,16582.632195830345
5075,2.164116144180298,1.0995045900344849,14658.11121493578,16583.73170042038
5076,1.994895577430725,1.175219178199768,14660.10611051321,16584.90691959858
5077,1.8975452184677124,0.9160372614860535,14662.003655731678,16585.822956860065
5078,1.7150808572769165,0.7055688500404358,14663.718736588955,16586.528525710106
5079,2.0366506576538086,0.8372270464897156,14665.755387246609,16587.365752756596
5080,1.7347084283828735,1.0447427034378052,14667.490095674992,16588.410495460033
5081,1.6590027809143066,0.7252386212348938,14669.149098455906,16589.13573408127
5082,2.0220463275909424,0.9563990831375122,14671.171144783497,16590.092133164406
5083,1.9629807472229004,0.8332237601280212,14673.13412553072,16590.925356924534
5084,1.7690224647521973,0.983781635761261,14674.903147995472,16591.909138560295
5085,2.265158176422119,1.6246821880340576,14677.168306171894,16593.53382074833
5086,2.0334110260009766,1.06633722782135,14679.201717197895,16594.60015797615
5087,2.1277828216552734,0.6790941953659058,14681.32950001955,16595.279252171516
5088,1.7691385746002197,0.6953393220901489,14683.09863859415,16595.974591493607
5089,1.9614068269729614,1.0397558212280273,14685.060045421124,16597.014347314835
5090,1.9183990955352783,0.9284234642982483,14686.978444516659,16597.942770779133
5091,1.8625279664993286,1.0089941024780273,14688.840972483158,16598.95176488161
5092,1.8383369445800781,0.7547705769538879,14690.679309427738,16599.706535458565
5093,1.8271994590759277,1.0310664176940918,14692.506508886814,16600.73760187626
5094,1.951884150505066,0.5701291561126709,14694.45839303732,16601.30773103237
5095,1.9093985557556152,0.7075586915016174,14696.367791593075,16602.015289723873
5096,1.7917448282241821,0.6593436002731323,14698.159536421299,16602.674633324146
5097,1.9135632514953613,0.8540962338447571,14700.073099672794,16603.52872955799
5098,2.144883632659912,0.9556823968887329,14702.217983305454,16604.48441195488
5099,1.9991271495819092,0.7973731160163879,14704.217110455036,16605.281785070896
5100,1.7171850204467773,0.6917292475700378,14705.934295475483,16605.973514318466
5101,2.2578518390655518,0.9806877970695496,14708.192147314548,16606.954202115536
5102,2.062859296798706,0.6850979328155518,14710.255006611347,16607.63930004835
5103,1.9741500616073608,0.9273664355278015,14712.229156672955,16608.56666648388
5104,2.1923787593841553,0.7412849068641663,14714.421535432339,16609.307951390743
5105,1.4278547763824463,0.7598505020141602,14715.849390208721,16610.067801892757
5106,1.877962350845337,0.7634845972061157,14717.727352559566,16610.831286489964
5107,1.7622755765914917,0.8929346799850464,14719.489628136158,16611.72422116995
5108,2.0223710536956787,0.7219606637954712,14721.511999189854,16612.446181833744
5109,1.9046367406845093,0.9074493646621704,14723.416635930538,16613.353631198406
5110,1.9261887073516846,1.1442800760269165,14725.34282463789,16614.497911274433
5111,1.7610042095184326,0.7999407052993774,14727.103828847408,16615.297851979733
5112,1.6102042198181152,0.7398775219917297,14728.714033067226,16616.037729501724
5113,1.7654471397399902,0.6061092019081116,14730.479480206966,16616.643838703632
5114,2.340787172317505,0.9814748764038086,14732.820267379284,16617.625313580036
5115,1.8034555912017822,0.8631910085678101,14734.623722970486,16618.488504588604
5116,1.7276662588119507,0.960286021232605,14736.351389229298,16619.448790609837
5117,1.8816105127334595,1.2595537900924683,14738.232999742031,16620.70834439993
5118,1.7090102434158325,0.8289962410926819,14739.942009985447,16621.53734064102
5119,1.6468403339385986,0.7601760029792786,14741.588850319386,16622.297516644
5120,0.7095259428024292,2.0693414211273193,14742.298376262188,16624.36685806513
5121,1.932580590248108,0.8095452785491943,14744.230956852436,16625.176403343678
5122,1.8390065431594849,0.8321496844291687,14746.069963395596,16626.008553028107
5123,1.991660714149475,0.6634621024131775,14748.061624109745,16626.67201513052
5124,0.781205952167511,1.314470648765564,14748.842830061913,16627.986485779285
5125,2.32426118850708,0.9357526302337646,14751.16709125042,16628.92223840952
5126,1.742958426475525,0.776817262172699,14752.910049676895,16629.699055671692
5127,1.488644003868103,0.797225296497345,14754.398693680763,16630.49628096819
5128,1.5819047689437866,0.6703941822052002,14755.980598449707,16631.166675150394
5129,1.8436416387557983,0.7864336967468262,14757.824240088463,16631.95310884714
5130,0.6514421105384827,1.1856480836868286,14758.475682199001,16633.138756930828
5131,2.0404915809631348,0.5119263529777527,14760.516173779964,16633.650683283806
5132,1.994745135307312,1.1004433631896973,14762.510918915272,16634.751126646996
5133,2.264052391052246,1.2801345586776733,14764.774971306324,16636.031261205673
5134,1.9456509351730347,0.498842716217041,14766.720622241497,16636.53010392189
5135,1.495275855064392,0.8532773852348328,14768.215898096561,16637.383381307125
5136,2.2939624786376953,1.119167685508728,14770.5098605752,16638.502548992634
5137,2.117246150970459,1.0996192693710327,14772.62710672617,16639.602168262005
5138,2.052227735519409,1.6619704961776733,14774.679334461689,16641.264138758183
5139,1.8706140518188477,0.8629127144813538,14776.549948513508,16642.127051472664
5140,2.1838810443878174,0.8644022345542908,14778.733829557896,16642.991453707218
5141,1.9155488014221191,1.1872801780700684,14780.649378359318,16644.17873388529
5142,1.3454936742782593,1.0524152517318726,14781.994872033596,16645.23114913702
5143,1.701408863067627,0.6434754133224487,14783.696280896664,16645.874624550343
5144,1.7501899003982544,0.8039798140525818,14785.446470797062,16646.678604364395
5145,2.1518242359161377,0.9955058097839355,14787.598295032978,16647.67411017418
5146,1.6498640775680542,0.8567788600921631,14789.248159110546,16648.53088903427
5147,1.2630888223648071,1.6951597929000854,14790.511247932911,16650.22604882717
5148,2.133319616317749,2.732421636581421,14792.644567549229,16652.958470463753
5149,1.861836314201355,0.9032481908798218,14794.50640386343,16653.861718654633
5150,1.7667551040649414,1.1304892301559448,14796.273158967495,16654.99220788479
5151,1.5275009870529175,0.7121128439903259,14797.800659954548,16655.70432072878
5152,1.5114116668701172,1.3596796989440918,14799.312071621418,16657.064000427723
5153,2.3358607292175293,1.0510462522506714,14801.647932350636,16658.115046679974
5154,0.8960040807723999,1.874687910079956,14802.543936431408,16659.989734590054
5155,2.688539743423462,1.9233258962631226,14805.232476174831,16661.913060486317
5156,1.8836407661437988,0.8937502503395081,14807.116116940975,16662.806810736656
5157,1.9673895835876465,0.8578253984451294,14809.083506524563,16663.6646361351
5158,1.7525683641433716,0.8358354568481445,14810.836074888706,16664.50047159195
5159,1.5705269575119019,0.7381170988082886,14812.406601846218,16665.238588690758
5160,2.1563425064086914,1.131562352180481,14814.562944352627,16666.37015104294
5161,1.01448655128479,1.4178307056427002,14815.577430903912,16667.78798174858
5162,2.065915822982788,1.103336215019226,14817.643346726894,16668.8913179636
5163,1.1679021120071411,2.2983546257019043,14818.811248838902,16671.189672589302
5164,1.7612169981002808,0.7189987897872925,14820.572465837002,16671.90867137909
5165,1.7385532855987549,0.9314711689949036,14822.3110191226,16672.840142548084
5166,1.904670238494873,0.7052613496780396,14824.215689361095,16673.545403897762
5167,1.7998785972595215,0.6293728947639465,14826.015567958355,16674.174776792526
5168,1.2317219972610474,2.2945449352264404,14827.247289955616,16676.469321727753
5169,1.8274213075637817,1.0533785820007324,14829.07471126318,16677.522700309753
5170,1.5198051929473877,0.7797387838363647,14830.594516456127,16678.30243909359
5171,1.6913436651229858,0.7836217284202576,14832.28586012125,16679.08606082201
5172,1.9683568477630615,1.273545265197754,14834.254216969013,16680.359606087208
5173,1.8439472913742065,1.3677802085876465,14836.098164260387,16681.727386295795
5174,1.4611637592315674,0.8539491891860962,14837.559328019619,16682.58133548498
5175,1.848529577255249,0.7503360509872437,14839.407857596874,16683.33167153597
5176,1.1837775707244873,1.294370412826538,14840.591635167599,16684.626041948795
5177,1.9128433465957642,0.8231461048126221,14842.504478514194,16685.449188053608
5178,1.9182517528533936,0.7531580328941345,14844.422730267048,16686.202346086502
5179,1.7355910539627075,0.7902958393096924,14846.15832132101,16686.99264192581
5180,1.69569730758667,0.8256422281265259,14847.854018628597,16687.81828415394
5181,0.8422290086746216,2.7148396968841553,14848.696247637272,16690.533123850822
5182,1.6579258441925049,0.8343281149864197,14850.354173481464,16691.36745196581
5183,2.08945894241333,1.226904273033142,14852.443632423878,16692.594356238842
5184,1.1857448816299438,0.785647988319397,14853.629377305508,16693.38000422716
5185,1.8642064332962036,0.7965086698532104,14855.493583738804,16694.176512897015
5186,2.1148061752319336,0.9928766489028931,14857.608389914036,16695.169389545918
5187,1.6242287158966064,1.042995810508728,14859.232618629932,16696.212385356426
5188,1.8253328800201416,0.6420268416404724,14861.057951509953,16696.854412198067
5189,1.5800752639770508,0.865924596786499,14862.63802677393,16697.720336794853
5190,0.5913865566253662,1.968638300895691,14863.229413330555,16699.68897509575
5191,2.001567840576172,1.2366526126861572,14865.230981171131,16700.925627708435
5192,1.6918001174926758,1.446919560432434,14866.922781288624,16702.372547268867
5193,2.1386730670928955,1.0222067832946777,14869.061454355717,16703.394754052162
5194,1.8094203472137451,0.7970719337463379,14870.87087470293,16704.19182598591
5195,1.8800554275512695,0.8332844972610474,14872.750930130482,16705.02511048317
5196,1.916230320930481,1.0057878494262695,14874.667160451412,16706.030898332596
5197,1.0952184200286865,1.2168688774108887,14875.76237887144,16707.247767210007
5198,2.405104160308838,1.150387167930603,14878.16748303175,16708.398154377937
5199,1.9147582054138184,0.764104425907135,14880.082241237164,16709.162258803844
5200,1.9145864248275757,2.670559883117676,14881.996827661991,16711.832818686962
5201,2.4470207691192627,0.9393826127052307,14884.44384843111,16712.772201299667
5202,1.9581446647644043,0.8267615437507629,14886.401993095875,16713.598962843418
5203,0.9638591408729553,2.0269291400909424,14887.365852236748,16715.62589198351
5204,1.6672532558441162,0.8560174703598022,14889.033105492592,16716.48190945387
5205,1.984675407409668,1.3509774208068848,14891.017780900002,16717.832886874676
5206,1.8922218084335327,0.9978451132774353,14892.910002708435,16718.830731987953
5207,0.8861038088798523,1.8542908430099487,14893.796106517315,16720.685022830963
5208,1.742069959640503,1.0198793411254883,14895.538176476955,16721.70490217209
5209,1.9356526136398315,0.9275195002555847,14897.473829090595,16722.632421672344
5210,1.4611157178878784,0.9842168092727661,14898.934944808483,16723.616638481617
5211,1.7270137071609497,0.6612040996551514,14900.661958515644,16724.277842581272
5212,1.7679059505462646,1.0281956195831299,14902.42986446619,16725.306038200855
5213,2.0575199127197266,0.7916379570960999,14904.48738437891,16726.09767615795
5214,2.0616307258605957,1.0338964462280273,14906.54901510477,16727.13157260418
5215,2.082706928253174,0.9047715663909912,14908.631722033024,16728.03634417057
5216,1.767031192779541,0.8794816732406616,14910.398753225803,16728.91582584381
5217,2.023747444152832,1.0373586416244507,14912.422500669956,16729.953184485435
5218,1.849439024925232,0.7738860845565796,14914.271939694881,16730.727070569992
5219,1.8669389486312866,0.8500376343727112,14916.138878643513,16731.577108204365
5220,1.7119698524475098,0.794778048992157,14917.85084849596,16732.371886253357
5221,2.0470192432403564,1.4116990566253662,14919.8978677392,16733.783585309982
5222,1.808931827545166,0.7752165198326111,14921.706799566746,16734.558801829815
5223,1.7624058723449707,0.7109782099723816,14923.46920543909,16735.269780039787
5224,1.909959077835083,0.916971743106842,14925.379164516926,16736.186751782894
5225,1.472362756729126,2.189643383026123,14926.851527273655,16738.37639516592
5226,2.114638328552246,1.0316500663757324,14928.966165602207,16739.408045232296
5227,1.851392388343811,0.9592656493186951,14930.817557990551,16740.367310881615
5228,1.7027223110198975,0.7020190954208374,14932.52028030157,16741.069329977036
5229,1.956236481666565,0.666300356388092,14934.476516783237,16741.735630333424
5230,1.7337265014648438,0.7398681640625,14936.210243284702,16742.475498497486
5231,0.8087682723999023,1.586840033531189,14937.019011557102,16744.062338531017
5232,1.6337943077087402,0.9178246259689331,14938.652805864811,16744.980163156986
5233,1.8407862186431885,0.7797608971595764,14940.493592083454,16745.759924054146
5234,2.142055034637451,1.2356865406036377,14942.635647118092,16746.99561059475
5235,1.7955018281936646,0.5987474322319031,14944.431148946285,16747.59435802698
5236,1.4016728401184082,0.8733500838279724,14945.832821786404,16748.46770811081
5237,1.887510895729065,2.5417540073394775,14947.720332682133,16751.00946211815
5238,1.7855067253112793,0.7788827419281006,14949.505839407444,16751.788344860077
5239,2.0039126873016357,0.908585786819458,14951.509752094746,16752.696930646896
5240,1.834688425064087,0.8515909910202026,14953.34444051981,16753.548521637917
5241,1.4843090772628784,0.7400013208389282,14954.828749597073,16754.288522958755
5242,1.5787595510482788,0.5288531184196472,14956.40750914812,16754.817376077175
5243,1.6478517055511475,0.9232125878334045,14958.055360853672,16755.74058866501
5244,1.482301115989685,0.7795749306678772,14959.537661969662,16756.520163595676
5245,1.195347785949707,1.8376778364181519,14960.733009755611,16758.357841432095
5246,1.754808783531189,0.6593309640884399,14962.487818539143,16759.017172396183
5247,1.7542957067489624,0.8481636643409729,14964.242114245892,16759.865336060524
5248,1.6611145734786987,0.8004288077354431,14965.90322881937,16760.66576486826
5249,1.8583056926727295,0.9658071994781494,14967.761534512043,16761.631572067738
5250,1.9073190689086914,1.1451494693756104,14969.668853580952,16762.776721537113
5251,1.9392964839935303,1.129796028137207,14971.608150064945,16763.90651756525
5252,1.4694390296936035,1.2393015623092651,14973.077589094639,16765.14581912756
5253,1.6360927820205688,1.1567201614379883,14974.71368187666,16766.302539288998
5254,1.6763871908187866,0.7293374538421631,14976.390069067478,16767.03187674284
5255,1.8247171640396118,0.777518093585968,14978.214786231518,16767.809394836426
5256,0.7195926308631897,1.6533581018447876,14978.934378862381,16769.46275293827
5257,1.5218939781188965,1.5273245573043823,14980.4562728405,16770.990077495575
5258,0.5347582697868347,1.3245865106582642,14980.991031110287,16772.314664006233
5259,1.7707592248916626,0.7757657766342163,14982.761790335178,16773.090429782867
5260,1.9900904893875122,0.6536584496498108,14984.751880824566,16773.744088232517
5261,1.8599133491516113,0.7847528457641602,14986.611794173717,16774.52884107828
5262,1.4441570043563843,0.8160746097564697,14988.055951178074,16775.344915688038
5263,1.625327706336975,0.6177470088005066,14989.68127888441,16775.96266269684
5264,1.6988381147384644,2.328178644180298,14991.38011699915,16778.29084134102
5265,2.1240062713623047,0.822300910949707,14993.504123270512,16779.11314225197
5266,1.8777859210968018,0.6319609880447388,14995.381909191608,16779.745103240013
5267,1.7490731477737427,0.7740591764450073,14997.130982339382,16780.519162416458
5268,1.8353462219238281,1.0142048597335815,14998.966328561306,16781.53336727619
5269,2.104489326477051,0.5931477546691895,15001.070817887783,16782.12651503086
5270,1.97184157371521,0.9217203855514526,15003.042659461498,16783.048235416412
5271,1.8859100341796875,0.6885094046592712,15004.928569495678,16783.73674482107
5272,2.0125651359558105,1.0220732688903809,15006.941134631634,16784.758818089962
5273,2.0460429191589355,0.7697722911834717,15008.987177550793,16785.528590381145
5274,1.673941731452942,0.7268359065055847,15010.661119282246,16786.25542628765
5275,1.4694547653198242,0.7337355017662048,15012.130574047565,16786.989161789417
5276,0.7958003282546997,2.1908349990844727,15012.92637437582,16789.1799967885
5277,1.7506425380706787,0.6973006129264832,15014.67701691389,16789.87729740143
5278,1.0597838163375854,2.283113718032837,15015.736800730228,16792.16041111946
5279,1.9851258993148804,0.7554789781570435,15017.721926629543,16792.915890097618
5280,1.789491057395935,0.8686537146568298,15019.51141768694,16793.784543812275
5281,1.818314552307129,1.0044456720352173,15021.329732239246,16794.78898948431
5282,1.8501068353652954,0.8331515789031982,15023.179839074612,16795.622141063213
5283,1.4855777025222778,0.8786860704421997,15024.665416777134,16796.500827133656
5284,1.5846983194351196,0.7791404724121094,15026.250115096569,16797.279967606068
5285,1.5905565023422241,0.5854795575141907,15027.840671598911,16797.865447163582
5286,1.618393063545227,0.8645334243774414,15029.459064662457,16798.72998058796
5287,1.7903451919555664,0.7898221015930176,15031.249409854412,16799.519802689552
5288,1.8990397453308105,0.8385358452796936,15033.148449599743,16800.358338534832
5289,1.1849493980407715,3.561115264892578,15034.333398997784,16803.919453799725
5290,2.4157040119171143,0.5917034149169922,15036.7491030097,16804.51115721464
5291,2.0657057762145996,1.4929157495498657,15038.814808785915,16806.00407296419
5292,1.7961019277572632,0.7454000115394592,15040.610910713673,16806.74947297573
5293,2.364442825317383,1.249200463294983,15042.97535353899,16807.998673439026
5294,1.9149399995803833,0.8872519731521606,15044.89029353857,16808.885925412178
5295,1.3938039541244507,0.8361435532569885,15046.284097492695,16809.722068965435
5296,1.8544150590896606,0.8671261668205261,15048.138512551785,16810.589195132256
5297,2.0207676887512207,0.7520197033882141,15050.159280240536,16811.341214835644
5298,1.5394580364227295,0.6553296446800232,15051.698738276958,16811.996544480324
5299,1.7307649850845337,0.734443187713623,15053.429503262043,16812.730987668037
5300,2.261681079864502,0.8478609323501587,15055.691184341908,16813.578848600388
5301,2.3206686973571777,1.5267928838729858,15058.011853039265,16815.10564148426
5302,1.7019824981689453,0.4886116683483124,15059.713835537434,16815.59425315261
5303,2.013478994369507,0.8158770799636841,15061.727314531803,16816.410130232573
5304,1.854977011680603,1.0237168073654175,15063.582291543484,16817.433847039938
5305,1.93349289894104,3.6284537315368652,15065.515784442425,16821.062300771475
5306,1.7046830654144287,0.86834317445755,15067.22046750784,16821.930643945932
5307,1.7229244709014893,0.961287260055542,15068.94339197874,16822.891931205988
5308,1.7936816215515137,0.7249072790145874,15070.737073600292,16823.616838485003
5309,1.7651997804641724,0.7091449499130249,15072.502273380756,16824.325983434916
5310,1.5728527307510376,0.6794631481170654,15074.075126111507,16825.005446583033
5311,1.803171157836914,0.8774560689926147,15075.878297269344,16825.882902652025
5312,1.1783970594406128,1.2515665292739868,15077.056694328785,16827.1344691813
5313,1.7545807361602783,0.6850219964981079,15078.811275064945,16827.819491177797
5314,1.6341294050216675,1.0829960107803345,15080.445404469967,16828.902487188578
5315,1.8683775663375854,0.8524723052978516,15082.313782036304,16829.754959493876
5316,1.9517899751663208,0.9243741631507874,15084.26557201147,16830.679333657026
5317,2.166435956954956,0.9366558790206909,15086.432007968426,16831.615989536047
5318,2.0300939083099365,1.0831091403961182,15088.462101876736,16832.699098676443
5319,2.0740914344787598,0.6386056542396545,15090.536193311214,16833.337704330683
5320,1.9108400344848633,0.7149496674537659,15092.4470333457,16834.052653998137
5321,1.5217937231063843,0.8749673962593079,15093.968827068806,16834.927621394396
5322,1.8763993978500366,0.8420228958129883,15095.845226466656,16835.76964429021
5323,1.6706314086914062,1.042961597442627,15097.515857875347,16836.81260588765
5324,1.7904945611953735,1.044027328491211,15099.306352436543,16837.856633216143
5325,1.7930235862731934,1.1567895412445068,15101.099376022816,16839.013422757387
5326,1.9665162563323975,1.1599112749099731,15103.065892279148,16840.173334032297
5327,2.071467399597168,0.9886499643325806,15105.137359678745,16841.16198399663
5328,2.246176242828369,0.8401334881782532,15107.383535921574,16842.002117484808
5329,1.2270489931106567,1.045559287071228,15108.610584914684,16843.04767677188
5330,1.7551188468933105,1.0069847106933594,15110.365703761578,16844.054661482573
5331,2.153926134109497,0.5728609561920166,15112.519629895687,16844.627522438765
5332,1.7497330904006958,1.3216800689697266,15114.269362986088,16845.949202507734
5333,1.9246125221252441,0.8386722803115845,15116.193975508213,16846.787874788046
5334,1.8237488269805908,0.9252471327781677,15118.017724335194,16847.713121920824
5335,0.8058844208717346,1.4527900218963623,15118.823608756065,16849.16591194272
5336,1.498508095741272,1.0443670749664307,15120.322116851807,16850.210279017687
5337,2.444456100463867,1.0850390195846558,15122.76657295227,16851.29531803727
5338,1.906436800956726,1.2293086051940918,15124.673009753227,16852.524626642466
5339,1.7845419645309448,0.7705976366996765,15126.457551717758,16853.295224279165
5340,2.3006505966186523,1.6486142873764038,15128.758202314377,16854.94383856654
5341,2.0633513927459717,0.8169445395469666,15130.821553707123,16855.76078310609
5342,1.761518120765686,0.8857097625732422,15132.583071827888,16856.646492868662
5343,1.6466907262802124,0.8320547342300415,15134.229762554169,16857.478547602892
5344,1.785147786140442,0.8221906423568726,15136.01491034031,16858.30073824525
5345,0.5861337780952454,1.6076027154922485,15136.601044118404,16859.90834096074
5346,1.949813961982727,0.7372819185256958,15138.550858080387,16860.645622879267
5347,1.844573974609375,1.0756237506866455,15140.395432054996,16861.721246629953
5348,1.8934687376022339,0.8255453109741211,15142.288900792599,16862.546791940928
5349,2.034271001815796,0.8355786800384521,15144.323171794415,16863.382370620966
5350,1.8327789306640625,0.739608108997345,15146.155950725079,16864.121978729963
5351,1.5856661796569824,0.6426771879196167,15147.741616904736,16864.764655917883
5352,1.7189050912857056,1.123809576034546,15149.460521996021,16865.888465493917
5353,1.6884183883666992,0.8998586535453796,15151.148940384388,16866.788324147463
5354,1.0739997625350952,2.025505304336548,15152.222940146923,16868.8138294518
5355,1.1816821098327637,1.0412781238555908,15153.404622256756,16869.855107575655
5356,1.890248417854309,1.0084459781646729,15155.29487067461,16870.86355355382
5357,1.6328803300857544,0.8309711813926697,15156.927751004696,16871.694524735212
5358,2.101893663406372,0.7607845067977905,15159.029644668102,16872.45530924201
5359,2.073577404022217,0.7229234576225281,15161.103222072124,16873.178232699633
5360,1.8792681694030762,1.0299644470214844,15162.982490241528,16874.208197146654
5361,2.050293207168579,1.0746301412582397,15165.032783448696,16875.282827287912
5362,1.6744731664657593,0.9184821248054504,15166.707256615162,16876.201309412718
5363,1.6922259330749512,1.1996732950210571,15168.399482548237,16877.40098270774
5364,1.56587815284729,0.710659921169281,15169.965360701084,16878.111642628908
5365,1.635143518447876,0.8474608659744263,15171.600504219532,16878.959103494883
5366,2.1698811054229736,0.840625524520874,15173.770385324955,16879.799729019403
5367,1.9477108716964722,0.9446273446083069,15175.718096196651,16880.74435636401
5368,1.6837981939315796,0.8152504563331604,15177.401894390583,16881.559606820345
5369,1.927000641822815,0.9489683508872986,15179.328895032406,16882.508575171232
5370,1.8816192150115967,0.7314450740814209,15181.210514247417,16883.240020245314
5371,1.8679606914520264,0.7272351384162903,15183.07847493887,16883.96725538373
5372,1.835169792175293,0.66521155834198,15184.913644731045,16884.632466942072
5373,0.6918216943740845,1.9938234090805054,15185.605466425419,16886.626290351152
5374,2.062167167663574,0.8854161500930786,15187.667633593082,16887.511706501245
5375,1.803881049156189,0.7651308178901672,15189.471514642239,16888.276837319136
5376,2.131382465362549,1.0569428205490112,15191.602897107601,16889.333780139685
5377,2.3966894149780273,0.535391092300415,15193.99958652258,16889.869171231985
5378,1.4592698812484741,0.7887791395187378,15195.458856403828,16890.657950371504
5379,1.729697823524475,0.619982898235321,15197.188554227352,16891.27793326974
5380,2.1968629360198975,0.9632899761199951,15199.385417163372,16892.24122324586
5381,1.8888769149780273,1.0686390399932861,15201.27429407835,16893.309862285852
5382,1.9379701614379883,0.6712261438369751,15203.212264239788,16893.98108842969
5383,1.625830888748169,0.7253486514091492,15204.838095128536,16894.7064370811
5384,1.9969918727874756,1.120285153388977,15206.835087001324,16895.826722234488
5385,2.1492693424224854,1.6400465965270996,15208.984356343746,16897.466768831015
5386,1.7636436223983765,0.7034814953804016,15210.747999966145,16898.170250326395
5387,1.916055679321289,0.7777581214904785,15212.664055645466,16898.948008447886
5388,1.8297650814056396,1.4904321432113647,15214.493820726871,16900.438440591097
5389,1.902671217918396,0.931299090385437,15216.39649194479,16901.369739681482
5390,1.3786345720291138,1.1069464683532715,15217.775126516819,16902.476686149836
5391,1.7234299182891846,0.6808431148529053,15219.498556435108,16903.15752926469
5392,2.229027032852173,0.8645392060279846,15221.72758346796,16904.022068470716
5393,2.0141406059265137,0.9484028220176697,15223.741724073887,16904.970471292734
5394,1.9362287521362305,1.0499387979507446,15225.677952826023,16906.020410090685
5395,1.674306035041809,0.9250814914703369,15227.352258861065,16906.945491582155
5396,2.2138428688049316,1.2271926403045654,15229.56610172987,16908.17268422246
5397,0.7960370779037476,1.5088086128234863,15230.362138807774,16909.681492835283
5398,2.0450689792633057,0.8465758562088013,15232.407207787037,16910.528068691492
5399,1.9064656496047974,1.8717857599258423,15234.313673436642,16912.399854451418
5400,1.6652253866195679,0.8222783803939819,15235.978898823261,16913.222132831812
5401,1.9268943071365356,1.0215556621551514,15237.905793130398,16914.243688493967
5402,1.7960834503173828,3.0068864822387695,15239.701876580715,16917.250574976206
5403,1.477895975112915,0.6525281071662903,15241.179772555828,16917.903103083372
5404,1.1280903816223145,1.789010763168335,15242.30786293745,16919.69211384654
5405,1.9210840463638306,1.1501142978668213,15244.228946983814,16920.842228144407
5406,1.9268620014190674,0.8611850142478943,15246.155808985233,16921.703413158655
5407,0.8877859711647034,1.0717408657073975,15247.043594956398,16922.775154024363
5408,1.9481772184371948,1.1510860919952393,15248.991772174835,16923.926240116358
5409,1.5346688032150269,0.9636635184288025,15250.52644097805,16924.889903634787
5410,2.0386927127838135,0.9059422016143799,15252.565133690834,16925.7958458364
5411,1.9578313827514648,2.313563585281372,15254.522965073586,16928.109409421682
5412,1.1319425106048584,2.2879064083099365,15255.65490758419,16930.397315829992
5413,2.8328139781951904,0.6864719390869141,15258.487721562386,16931.08378776908
5414,1.9085965156555176,0.9011728167533875,15260.396318078041,16931.984960585833
5415,1.7705018520355225,0.8096588850021362,15262.166819930077,16932.794619470835
5416,1.7832472324371338,0.8521952033042908,15263.950067162514,16933.64681467414
5417,1.7629295587539673,1.3016067743301392,15265.712996721268,16934.94842144847
5418,1.8652585744857788,0.9731957316398621,15267.578255295753,16935.92161718011
5419,1.9580979347229004,0.9860913157463074,15269.536353230476,16936.907708495855
5420,1.7913833856582642,0.731519341468811,15271.327736616135,16937.639227837324
5421,1.8066831827163696,1.0622984170913696,15273.134419798851,16938.701526254416
5422,1.8647226095199585,0.8181712627410889,15274.999142408371,16939.519697517157
5423,0.5877752304077148,1.7673462629318237,15275.586917638779,16941.28704378009
5424,1.5008153915405273,0.9924395084381104,15277.08773303032,16942.279483288527
5425,2.0848114490509033,1.0225729942321777,15279.17254447937,16943.30205628276
5426,1.5177124738693237,0.8163227438926697,15280.69025695324,16944.11837902665
5427,1.9899336099624634,1.037589430809021,15282.680190563202,16945.15596845746
5428,1.8232946395874023,0.9308849573135376,15284.50348520279,16946.086853414774
5429,2.1926803588867188,1.2662800550460815,15286.696165561676,16947.35313346982
5430,1.9923112392425537,0.971994936466217,15288.688476800919,16948.325128406286
5431,1.8643038272857666,0.6449150443077087,15290.552780628204,16948.970043450594
5432,1.9676282405853271,0.8016984462738037,15292.52040886879,16949.771741896868
5433,2.7885351181030273,2.497830867767334,15295.308943986893,16952.269572764635
5434,1.6598185300827026,5.098777770996094,15296.968762516975,16957.36835053563
5435,1.8580272197723389,0.8805054426193237,15298.826789736748,16958.24885597825
5436,1.913522481918335,1.0418304204940796,15300.740312218666,16959.290686398745
5437,2.0989160537719727,0.9611068964004517,15302.839228272438,16960.251793295145
5438,1.877777338027954,1.0883781909942627,15304.717005610466,16961.34017148614
5439,2.260344982147217,0.765109121799469,15306.977350592613,16962.10528060794
5440,2.010148763656616,0.9733839631080627,15308.98749935627,16963.078664571047
5441,1.7136155366897583,0.7409152388572693,15310.70111489296,16963.819579809904
5442,1.1627832651138306,3.179598569869995,15311.863898158073,16966.999178379774
5443,1.0035187005996704,2.5112977027893066,15312.867416858673,16969.510476082563
5444,1.4618059396743774,0.7456756234169006,15314.329222798347,16970.25615170598
5445,2.2879927158355713,1.1913312673568726,15316.617215514183,16971.447482973337
5446,1.8913986682891846,1.1633398532867432,15318.508614182472,16972.610822826624
5447,1.9501404762268066,1.2010947465896606,15320.458754658699,16973.811917573214
5448,1.8449903726577759,0.834435760974884,15322.303745031357,16974.64635333419
5449,1.7176629304885864,0.8669229745864868,15324.021407961845,16975.513276308775
5450,1.8101303577423096,0.9711621999740601,15325.831538319588,16976.48443850875
5451,1.7000960111618042,0.9336615204811096,15327.53163433075,16977.41810002923
5452,1.8651460409164429,0.786983072757721,15329.396780371666,16978.205083101988
5453,1.957905650138855,0.605400025844574,15331.354686021805,16978.810483127832
5454,1.7957500219345093,0.7694891691207886,15333.15043604374,16979.579972296953
5455,2.8869690895080566,4.496659755706787,15336.037405133247,16984.07663205266
5456,1.7909756898880005,0.9766201972961426,15337.828380823135,16985.053252249956
5457,1.0429353713989258,1.2178661823272705,15338.871316194534,16986.271118432283
5458,1.6378782987594604,0.7118555903434753,15340.509194493294,16986.982974022627
5459,2.7316360473632812,0.9322229027748108,15343.240830540657,16987.9151969254
5460,1.7324802875518799,0.6886943578720093,15344.973310828209,16988.603891283274
5461,0.9305132031440735,2.5394554138183594,15345.903824031353,16991.143346697092
5462,1.8702802658081055,0.8079951405525208,15347.774104297161,16991.951341837645
5463,1.2361118793487549,1.9186995029449463,15349.01021617651,16993.87004134059
5464,1.9205195903778076,1.0716168880462646,15350.930735766888,16994.941658228636
5465,1.3619343042373657,2.4094173908233643,15352.292670071125,16997.35107561946
5466,1.106897234916687,4.10087776184082,15353.399567306042,17001.4519533813
5467,1.4948078393936157,0.8604333400726318,15354.894375145435,17002.312386721373
5468,2.1594603061676025,1.2277148962020874,15357.053835451603,17003.540101617575
5469,3.1307740211486816,1.2163294553756714,15360.184609472752,17004.75643107295
5470,1.8792519569396973,0.8843728303909302,15362.063861429691,17005.64080390334
5471,1.771809458732605,1.104981780052185,15363.835670888424,17006.745785683393
5472,1.9009901285171509,0.9150958061218262,15365.736661016941,17007.660881489515
5473,2.3752589225769043,1.1999646425247192,15368.111919939518,17008.86084613204
5474,1.216065526008606,3.528749942779541,15369.327985465527,17012.38959607482
5475,1.8396979570388794,0.9591299891471863,15371.167683422565,17013.348726063967
5476,1.9809069633483887,1.5705207586288452,15373.148590385914,17014.919246822596
5477,2.052799701690674,1.2452141046524048,15375.201390087605,17016.164460927248
5478,1.7592005729675293,1.0288645029067993,15376.960590660572,17017.193325430155
5479,2.2450368404388428,1.71181058883667,15379.20562750101,17018.90513601899
5480,0.9952928423881531,3.5759952068328857,15380.200920343399,17022.481131225824
5481,1.6562527418136597,0.7996935844421387,15381.857173085213,17023.280824810266
5482,2.282163619995117,1.1183092594146729,15384.139336705208,17024.39913406968
5483,1.7139159440994263,1.0289424657821655,15385.853252649307,17025.428076535463
5484,1.0007128715515137,4.493244171142578,15386.853965520859,17029.921320706606
5485,1.8860509395599365,1.0430684089660645,15388.740016460419,17030.964389115572
5486,1.863577127456665,0.9398176074028015,15390.603593587875,17031.904206722975
5487,1.7004653215408325,0.8525363206863403,15392.304058909416,17032.75674304366
5488,1.7811050415039062,1.529767394065857,15394.08516395092,17034.286510437727
5489,1.8778340816497803,1.0923352241516113,15395.96299803257,17035.37884566188
5490,1.8307182788848877,0.9161746501922607,15397.793716311455,17036.29502031207
5491,1.7861367464065552,0.7403943538665771,15399.579853057861,17037.035414665937
5492,1.9598814249038696,1.5055806636810303,15401.539734482765,17038.54099532962
5493,1.9442863464355469,0.9860172867774963,15403.4840208292,17039.527012616396
5494,2.1254966259002686,0.9276769161224365,15405.609517455101,17040.45468953252
5495,1.83685302734375,0.8883678913116455,15407.446370482445,17041.34305742383
5496,2.0696113109588623,1.1498866081237793,15409.515981793404,17042.492944031954
5497,1.348203420639038,0.7262681722640991,15410.864185214043,17043.219212204218
5498,1.8352617025375366,0.8733474016189575,15412.69944691658,17044.092559605837
5499,1.849435806274414,0.897041916847229,15414.548882722855,17044.989601522684
5500,1.6252626180648804,1.3793220520019531,15416.17414534092,17046.368923574686
5501,2.3514678478240967,0.9076076149940491,15418.525613188744,17047.27653118968
5502,1.775458812713623,0.6334877014160156,15420.301072001457,17047.910018891096
5503,1.601784586906433,0.6045221090316772,15421.902856588364,17048.514541000128
5504,0.72171950340271,2.1988515853881836,15422.624576091766,17050.713392585516
5505,0.8223417401313782,1.7646725177764893,15423.446917831898,17052.478065103292
5506,1.8329886198043823,0.7183682918548584,15425.279906451702,17053.196433395147
5507,2.014174461364746,0.6936556696891785,15427.294080913067,17053.890089064837
5508,1.8297615051269531,0.6649252772331238,15429.123842418194,17054.55501434207
5509,1.8397594690322876,0.7861301302909851,15430.963601887226,17055.34114447236
5510,1.827724814414978,1.0877400636672974,15432.791326701641,17056.428884536028
5511,1.4999576807022095,0.7741791605949402,15434.291284382343,17057.203063696623
5512,1.957236647605896,0.5962334275245667,15436.24852102995,17057.799297124147
5513,1.7107230424880981,0.6451014876365662,15437.959244072437,17058.444398611784
5514,1.8025726079940796,0.904467761516571,15439.761816680431,17059.3488663733
5515,0.7975297570228577,1.5171400308609009,15440.559346437454,17060.86600640416
5516,0.681847095489502,1.4357539415359497,15441.241193532944,17062.301760345697
5517,2.4108474254608154,1.0582269430160522,15443.652040958405,17063.359987288713
5518,2.043488025665283,0.6961628198623657,15445.69552898407,17064.056150108576
5519,1.7863913774490356,0.9980753064155579,15447.481920361519,17065.05422541499
5520,1.7316018342971802,0.9250308871269226,15449.213522195816,17065.97925630212
5521,1.658050537109375,0.8423847556114197,15450.871572732925,17066.82164105773
5522,2.1012885570526123,0.8883085250854492,15452.972861289978,17067.709949582815
5523,1.8269553184509277,0.7178112268447876,15454.799816608429,17068.42776080966
5524,1.7768179178237915,0.8054497241973877,15456.576634526253,17069.233210533857
5525,1.6015230417251587,0.7056958079338074,15458.178157567978,17069.93890634179
5526,1.832080364227295,0.6027800440788269,15460.010237932205,17070.54168638587
5527,2.141801118850708,0.9745763540267944,15462.152039051056,17071.516262739897
5528,1.6039947271347046,0.6178143620491028,15463.75603377819,17072.134077101946
5529,1.5881353616714478,0.6513092517852783,15465.344169139862,17072.78538635373
5530,1.2418622970581055,3.380300521850586,15466.58603143692,17076.16568687558
5531,1.928514838218689,1.3137348890304565,15468.514546275139,17077.479421764612
5532,2.811962366104126,2.42893123626709,15471.326508641243,17079.90835300088
5533,1.8841474056243896,0.8343530893325806,15473.210656046867,17080.742706090212
5534,1.9820408821105957,0.7652345895767212,15475.192696928978,17081.50794067979
5535,2.193504810333252,0.7372485995292664,15477.386201739311,17082.245189279318
5536,2.10888934135437,0.8272498250007629,15479.495091080666,17083.07243910432
5537,1.8425500392913818,0.8672642111778259,15481.337641119957,17083.939703315496
5538,1.707082748413086,0.8086981773376465,15483.04472386837,17084.748401492834
5539,0.9165027737617493,1.5016251802444458,15483.961226642132,17086.25002667308
5540,1.7290551662445068,1.033177375793457,15485.690281808376,17087.283204048872
5541,1.7714773416519165,1.0521734952926636,15487.461759150028,17088.335377544165
5542,1.6425049304962158,0.6706666350364685,15489.104264080524,17089.0060441792
5543,1.790434718132019,1.0112789869308472,15490.894698798656,17090.017323166132
5544,1.659751534461975,0.9683497548103333,15492.554450333118,17090.985672920942
5545,1.9177042245864868,0.8637545108795166,15494.472154557705,17091.849427431822
5546,1.7707737684249878,0.931304931640625,15496.24292832613,17092.780732363462
5547,2.0236752033233643,1.1198512315750122,15498.266603529453,17093.900583595037
5548,2.4040958881378174,0.9119619131088257,15500.670699417591,17094.812545508146
5549,1.7303766012191772,0.6266141533851624,15502.40107601881,17095.43915966153
5550,1.8173013925552368,1.182997226715088,15504.218377411366,17096.622156888247
5551,2.070037364959717,0.6569978594779968,15506.288414776325,17097.279154747725
5552,1.5035326480865479,0.666252851486206,15507.791947424412,17097.94540759921
5553,1.3521089553833008,0.9392839074134827,15509.144056379795,17098.884691506624
5554,0.8635894060134888,2.620140314102173,15510.007645785809,17101.504831820726
5555,3.25527024269104,3.1945934295654297,15513.2629160285,17104.699425250292
5556,1.753207802772522,1.097984790802002,15515.016123831272,17105.797410041094
5557,1.9182904958724976,1.0648739337921143,15516.934414327145,17106.862283974886
5558,1.7333967685699463,0.8917840123176575,15518.667811095715,17107.754067987204
5559,1.696926474571228,1.1047561168670654,15520.364737570286,17108.85882410407
5560,1.8358044624328613,0.6979742050170898,15522.200542032719,17109.556798309088
5561,1.7746108770370483,0.7208395600318909,15523.975152909756,17110.27763786912
5562,2.4625847339630127,1.2263202667236328,15526.437737643719,17111.503958135843
5563,1.3291555643081665,0.7198143005371094,15527.766893208027,17112.22377243638
5564,1.7967935800552368,0.8906823396682739,15529.563686788082,17113.11445477605
5565,1.7792856693267822,0.8887819051742554,15531.342972457409,17114.003236681223
5566,0.591326117515564,2.190563201904297,15531.934298574924,17116.193799883127
5567,2.3548598289489746,1.8224701881408691,15534.289158403873,17118.016270071268
5568,1.1898796558380127,2.066405773162842,15535.479038059711,17120.08267584443
5569,1.5832171440124512,0.7689277529716492,15537.062255203724,17120.851603597403
5570,1.8955283164978027,0.6862441897392273,15538.957783520222,17121.53784778714
5571,2.2093801498413086,1.0573112964630127,15541.167163670063,17122.595159083605
5572,1.5301361083984375,0.7972412109375,15542.697299778461,17123.392400294542
5573,1.2973958253860474,0.5881259441375732,15543.994695603848,17123.98052623868
5574,1.545382022857666,0.7100833654403687,15545.540077626705,17124.69060960412
5575,2.6369423866271973,0.928404688835144,15548.177020013332,17125.619014292955
5576,1.6149544715881348,0.6489030718803406,15549.79197448492,17126.267917364836
5577,1.656574010848999,0.9581983089447021,15551.44854849577,17127.22611567378
5578,1.990879774093628,1.510473608970642,15553.439428269863,17128.73658928275
5579,1.6704188585281372,0.7296826839447021,15555.109847128391,17129.466271966696
5580,1.9869937896728516,0.7176852226257324,15557.096840918064,17130.18395718932
5581,1.843427062034607,1.5069122314453125,15558.940267980099,17131.690869420767
5582,1.9274470806121826,0.9952936768531799,15560.86771506071,17132.68616309762
5583,1.6067850589752197,0.6667374968528748,15562.474500119686,17133.352900594473
5584,1.4336013793945312,3.0543246269226074,15563.90810149908,17136.407225221395
5585,1.5946335792541504,0.722501277923584,15565.502735078335,17137.12972649932
5586,1.806108832359314,0.6039672493934631,15567.308843910694,17137.733693748713
5587,1.5659059286117554,0.9588746428489685,15568.874749839306,17138.69256839156
5588,1.5288395881652832,0.7688332200050354,15570.403589427471,17139.461401611567
5589,1.8327354192733765,0.848857045173645,15572.236324846745,17140.31025865674
5590,2.025791645050049,0.8955051302909851,15574.262116491795,17141.20576378703
5591,2.838977098464966,1.739984154701233,15577.10109359026,17142.945747941732
5592,1.8470649719238281,0.78920578956604,15578.948158562183,17143.7349537313
5593,1.7878555059432983,2.2925925254821777,15580.736014068127,17146.02754625678
5594,1.7769371271133423,1.2296184301376343,15582.51295119524,17147.25716468692
5595,1.70924711227417,0.9100939035415649,15584.222198307514,17148.16725859046
5596,2.5596189498901367,0.8107260465621948,15586.781817257404,17148.977984637022
5597,1.8617099523544312,1.0165905952453613,15588.643527209759,17149.994575232267
5598,1.7494986057281494,0.9405683279037476,15590.393025815487,17150.93514356017
5599,1.929005742073059,0.8483956456184387,15592.32203155756,17151.78353920579
5600,0.6947333216667175,2.0763964653015137,15593.016764879227,17153.85993567109
5601,1.6025103330612183,0.682576060295105,15594.619275212288,17154.542511731386
5602,1.5312994718551636,0.9314222931861877,15596.150574684143,17155.473934024572
5603,1.6418945789337158,0.5720809102058411,15597.792469263077,17156.04601493478
5604,1.7301838397979736,0.6898325085639954,15599.522653102875,17156.735847443342
5605,1.8321592807769775,0.8032749891281128,15601.354812383652,17157.53912243247
5606,1.8738694190979004,0.8336624503135681,15603.22868180275,17158.372784882784
5607,2.240892171859741,2.0590362548828125,15605.46957397461,17160.431821137667
5608,1.8586325645446777,0.874476969242096,15607.328206539154,17161.30629810691
5609,1.9350829124450684,0.5435633659362793,15609.2632894516,17161.849861472845
5610,2.053954601287842,0.6007224917411804,15611.317244052887,17162.450583964586
5611,2.2233874797821045,0.9093611240386963,15613.540631532669,17163.359945088625
5612,1.5026918649673462,0.6418866515159607,15615.043323397636,17164.00183174014
5613,0.9399311542510986,2.6996140480041504,15615.983254551888,17166.701445788145
5614,1.7615869045257568,1.0293018817901611,15617.744841456413,17167.730747669935
5615,1.8788970708847046,0.7024123072624207,15619.623738527298,17168.433159977198
5616,1.7983124256134033,0.831754744052887,15621.422050952911,17169.26491472125
5617,2.06984281539917,1.0916812419891357,15623.49189376831,17170.35659596324
5618,2.0701515674591064,1.039901614189148,15625.56204533577,17171.39649757743
5619,1.712472915649414,0.9448320865631104,15627.274518251419,17172.341329663992
5620,1.5612508058547974,0.7909661531448364,15628.835769057274,17173.132295817137
5621,1.6069005727767944,2.4118573665618896,15630.44266963005,17175.5441531837
5622,0.83740234375,1.2966440916061401,15631.2800719738,17176.840797275305
5623,2.0182459354400635,0.8858305215835571,15633.29831790924,17177.72662779689
5624,1.8806864023208618,0.660193145275116,15635.179004311562,17178.386820942163
5625,1.059203028678894,1.51739501953125,15636.23820734024,17179.904215961695
5626,1.1422497034072876,1.9562143087387085,15637.380457043648,17181.860430270433
5627,2.164431571960449,1.087592601776123,15639.544888615608,17182.94802287221
5628,2.2530243396759033,1.1898316144943237,15641.797912955284,17184.137854486704
5629,1.8761087656021118,0.9537885189056396,15643.674021720886,17185.09164300561
5630,2.4154860973358154,1.0807355642318726,15646.089507818222,17186.17237856984
5631,1.78675377368927,1.0551962852478027,15647.876261591911,17187.22757485509
5632,1.99534010887146,1.1759742498397827,15649.871601700783,17188.40354910493
5633,1.703578233718872,1.1028687953948975,15651.575179934502,17189.506417900324
5634,1.853240966796875,0.8380042910575867,15653.428420901299,17190.34442219138
5635,2.028113842010498,0.7338442802429199,15655.456534743309,17191.078266471624
5636,1.6452168226242065,0.8538609743118286,15657.101751565933,17191.932127445936
5637,1.569346308708191,1.185093641281128,15658.671097874641,17193.117221087217
5638,1.4537023305892944,1.3813000917434692,15660.12480020523,17194.49852117896
5639,2.071464776992798,0.5969670414924622,15662.196264982224,17195.095488220453
5640,2.2830402851104736,1.137975811958313,15664.479305267334,17196.23346403241
5641,1.6273125410079956,0.6899169087409973,15666.106617808342,17196.923380941153
5642,1.419181227684021,1.2230921983718872,15667.525799036026,17198.146473139524
5643,0.6829890608787537,1.8109359741210938,15668.208788096905,17199.957409113646
5644,1.8088260889053345,0.7189175486564636,15670.01761418581,17200.676326662302
5645,1.303043246269226,0.9044349789619446,15671.32065743208,17201.580761641264
5646,1.7366857528686523,0.6643711924552917,15673.057343184948,17202.24513283372
5647,1.4971096515655518,0.8204104900360107,15674.554452836514,17203.065543323755
5648,1.118679165840149,1.2402610778808594,15675.673132002354,17204.305804401636
5649,0.5603587031364441,1.367110013961792,15676.23349070549,17205.672914415598
5650,2.13806414604187,1.8527261018753052,15678.371554851532,17207.525640517473
5651,1.910542607307434,0.843144953250885,15680.28209745884,17208.368785470724
5652,1.5483027696609497,0.8235828280448914,15681.8304002285,17209.19236829877
5653,1.9767650365829468,0.8537021279335022,15683.807165265083,17210.046070426702
5654,1.750562071800232,1.3053408861160278,15685.557727336884,17211.35141131282
5655,2.219684362411499,0.76850825548172,15687.777411699295,17212.1199195683
5656,1.7752444744110107,1.2775095701217651,15689.552656173706,17213.397429138422
5657,2.521577835083008,1.215250015258789,15692.074234008789,17214.61267915368
5658,0.9119543433189392,2.168212890625,15692.986188352108,17216.780892044306
5659,1.9161301851272583,1.0783491134643555,15694.902318537235,17217.85924115777
5660,2.1698262691497803,1.0248111486434937,15697.072144806385,17218.884052306414
5661,1.8231807947158813,0.8392086029052734,15698.895325601101,17219.72326090932
5662,1.8807408809661865,0.9744850397109985,15700.776066482067,17220.69774594903
5663,1.94069242477417,1.0069941282272339,15702.716758906841,17221.704740077257
5664,1.7896806001663208,0.8663057684898376,15704.506439507008,17222.571045845747
5665,1.9542368650436401,0.6673404574394226,15706.460676372051,17223.238386303186
5666,2.238980770111084,0.6734221577644348,15708.699657142162,17223.91180846095
5667,1.7459388971328735,0.5409327149391174,15710.445596039295,17224.45274117589
5668,1.8299750089645386,0.98253333568573,15712.27557104826,17225.435274511576
5669,1.0493195056915283,3.584904432296753,15713.324890553951,17229.020178943872
5670,1.3837217092514038,2.315524101257324,15714.708612263203,17231.33570304513
5671,2.4053750038146973,1.0483670234680176,15717.113987267017,17232.384070068598
5672,1.7346174716949463,0.7737353444099426,15718.848604738712,17233.157805413008
5673,0.7703984379768372,0.8373460173606873,15719.61900317669,17233.99515143037
5674,1.7230817079544067,0.8357189297676086,15721.342084884644,17234.830870360136
5675,1.7857767343521118,0.8298473954200745,15723.127861618996,17235.660717755556
5676,2.0744221210479736,0.8835965991020203,15725.202283740044,17236.544314354658
5677,1.3166991472244263,0.6641795039176941,15726.518982887268,17237.208493858576
5678,1.7870864868164062,0.7482672333717346,15728.306069374084,17237.956761091948
5679,1.7633105516433716,0.7888289093971252,15730.069379925728,17238.745590001345
5680,1.71961510181427,1.1743242740631104,15731.788995027542,17239.919914275408
5681,1.6175562143325806,0.8536598682403564,15733.406551241875,17240.773574143648
5682,1.8088656663894653,1.1838593482971191,15735.215416908264,17241.957433491945
5683,2.0288660526275635,0.7734214663505554,15737.244282960892,17242.730854958296
5684,0.8762693405151367,2.0185494422912598,15738.120552301407,17244.749404400587
5685,0.8877711296081543,1.3033326864242554,15739.008323431015,17246.05273708701
5686,1.8687316179275513,0.8486214280128479,15740.877055048943,17246.901358515024
5687,0.48512372374534607,2.2941229343414307,15741.362178772688,17249.195481449366
5688,3.447066068649292,1.0552806854248047,15744.809244841337,17250.25076213479
5689,1.7420883178710938,0.8081145286560059,15746.551333159208,17251.058876663446
5690,1.3361408710479736,1.0333538055419922,15747.887474030256,17252.09223046899
5691,1.8244026899337769,0.7948921918869019,15749.71187672019,17252.887122660875
5692,1.650886058807373,1.4626389741897583,15751.362762778997,17254.349761635065
5693,1.7419307231903076,0.8381785154342651,15753.104693502188,17255.1879401505
5694,1.5960615873336792,0.6675056219100952,15754.700755089521,17255.85544577241
5695,1.7552863359451294,0.7857477068901062,15756.456041425467,17256.6411934793
5696,0.8553718328475952,2.430537700653076,15757.311413258314,17259.071731179953
5697,1.871475338935852,0.5907800197601318,15759.18288859725,17259.662511199713
5698,1.593894362449646,0.5860300064086914,15760.7767829597,17260.24854120612
5699,2.151477813720703,0.9941215515136719,15762.92826077342,17261.242662757635
5700,1.9650624990463257,1.2368031740188599,15764.893323272467,17262.479465931654
5701,1.731421709060669,0.7816000580787659,15766.624744981527,17263.261065989733
5702,1.6558425426483154,0.8543860912322998,15768.280587524176,17264.115452080965
5703,0.8687190413475037,1.8511415719985962,15769.149306565523,17265.966593652964
5704,2.3212647438049316,1.1520788669586182,15771.470571309328,17267.118672519922
5705,1.8699073791503906,0.8656154870986938,15773.340478688478,17267.98428800702
5706,0.4949491322040558,1.5069559812545776,15773.835427820683,17269.491243988276
5707,1.6986323595046997,0.7322626709938049,15775.534060180187,17270.22350665927
5708,1.3448677062988281,1.9264403581619263,15776.878927886486,17272.14994701743
5709,1.8632298707962036,0.6121774315834045,15778.742157757282,17272.762124449015
5710,1.8879355192184448,0.7927917838096619,15780.6300932765,17273.554916232824
5711,2.2437777519226074,1.405843734741211,15782.873871028423,17274.960759967566
5712,1.459280014038086,0.7747330665588379,15784.333151042461,17275.735493034124
5713,1.5457369089126587,0.7615255117416382,15785.878887951374,17276.497018545866
5714,0.7837772965431213,1.3878694772720337,15786.662665247917,17277.884888023138
5715,1.5885530710220337,0.8397811651229858,15788.25121831894,17278.72466918826
5716,1.8017758131027222,0.9409387111663818,15790.052994132042,17279.665607899427
5717,1.605353593826294,0.757774293422699,15791.658347725868,17280.42338219285
5718,1.9072140455245972,0.7939446568489075,15793.565561771393,17281.2173268497
5719,1.9472256898880005,1.008449912071228,15795.51278746128,17282.22577676177
5720,0.6935319900512695,1.4672428369522095,15796.206319451332,17283.693019598722
5721,2.034111738204956,0.8243399262428284,15798.240431189537,17284.517359524965
5722,1.7978649139404297,0.8440977931022644,15800.038296103477,17285.361457318068
5723,2.7874796390533447,1.615138053894043,15802.82577574253,17286.97659537196
5724,2.0886504650115967,1.1690648794174194,15804.914426207542,17288.14566025138
5725,1.8381984233856201,0.8839986324310303,15806.752624630928,17289.02965888381
5726,2.1393303871154785,0.9705775380134583,15808.891955018044,17290.000236421824
5727,1.0577490329742432,1.4483261108398438,15809.949704051018,17291.448562532663
5728,2.0379130840301514,0.9525488615036011,15811.987617135048,17292.401111394167
5729,1.8948404788970947,1.0355477333068848,15813.882457613945,17293.436659127474
5730,1.6232391595840454,0.6766383647918701,15815.505696773529,17294.113297492266
5731,1.906081199645996,0.7298245429992676,15817.411777973175,17294.843122035265
5732,2.0867514610290527,1.0148377418518066,15819.498529434204,17295.857959777117
5733,1.5841981172561646,0.7646457552909851,15821.08272755146,17296.622605532408
5734,1.7986661195755005,1.1861703395843506,15822.881393671036,17297.808775871992
5735,0.6451684832572937,1.436761736869812,15823.526562154293,17299.245537608862
5736,2.3643405437469482,0.9493359923362732,15825.89090269804,17300.1948736012
5737,1.6404433250427246,0.7402262091636658,15827.531346023083,17300.935099810362
5738,1.5844917297363281,0.6890215277671814,15829.115837752819,17301.62412133813
5739,1.9784601926803589,0.7793707847595215,15831.0942979455,17302.40349212289
5740,1.697879433631897,0.7052215337753296,15832.792177379131,17303.108713656664
5741,1.81106698513031,0.9706103801727295,15834.603244364262,17304.079324036837
5742,1.448747158050537,0.6115198135375977,15836.051991522312,17304.690843850374
5743,1.778244972229004,0.7680622935295105,15837.830236494541,17305.458906143904
5744,1.9175684452056885,0.789476215839386,15839.747804939747,17306.248382359743
5745,1.5827871561050415,0.8626318573951721,15841.330592095852,17307.11101421714
5746,1.4779977798461914,0.9096128940582275,15842.808589875698,17308.020627111197
5747,1.5886484384536743,1.001308560371399,15844.397238314152,17309.021935671568
5748,1.9046630859375,1.0414360761642456,15846.30190140009,17310.063371747732
5749,1.9835971593856812,1.38478684425354,15848.285498559475,17311.448158591986
5750,2.360633611679077,0.6592574119567871,15850.646132171154,17312.107416003942
5751,1.416414737701416,0.8176342844963074,15852.062546908855,17312.92505028844
5752,1.7096315622329712,0.6768519878387451,15853.772178471088,17313.601902276278
5753,1.9257630109786987,0.5830342769622803,15855.697941482067,17314.18493655324
5754,1.9118605852127075,0.8055081367492676,15857.60980206728,17314.99044468999
5755,1.7256412506103516,1.338724136352539,15859.33544331789,17316.32916882634
5756,1.557477355003357,1.3672959804534912,15860.892920672894,17317.696464806795
5757,1.7756459712982178,0.9823716878890991,15862.668566644192,17318.678836494684
5758,1.6744513511657715,0.7689841985702515,15864.343017995358,17319.447820693254
5759,1.8696588277816772,0.7735337018966675,15866.21267682314,17320.22135439515
5760,1.7657272815704346,0.8142403960227966,15867.97840410471,17321.035594791174
5761,1.6637588739395142,1.0207504034042358,15869.64216297865,17322.056345194578
5762,1.8616129159927368,0.6596571803092957,15871.503775894642,17322.716002374887
5763,1.9041519165039062,1.0293586254119873,15873.407927811146,17323.7453610003
5764,1.8980262279510498,0.8683411478996277,15875.305954039097,17324.6137021482
5765,2.2772111892700195,1.6232784986495972,15877.583165228367,17326.23698064685
5766,1.7982929944992065,0.9441770315170288,15879.381458222866,17327.181157678366
5767,1.872703194618225,0.6391811966896057,15881.254161417484,17327.820338875055
5768,1.990182876586914,1.0870201587677002,15883.244344294071,17328.907359033823
5769,1.8013848066329956,0.5677773952484131,15885.045729100704,17329.47513642907
5770,1.5490715503692627,0.8685081601142883,15886.594800651073,17330.343644589186
5771,2.1445119380950928,1.637805700302124,15888.739312589169,17331.981450289488
5772,1.6083486080169678,0.7495474815368652,15890.347661197186,17332.730997771025
5773,1.2493488788604736,0.9200308918952942,15891.597010076046,17333.65102866292
5774,1.8670709133148193,1.1871320009231567,15893.46408098936,17334.838160663843
5775,1.61640465259552,0.8324357271194458,15895.080485641956,17335.670596390963
5776,1.8970859050750732,0.590971827507019,15896.977571547031,17336.26156821847
5777,1.896285057067871,0.8027884364128113,15898.8738566041,17337.064356654882
5778,1.816970944404602,0.8544588685035706,15900.690827548504,17337.918815523386
5779,1.5233546495437622,0.673774242401123,15902.214182198048,17338.592589765787
5780,1.9372271299362183,0.9587690830230713,15904.151409327984,17339.55135884881
5781,2.0951149463653564,0.9692654013633728,15906.24652427435,17340.520624250174
5782,2.1263763904571533,0.9805106520652771,15908.372900664806,17341.50113490224
5783,1.7448831796646118,3.449538469314575,15910.117783844471,17344.950673371553
5784,0.9900720119476318,1.3651751279830933,15911.107855856419,17346.315848499537
5785,2.0927858352661133,1.1037540435791016,15913.200641691685,17347.419602543116
5786,1.834978699684143,0.8380076289176941,15915.035620391369,17348.257610172033
5787,1.6164582967758179,1.0171592235565186,15916.652078688145,17349.27476939559
5788,1.7395055294036865,0.6913613677024841,15918.391584217548,17349.966130763292
5789,2.1870689392089844,0.6071820855140686,15920.578653156757,17350.573312848806
5790,1.7607102394104004,0.9540876150131226,15922.339363396168,17351.52740046382
5791,1.9648545980453491,0.7623099088668823,15924.304217994213,17352.289710372686
5792,1.7276031970977783,0.8880864977836609,15926.03182119131,17353.17779687047
5793,0.7577753067016602,1.645821452140808,15926.789596498013,17354.82361832261
5794,1.9394346475601196,0.7331934571266174,15928.729031145573,17355.556811779737
5795,0.7836156487464905,2.7384750843048096,15929.51264679432,17358.295286864042
5796,1.8369386196136475,0.8544303178787231,15931.349585413933,17359.14971718192
5797,1.8318681716918945,0.7313574552536011,15933.181453585625,17359.881074637175
5798,1.8455898761749268,0.9930489659309387,15935.0270434618,17360.874123603106
5799,1.853154182434082,0.8384228348731995,15936.880197644234,17361.71254643798
5800,1.8211027383804321,0.8865038752555847,15938.701300382614,17362.599050313234
5801,1.5820797681808472,0.6517544388771057,15940.283380150795,17363.25080475211
5802,1.8341398239135742,0.6412005424499512,15942.117519974709,17363.89200529456
5803,1.4891201257705688,0.8744788765907288,15943.60664010048,17364.766484171152
5804,1.8076997995376587,0.8895391821861267,15945.414339900017,17365.65602335334
5805,1.5919458866119385,1.0749448537826538,15947.006285786629,17366.73096820712
5806,1.6381165981292725,0.6021913290023804,15948.644402384758,17367.333159536123
5807,1.6296501159667969,0.8392780423164368,15950.274052500725,17368.17243757844
5808,1.5283421277999878,0.815753698348999,15951.802394628525,17368.98819127679
5809,1.205793023109436,1.2832990884780884,15953.008187651634,17370.271490365267
5810,1.6960126161575317,0.8511196970939636,15954.704200267792,17371.12261006236
5811,1.762123465538025,0.8142191767692566,15956.46632373333,17371.93682923913
5812,1.8501091003417969,0.8731154799461365,15958.316432833672,17372.809944719076
5813,1.2337051630020142,2.248849391937256,15959.550137996674,17375.058794111013
5814,1.5569454431533813,0.8937505483627319,15961.107083439827,17375.952544659376
5815,1.7247343063354492,0.9865512251853943,15962.831817746162,17376.93909588456
5816,1.8896414041519165,0.8518441319465637,15964.721459150314,17377.790940016508
5817,2.1247403621673584,1.2545946836471558,15966.846199512482,17379.045534700155
5818,1.7945879697799683,0.6153076887130737,15968.640787482262,17379.66084238887
5819,1.9848679304122925,1.038784146308899,15970.625655412674,17380.699626535177
5820,1.726354718208313,0.9379724860191345,15972.352010130882,17381.637599021196
5821,1.7976471185684204,1.0955634117126465,15974.14965724945,17382.73316243291
5822,1.7173576354980469,0.8614091277122498,15975.867014884949,17383.59457156062
5823,2.0009336471557617,0.818093478679657,15977.867948532104,17384.4126650393
5824,1.6834990978240967,0.6922057867050171,15979.551447629929,17385.104870826006
5825,2.126448631286621,0.7089800834655762,15981.677896261215,17385.81385090947
5826,1.237249493598938,1.925971508026123,15982.915145754814,17387.739822417498
5827,0.5951687097549438,1.7937523126602173,15983.51031446457,17389.533574730158
5828,1.8145018815994263,0.6960219740867615,15985.324816346169,17390.229596704245
5829,1.7411504983901978,0.9634740352630615,15987.065966844559,17391.193070739508
5830,1.9571223258972168,1.0700271129608154,15989.023089170456,17392.26309785247
5831,1.4881597757339478,0.8321273326873779,15990.51124894619,17393.095225185156
5832,2.0143065452575684,0.9689022898674011,15992.525555491447,17394.064127475023
5833,2.710188388824463,1.1277536153793335,15995.235743880272,17395.191881090403
5834,1.9895883798599243,0.7216721773147583,15997.225332260132,17395.913553267717
5835,1.743129014968872,1.1491831541061401,15998.9684612751,17397.062736421824
5836,1.4536316394805908,0.8425979018211365,16000.422092914581,17397.905334323645
5837,1.834079384803772,0.6933221220970154,16002.256172299385,17398.59865644574
5838,1.5814801454544067,0.8093450665473938,16003.83765244484,17399.40800151229
5839,1.7176587581634521,0.8812554478645325,16005.555311203003,17400.289256960154
5840,1.7566332817077637,0.991016149520874,16007.31194448471,17401.280273109674
5841,0.5941815972328186,1.547271728515625,16007.906126081944,17402.82754483819
5842,1.7987016439437866,0.8580378890037537,16009.704827725887,17403.685582727194
5843,1.8669730424880981,0.8435781598091125,16011.571800768375,17404.529160887003
5844,1.675026297569275,0.9484177827835083,16013.246827065945,17405.477578669786
5845,1.6227138042449951,0.8292686343193054,16014.86954087019,17406.306847304106
5846,2.0411276817321777,0.9703195691108704,16016.910668551922,17407.277166873217
5847,1.4872567653656006,0.6816643476486206,16018.397925317287,17407.958831220865
5848,1.4774061441421509,1.1330592632293701,16019.87533146143,17409.091890484095
5849,1.7840873003005981,0.9097581505775452,16021.65941876173,17410.001648634672
5850,1.6696512699127197,0.5395363569259644,16023.329070031643,17410.541184991598
5851,1.8433748483657837,0.9266951084136963,16025.172444880009,17411.467880100012
5852,2.0463218688964844,1.0544430017471313,16027.218766748905,17412.52232310176
5853,1.8182282447814941,0.7982560396194458,16029.036994993687,17413.32057914138
5854,1.8198819160461426,1.1658556461334229,16030.856876909733,17414.486434787512
5855,0.6537152528762817,2.944937229156494,16031.51059216261,17417.43137201667
5856,1.7004883289337158,0.8625981211662292,16033.211080491543,17418.293970137835
5857,0.8132146000862122,1.888863205909729,16034.024295091629,17420.182833343744
5858,1.620638370513916,0.7844091057777405,16035.644933462143,17420.967242449522
5859,1.7038466930389404,0.8371707201004028,16037.348780155182,17421.804413169622
5860,2.121375560760498,0.8180722594261169,16039.470155715942,17422.62248542905
5861,1.734311580657959,0.5386180877685547,16041.2044672966,17423.161103516817
5862,1.5480149984359741,0.8960446715354919,16042.752482295036,17424.057148188353
5863,1.6291329860687256,0.8913570046424866,16044.381615281105,17424.948505192995
5864,2.023244857788086,1.0012906789779663,16046.404860138893,17425.949795871973
5865,2.2756943702697754,0.8129633069038391,16048.680554509163,17426.762759178877
5866,1.6647214889526367,0.6622957587242126,16050.345275998116,17427.4250549376
5867,1.5908174514770508,0.7007385492324829,16051.936093449593,17428.125793486834
5868,1.741043210029602,0.6178116798400879,16053.677136659622,17428.743605166674
5869,1.5876635313034058,0.6624254584312439,16055.264800190926,17429.406030625105
5870,1.3613015413284302,2.053016424179077,16056.626101732254,17431.459047049284
5871,1.944676160812378,1.0624374151229858,16058.570777893066,17432.521484464407
5872,2.066772222518921,1.050561547279358,16060.637550115585,17433.572046011686
5873,2.053982973098755,1.076099157333374,16062.691533088684,17434.64814516902
5874,1.6373963356018066,0.9402253031730652,16064.328929424286,17435.588370472193
5875,1.9045161008834839,1.1213821172714233,16066.23344552517,17436.709752589464
5876,2.000617742538452,0.9173913598060608,16068.234063267708,17437.62714394927
5877,1.6226176023483276,0.8198953866958618,16069.856680870056,17438.447039335966
5878,1.8187367916107178,0.801479160785675,16071.675417661667,17439.24851849675
5879,1.81460440158844,1.0922162532806396,16073.490022063255,17440.340734750032
5880,1.6292115449905396,1.0240187644958496,16075.119233608246,17441.36475351453
5881,1.64816415309906,0.7695819139480591,16076.767397761345,17442.134335428476
5882,1.9880083799362183,1.9352355003356934,16078.755406141281,17444.069570928812
5883,1.4221655130386353,0.6914101839065552,16080.17757165432,17444.76098111272
5884,1.783192753791809,0.6939007639884949,16081.960764408112,17445.454881876707
5885,1.8798929452896118,0.7130357623100281,16083.840657353401,17446.167917639017
5886,1.565577745437622,0.6861329078674316,16085.406235098839,17446.854050546885
5887,1.254101276397705,0.8863168358802795,16086.660336375237,17447.740367382765
5888,1.5396108627319336,0.648313581943512,16088.199947237968,17448.38868096471
5889,1.4689021110534668,0.9110276699066162,16089.668849349022,17449.299708634615
5890,0.7955635190010071,1.511614441871643,16090.464412868023,17450.811323076487
5891,1.703906536102295,0.9521222710609436,16092.168319404125,17451.763445347548
5892,1.9528669118881226,0.7511315941810608,16094.121186316013,17452.51457694173
5893,1.7173523902893066,0.7000334858894348,16095.838538706303,17453.214610427618
5894,1.8673559427261353,0.6713321805000305,16097.705894649029,17453.885942608118
5895,1.5783488750457764,3.61590838432312,16099.284243524075,17457.50185099244
5896,1.6016570329666138,0.9887847900390625,16100.885900557041,17458.49063578248
5897,1.510741114616394,1.0562230348587036,16102.396641671658,17459.54685881734
5898,1.9758955240249634,0.7009490132331848,16104.372537195683,17460.247807830572
5899,1.6030259132385254,0.8547021746635437,16105.975563108921,17461.102510005236
5900,1.4890575408935547,1.1559194326400757,16107.464620649815,17462.258429437876
5901,1.518831729888916,0.6036645174026489,16108.983452379704,17462.86209395528
5902,1.8904154300689697,0.9002567529678345,16110.873867809772,17463.762350708246
5903,1.5740197896957397,0.7620103359222412,16112.447887599468,17464.52436104417
5904,1.8241022825241089,1.6407055854797363,16114.271989881992,17466.16506662965
5905,1.5162805318832397,2.2320055961608887,16115.788270413876,17468.39707222581
5906,1.9491158723831177,0.7599560022354126,16117.737386286259,17469.157028228045
5907,1.3772166967391968,0.8496373891830444,16119.114602982998,17470.006665617228
5908,1.881844401359558,0.9206358194351196,16120.996447384357,17470.927301436663
5909,1.8840893507003784,1.0365961790084839,16122.880536735058,17471.96389761567
5910,1.9397716522216797,1.190069556236267,16124.82030838728,17473.153967171907
5911,1.8739235401153564,0.6298372149467468,16126.694231927395,17473.783804386854
5912,1.7769973278045654,0.8773420453071594,16128.4712292552,17474.66114643216
5913,1.6245533227920532,0.6592972874641418,16130.095782577991,17475.320443719625
5914,1.677310824394226,0.8821689486503601,16131.773093402386,17476.202612668276
5915,1.724077820777893,0.8537947535514832,16133.497171223164,17477.056407421827
5916,1.8640694618225098,0.9276710748672485,16135.361240684986,17477.984078496695
5917,1.797620177268982,0.9732723236083984,16137.158860862255,17478.957350820303
5918,1.6442193984985352,0.7954344153404236,16138.803080260754,17479.752785235643
5919,2.2753500938415527,1.4300909042358398,16141.078430354595,17481.18287613988
5920,0.9602801203727722,1.4074565172195435,16142.038710474968,17482.5903326571
5921,1.8714624643325806,0.6868102550506592,16143.9101729393,17483.27714291215
5922,1.9653114080429077,0.8539921045303345,16145.875484347343,17484.13113501668
5923,1.5717469453811646,0.8237085342407227,16147.447231292725,17484.95484355092
5924,2.062525749206543,0.8442806601524353,16149.509757041931,17485.799124211073
5925,1.3593881130218506,0.8875353932380676,16150.869145154953,17486.68665960431
5926,1.5808188915252686,1.6506187915802002,16152.449964046478,17488.33727839589
5927,1.9523423910140991,0.9809390902519226,16154.402306437492,17489.318217486143
5928,1.850790023803711,1.0073153972625732,16156.253096461296,17490.325532883406
5929,1.5630944967269897,0.9724381566047668,16157.816190958023,17491.29797104001
5930,1.656713843345642,0.7967779636383057,16159.472904801369,17492.09474900365
5931,2.2723517417907715,1.2401179075241089,16161.74525654316,17493.334866911173
5932,1.811677098274231,0.6940869092941284,16163.556933641434,17494.028953820467
5933,1.7845327854156494,0.6597867608070374,16165.34146642685,17494.688740581274
5934,1.8018884658813477,0.8845652937889099,16167.14335489273,17495.573305875063
5935,1.0241835117340088,1.3158507347106934,16168.167538404465,17496.889156609774
5936,1.708901286125183,0.8299748301506042,16169.87643969059,17497.719131439924
5937,1.6282987594604492,0.8227338194847107,16171.50473845005,17498.54186525941
5938,1.8552398681640625,0.7515612840652466,16173.359978318214,17499.293426543474
5939,1.7747422456741333,1.0069018602371216,16175.134720563889,17500.30032840371
5940,1.6422743797302246,0.8568057417869568,16176.776994943619,17501.1571341455
5941,0.903363823890686,1.5157864093780518,16177.68035876751,17502.672920554876
5942,2.03814959526062,1.1533904075622559,16179.71850836277,17503.82631096244
5943,1.7835030555725098,1.0455955266952515,16181.502011418343,17504.871906489134
5944,1.817101240158081,0.8435949683189392,16183.3191126585,17505.715501457453
5945,1.7513387203216553,0.8685210347175598,16185.070451378822,17506.58402249217
5946,1.605046272277832,0.7519487142562866,16186.6754976511,17507.335971206427
5947,2.0049004554748535,0.6037878394126892,16188.680398106575,17507.93975904584
5948,1.7863664627075195,0.9669431447982788,16190.466764569283,17508.906702190638
5949,1.6497881412506104,0.6620073318481445,16192.116552710533,17509.568709522486
5950,1.8730448484420776,1.1542867422103882,16193.989597558975,17510.722996264696
5951,1.789367437362671,0.6915628910064697,16195.778964996338,17511.414559155703
5952,1.767179012298584,0.962734580039978,16197.546144008636,17512.377293735743
5953,1.8107787370681763,0.981325089931488,16199.356922745705,17513.358618825674
5954,1.829518437385559,0.8901898264884949,16201.18644118309,17514.248808652163
5955,1.771520733833313,1.3352711200714111,16202.957961916924,17515.584079772234
5956,1.782642126083374,0.7917190790176392,16204.740604043007,17516.37579885125
5957,2.0089492797851562,0.9902031421661377,16206.749553322792,17517.366001993418
5958,2.118809700012207,0.5749827027320862,16208.868363022804,17517.94098469615
5959,2.2455663681030273,1.215912938117981,16211.113929390907,17519.156897634268
5960,1.7700368165969849,0.7634706497192383,16212.883966207504,17519.920368283987
5961,1.8250938653945923,0.8500353097915649,16214.709060072899,17520.77040359378
5962,1.8242812156677246,0.7027091383934021,16216.533341288567,17521.473112732172
5963,1.8592207431793213,0.9127088785171509,16218.392562031746,17522.38582161069
5964,0.8085964322090149,3.418536424636841,16219.201158463955,17525.804358035326
5965,1.627898097038269,0.9479930996894836,16220.829056560993,17526.752351135015
5966,1.640329122543335,1.1588269472122192,16222.469385683537,17527.911178082228
5967,2.253159761428833,1.092756986618042,16224.722545444965,17529.003935068846
5968,1.5563068389892578,1.033569097518921,16226.278852283955,17530.037504166365
5969,1.7257699966430664,0.6581971049308777,16228.004622280598,17530.695701271296
5970,2.01886248588562,0.6473160982131958,16230.023484766483,17531.34301736951
5971,2.137223958969116,3.0380051136016846,16232.160708725452,17534.38102248311
5972,1.7822961807250977,0.8844454884529114,16233.943004906178,17535.265467971563
5973,1.7306041717529297,0.7730075120925903,16235.67360907793,17536.038475483656
5974,1.5419588088989258,0.9845644235610962,16237.21556788683,17537.023039907217
5975,1.6612348556518555,0.8052535653114319,16238.876802742481,17537.82829347253
5976,1.6418780088424683,0.7972120642662048,16240.518680751324,17538.625505536795
5977,1.6690287590026855,0.8958204984664917,16242.187709510326,17539.52132603526
5978,1.6927533149719238,0.7598587274551392,16243.880462825298,17540.281184762716
5979,1.8269503116607666,0.8477367162704468,16245.707413136959,17541.128921478987
5980,1.8535048961639404,0.9832761883735657,16247.560918033123,17542.11219766736
5981,1.6654385328292847,0.7350133657455444,16249.226356565952,17542.847211033106
5982,1.84364914894104,0.8085256218910217,16251.070005714893,17543.655736654997
5983,2.216201066970825,1.3536432981491089,16253.286206781864,17545.009379953146
5984,1.3850996494293213,0.7866018414497375,16254.671306431293,17545.795981794596
5985,2.3047232627868652,0.8375869393348694,16256.97602969408,17546.63356873393
5986,1.0160787105560303,2.8232381343841553,16257.992108404636,17549.456806868315
5987,1.6985522508621216,0.7847719788551331,16259.690660655499,17550.24157884717
5988,1.5737775564193726,0.8393399119377136,16261.264438211918,17551.080918759108
5989,1.7826237678527832,0.8436322212219238,16263.04706197977,17551.92455098033
5990,1.3589355945587158,0.7675039768218994,16264.40599757433,17552.69205495715
5991,1.486506700515747,0.9031952619552612,16265.892504274845,17553.595250219107
5992,1.9270379543304443,0.7665113210678101,16267.819542229176,17554.361761540174
5993,1.7080464363098145,0.8067752718925476,16269.527588665485,17555.168536812067
5994,1.6847959756851196,0.7790461182594299,16271.21238464117,17555.947582930326
5995,1.7347583770751953,0.5994264483451843,16272.947143018246,17556.54700937867
5996,1.9903887510299683,1.0376689434051514,16274.937531769276,17557.584678322077
5997,1.7235411405563354,0.7506434917449951,16276.661072909832,17558.33532181382
5998,1.989530324935913,0.8240873217582703,16278.650603234768,17559.15940913558
5999,1.7748140096664429,1.1066582202911377,16280.425417244434,17560.26606735587
6000,1.8196684122085571,0.8228830099105835,16282.245085656643,17561.08895036578
6001,1.950447678565979,0.9847675561904907,16284.195533335209,17562.073717921972
6002,1.480786681175232,0.8489305973052979,16285.676320016384,17562.922648519278
6003,2.119174003601074,0.7574543952941895,16287.795494019985,17563.68010291457
6004,2.206122636795044,1.2981995344161987,16290.00161665678,17564.978302448988
6005,1.316505789756775,0.8651089668273926,16291.318122446537,17565.843411415815
6006,1.7494139671325684,1.1390668153762817,16293.06753641367,17566.98247823119
6007,2.3599023818969727,0.8040673732757568,16295.427438795567,17567.786545604467
6008,1.5245094299316406,0.7308452129364014,16296.951948225498,17568.517390817404
6009,1.7168054580688477,0.8308161497116089,16298.668753683567,17569.348206967115
6010,1.8651907444000244,1.2737228870391846,16300.533944427967,17570.621929854155
6011,1.7827566862106323,0.7138105630874634,16302.316701114178,17571.335740417242
6012,1.742246389389038,0.7544863820075989,16304.058947503567,17572.09022679925
6013,1.707123041152954,0.7102713584899902,16305.76607054472,17572.80049815774
6014,1.5970557928085327,0.7059463262557983,16307.363126337528,17573.506444483995
6015,1.6159181594848633,0.717987060546875,16308.979044497013,17574.224431544542
6016,1.5220743417739868,0.679706335067749,16310.501118838787,17574.90413787961
6017,0.5649954676628113,2.0090091228485107,16311.06611430645,17576.91314700246
6018,1.1190565824508667,1.7879656553268433,16312.1851708889,17578.701112657785
6019,1.8863121271133423,1.079136848449707,16314.071483016014,17579.780249506235
6020,1.850771188735962,0.8492780327796936,16315.92225420475,17580.629527539015
6021,2.303083658218384,0.8981325626373291,16318.225337862968,17581.527660101652
6022,1.8355228900909424,1.0432178974151611,16320.06086075306,17582.570877999067
6023,2.305253267288208,1.0586845874786377,16322.366114020348,17583.629562586546
6024,1.3897786140441895,0.5819295048713684,16323.755892634392,17584.211492091417
6025,1.941897988319397,0.6464571356773376,16325.697790622711,17584.857949227095
6026,1.845526099205017,0.7524012327194214,16327.543316721916,17585.610350459814
6027,1.4964287281036377,0.979458212852478,16329.03974545002,17586.589808672667
6028,1.4069119691848755,1.479128360748291,16330.446657419205,17588.068937033415
6029,2.0995583534240723,0.5361688137054443,16332.546215772629,17588.60510584712
6030,1.384006142616272,0.5365844964981079,16333.930221915245,17589.14169034362
6031,1.637617826461792,0.7789341807365417,16335.567839741707,17589.920624524355
6032,1.877493143081665,0.9248172640800476,16337.445332884789,17590.845441788435
6033,1.6589527130126953,0.6595277786254883,16339.104285597801,17591.50496956706
6034,2.5604519844055176,1.222622036933899,16341.664737582207,17592.727591603994
6035,1.4501436948776245,0.7052918672561646,16343.114881277084,17593.43288347125
6036,1.7686872482299805,0.743289053440094,16344.883568525314,17594.17617252469
6037,1.6360756158828735,0.6206057071685791,16346.519644141197,17594.79677823186
6038,1.6507365703582764,0.753593921661377,16348.170380711555,17595.55037215352
6039,1.9734350442886353,0.8126929998397827,16350.143815755844,17596.36306515336
6040,1.8705633878707886,1.3566151857376099,16352.014379143715,17597.719680339098
6041,1.9503333568572998,0.638721227645874,16353.964712500572,17598.358401566744
6042,1.8851242065429688,0.7451116442680359,16355.849836707115,17599.103513211012
6043,1.7021899223327637,0.808528482913971,16357.552026629448,17599.912041693926
6044,1.8089569807052612,0.7683128118515015,16359.360983610153,17600.680354505777
6045,1.7389156818389893,0.9737972617149353,16361.099899291992,17601.654151767492
6046,0.9096944332122803,1.466536521911621,16362.009593725204,17603.120688289404
6047,1.4561209678649902,2.0559279918670654,16363.46571469307,17605.17661628127
6048,1.8178930282592773,0.8814584016799927,16365.283607721329,17606.05807468295
6049,0.7184678316116333,1.3946247100830078,16366.00207555294,17607.452699393034
6050,2.014024496078491,0.9655773639678955,16368.016100049019,17608.418276757002
6051,1.7278984785079956,1.0502184629440308,16369.743998527527,17609.468495219946
6052,1.6063296794891357,0.7724355459213257,16371.350328207016,17610.240930765867
6053,2.003178834915161,1.6268235445022583,16373.353507041931,17611.86775431037
6054,0.8891386985778809,2.0178213119506836,16374.242645740509,17613.88557562232
6055,2.2474982738494873,1.0106598138809204,16376.490144014359,17614.8962354362
6056,1.8703261613845825,0.9438837766647339,16378.360470175743,17615.840119212866
6057,2.6055121421813965,2.9284656047821045,16380.965982317924,17618.768584817648
6058,1.5982012748718262,1.047676682472229,16382.564183592796,17619.81626150012
6059,1.83036208152771,0.7059677243232727,16384.394545674324,17620.522229224443
6060,2.013991117477417,0.9071753025054932,16386.4085367918,17621.42940452695
6061,2.043917417526245,1.1280717849731445,16388.452454209328,17622.557476311922
6062,1.7564433813095093,0.8691200017929077,16390.208897590637,17623.426596313715
6063,2.2275595664978027,0.7254212498664856,16392.436457157135,17624.15201756358
6064,2.139580488204956,1.2204718589782715,16394.57603764534,17625.37248942256
6065,2.0811262130737305,0.8587360382080078,16396.657163858414,17626.231225460768
6066,1.9992960691452026,0.8847977519035339,16398.65645992756,17627.11602321267
6067,2.03884220123291,1.1701537370681763,16400.69530212879,17628.28617694974
6068,1.5107063055038452,1.0749133825302124,16402.206008434296,17629.36109033227
6069,1.4126319885253906,1.9333374500274658,16403.61864042282,17631.294427782297
6070,1.7956962585449219,0.7315323948860168,16405.414336681366,17632.025960177183
6071,1.8050947189331055,0.7069927453994751,16407.2194314003,17632.732952922583
6072,1.9608521461486816,0.8801800608634949,16409.180283546448,17633.613132983446
6073,1.9031672477722168,0.8075258135795593,16411.08345079422,17634.420658797026
6074,1.761800765991211,0.7817817330360413,16412.84525156021,17635.20244053006
6075,1.6181862354278564,0.739392876625061,16414.46343779564,17635.941833406687
6076,1.9009830951690674,1.0514416694641113,16416.364420890808,17636.99327507615
6077,2.2283456325531006,1.3148351907730103,16418.59276652336,17638.308110266924
6078,1.8068753480911255,0.7099334597587585,16420.399641871452,17639.018043726683
6079,1.8733419179916382,1.0174181461334229,16422.272983789444,17640.035461872816
6080,1.8221898078918457,0.8216703534126282,16424.095173597336,17640.85713222623
6081,0.7584643363952637,1.3283385038375854,16424.85363793373,17642.185470730066
6082,1.7945127487182617,2.8396992683410645,16426.64815068245,17645.025169998407
6083,1.6478890180587769,0.6588466763496399,16428.296039700508,17645.684016674757
6084,1.7509984970092773,0.735042154788971,16430.047038197517,17646.419058829546
6085,2.067897081375122,0.9026185870170593,16432.114935278893,17647.321677416563
6086,1.6938835382461548,0.6523450016975403,16433.80881881714,17647.97402241826
6087,1.723082184791565,0.7043986916542053,16435.53190100193,17648.678421109915
6088,1.998707890510559,0.9398454427719116,16437.53060889244,17649.618266552687
6089,1.8160022497177124,0.8796979188919067,16439.34661114216,17650.49796447158
6090,1.9164334535598755,0.5130062699317932,16441.26304459572,17651.01097074151
6091,0.6999433636665344,1.3132507801055908,16441.962987959385,17652.324221521616
6092,1.2010273933410645,2.181943893432617,16443.164015352726,17654.50616541505
6093,1.692086935043335,0.882030189037323,16444.85610228777,17655.388195604086
6094,1.681046724319458,0.7742793560028076,16446.53714901209,17656.16247496009
6095,1.8479398488998413,0.6521296501159668,16448.38508886099,17656.814604610205
6096,2.1052539348602295,1.8487281799316406,16450.49034279585,17658.663332790136
6097,1.8347890377044678,1.5593072175979614,16452.325131833553,17660.222640007734
6098,1.4896303415298462,0.7757182717323303,16453.814762175083,17660.998358279467
6099,1.887365698814392,1.2200721502304077,16455.702127873898,17662.218430429697
6100,1.7218883037567139,0.6838330626487732,16457.424016177654,17662.902263492346
6101,1.72137451171875,1.0353989601135254,16459.145390689373,17663.93766245246
6102,1.2987886667251587,3.660428285598755,16460.444179356098,17667.598090738058
6103,1.7047752141952515,1.2690515518188477,16462.148954570293,17668.867142289877
6104,1.885039210319519,1.973838210105896,16464.033993780613,17670.840980499983
6105,0.7386444807052612,2.0216009616851807,16464.77263826132,17672.862581461668
6106,1.5576156377792358,0.761379063129425,16466.330253899097,17673.623960524797
6107,1.8436342477798462,0.812950611114502,16468.173888146877,17674.436911135912
6108,1.8009207248687744,1.1617670059204102,16469.974808871746,17675.598678141832
6109,1.6857084035873413,0.734826385974884,16471.660517275333,17676.333504527807
6110,1.994720458984375,0.69807368516922,16473.655237734318,17677.031578212976
6111,0.6695114970207214,2.1680729389190674,16474.32474923134,17679.199651151896
6112,2.238572597503662,0.7221452593803406,16476.563321828842,17679.921796411276
6113,1.6538465023040771,0.9383622407913208,16478.217168331146,17680.860158652067
6114,1.4695202112197876,1.3746604919433594,16479.686688542366,17682.23481914401
6115,1.5646939277648926,1.482380747795105,16481.25138247013,17683.717199891806
6116,1.8994437456130981,1.2654896974563599,16483.150826215744,17684.982689589262
6117,1.508931040763855,0.7181786894798279,16484.659757256508,17685.700868278742
6118,0.5919060707092285,1.6459649801254272,16485.251663327217,17687.346833258867
6119,1.6039659976959229,0.8544996976852417,16486.855629324913,17688.201332956553
6120,1.6085678339004517,0.6152734160423279,16488.464197158813,17688.816606372595
6121,1.8066555261611938,2.0394856929779053,16490.270852684975,17690.856092065573
6122,1.577767014503479,0.8235645294189453,16491.848619699478,17691.67965659499
6123,0.8005378842353821,1.1844444274902344,16492.649157583714,17692.864101022482
6124,2.077519416809082,0.7933650612831116,16494.726677000523,17693.657466083765
6125,1.9740636348724365,0.7469838261604309,16496.700740635395,17694.404449909925
6126,1.683811902999878,0.7934664487838745,16498.384552538395,17695.19791635871
6127,1.7484557628631592,0.7005739808082581,16500.133008301258,17695.898490339518
6128,1.6753937005996704,0.8910315036773682,16501.808402001858,17696.789521843195
6129,1.6302021741867065,0.8308416604995728,16503.438604176044,17697.620363503695
6130,1.6005537509918213,0.870479166507721,16505.039157927036,17698.490842670202
6131,1.5840399265289307,0.7531054019927979,16506.623197853565,17699.243948072195
6132,3.155179500579834,3.2212860584259033,16509.778377354145,17702.46523413062
6133,1.0331027507781982,1.3546191453933716,16510.811480104923,17703.819853276014
6134,1.4667103290557861,0.8136540651321411,16512.27819043398,17704.633507341146
6135,1.6897937059402466,0.6979429721832275,16513.96798413992,17705.33145031333
6136,1.741604208946228,1.4038881063461304,16515.709588348866,17706.735338419676
6137,1.5815192461013794,0.6113629937171936,16517.291107594967,17707.346701413393
6138,1.8864785432815552,1.0697386264801025,16519.17758613825,17708.416440039873
6139,1.4122267961502075,0.6362605094909668,16520.5898129344,17709.052700549364
6140,1.6220544576644897,0.8106117844581604,16522.211867392063,17709.863312333822
6141,1.8194442987442017,0.7439588308334351,16524.031311690807,17710.607271164656
6142,0.8943654894828796,1.2846392393112183,16524.92567718029,17711.891910403967
6143,1.9684882164001465,0.9208278656005859,16526.89416539669,17712.812738269567
6144,1.6644220352172852,0.964545726776123,16528.558587431908,17713.777283996344
6145,0.937384307384491,1.4078280925750732,16529.495971739292,17715.18511208892
6146,1.702294945716858,1.2485570907592773,16531.19826668501,17716.433669179678
6147,1.7565906047821045,0.856423020362854,16532.95485728979,17717.29009220004
6148,1.8720932006835938,0.8212825655937195,16534.826950490475,17718.111374765635
6149,1.6016062498092651,1.0321102142333984,16536.428556740284,17719.143484979868
6150,1.758333683013916,1.3679238557815552,16538.186890423298,17720.51140883565
6151,1.0680991411209106,3.951585531234741,16539.25498956442,17724.462994366884
6152,1.59038245677948,0.9119912385940552,16540.8453720212,17725.37498560548
6153,2.0164222717285156,1.4629418849945068,16542.861794292927,17726.837927490473
6154,1.175606608390808,0.7380210161209106,16544.037400901318,17727.575948506594
6155,1.6633286476135254,0.9023289084434509,16545.70072954893,17728.478277415037
6156,0.8000233769416809,2.7602996826171875,16546.500752925873,17731.238577097654
6157,1.419175624847412,0.6915862560272217,16547.91992855072,17731.93016335368
6158,0.6803064346313477,2.6737258434295654,16548.60023498535,17734.60388919711
6159,1.9284170866012573,0.8138753175735474,16550.528652071953,17735.417764514685
6160,1.8903921842575073,1.368949294090271,16552.41904425621,17736.786713808775
6161,1.6949127912521362,0.9171035289764404,16554.113957047462,17737.70381733775
6162,1.545206904411316,0.6373104453086853,16555.659163951874,17738.34112778306
6163,1.13834810256958,1.3890752792358398,16556.797512054443,17739.730203062296
6164,1.9053757190704346,1.1691960096359253,16558.702887773514,17740.899399071932
6165,1.8711165189743042,0.9444769620895386,16560.574004292488,17741.84387603402
6166,1.8818012475967407,0.795783519744873,16562.455805540085,17742.639659553766
6167,1.61335289478302,0.8586899638175964,16564.069158434868,17743.498349517584
6168,1.8827400207519531,0.8296827673912048,16565.95189845562,17744.328032284975
6169,1.9671157598495483,0.7335964441299438,16567.91901421547,17745.061628729105
6170,1.9071742296218872,0.8805474042892456,16569.82618844509,17745.942176133394
6171,2.023972272872925,1.1431491374969482,16571.850160717964,17747.08532527089
6172,0.8577358722686768,1.7041743993759155,16572.707896590233,17748.789499670267
6173,1.6438606977462769,0.7760629057884216,16574.35175728798,17749.565562576056
6174,1.739158272743225,0.6885969042778015,16576.090915560722,17750.254159480333
6175,1.7495059967041016,0.7415620684623718,16577.840421557426,17750.995721548796
6176,1.8566581010818481,0.9826812148094177,16579.69707965851,17751.978402763605
6177,1.8316432237625122,0.7729082107543945,16581.52872288227,17752.75131097436
6178,0.6757271885871887,1.5955722332000732,16582.204450070858,17754.34688320756
6179,2.0020618438720703,1.0912214517593384,16584.20651191473,17755.43810465932
6180,1.6452131271362305,0.8154703378677368,16585.851725041866,17756.253574997187
6181,1.6603707075119019,0.6575056314468384,16587.51209574938,17756.911080628633
6182,1.7790577411651611,1.3095407485961914,16589.291153490543,17758.22062137723
6183,2.26286244392395,1.548386573791504,16591.554015934467,17759.76900795102
6184,1.7414478063583374,0.7813035845756531,16593.295463740826,17760.550311535597
6185,1.4087492227554321,1.2476623058319092,16594.70421296358,17761.79797384143
6186,1.7320832014083862,0.6816409826278687,16596.43629616499,17762.479614824057
6187,1.6265106201171875,0.5685225129127502,16598.062806785107,17763.04813733697
6188,1.6971476078033447,0.7861145734786987,16599.75995439291,17763.834251910448
6189,1.3178083896636963,0.9266700148582458,16601.077762782574,17764.760921925306
6190,0.8539668917655945,1.951454758644104,16601.93172967434,17766.71237668395
6191,1.3293421268463135,0.6915439963340759,16603.261071801186,17767.403920680285
6192,1.5765677690505981,0.5866631269454956,16604.837639570236,17767.99058380723
6193,1.7095037698745728,0.7659522294998169,16606.54714334011,17768.75653603673
6194,2.196317672729492,0.8796824812889099,16608.74346101284,17769.63621851802
6195,1.5865293741226196,0.6366481781005859,16610.329990386963,17770.27286669612
6196,1.8804572820663452,1.094215750694275,16612.21044766903,17771.367082446814
6197,2.4061875343322754,0.8832007646560669,16614.61663520336,17772.25028321147
6198,1.7353456020355225,0.7478562593460083,16616.351980805397,17772.998139470816
6199,1.4957455396652222,1.1823323965072632,16617.847726345062,17774.180471867323
6200,1.6405504941940308,1.6560322046279907,16619.488276839256,17775.83650407195
6201,1.7183780670166016,0.8412899374961853,16621.206654906273,17776.677794009447
6202,1.5602476596832275,0.7500472664833069,16622.766902565956,17777.42784127593
6203,1.851348876953125,1.1086541414260864,16624.61825144291,17778.536495417356
6204,2.0347461700439453,0.6340571641921997,16626.652997612953,17779.17055258155
6205,0.9958831667900085,0.8276722431182861,16627.648880779743,17779.998224824667
6206,1.7291549444198608,0.8334043622016907,16629.378035724163,17780.83162918687
6207,1.6426347494125366,0.6179843544960022,16631.020670473576,17781.449613541365
6208,1.7932990789413452,0.6562211513519287,16632.813969552517,17782.105834692717
6209,1.6926460266113281,0.7660414576530457,16634.50661557913,17782.87187615037
6210,2.3170886039733887,0.7346739768981934,16636.8237041831,17783.606550127268
6211,1.1812872886657715,1.4170578718185425,16638.004991471767,17785.023607999086
6212,1.7400740385055542,0.8204836845397949,16639.745065510273,17785.844091683626
6213,1.6665083169937134,0.855159342288971,16641.411573827267,17786.699251025915
6214,2.0551109313964844,0.9060676693916321,16643.466684758663,17787.605318695307
6215,1.9652268886566162,0.7471098899841309,16645.43191164732,17788.35242858529
6216,2.086531639099121,0.8180347681045532,16647.51844328642,17789.170463353395
6217,0.9081149101257324,1.7250986099243164,16648.426558196545,17790.89556196332
6218,0.8080732226371765,1.4084157943725586,16649.234631419182,17792.303977757692
6219,1.5400441884994507,0.5954678058624268,16650.77467560768,17792.899445563555
6220,1.6816624402999878,0.7101303935050964,16652.45633804798,17793.60957595706
6221,1.251755952835083,1.5548323392868042,16653.708094000816,17795.164408296347
6222,1.8203227519989014,1.320004940032959,16655.528416752815,17796.48441323638
6223,1.6912215948104858,0.6950045228004456,16657.219638347626,17797.17941775918
6224,1.7008497714996338,0.5934963226318359,16658.920488119125,17797.772914081812
6225,0.7719719409942627,2.375490665435791,16659.69246006012,17800.148404747248
6226,1.5623960494995117,0.8067808747291565,16661.25485610962,17800.955185621977
6227,2.049574613571167,0.8062442541122437,16663.30443072319,17801.76142987609
6228,1.6064831018447876,0.6479606032371521,16664.910913825035,17802.409390479326
6229,1.7365927696228027,0.755585789680481,16666.647506594658,17803.164976269007
6230,0.507337749004364,2.1841256618499756,16667.154844343662,17805.349101930857
6231,1.6715646982192993,0.654164731502533,16668.82640904188,17806.00326666236
6232,0.595801830291748,1.3246333599090576,16669.422210872173,17807.32790002227
6233,1.8457661867141724,0.9491357803344727,16671.267977058887,17808.277035802603
6234,1.4860807657241821,0.9853801131248474,16672.75405782461,17809.262415915728
6235,1.775152325630188,0.6211996674537659,16674.529210150242,17809.88361558318
6236,1.686306357383728,0.9082366228103638,16676.215516507626,17810.79185220599
6237,0.7207320332527161,3.1153337955474854,16676.93624854088,17813.90718600154
6238,1.449627161026001,0.7666982412338257,16678.385875701904,17814.673884242773
6239,2.305097818374634,1.0764249563217163,16680.69097352028,17815.750309199095
6240,1.4107983112335205,1.4944143295288086,16682.101771831512,17817.244723528624
6241,1.2114856243133545,2.5988962650299072,16683.313257455826,17819.843619793653
6242,1.6215366125106812,0.9531760811805725,16684.934794068336,17820.796795874834
6243,1.6374478340148926,1.815101981163025,16686.57224190235,17822.611897855997
6244,1.9521714448928833,0.647120475769043,16688.524413347244,17823.259018331766
6245,2.023421049118042,1.1948060989379883,16690.547834396362,17824.453824430704
6246,2.041206121444702,0.7564330101013184,16692.589040517807,17825.210257440805
6247,1.1234698295593262,1.233748197555542,16693.712510347366,17826.44400563836
6248,0.588203489780426,1.8098331689834595,16694.300713837147,17828.253838807344
6249,2.0438222885131836,0.8137186765670776,16696.34453612566,17829.06755748391
6250,1.8497602939605713,0.6304152607917786,16698.19429641962,17829.697972744703
6251,1.4241374731063843,0.6754041910171509,16699.618433892727,17830.37337693572
6252,1.856743574142456,0.7022895812988281,16701.47517746687,17831.07566651702
6253,2.21113920211792,1.6887820959091187,16703.686316668987,17832.76444861293
6254,1.536655068397522,0.7989745736122131,16705.222971737385,17833.56342318654
6255,1.963056206703186,0.8842394948005676,16707.186027944088,17834.44766268134
6256,1.6761369705200195,0.7134557962417603,16708.862164914608,17835.161118477583
6257,1.61299729347229,0.5692826509475708,16710.47516220808,17835.73040112853
6258,1.7416893243789673,0.6523018479347229,16712.21685153246,17836.382702976465
6259,1.77629816532135,0.7885626554489136,16713.99314969778,17837.171265631914
6260,1.721809983253479,2.746490478515625,16715.714959681034,17839.91775611043
6261,2.159134864807129,0.8191856145858765,16717.87409454584,17840.736941725016
6262,2.1666481494903564,0.8731797337532043,16720.04074269533,17841.61012145877
6263,2.033947706222534,0.7608187794685364,16722.074690401554,17842.370940238237
6264,0.7069110870361328,2.144152879714966,16722.78160148859,17844.515093117952
6265,2.3875789642333984,0.5133602619171143,16725.169180452824,17845.02845337987
6266,1.8144205808639526,0.9127787351608276,16726.983601033688,17845.94123211503
6267,2.1041738986968994,1.2036819458007812,16729.087774932384,17847.14491406083
6268,1.6249194145202637,0.8233595490455627,16730.712694346905,17847.968273609877
6269,1.756540298461914,0.6317008137702942,16732.469234645367,17848.599974423647
6270,1.7408381700515747,1.0759831666946411,16734.21007281542,17849.67595759034
6271,1.7622328996658325,0.6201813817024231,16735.972305715084,17850.296138972044
6272,1.3350874185562134,0.7815362215042114,16737.30739313364,17851.07767519355
6273,1.7567815780639648,1.0361195802688599,16739.064174711704,17852.113794773817
6274,2.046903610229492,2.416848659515381,16741.111078321934,17854.530643433332
6275,1.9598997831344604,0.6753749847412109,16743.07097810507,17855.206018418074
6276,1.982704997062683,1.2918161153793335,16745.05368310213,17856.497834533453
6277,2.073435068130493,1.2612786293029785,16747.12711817026,17857.759113162756
6278,1.8432918787002563,0.764646589756012,16748.97041004896,17858.523759752512
6279,1.5997748374938965,1.0457096099853516,16750.570184886456,17859.569469362497
6280,2.665428638458252,1.4143245220184326,16753.235613524914,17860.983793884516
6281,1.6763994693756104,1.0925512313842773,16754.91201299429,17862.0763451159
6282,1.659668207168579,1.0406473875045776,16756.571681201458,17863.116992503405
6283,1.533097505569458,1.053900122642517,16758.104778707027,17864.170892626047
6284,1.7246899604797363,1.0763356685638428,16759.829468667507,17865.24722829461
6285,1.8822205066680908,0.8249921202659607,16761.711689174175,17866.072220414877
6286,0.7777555584907532,1.5117071866989136,16762.489444732666,17867.583927601576
6287,1.6642401218414307,1.0738263130187988,16764.153684854507,17868.657753914595
6288,1.8596128225326538,0.8451865315437317,16766.01329767704,17869.50294044614
6289,2.0558528900146484,1.3320655822753906,16768.069150567055,17870.835006028414
6290,1.8038941621780396,0.8849894404411316,16769.873044729233,17871.719995468855
6291,1.664111614227295,1.1702961921691895,16771.53715634346,17872.890291661024
6292,1.6788933277130127,1.109011173248291,16773.216049671173,17873.999302834272
6293,1.3693113327026367,1.6702561378479004,16774.585361003876,17875.66955897212
6294,2.235438108444214,1.4272665977478027,16776.82079911232,17877.096825569868
6295,1.9261102676391602,0.7198737859725952,16778.74690937996,17877.81669935584
6296,2.084791660308838,0.7776551842689514,16780.831701040268,17878.59435454011
6297,1.7927758693695068,1.1957236528396606,16782.624476909637,17879.79007819295
6298,1.7833902835845947,0.871129035949707,16784.407867193222,17880.6612072289
6299,1.8410018682479858,0.8782912492752075,16786.24886906147,17881.539498478174
6300,0.9644837975502014,2.418978214263916,16787.21335285902,17883.958476692438
6301,1.601344347000122,0.7888041734695435,16788.81469720602,17884.747280865908
6302,1.4492844343185425,1.0304412841796875,16790.26398164034,17885.777722150087
6303,1.5758124589920044,5.058995723724365,16791.83979409933,17890.83671787381
6304,1.4656124114990234,0.7811702489852905,16793.30540651083,17891.617888122797
6305,1.4556447267532349,1.0460983514785767,16794.761051237583,17892.663986474276
6306,2.0303447246551514,1.1266404390335083,16796.79139596224,17893.79062691331
6307,2.153409242630005,1.4364603757858276,16798.94480520487,17895.227087289095
6308,1.9180903434753418,0.7010024189949036,16800.862895548344,17895.92808970809
6309,2.1992945671081543,0.9526889324188232,16803.06219011545,17896.88077864051
6310,1.8665143251419067,0.72271329164505,16804.928704440594,17897.603491932154
6311,1.5935784578323364,1.0055893659591675,16806.522282898426,17898.609081298113
6312,1.7044169902801514,0.8398412466049194,16808.226699888706,17899.448922544718
6313,1.2661502361297607,1.2002111673355103,16809.492850124836,17900.649133712053
6314,1.7739242315292358,0.8809885382652283,16811.266774356365,17901.53012225032
6315,1.705786108970642,0.6403363347053528,16812.972560465336,17902.170458585024
6316,1.0300498008728027,1.987963080406189,16814.00261026621,17904.15842166543
6317,1.9855941534042358,1.25453782081604,16815.988204419613,17905.412959486246
6318,1.9096988439559937,0.700692355632782,16817.89790326357,17906.11365184188
6319,1.9778872728347778,0.842568039894104,16819.875790536404,17906.956219881773
6320,1.9338597059249878,0.9148553609848022,16821.80965024233,17907.871075242758
6321,1.9941896200180054,0.754503607749939,16823.803839862347,17908.625578850508
6322,1.8403475284576416,0.8217697739601135,16825.644187390804,17909.447348624468
6323,1.8870941400527954,0.8679589629173279,16827.531281530857,17910.315307587385
6324,1.790590524673462,0.6794416308403015,16829.32187205553,17910.994749218225
6325,1.7064179182052612,0.8815038204193115,16831.028289973736,17911.876253038645
6326,1.8446474075317383,1.2668782472610474,16832.872937381268,17913.143131285906
6327,1.9954861402511597,1.0690677165985107,16834.86842352152,17914.212199002504
6328,1.5805552005767822,1.8228726387023926,16836.448978722095,17916.035071641207
6329,1.4668439626693726,0.6165070533752441,16837.915822684765,17916.651578694582
6330,1.6867955923080444,0.7756630778312683,16839.602618277073,17917.427241772413
6331,2.284592390060425,1.789808988571167,16841.887210667133,17919.217050760984
6332,1.8263788223266602,0.8789070248603821,16843.71358948946,17920.095957785845
6333,1.7585968971252441,0.6750278472900391,16845.472186386585,17920.770985633135
6334,2.366205930709839,0.9876304268836975,16847.838392317295,17921.75861606002
6335,2.003288984298706,0.9777462482452393,16849.841681301594,17922.736362308264
6336,1.8595333099365234,0.995625376701355,16851.70121461153,17923.731987684965
6337,1.6382420063018799,1.1768122911453247,16853.339456617832,17924.90879997611
6338,1.4020143747329712,0.6908091902732849,16854.741470992565,17925.599609166384
6339,1.6299569606781006,0.9120496511459351,16856.371427953243,17926.51165881753
6340,1.5999202728271484,1.2022112607955933,16857.97134822607,17927.713870078325
6341,0.8287447690963745,1.6123723983764648,16858.800092995167,17929.3262424767
6342,1.7578022480010986,0.6848822236061096,16860.557895243168,17930.011124700308
6343,2.663614273071289,1.4532139301300049,16863.22150951624,17931.464338630438
6344,1.3575799465179443,2.0818638801574707,16864.579089462757,17933.546202510595
6345,1.905226230621338,1.097740888595581,16866.48431569338,17934.64394339919
6346,0.9198678135871887,2.090707540512085,16867.404183506966,17936.734650939703
6347,1.8834716081619263,1.0046906471252441,16869.287655115128,17937.73934158683
6348,1.8690507411956787,0.808785617351532,16871.156705856323,17938.54812720418
6349,1.7600446939468384,0.8063408136367798,16872.91675055027,17939.354468017817
6350,1.7373777627944946,0.6455857753753662,16874.654128313065,17940.000053793192
6351,1.8310575485229492,0.7614233493804932,16876.485185861588,17940.761477142572
6352,1.4569553136825562,0.666313886642456,16877.94214117527,17941.427791029215
6353,1.688408374786377,0.6093824505805969,16879.630549550056,17942.037173479795
6354,1.4019451141357422,0.8529941439628601,16881.032494664192,17942.89016762376
6355,0.7654356360435486,2.239938497543335,16881.797930300236,17945.1301061213
6356,1.5673409700393677,0.8483204245567322,16883.365271270275,17945.97842654586
6357,1.448904037475586,0.7382522821426392,16884.81417530775,17946.716678828
6358,1.6155670881271362,0.6268081665039062,16886.429742395878,17947.343486994505
6359,1.6310455799102783,0.749364972114563,16888.060787975788,17948.09285196662
6360,1.5448752641677856,1.1567648649215698,16889.605663239956,17949.24961683154
6361,1.658598780632019,1.0753445625305176,16891.264262020588,17950.32496139407
6362,1.5357943773269653,0.7756736874580383,16892.800056397915,17951.10063508153
6363,1.849636197090149,1.374840497970581,16894.649692595005,17952.4754755795
6364,1.767329454421997,0.9579172134399414,16896.417022049427,17953.43339279294
6365,1.7156161069869995,0.7594522833824158,16898.132638156414,17954.192845076323
6366,1.3430761098861694,2.596259593963623,16899.4757142663,17956.789104670286
6367,1.705121636390686,0.7419339418411255,16901.18083590269,17957.531038612127
6368,1.7992048263549805,0.6145343780517578,16902.980040729046,17958.14557299018
6369,1.5898042917251587,0.8146185874938965,16904.56984502077,17958.960191577673
6370,2.045522928237915,1.4444538354873657,16906.61536794901,17960.40464541316
6371,1.6657873392105103,0.8641997575759888,16908.28115528822,17961.268845170736
6372,1.5797144174575806,0.7433227300643921,16909.860869705677,17962.0121679008
6373,1.6797486543655396,0.8181138038635254,16911.540618360043,17962.830281704664
6374,1.9207113981246948,0.8242143392562866,16913.461329758167,17963.65449604392
6375,2.00730562210083,0.945582389831543,16915.468635380268,17964.600078433752
6376,1.4141954183578491,0.6927868723869324,16916.882830798626,17965.29286530614
6377,1.649269700050354,0.7701860070228577,16918.532100498676,17966.063051313162
6378,2.177623987197876,1.087335228919983,16920.709724485874,17967.150386542082
6379,1.7234023809432983,0.7698538899421692,16922.433126866817,17967.920240432024
6380,1.7446846961975098,0.8705146312713623,16924.177811563015,17968.790755063295
6381,2.0148119926452637,0.7688701152801514,16926.19262355566,17969.559625178576
6382,1.6718307733535767,0.9648976922035217,16927.864454329014,17970.52452287078
6383,2.375274896621704,1.5152610540390015,16930.239729225636,17972.039783924818
6384,1.498166799545288,0.8377001881599426,16931.73789602518,17972.877484112978
6385,1.709897756576538,0.639176070690155,16933.447793781757,17973.516660183668
6386,1.8195399045944214,0.608390212059021,16935.26733368635,17974.125050395727
6387,1.8075640201568604,0.8851674795150757,16937.07489770651,17975.010217875242
6388,2.3171863555908203,1.099795937538147,16939.3920840621,17976.11001381278
6389,1.7146079540252686,0.7645914554595947,16941.106692016125,17976.87460526824
6390,0.8891643285751343,1.1790889501571655,16941.9958563447,17978.053694218397
6391,1.5975189208984375,0.7911654114723206,16943.5933752656,17978.84485962987
6392,1.4925915002822876,0.6896829009056091,16945.08596676588,17979.534542530775
6393,1.9573249816894531,0.7069436311721802,16947.04329174757,17980.241486161947
6394,1.8326390981674194,0.9649553894996643,16948.875930845737,17981.206441551447
6395,1.9416673183441162,1.1162827014923096,16950.81759816408,17982.32272425294
6396,1.3667572736740112,0.6303551197052002,16952.184355437756,17982.953079372644
6397,2.0893542766571045,0.6482262015342712,16954.273709714413,17983.60130557418
6398,1.7847775220870972,0.7758317589759827,16956.0584872365,17984.377137333155
6399,1.7660191059112549,0.8867337107658386,16957.82450634241,17985.26387104392
6400,1.703938364982605,0.7483925819396973,16959.528444707394,17986.01226362586
6401,1.5346280336380005,0.7483024001121521,16961.06307274103,17986.760566025972
6402,1.7798888683319092,0.7040196061134338,16962.842961609364,17987.464585632086
6403,0.7542417645454407,2.824460983276367,16963.59720337391,17990.289046615362
6404,1.6710054874420166,0.9035724997520447,16965.26820886135,17991.192619115114
6405,1.619522213935852,0.6692911982536316,16966.887731075287,17991.861910313368
6406,1.653990626335144,1.0229926109313965,16968.541721701622,17992.8849029243
6407,1.8156379461288452,0.841774582862854,16970.35735964775,17993.726677507162
6408,1.8317296504974365,0.6862089037895203,16972.18908929825,17994.41288641095
6409,1.932407021522522,1.3395341634750366,16974.12149631977,17995.752420574427
6410,1.5141336917877197,0.6416149735450745,16975.63563001156,17996.39403554797
6411,1.538688063621521,0.697458028793335,16977.17431807518,17997.091493576765
6412,1.7010631561279297,1.1631953716278076,16978.875381231308,17998.254688948393
6413,1.7734863758087158,0.6142173409461975,16980.648867607117,17998.86890628934
6414,1.5586196184158325,1.1646010875701904,16982.207487225533,18000.03350737691
6415,1.6666820049285889,0.7765129208564758,16983.87416923046,18000.810020297766
6416,1.5380949974060059,0.8963953852653503,16985.412264227867,18001.70641568303
6417,1.7140929698944092,0.619162380695343,16987.12635719776,18002.325578063726
6418,1.9613128900527954,1.15472412109375,16989.087670087814,18003.48030218482
6419,1.5097801685333252,0.8168874382972717,16990.597450256348,18004.297189623117
6420,1.7125626802444458,0.8555225729942322,16992.310012936592,18005.15271219611
6421,1.5347330570220947,0.9173320531845093,16993.844745993614,18006.070044249296
6422,1.6469935178756714,0.8749052286148071,16995.49173951149,18006.94494947791
6423,1.9888801574707031,1.2554351091384888,16997.48061966896,18008.20038458705
6424,1.6933199167251587,0.6068744659423828,16999.173939585686,18008.807259052992
6425,2.169344186782837,1.0664857625961304,17001.34328377247,18009.873744815588
6426,1.3313168287277222,0.7588792443275452,17002.674600601196,18010.632624059916
6427,1.570419192314148,0.7122321724891663,17004.24501979351,18011.344856232405
6428,1.531436562538147,0.715214192867279,17005.77645635605,18012.060070425272
6429,1.694179654121399,0.5763064622879028,17007.47063601017,18012.63637688756
6430,1.6608680486679077,0.720568060874939,17009.131504058838,18013.356944948435
6431,1.202466368675232,0.9003047347068787,17010.333970427513,18014.25724968314
6432,1.5521354675292969,0.759212851524353,17011.886105895042,18015.016462534666
6433,1.834162950515747,1.3692626953125,17013.720268845558,18016.38572522998
6434,1.0167911052703857,1.088767170906067,17014.73705995083,18017.474492400885
6435,1.453358769416809,0.6401652693748474,17016.190418720245,18018.11465767026
6436,0.7447776198387146,1.3366048336029053,17016.935196340084,18019.451262503862
6437,1.9097234010696411,0.8748510479927063,17018.844919741154,18020.326113551855
6438,1.5430976152420044,0.7508300542831421,17020.388017356396,18021.07694360614
6439,1.8156415224075317,0.6610679626464844,17022.203658878803,18021.738011568785
6440,1.825993537902832,0.858085572719574,17024.029652416706,18022.596097141504
6441,1.7621458768844604,0.7247301340103149,17025.79179829359,18023.320827275515
6442,1.7675553560256958,0.6823596954345703,17027.559353649616,18024.00318697095
6443,1.8590248823165894,1.306044578552246,17029.418378531933,18025.3092315495
6444,1.9947232007980347,0.825566828250885,17031.41310173273,18026.134798377752
6445,1.1106716394424438,1.8583909273147583,17032.523773372173,18027.993189305067
6446,1.8336873054504395,0.6796398162841797,17034.357460677624,18028.67282912135
6447,1.6105729341506958,0.7500745058059692,17035.968033611774,18029.422903627157
6448,2.0389907360076904,0.5316800475120544,17038.007024347782,18029.95458367467
6449,0.582179069519043,1.4289528131484985,17038.5892034173,18031.383536487818
6450,1.6036487817764282,0.6729369163513184,17040.192852199078,18032.05647340417
6451,1.0511378049850464,3.387237787246704,17041.243990004063,18035.443711191416
6452,2.448997974395752,0.9092376828193665,17043.69298797846,18036.352948874235
6453,1.5958647727966309,0.659559428691864,17045.288852751255,18037.012508302927
6454,1.437595009803772,0.926929771900177,17046.72644776106,18037.939438074827
6455,1.892886757850647,0.6723625659942627,17048.61933451891,18038.61180064082
6456,1.6018840074539185,0.7950601577758789,17050.221218526363,18039.406860798597
6457,1.7847163677215576,1.1988621950149536,17052.005934894085,18040.605722993612
6458,1.4590553045272827,0.7516736388206482,17053.464990198612,18041.357396632433
6459,2.1273720264434814,0.9281609058380127,17055.592362225056,18042.28555753827
6460,1.5017938613891602,1.3431342840194702,17057.094156086445,18043.62869182229
6461,0.5978782176971436,1.4750601053237915,17057.692034304142,18045.103751927614
6462,1.7600585222244263,0.8721820116043091,17059.452092826366,18045.97593393922
6463,1.8127284049987793,0.757271409034729,17061.264821231365,18046.733205348253
6464,1.5940989255905151,0.583378791809082,17062.858920156956,18047.316584140062
6465,1.8556290864944458,0.881320595741272,17064.71454924345,18048.197904735804
6466,1.5588732957839966,0.7245772480964661,17066.273422539234,18048.9224819839
6467,0.6258944869041443,2.1773130893707275,17066.89931702614,18051.09979507327
6468,1.6246448755264282,0.7660389542579651,17068.523961901665,18051.86583402753
6469,1.6816829442977905,0.7693753242492676,17070.205644845963,18052.635209351778
6470,1.5924532413482666,0.6193958520889282,17071.79809808731,18053.254605203867
6471,1.6632415056228638,0.8230563998222351,17073.461339592934,18054.07766160369
6472,1.0388902425765991,1.0216166973114014,17074.50022983551,18055.099278301
6473,1.88328218460083,0.747219979763031,17076.38351202011,18055.846498280764
6474,1.9739196300506592,0.9484201669692993,17078.35743165016,18056.794918447733
6475,1.0010086297988892,2.4581449031829834,17079.35844027996,18059.253063350916
6476,1.9370981454849243,0.7177993059158325,17081.295538425446,18059.97086265683
6477,1.791229248046875,0.8862596154212952,17083.086767673492,18060.857122272253
6478,1.8374701738357544,0.8642892241477966,17084.92423784733,18061.7214114964
6479,1.6135523319244385,0.8168106079101562,17086.537790179253,18062.53822210431
6480,2.0135176181793213,0.9624373316764832,17088.551307797432,18063.500659435987
6481,1.400739312171936,0.7242315411567688,17089.952047109604,18064.224890977144
6482,0.7823631763458252,2.6935226917266846,17090.73441028595,18066.91841366887
6483,1.7209689617156982,0.8703776597976685,17092.455379247665,18067.78879132867
6484,1.8864837884902954,0.8842273950576782,17094.341863036156,18068.673018723726
6485,1.6982048749923706,0.7420218586921692,17096.040067911148,18069.41504058242
6486,1.7214604616165161,0.8022343516349792,17097.761528372765,18070.217274934053
6487,1.7492996454238892,0.9158620238304138,17099.51082801819,18071.133136957884
6488,1.0437344312667847,1.90697181224823,17100.554562449455,18073.040108770132
6489,0.954191267490387,1.5264142751693726,17101.508753716946,18074.5665230453
6490,1.6428180932998657,0.7732917070388794,17103.151571810246,18075.33981475234
6491,1.6857322454452515,0.6336960196495056,17104.83730405569,18075.97351077199
6492,1.7217530012130737,0.7325971126556396,17106.559057056904,18076.706107884645
6493,1.7323462963104248,1.0185765027999878,17108.291403353214,18077.724684387445
6494,1.562644600868225,0.777643620967865,17109.854047954082,18078.502328008413
6495,1.6231722831726074,0.7232502102851868,17111.477220237255,18079.2255782187
6496,1.5098156929016113,1.599914312362671,17112.987035930157,18080.82549253106
6497,1.6203529834747314,1.0394810438156128,17114.60738891363,18081.864973574877
6498,1.7084968090057373,0.670307993888855,17116.315885722637,18082.535281568766
6499,1.6840871572494507,0.9328022599220276,17117.999972879887,18083.468083828688
6500,1.2843271493911743,1.019407868385315,17119.284300029278,18084.487491697073
6501,1.1725561618804932,2.3620975017547607,17120.45685619116,18086.849589198828
6502,0.9389075040817261,1.1519660949707031,17121.39576369524,18088.0015552938
6503,1.5781627893447876,0.7252758145332336,17122.973926484585,18088.72683110833
6504,1.4341752529144287,0.6631704568862915,17124.4081017375,18089.390001565218
6505,2.115394115447998,0.8554650545120239,17126.523495852947,18090.24546661973
6506,1.7796521186828613,0.5093189477920532,17128.30314797163,18090.754785567522
6507,0.955430805683136,2.6583752632141113,17129.258578777313,18093.413160830736
6508,2.367288827896118,0.9501430988311768,17131.62586760521,18094.363303929567
6509,1.4340234994888306,0.6660050749778748,17133.0598911047,18095.029309004545
6510,1.892431616783142,0.6807365417480469,17134.95232272148,18095.710045546293
6511,1.6607489585876465,0.6545482277870178,17136.61307168007,18096.36459377408
6512,1.792160987854004,0.7557923197746277,17138.405232667923,18097.120386093855
6513,1.6703919172286987,0.7895008325576782,17140.07562458515,18097.909886926413
6514,2.1278862953186035,1.0219178199768066,17142.20351088047,18098.93180474639
6515,1.8530066013336182,0.9305650591850281,17144.056517481804,18099.862369805574
6516,1.4447333812713623,0.6660504937171936,17145.501250863075,18100.52842029929
6517,1.5121359825134277,0.7071781158447266,17147.01338684559,18101.235598415136
6518,1.8149900436401367,0.7774835228919983,17148.82837688923,18102.01308193803
6519,1.5125080347061157,1.2341738939285278,17150.340884923935,18103.247255831957
6520,0.8043261766433716,1.9613618850708008,17151.14521110058,18105.208617717028
6521,1.399990200996399,0.6901683211326599,17152.545201301575,18105.89878603816
6522,1.6847527027130127,0.7288229465484619,17154.229954004288,18106.62760898471
6523,1.6206976175308228,0.6256968975067139,17155.85065162182,18107.253305882215
6524,1.035004734992981,1.3255022764205933,17156.88565635681,18108.578808158636
6525,1.7969893217086792,0.7991741299629211,17158.68264567852,18109.3779822886
6526,0.6329483985900879,1.3646987676620483,17159.31559407711,18110.74268105626
6527,1.4460142850875854,0.7035839557647705,17160.761608362198,18111.446265012026
6528,1.881703495979309,0.6631872057914734,17162.643311858177,18112.109452217817
6529,1.4981672763824463,0.8250684142112732,17164.14147913456,18112.93452063203
6530,1.3948383331298828,0.732269823551178,17165.53631746769,18113.66679045558
6531,1.8370461463928223,0.8023970723152161,17167.373363614082,18114.469187527895
6532,1.329348087310791,0.9639047384262085,17168.702711701393,18115.43309226632
6533,0.9806962013244629,1.1974895000457764,17169.683407902718,18116.630581766367
6534,1.6794321537017822,0.5254209041595459,17171.36284005642,18117.156002670527
6535,2.1664958000183105,0.8466392755508423,17173.529335856438,18118.002641946077
6536,1.8539674282073975,0.654954731464386,17175.383303284645,18118.65759667754
6537,1.4854754209518433,0.66948401927948,17176.868778705597,18119.32708069682
6538,1.680350661277771,0.6933255791664124,17178.549129366875,18120.020406275988
6539,2.2270753383636475,0.5864948630332947,17180.77620470524,18120.60690113902
6540,1.6470624208450317,0.8084039688110352,17182.423267126083,18121.415305107832
6541,1.5025498867034912,0.4749901592731476,17183.925817012787,18121.890295267105
6542,1.0135160684585571,2.3227498531341553,17184.939333081245,18124.21304512024
6543,1.8006044626235962,0.5578317642211914,17186.73993754387,18124.77087688446
6544,1.4477207660675049,1.223120927810669,17188.187658309937,18125.99399781227
6545,2.3854174613952637,1.3501307964324951,17190.57307577133,18127.344128608704
6546,1.7371861934661865,0.6242426037788391,17192.310261964798,18127.968371212482
6547,1.5521769523620605,0.8370774984359741,17193.86243891716,18128.80544871092
6548,1.2870241403579712,2.520611047744751,17195.149463057518,18131.326059758663
6549,1.9244519472122192,0.5815320611000061,17197.07391500473,18131.907591819763
6550,1.4911247491836548,0.6998732686042786,17198.565039753914,18132.607465088367
6551,1.8851745128631592,0.9189891815185547,17200.450214266777,18133.526454269886
6552,1.935767650604248,0.8620202541351318,17202.38598191738,18134.38847452402
6553,2.5220446586608887,1.107864260673523,17204.908026576042,18135.496338784695
6554,2.407332181930542,1.2518157958984375,17207.315358757973,18136.748154580593
6555,2.006774663925171,0.887152910232544,17209.322133421898,18137.635307490826
6556,1.5128012895584106,0.7705361843109131,17210.834934711456,18138.405843675137
6557,2.019455671310425,1.3882337808609009,17212.854390382767,18139.794077455997
6558,1.034629225730896,1.819453477859497,17213.889019608498,18141.613530933857
6559,2.1173598766326904,1.2003034353256226,17216.00637948513,18142.813834369183
6560,1.8144336938858032,0.8681745529174805,17217.820813179016,18143.6820089221
6561,1.706848382949829,0.854194164276123,17219.527661561966,18144.536203086376
6562,1.618694543838501,0.6283031105995178,17221.146356105804,18145.164506196976
6563,1.8875089883804321,0.8125510215759277,17223.033865094185,18145.97705721855
6564,1.801795482635498,0.6573677659034729,17224.83566057682,18146.634424984455
6565,1.691321611404419,0.6473740339279175,17226.526982188225,18147.281799018383
6566,1.8447989225387573,1.0528508424758911,17228.371781110764,18148.33464986086
6567,2.0311198234558105,1.1747032403945923,17230.40290093422,18149.509353101254
6568,1.8347301483154297,0.8244929909706116,17232.237631082535,18150.333846092224
6569,1.6258502006530762,0.9316619634628296,17233.863481283188,18151.265508055687
6570,1.8056541681289673,0.9223664402961731,17235.669135451317,18152.187874495983
6571,1.5828551054000854,0.8231144547462463,17237.251990556717,18153.01098895073
6572,1.5291534662246704,0.7249165177345276,17238.78114402294,18153.735905468464
6573,1.7763699293136597,0.6960049271583557,17240.557513952255,18154.431910395622
6574,1.712317943572998,0.6583901047706604,17242.26983189583,18155.090300500393
6575,1.6776646375656128,0.6792274713516235,17243.947496533394,18155.769527971745
6576,2.0885634422302246,0.9612253308296204,17246.036059975624,18156.730753302574
6577,0.6019546389579773,1.5305168628692627,17246.638014614582,18158.261270165443
6578,1.5582857131958008,0.4404923617839813,17248.196300327778,18158.701762527227
6579,1.5496407747268677,0.5880007743835449,17249.745941102505,18159.28976330161
6580,0.49739935994148254,1.5912882089614868,17250.243340462446,18160.881051510572
6581,1.7907100915908813,0.6260119080543518,17252.034050554037,18161.507063418627
6582,1.4749045372009277,0.7807016372680664,17253.508955091238,18162.287765055895
6583,0.700032114982605,1.5721542835235596,17254.20898720622,18163.85991933942
6584,1.6293797492980957,0.7082974314689636,17255.83836695552,18164.568216770887
6585,1.6413476467132568,0.564227819442749,17257.479714602232,18165.13244459033
6586,1.3709909915924072,0.818601667881012,17258.850705593824,18165.95104625821
6587,1.7383852005004883,0.7885071039199829,17260.589090794325,18166.73955336213
6588,1.382076382637024,0.9475990533828735,17261.971167176962,18167.687152415514
6589,1.6599096059799194,0.47880953550338745,17263.63107678294,18168.165961951017
6590,2.3595786094665527,0.9451130032539368,17265.99065539241,18169.11107495427
6591,1.2216426134109497,1.9400358200073242,17267.21229800582,18171.05111077428
6592,1.8127108812332153,0.9380066990852356,17269.025008887053,18171.989117473364
6593,1.3634320497512817,0.5789489150047302,17270.388440936804,18172.56806638837
6594,1.294926404953003,0.9460045695304871,17271.683367341757,18173.5140709579
6595,2.093475580215454,0.6258775591850281,17273.776842921972,18174.139948517084
6596,1.7882548570632935,0.7198323011398315,17275.565097779036,18174.859780818224
6597,1.553166389465332,0.8756828904151917,17277.1182641685,18175.73546370864
6598,1.9510759115219116,1.0674599409103394,17279.069340080023,18176.80292364955
6599,1.8160970211029053,0.8491653800010681,17280.885437101126,18177.65208902955
6600,1.3911045789718628,0.47473520040512085,17282.276541680098,18178.126824229956
6601,1.711063027381897,1.2415719032287598,17283.98760470748,18179.368396133184
6602,1.6638423204421997,0.5948289632797241,17285.65144702792,18179.963225096464
6603,1.6334319114685059,0.8622326254844666,17287.28487893939,18180.82545772195
6604,1.3730885982513428,0.9170101284980774,17288.65796753764,18181.742467850447
6605,1.9293677806854248,0.5873450040817261,17290.587335318327,18182.32981285453
6606,1.7253761291503906,0.7782295346260071,17292.312711447477,18183.108042389154
6607,1.591059684753418,0.645664632320404,17293.90377113223,18183.753707021475
6608,1.7413759231567383,0.8009247779846191,17295.645147055387,18184.55463179946
6609,1.7897111177444458,0.6289681196212769,17297.434858173132,18185.18359991908
6610,1.507812738418579,0.6054571270942688,17298.94267091155,18185.789057046175
6611,1.5798203945159912,0.7402121424674988,17300.522491306067,18186.529269188643
6612,0.786973237991333,1.4041777849197388,17301.309464544058,18187.933446973562
6613,1.625975251197815,0.6822897791862488,17302.935439795256,18188.61573675275
6614,1.5824921131134033,0.5862105488777161,17304.51793190837,18189.201947301626
6615,1.1921335458755493,1.0613211393356323,17305.710065454245,18190.263268440962
6616,2.141550064086914,0.7301403284072876,17307.85161551833,18190.99340876937
6617,1.945541501045227,0.6733923554420471,17309.797157019377,18191.66680112481
6618,1.5151139497756958,0.8412877917289734,17311.312270969152,18192.50808891654
6619,1.8867924213409424,0.7406693696975708,17313.199063390493,18193.248758286238
6620,2.791065216064453,1.2610278129577637,17315.990128606558,18194.509786099195
6621,1.5571714639663696,0.9125451445579529,17317.547300070524,18195.422331243753
6622,1.440946340560913,0.5865787267684937,17318.988246411085,18196.008909970522
6623,1.782213568687439,1.1993610858917236,17320.770459979773,18197.208271056414
6624,1.9026379585266113,2.0366954803466797,17322.6730979383,18199.24496653676
6625,1.9229718446731567,0.9984264373779297,17324.596069782972,18200.24339297414
6626,0.6714460253715515,1.6092305183410645,17325.267515808344,18201.85262349248
6627,1.614289402961731,0.7676111459732056,17326.881805211306,18202.620234638453
6628,1.4423961639404297,0.7972211241722107,17328.324201375246,18203.417455762625
6629,1.2533377408981323,0.7987881898880005,17329.577539116144,18204.216243952513
6630,0.49556952714920044,1.7888681888580322,17330.073108643293,18206.00511214137
6631,2.1244919300079346,1.1529617309570312,17332.1976005733,18207.158073872328
6632,1.5197227001190186,0.6909037232398987,17333.71732327342,18207.848977595568
6633,1.6841750144958496,0.7171348929405212,17335.401498287916,18208.56611248851
6634,1.669083833694458,0.9107775092124939,17337.07058212161,18209.47688999772
6635,2.1406567096710205,1.5189610719680786,17339.21123883128,18210.99585106969
6636,0.7128845453262329,2.731353282928467,17339.924123376608,18213.727204352617
6637,1.8471455574035645,1.038507342338562,17341.77126893401,18214.765711694956
6638,1.7599337100982666,0.7651587128639221,17343.53120264411,18215.53087040782
6639,1.1914646625518799,1.0321074724197388,17344.72266730666,18216.56297788024
6640,1.8661354780197144,0.8151088356971741,17346.58880278468,18217.378086715937
6641,0.6856198310852051,2.2422876358032227,17347.274422615767,18219.62037435174
6642,1.85202157497406,0.6327650547027588,17349.12644419074,18220.253139406443
6643,1.860837697982788,0.6851037740707397,17350.987281888723,18220.938243180513
6644,1.482431173324585,0.8509066700935364,17352.469713062048,18221.789149850607
6645,1.5449737310409546,0.7530474066734314,17354.01468679309,18222.54219725728
6646,1.9500365257263184,1.0506858825683594,17355.964723318815,18223.59288313985
6647,1.6452186107635498,0.5094941854476929,17357.60994192958,18224.102377325296
6648,1.5543979406356812,0.9197367429733276,17359.164339870214,18225.02211406827
6649,1.6279634237289429,0.8106340169906616,17360.792303293943,18225.83274808526
6650,1.8352216482162476,0.5745629668235779,17362.62752494216,18226.407311052084
6651,1.7564424276351929,1.6455332040786743,17364.383967369795,18228.052844256163
6652,1.8241562843322754,0.8885722160339355,17366.208123654127,18228.941416472197
6653,1.9059863090515137,0.7692158818244934,17368.11410996318,18229.71063235402
6654,1.7507432699203491,0.7207177877426147,17369.8648532331,18230.431350141764
6655,1.513616681098938,0.7605293989181519,17371.378469914198,18231.191879540682
6656,1.5327032804489136,0.6214374899864197,17372.911173194647,18231.81331703067
6657,1.6172434091567993,1.1638582944869995,17374.528416603804,18232.977175325155
6658,1.5360268354415894,0.7534027695655823,17376.064443439245,18233.73057809472
6659,1.4410187005996704,0.64005047082901,17377.505462139845,18234.37062856555
6660,1.424697995185852,1.0797786712646484,17378.93016013503,18235.450407236814
6661,1.735281229019165,0.6893472075462341,17380.66544136405,18236.13975444436
6662,1.870267629623413,0.8320012092590332,17382.535708993673,18236.97175565362
6663,1.6972053050994873,0.976342499256134,17384.232914298773,18237.948098152876
6664,1.5183230638504028,0.6392645835876465,17385.751237362623,18238.587362736464
6665,1.8618391752243042,0.867639422416687,17387.613076537848,18239.45500215888
6666,1.5748876333236694,0.6163751482963562,17389.18796417117,18240.071377307177
6667,1.6470550298690796,0.7254893183708191,17390.83501920104,18240.796866625547
6668,1.6493535041809082,0.9056486487388611,17392.48437270522,18241.702515274286
6669,1.4726101160049438,0.6622166037559509,17393.956982821226,18242.364731878042
6670,1.3356373310089111,0.749775767326355,17395.292620152235,18243.11450764537
6671,1.6738390922546387,0.7205313444137573,17396.96645924449,18243.835038989782
6672,1.6709873676300049,0.7969913482666016,17398.63744661212,18244.63203033805
6673,1.4602984189987183,0.695814847946167,17400.09774503112,18245.327845185995
6674,1.8402082920074463,0.7064761519432068,17401.937953323126,18246.03432133794
6675,1.6252505779266357,0.8130634427070618,17403.563203901052,18246.847384780645
6676,0.7633625268936157,1.3351807594299316,17404.326566427946,18248.182565540075
6677,1.8697762489318848,0.9211548566818237,17406.196342676878,18249.103720396757
6678,1.6032761335372925,0.6620495319366455,17407.799618810415,18249.765769928694
6679,1.3144968748092651,0.7062594890594482,17409.114115685225,18250.472029417753
6680,0.636523425579071,1.4234699010849,17409.750639110804,18251.895499318838
6681,1.8643531799316406,0.8488285541534424,17411.614992290735,18252.74432787299
6682,1.5553630590438843,1.046761155128479,17413.17035534978,18253.79108902812
6683,0.8572134971618652,3.7931180000305176,17414.02756884694,18257.58420702815
6684,1.7407500743865967,0.6919137835502625,17415.768318921328,18258.2761208117
6685,1.8638721704483032,1.1845695972442627,17417.632191091776,18259.460690408945
6686,1.546923279762268,1.0372411012649536,17419.179114371538,18260.49793151021
6687,1.640161395072937,0.9575660824775696,17420.81927576661,18261.455497592688
6688,1.4927597045898438,1.090287685394287,17422.3120354712,18262.545785278082
6689,1.3108201026916504,1.342861294746399,17423.622855573893,18263.88864657283
6690,2.0551512241363525,0.644282341003418,17425.67800679803,18264.53292891383
6691,1.6700814962387085,0.8087201118469238,17427.348088294268,18265.34164902568
6692,1.8718053102493286,0.6405414938926697,17429.219893604517,18265.98219051957
6693,1.5591304302215576,1.0212106704711914,17430.77902403474,18267.003401190042
6694,1.7838274240493774,1.6405465602874756,17432.562851458788,18268.64394775033
6695,1.7862228155136108,1.4132329225540161,17434.3490742743,18270.057180672884
6696,1.8910589218139648,0.8594164848327637,17436.240133196115,18270.916597157717
6697,1.393488883972168,1.2309542894363403,17437.633622080088,18272.147551447153
6698,1.8255692720413208,0.7195159196853638,17439.45919135213,18272.86706736684
6699,1.8234988451004028,0.7692366242408752,17441.28269019723,18273.63630399108
6700,0.8950322270393372,1.4120640754699707,17442.17772242427,18275.04836806655
6701,1.5114264488220215,0.6702350378036499,17443.68914887309,18275.718603104353
6702,1.5872747898101807,0.7279536724090576,17445.2764236629,18276.446556776762
6703,1.538923978805542,0.7277621626853943,17446.815347641706,18277.174318939447
6704,1.8083195686340332,0.8867951035499573,17448.62366721034,18278.061114042997
6705,1.7473549842834473,0.8489354848861694,17450.371022194624,18278.910049527884
6706,1.3758541345596313,0.8646720051765442,17451.746876329184,18279.77472153306
6707,1.714975357055664,0.72557133436203,17453.46185168624,18280.500292867422
6708,1.3217262029647827,0.8989219665527344,17454.783577889204,18281.399214833975
6709,1.7870678901672363,0.7662712931632996,17456.57064577937,18282.165486127138
6710,1.4414451122283936,0.6610811352729797,17458.0120908916,18282.82656726241
6711,1.5309888124465942,0.7628247141838074,17459.543079704046,18283.589391976595
6712,1.6650469303131104,0.8164042234420776,17461.20812663436,18284.405796200037
6713,1.7216863632202148,0.7924740314483643,17462.92981299758,18285.198270231485
6714,1.6908451318740845,0.7731598615646362,17464.620658129454,18285.97143009305
6715,2.101717472076416,1.4294708967208862,17466.72237560153,18287.40090098977
6716,1.7640252113342285,1.26366126537323,17468.486400812864,18288.664562255144
6717,1.6868923902511597,0.7309463024139404,17470.173293203115,18289.395508557558
6718,1.807620882987976,0.6894857883453369,17471.980914086103,18290.084994345903
6719,1.6772352457046509,0.9151981472969055,17473.658149331808,18291.0001924932
6720,1.37484610080719,0.8931583166122437,17475.032995432615,18291.893350809813
6721,1.747855544090271,0.7030230164527893,17476.780850976706,18292.596373826265
6722,1.5583505630493164,1.3485065698623657,17478.339201539755,18293.944880396128
6723,1.518372893333435,0.7117379307746887,17479.85757443309,18294.656618326902
6724,1.7009352445602417,0.8852666616439819,17481.55850967765,18295.541884988546
6725,1.5479474067687988,0.5917136669158936,17483.106457084417,18296.133598655462
6726,1.3231185674667358,1.0567500591278076,17484.429575651884,18297.19034871459
6727,0.6114513278007507,1.5693271160125732,17485.041026979685,18298.759675830603
6728,1.813616394996643,0.8478161692619324,17486.85464337468,18299.607491999865
6729,2.088336706161499,0.9620099067687988,17488.942980080843,18300.569501906633
6730,1.767807960510254,0.9943596720695496,17490.710788041353,18301.563861578703
6731,0.4952663481235504,1.9647029638290405,17491.206054389477,18303.528564542532
6732,2.1478512287139893,0.8516759872436523,17493.35390561819,18304.380240529776
6733,1.664468765258789,0.6609887480735779,17495.01837438345,18305.04122927785
6734,1.8243046998977661,0.6829805970191956,17496.842679083347,18305.72420987487
6735,1.6776962280273438,0.6209783554077148,17498.520375311375,18306.345188230276
6736,1.5638331174850464,1.0581673383712769,17500.08420842886,18307.403355568647
6737,1.937130331993103,1.3070968389511108,17502.021338760853,18308.7104524076
6738,1.5832339525222778,1.0661413669586182,17503.604572713375,18309.776593774557
6739,1.2916312217712402,5.494802951812744,17504.896203935146,18315.27139672637
6740,1.8883585929870605,1.060976266860962,17506.784562528133,18316.33237299323
6741,1.6869218349456787,0.5155819654464722,17508.47148436308,18316.847954958677
6742,1.8711531162261963,0.8987571001052856,17510.342637479305,18317.746712058783
6743,1.8043347597122192,1.225785493850708,17512.146972239017,18318.972497552633
6744,1.6116987466812134,0.713105320930481,17513.7586709857,18319.685602873564
6745,1.438852071762085,0.7023826241493225,17515.19752305746,18320.387985497713
6746,1.5881452560424805,0.9764202237129211,17516.785668313503,18321.364405721426
6747,3.1549324989318848,2.864999532699585,17519.940600812435,18324.229405254126
6748,1.6702382564544678,0.5594621896743774,17521.61083906889,18324.7888674438
6749,1.9547258615493774,0.7664282321929932,17523.56556493044,18325.555295675993
6750,1.7482072114944458,0.558297336101532,17525.313772141933,18326.113593012094
6751,1.8706670999526978,1.0175222158432007,17527.184439241886,18327.131115227938
6752,1.7828363180160522,0.5544428825378418,17528.967275559902,18327.685558110476
6753,1.613929271697998,0.739940881729126,17530.5812048316,18328.425498992205
6754,1.9874393939971924,1.3019685745239258,17532.568644225597,18329.72746756673
6755,1.0834128856658936,1.6431301832199097,17533.652057111263,18331.37059774995
6756,1.7731287479400635,0.8831965923309326,17535.425185859203,18332.25379434228
6757,1.8059865236282349,0.9136278033256531,17537.23117238283,18333.167422145605
6758,1.4988749027252197,0.8456536531448364,17538.730047285557,18334.01307579875
6759,2.061448574066162,1.3645094633102417,17540.791495859623,18335.37758526206
6760,1.8495113849639893,0.7144860625267029,17542.641007244587,18336.092071324587
6761,1.685957908630371,0.7962892055511475,17544.326965153217,18336.888360530138
6762,1.7855942249298096,0.7494783997535706,17546.112559378147,18337.63783892989
6763,0.9774536490440369,1.0482369661331177,17547.09001302719,18338.686075896025
6764,1.8119441270828247,0.7056862115859985,17548.901957154274,18339.39176210761
6765,1.4996354579925537,0.691691517829895,17550.401592612267,18340.08345362544
6766,1.621923565864563,0.7956013083457947,17552.02351617813,18340.879054933786
6767,1.6974459886550903,0.6521544456481934,17553.720962166786,18341.531209379435
6768,0.5073992609977722,1.6751456260681152,17554.228361427784,18343.206355005503
6769,1.7181851863861084,0.709431529045105,17555.94654661417,18343.915786534548
6770,1.4960540533065796,0.8027293682098389,17557.442600667477,18344.718515902758
6771,1.3493279218673706,1.2008672952651978,17558.791928589344,18345.919383198023
6772,1.4499025344848633,0.5570024847984314,17560.24183112383,18346.47638568282
6773,1.9510135650634766,0.7408049702644348,17562.192844688892,18347.217190653086
6774,2.1613175868988037,1.672912359237671,17564.35416227579,18348.890103012323
6775,1.6653505563735962,0.6857779026031494,17566.019512832165,18349.575880914927
6776,1.6148097515106201,0.8774749040603638,17567.634322583675,18350.453355818987
6777,1.6810272932052612,0.6470088958740234,17569.31534987688,18351.10036471486
6778,1.8369113206863403,0.50044184923172,17571.152261197567,18351.600806564093
6779,0.7979459166526794,1.9111998081207275,17571.95020711422,18353.512006372213
6780,1.6014928817749023,0.576329231262207,17573.551699995995,18354.088335603476
6781,1.6623371839523315,0.8525503277778625,17575.214037179947,18354.940885931253
6782,1.5949352979660034,0.6788299679756165,17576.808972477913,18355.61971589923
6783,1.762239933013916,0.6275222897529602,17578.571212410927,18356.247238188982
6784,1.5174221992492676,0.747559666633606,17580.088634610176,18356.994797855616
6785,1.5853915214538574,0.7012848854064941,17581.67402613163,18357.696082741022
6786,1.5568296909332275,1.1308695077896118,17583.230855822563,18358.82695224881
6787,1.1991255283355713,4.855990409851074,17584.4299813509,18363.682942658663
6788,1.5938481092453003,0.7378360033035278,17586.023829460144,18364.420778661966
6789,1.9893673658370972,1.5874968767166138,17588.01319682598,18366.008275538683
6790,1.933819055557251,0.9981198906898499,17589.94701588154,18367.006395429373
6791,1.3362449407577515,0.5288665890693665,17591.283260822296,18367.535262018442
6792,1.118164300918579,1.0378917455673218,17592.401425123215,18368.57315376401
6793,1.6289656162261963,0.7219152450561523,17594.03039073944,18369.295069009066
6794,1.5552211999893188,0.8946928977966309,17595.58561193943,18370.189761906862
6795,1.6616348028182983,0.8849813938140869,17597.24724674225,18371.074743300676
6796,1.7445690631866455,0.6919598579406738,17598.991815805435,18371.766703158617
6797,1.237783432006836,0.6622346639633179,17600.229599237442,18372.42893782258
6798,1.4149377346038818,0.76380455493927,17601.644536972046,18373.19274237752
6799,1.5708030462265015,0.9947844743728638,17603.215340018272,18374.187526851892
6800,1.8197120428085327,0.8915894031524658,17605.03505206108,18375.079116255045
6801,0.6140043139457703,2.019724130630493,17605.649056375027,18377.098840385675
6802,1.5275274515151978,0.6718119382858276,17607.176583826542,18377.77065232396
6803,1.142453908920288,1.329824447631836,17608.319037735462,18379.100476771593
6804,1.6033968925476074,2.6255581378936768,17609.92243462801,18381.726034909487
6805,1.4477916955947876,0.9811853766441345,17611.370226323605,18382.70722028613
6806,1.661431074142456,0.6155068278312683,17613.031657397747,18383.322727113962
6807,1.7353992462158203,1.3155757188796997,17614.767056643963,18384.638302832842
6808,1.8440302610397339,0.6771665811538696,17616.611086905003,18385.315469413996
6809,1.671877384185791,1.1242119073867798,17618.28296428919,18386.439681321383
6810,1.5728205442428589,1.1915342807769775,17619.85578483343,18387.63121560216
6811,1.6869217157363892,0.7275704145431519,17621.542706549168,18388.358786016703
6812,0.9551256895065308,1.3008958101272583,17622.497832238674,18389.65968182683
6813,1.5489853620529175,0.5451052784919739,17624.046817600727,18390.204787105322
6814,1.4054597616195679,0.6530282497406006,17625.452277362347,18390.857815355062
6815,1.7305699586868286,0.7487305998802185,17627.182847321033,18391.606545954943
6816,1.6572306156158447,0.6402835249900818,17628.84007793665,18392.246829479933
6817,1.5879164934158325,0.8724154829978943,17630.427994430065,18393.11924496293
6818,1.5420081615447998,1.242551565170288,17631.97000259161,18394.3617965281
6819,1.6950483322143555,0.9304336905479431,17633.665050923824,18395.29223021865
6820,1.5095638036727905,0.7698866128921509,17635.174614727497,18396.06211683154
6821,1.4366505146026611,0.7488058805465698,17636.6112652421,18396.810922712088
6822,1.8075908422470093,0.7062179446220398,17638.418856084347,18397.51714065671
6823,1.5645781755447388,0.5974907875061035,17639.98343425989,18398.114631444216
6824,1.582885980606079,0.7036094665527344,17641.566320240498,18398.81824091077
6825,2.1973953247070312,0.7388590574264526,17643.763715565205,18399.557099968195
6826,1.32230544090271,0.905884325504303,17645.086021006107,18400.4629842937
6827,1.6884671449661255,0.9948713779449463,17646.774488151073,18401.457855671644
6828,1.6543961763381958,0.7288770079612732,17648.42888432741,18402.186732679605
6829,1.6338520050048828,1.120432734489441,17650.062736332417,18403.307165414095
6830,2.125136137008667,1.5453335046768188,17652.187872469425,18404.85249891877
6831,1.3328863382339478,0.7818182706832886,17653.52075880766,18405.634317189455
6832,1.7196109294891357,0.659705638885498,17655.24036973715,18406.29402282834
6833,1.633865475654602,0.8856644034385681,17656.874235212803,18407.17968723178
6834,1.754969596862793,0.9698951840400696,17658.629204809666,18408.14958241582
6835,1.8983159065246582,1.0832018852233887,17660.52752071619,18409.232784301043
6836,1.7408058643341064,0.4996100664138794,17662.268326580524,18409.732394367456
6837,2.0412285327911377,1.4048432111740112,17664.309555113316,18411.13723757863
6838,1.7502325773239136,1.2288953065872192,17666.05978769064,18412.366132885218
6839,1.8634616136550903,0.7680132985115051,17667.923249304295,18413.13414618373
6840,0.7017381191253662,2.0654067993164062,17668.62498742342,18415.199552983046
6841,1.450546383857727,1.1275144815444946,17670.075533807278,18416.32706746459
6842,1.4895755052566528,0.7406835556030273,17671.565109312534,18417.067751020193
6843,1.7750767469406128,0.9854952692985535,17673.340186059475,18418.05324628949
6844,1.5973840951919556,0.6169102787971497,17674.937570154667,18418.67015656829
6845,1.7059069871902466,0.7410165071487427,17676.643477141857,18419.411173075438
6846,1.3554681539535522,0.7166864275932312,17677.99894529581,18420.12785950303
6847,1.4439224004745483,0.7337336540222168,17679.442867696285,18420.861593157053
6848,1.287570595741272,0.7101279497146606,17680.730438292027,18421.571721106768
6849,1.3521761894226074,0.6895728707313538,17682.08261448145,18422.2612939775
6850,1.524671196937561,0.6434838771820068,17683.607285678387,18422.90477785468
6851,1.6442921161651611,0.7058773636817932,17685.251577794552,18423.610655218363
6852,1.5825376510620117,0.8804244995117188,17686.834115445614,18424.491079717875
6853,1.343747615814209,0.6600178480148315,17688.177863061428,18425.15109756589
6854,1.6782375574111938,0.6395130157470703,17689.85610061884,18425.790610581636
6855,1.7631832361221313,0.5200314521789551,17691.61928385496,18426.310642033815
6856,1.7207496166229248,0.7485474348068237,17693.340033471584,18427.059189468622
6857,0.7822675704956055,1.2560091018676758,17694.12230104208,18428.31519857049
6858,1.5328788757324219,0.6191180348396301,17695.655179917812,18428.93431660533
6859,2.320650815963745,1.139953851699829,17697.975830733776,18430.07427045703
6860,1.7210181951522827,0.752810537815094,17699.69684892893,18430.827080994844
6861,1.245603084564209,0.8704729676246643,17700.942452013493,18431.69755396247
6862,1.06385338306427,2.342386245727539,17702.006305396557,18434.039940208197
6863,1.3870482444763184,0.8351935744285583,17703.393353641033,18434.875133782625
6864,1.7457246780395508,0.9054981470108032,17705.139078319073,18435.780631929636
6865,1.4587005376815796,0.6786029934883118,17706.597778856754,18436.459234923124
6866,1.6378799676895142,0.63908451795578,17708.235658824444,18437.09831944108
6867,2.300121307373047,0.6708168983459473,17710.535780131817,18437.769136339426
6868,1.6373765468597412,0.7354099750518799,17712.173156678677,18438.504546314478
6869,1.4934439659118652,0.6724066734313965,17713.66660064459,18439.17695298791
6870,1.7454702854156494,0.7093816995620728,17715.412070930004,18439.88633468747
6871,1.5864901542663574,0.5299299359321594,17716.99856108427,18440.416264623404
6872,1.0273357629776,1.6019563674926758,17718.025896847248,18442.018220990896
6873,1.362445592880249,1.000036358833313,17719.38834244013,18443.01825734973
6874,1.828607439994812,0.7757208943367004,17721.216949880123,18443.793978244066
6875,1.1794899702072144,0.9740539789199829,17722.39643985033,18444.768032222986
6876,1.8133251667022705,0.4781518280506134,17724.209765017033,18445.246184051037
6877,2.1249001026153564,1.1145880222320557,17726.334665119648,18446.36077207327
6878,1.304634928703308,0.6225597858428955,17727.63930004835,18446.98333185911
6879,1.7799872159957886,0.6211674809455872,17729.419287264347,18447.604499340057
6880,1.2671808004379272,0.6146979928016663,17730.686468064785,18448.21919733286
6881,1.834006667137146,0.6720653176307678,17732.520474731922,18448.89126265049
6882,1.6798065900802612,0.8412310481071472,17734.200281322002,18449.732493698597
6883,2.0655336380004883,0.9872625470161438,17736.265814960003,18450.719756245613
6884,1.939292550086975,0.6779658794403076,17738.20510751009,18451.397722125053
6885,1.4822568893432617,0.6790580749511719,17739.687364399433,18452.076780200005
6886,1.5112507343292236,0.6301130652427673,17741.198615133762,18452.706893265247
6887,1.9545141458511353,1.527673602104187,17743.153129279613,18454.23456686735
6888,2.13808274269104,0.7697593569755554,17745.291212022305,18455.004326224327
6889,1.6538591384887695,0.7034342288970947,17746.945071160793,18455.707760453224
6890,1.4439241886138916,0.8845072388648987,17748.388995349407,18456.59226769209
6891,1.6967926025390625,0.9110864400863647,17750.085787951946,18457.503354132175
6892,1.7288906574249268,0.9597796201705933,17751.81467860937,18458.463133752346
6893,1.4249449968338013,0.9377461075782776,17753.239623606205,18459.400879859924
6894,1.8173692226409912,0.9851908087730408,17755.056992828846,18460.386070668697
6895,0.7812557816505432,3.7521286010742188,17755.838248610497,18464.13819926977
6896,1.7410932779312134,0.6185965538024902,17757.579341888428,18464.756795823574
6897,2.8417129516601562,1.752351999282837,17760.421054840088,18466.509147822857
6898,1.7082555294036865,1.0841761827468872,17762.12931036949,18467.593324005604
6899,1.633620023727417,0.6419409513473511,17763.76293039322,18468.23526495695
6900,1.6286836862564087,0.6217453479766846,17765.391614079475,18468.857010304928
6901,1.671480417251587,1.578926920890808,17767.063094496727,18470.43593722582
6902,1.820876955986023,0.9991084337234497,17768.883971452713,18471.435045659542
6903,1.801378846168518,1.3201361894607544,17770.68535029888,18472.755181849003
6904,1.7927329540252686,1.1619126796722412,17772.478083252907,18473.917094528675
6905,0.6522570252418518,1.5626635551452637,17773.13034027815,18475.47975808382
6906,1.7074326276779175,0.8441807627677917,17774.837772905827,18476.323938846588
6907,1.6655570268630981,0.6781971454620361,17776.50332993269,18477.00213599205
6908,1.9300296306610107,0.835297167301178,17778.43335956335,18477.83743315935
6909,1.6732213497161865,1.2343946695327759,17780.106580913067,18479.071827828884
6910,1.8866463899612427,0.8410847783088684,17781.993227303028,18479.912912607193
6911,1.6350258588790894,0.9841683506965637,17783.628253161907,18480.89708095789
6912,1.4619231224060059,0.7070873379707336,17785.090176284313,18481.60416829586
6913,2.07674503326416,0.9465343952178955,17787.166921317577,18482.55070269108
6914,1.5228878259658813,0.6572018265724182,17788.689809143543,18483.20790451765
6915,1.6510086059570312,0.8643394112586975,17790.3408177495,18484.07224392891
6916,1.524187445640564,0.9199165105819702,17791.86500519514,18484.99216043949
6917,1.7682007551193237,0.631419837474823,17793.63320595026,18485.623580276966
6918,1.5115277767181396,0.695295512676239,17795.14473372698,18486.318875789642
6919,1.4301365613937378,0.6619312167167664,17796.574870288372,18486.98080700636
6920,1.8337836265563965,0.6816454529762268,17798.40865391493,18487.662452459335
6921,1.3274897336959839,1.7407375574111938,17799.736143648624,18489.403190016747
6922,1.9247132539749146,0.800085186958313,17801.6608569026,18490.203275203705
6923,1.7127243280410767,0.7316277027130127,17803.37358123064,18490.934902906418
6924,1.5566766262054443,0.8399500250816345,17804.930257856846,18491.7748529315
6925,1.6735981702804565,0.7337203025817871,17806.603856027126,18492.50857323408
6926,1.8254191875457764,1.1848684549331665,17808.429275214672,18493.693441689014
6927,1.4856235980987549,0.5898951888084412,17809.91489881277,18494.283336877823
6928,1.6995006799697876,0.793212890625,17811.61439949274,18495.076549768448
6929,1.7819387912750244,1.176261305809021,17813.396338284016,18496.252811074257
6930,1.7445701360702515,0.6384742856025696,17815.140908420086,18496.89128535986
6931,1.5396605730056763,0.6720528602600098,17816.68056899309,18497.56333822012
6932,1.6396782398223877,0.7336331009864807,17818.320247232914,18498.296971321106
6933,1.5918269157409668,0.7008171677589417,17819.912074148655,18498.997788488865
6934,1.3467657566070557,0.6569852828979492,17821.258839905262,18499.654773771763
6935,1.6011309623718262,0.6995202898979187,17822.859970867634,18500.35429406166
6936,1.2036490440368652,0.7961413860321045,17824.06361991167,18501.150435447693
6937,1.236591100692749,0.6732121706008911,17825.300211012363,18501.823647618294
6938,1.6098155975341797,0.7264981269836426,17826.910026609898,18502.550145745277
6939,1.1262315511703491,1.4963221549987793,17828.036258161068,18504.046467900276
6940,1.835063099861145,0.763445258140564,17829.87132126093,18504.809913158417
6941,1.6224939823150635,0.7132564187049866,17831.493815243244,18505.52316957712
6942,1.454054355621338,0.7450452446937561,17832.947869598866,18506.268214821815
6943,1.4648303985595703,0.7917210459709167,17834.412699997425,18507.059935867786
6944,2.0677683353424072,2.692861318588257,17836.480468332767,18509.752797186375
6945,1.7066447734832764,0.7842056155204773,17838.18711310625,18510.537002801895
6946,1.3178768157958984,0.9513503313064575,17839.504989922047,18511.4883531332
6947,1.6177163124084473,0.836460530757904,17841.122706234455,18512.32481366396
6948,1.7696229219436646,0.671113133430481,17842.8923291564,18512.99592679739
6949,1.5967046022415161,0.6062192916870117,17844.48903375864,18513.602146089077
6950,1.4343769550323486,1.161399006843567,17845.923410713673,18514.76354509592
6951,1.3887419700622559,0.5541760325431824,17847.312152683735,18515.317721128464
6952,1.527536392211914,0.702763557434082,17848.839689075947,18516.020484685898
6953,1.6127145290374756,0.656697154045105,17850.452403604984,18516.677181839943
6954,2.2297074794769287,0.8395010232925415,17852.68211108446,18517.516682863235
6955,1.4645413160324097,0.7576519250869751,17854.146652400494,18518.274334788322
6956,1.558889627456665,1.022951602935791,17855.70554202795,18519.29728639126
6957,2.022327423095703,1.0028687715530396,17857.727869451046,18520.30015516281
6958,1.786875605583191,0.6603564023971558,17859.51474505663,18520.96051156521
6959,1.5511460304260254,0.8264729976654053,17861.065891087055,18521.786984562874
6960,1.5880541801452637,0.7856937050819397,17862.6539452672,18522.572678267956
6961,1.6865185499191284,0.7996870279312134,17864.34046381712,18523.372365295887
6962,1.6799465417861938,0.7242492437362671,17866.020410358906,18524.096614539623
6963,1.522948980331421,0.8846791386604309,17867.543359339237,18524.981293678284
6964,1.206997275352478,1.0708211660385132,17868.75035661459,18526.052114844322
6965,1.9474637508392334,0.7511181831359863,17870.69782036543,18526.80323302746
6966,1.028988242149353,1.3750572204589844,17871.72680860758,18528.178290247917
6967,1.4421885013580322,0.7660388946533203,17873.168997108936,18528.94432914257
6968,1.5844874382019043,0.6585562229156494,17874.75348454714,18529.602885365486
6969,1.5857094526290894,0.5112007260322571,17876.339193999767,18530.11408609152
6970,0.50152188539505,1.8368693590164185,17876.840715885162,18531.950955450535
6971,2.0013389587402344,0.7103697657585144,17878.842054843903,18532.661325216293
6972,1.685874104499817,0.9277150630950928,17880.527928948402,18533.58904027939
6973,1.4881020784378052,0.6408402323722839,17882.01603102684,18534.22988051176
6974,1.7439695596694946,0.8437057733535767,17883.76000058651,18535.073586285114
6975,1.5843771696090698,0.7059938907623291,17885.34437775612,18535.779580175877
6976,0.9254606366157532,2.3039772510528564,17886.269838392735,18538.08355742693
6977,1.069984793663025,1.6734064817428589,17887.339823186398,18539.756963908672
6978,1.5306028127670288,0.85933917760849,17888.870425999165,18540.61630308628
6979,0.7757255434989929,1.5241972208023071,17889.646151542664,18542.140500307083
6980,1.6869499683380127,0.8957287669181824,17891.333101511,18543.036229074
6981,1.5458147525787354,0.5763616561889648,17892.87891626358,18543.61259073019
6982,1.2700145244598389,0.9064947366714478,17894.14893078804,18544.51908546686
6983,1.1533972024917603,4.146800994873047,17895.302327990532,18548.665886461735
6984,1.6905622482299805,0.6784313917160034,17896.992890238762,18549.34431785345
6985,1.7218862771987915,0.6416565179824829,17898.71477651596,18549.985974371433
6986,1.7438561916351318,0.6939826011657715,17900.458632707596,18550.6799569726
6987,1.5411940813064575,0.730862557888031,17901.999826788902,18551.410819530487
6988,1.9592231512069702,1.4072699546813965,17903.95904994011,18552.81808948517
6989,0.9138611555099487,1.3941335678100586,17904.87291109562,18554.21222305298
6990,1.7998727560043335,0.6497616171836853,17906.672783851624,18554.861984670162
6991,1.7856894731521606,0.8275812268257141,17908.458473324776,18555.689565896988
6992,1.8983639478683472,0.9436326026916504,17910.356837272644,18556.63319849968
6993,1.613757610321045,0.6910812854766846,17911.970594882965,18557.324279785156
6994,1.6077042818069458,0.694730818271637,17913.578299164772,18558.019010603428
6995,1.625171184539795,0.8914399147033691,17915.203470349312,18558.91045051813
6996,1.4299372434616089,1.473250389099121,17916.633407592773,18560.38370090723
6997,1.8024793863296509,0.5569818019866943,17918.435886979103,18560.940682709217
6998,1.4760403633117676,0.6281368136405945,17919.911927342415,18561.568819522858
6999,1.6012396812438965,0.9265028238296509,17921.51316702366,18562.495322346687
7000,1.759880781173706,0.5571628212928772,17923.273047804832,18563.05248516798
7001,1.951402187347412,1.6359349489212036,17925.22444999218,18564.6884201169
7002,1.872326135635376,1.0780057907104492,17927.096776127815,18565.766425907612
7003,1.5676740407943726,0.7525429129600525,17928.66445016861,18566.518968820572
7004,1.2722141742706299,0.9168286323547363,17929.93666434288,18567.435797452927
7005,1.2491132020950317,0.7854498624801636,17931.185777544975,18568.221247315407
7006,1.8934999704360962,0.8792086839675903,17933.07927751541,18569.100455999374
7007,1.0908150672912598,0.7574554681777954,17934.170092582703,18569.857911467552
7008,1.851593255996704,0.7720111012458801,17936.0216858387,18570.629922568798
7009,1.9355477094650269,0.9046583771705627,17937.957233548164,18571.53458094597
7010,0.8255063891410828,2.7555291652679443,17938.782739937305,18574.290110111237
7011,2.062282085418701,0.8352822661399841,17940.845022022724,18575.125392377377
7012,1.660427212715149,0.889660656452179,17942.50544923544,18576.01505303383
7013,1.550232172012329,0.7355878353118896,17944.05568140745,18576.75064086914
7014,0.795264720916748,2.631469249725342,17944.85094612837,18579.382110118866
7015,1.8212890625,1.067925214767456,17946.67223519087,18580.450035333633
7016,1.7737011909484863,0.7120426297187805,17948.445936381817,18581.162077963352
7017,0.8998515009880066,1.5273871421813965,17949.345787882805,18582.689465105534
7018,1.3219507932662964,0.8609862923622131,17950.66773867607,18583.550451397896
7019,1.9586610794067383,1.3129826784133911,17952.626399755478,18584.86343407631
7020,1.823198676109314,0.872511088848114,17954.449598431587,18585.735945165157
7021,1.6715288162231445,0.8039058446884155,17956.12112724781,18586.539851009846
7022,1.8129401206970215,0.8316410779953003,17957.934067368507,18587.37149208784
7023,2.3616557121276855,1.5810787677764893,17960.295723080635,18588.952570855618
7024,1.5255855321884155,0.8174692988395691,17961.821308612823,18589.770040154457
7025,1.5583282709121704,0.8382050395011902,17963.379636883736,18590.60824519396
7026,1.633594274520874,0.9244433045387268,17965.013231158257,18591.532688498497
7027,1.6257708072662354,0.6560681462287903,17966.639001965523,18592.188756644726
7028,1.6877427101135254,0.7273151278495789,17968.326744675636,18592.916071772575
7029,2.1455860137939453,0.8713860511779785,17970.47233068943,18593.787457823753
7030,1.5718694925308228,0.5593217015266418,17972.04420018196,18594.34677952528
7031,1.7322691679000854,0.6014655232429504,17973.77646934986,18594.948245048523
7032,1.6184886693954468,0.6777687668800354,17975.394958019257,18595.626013815403
7033,2.1441261768341064,1.9184939861297607,17977.53908419609,18597.544507801533
7034,1.206175684928894,0.711148202419281,17978.74525988102,18598.255656003952
7035,0.9257668852806091,2.7878987789154053,17979.6710267663,18601.043554782867
7036,2.047683000564575,1.1939853429794312,17981.718709766865,18602.237540125847
7037,1.5696079730987549,0.7009676694869995,17983.288317739964,18602.938507795334
7038,1.5055140256881714,0.7445171475410461,17984.79383176565,18603.683024942875
7039,2.201465129852295,1.5283873081207275,17986.995296895504,18605.211412250996
7040,0.8870856165885925,2.1014914512634277,17987.882382512093,18607.31290370226
7041,1.0936709642410278,0.524961531162262,17988.976053476334,18607.83786523342
7042,1.7208333015441895,0.5911074876785278,17990.696886777878,18608.4289727211
7043,1.883201241493225,1.0675861835479736,17992.58008801937,18609.496558904648
7044,1.9819402694702148,1.434446096420288,17994.56202828884,18610.931005001068
7045,1.769091010093689,0.9312076568603516,17996.331119298935,18611.86221265793
7046,1.5616713762283325,1.4903056621551514,17997.892790675163,18613.352518320084
7047,1.3926270008087158,0.7433238625526428,17999.285417675972,18614.095842182636
7048,0.5656675100326538,1.445572853088379,17999.851085186005,18615.541415035725
7049,1.6051639318466187,0.6769348978996277,18001.45624911785,18616.218349933624
7050,1.077329158782959,1.2623629570007324,18002.533578276634,18617.480712890625
7051,1.5928025245666504,0.692141056060791,18004.1263808012,18618.172853946686
7052,1.8155324459075928,0.6483747363090515,18005.94191324711,18618.821228682995
7053,1.3268364667892456,0.5517187714576721,18007.268749713898,18619.372947454453
7054,1.7558504343032837,0.8025687336921692,18009.0246001482,18620.175516188145
7055,1.5468809604644775,0.9110127091407776,18010.571481108665,18621.086528897285
7056,1.8291290998458862,0.8688240051269531,18012.40061020851,18621.955352902412
7057,1.5356619358062744,0.8633279204368591,18013.936272144318,18622.81868082285
7058,1.7794045209884644,0.884924590587616,18015.715676665306,18623.703605413437
7059,1.6884185075759888,0.6871843934059143,18017.404095172882,18624.390789806843
7060,1.6826368570327759,1.449493408203125,18019.086732029915,18625.840283215046
7061,0.8265218138694763,1.3199142217636108,18019.913253843784,18627.16019743681
7062,1.7346742153167725,1.0004295110702515,18021.6479280591,18628.16062694788
7063,1.7020856142044067,0.6581539511680603,18023.350013673306,18628.818780899048
7064,1.7204928398132324,1.0752995014190674,18025.07050651312,18629.894080400467
7065,1.7255353927612305,0.8333775401115417,18026.79604190588,18630.72745794058
7066,1.6434897184371948,1.1035774946212769,18028.439531624317,18631.8310354352
7067,1.455857276916504,0.8485931158065796,18029.895388901234,18632.679628551006
7068,1.9451255798339844,0.6546377539634705,18031.840514481068,18633.33426630497
7069,1.613444447517395,0.5918179154396057,18033.453958928585,18633.92608422041
7070,1.8754966259002686,0.7815189361572266,18035.329455554485,18634.707603156567
7071,1.5891131162643433,0.7257006168365479,18036.91856867075,18635.433303773403
7072,1.3237886428833008,0.5556989908218384,18038.242357313633,18635.989002764225
7073,2.1480143070220947,0.8306334614753723,18040.390371620655,18636.8196362257
7074,1.146929144859314,3.1233901977539062,18041.537300765514,18639.943026423454
7075,1.8824801445007324,0.5448648929595947,18043.419780910015,18640.487891316414
7076,1.4921824932098389,0.7550176978111267,18044.911963403225,18641.242909014225
7077,1.8212271928787231,1.394142508506775,18046.733190596104,18642.63705152273
7078,0.4994701147079468,2.01465106010437,18047.23266071081,18644.651702582836
7079,0.664873480796814,1.3229314088821411,18047.89753419161,18645.97463399172
7080,1.6799746751785278,0.6387914419174194,18049.577508866787,18646.613425433636
7081,1.2812154293060303,0.6963832378387451,18050.858724296093,18647.309808671474
7082,1.3366020917892456,0.7963056564331055,18052.195326387882,18648.106114327908
7083,1.4864766597747803,0.513877809047699,18053.681803047657,18648.619992136955
7084,1.4111658334732056,0.8587149381637573,18055.09296888113,18649.47870707512
7085,1.7425823211669922,0.7003417015075684,18056.835551202297,18650.179048776627
7086,1.766113042831421,0.6363146305084229,18058.60166424513,18650.815363407135
7087,1.633219838142395,0.6595476269721985,18060.23488408327,18651.474911034107
7088,1.5090011358261108,0.6321386098861694,18061.743885219097,18652.107049643993
7089,1.606227159500122,0.667029619216919,18063.350112378597,18652.77407926321
7090,1.8374406099319458,0.8892971873283386,18065.18755298853,18653.66337645054
7091,1.7366594076156616,0.7411603927612305,18066.924212396145,18654.4045368433
7092,1.553596019744873,0.827248215675354,18068.47780841589,18655.231785058975
7093,1.673080325126648,0.6565582752227783,18070.150888741016,18655.888343334198
7094,1.578494668006897,0.5372769236564636,18071.729383409023,18656.425620257854
7095,1.0650601387023926,1.9034875631332397,18072.794443547726,18658.329107820988
7096,1.7563276290893555,1.060716986656189,18074.550771176815,18659.389824807644
7097,1.452467918395996,0.8296042084693909,18076.00323909521,18660.219429016113
7098,1.5749411582946777,0.8120684027671814,18077.578180253506,18661.03149741888
7099,1.4795567989349365,0.64503413438797,18079.05773705244,18661.67653155327
7100,1.5748392343521118,0.627183735370636,18080.632576286793,18662.30371528864
7101,1.4976962804794312,0.7777248024940491,18082.130272567272,18663.081440091133
7102,1.360132098197937,0.7375751733779907,18083.49040466547,18663.81901526451
7103,1.260845422744751,0.8662092089653015,18084.751250088215,18664.685224473476
7104,1.729924201965332,1.0479912757873535,18086.48117429018,18665.733215749264
7105,1.4549386501312256,0.6664087772369385,18087.93611294031,18666.3996245265
7106,1.51788330078125,0.6913556456565857,18089.453996241093,18667.090980172157
7107,1.506311058998108,0.8110648989677429,18090.96030730009,18667.902045071125
7108,1.5272860527038574,0.7058930993080139,18092.487593352795,18668.607938170433
7109,1.6219571828842163,0.6618438959121704,18094.10955053568,18669.269782066345
7110,1.6302285194396973,0.7297253608703613,18095.73977905512,18669.999507427216
7111,1.7887674570083618,0.5396047830581665,18097.528546512127,18670.539112210274
7112,1.540967583656311,0.9185853600502014,18099.069514095783,18671.457697570324
7113,1.6523106098175049,0.817512035369873,18100.7218247056,18672.275209605694
7114,1.7529255151748657,0.6070964932441711,18102.474750220776,18672.882306098938
7115,1.8587958812713623,0.9268785119056702,18104.333546102047,18673.809184610844
7116,1.7757935523986816,0.6642393469810486,18106.109339654446,18674.473423957825
7117,1.5702823400497437,0.7383160591125488,18107.679621994495,18675.211740016937
7118,1.7281489372253418,0.692680299282074,18109.40777093172,18675.90442031622
7119,1.3684526681900024,1.5599615573883057,18110.77622359991,18677.464381873608
7120,1.8200421333312988,0.536597490310669,18112.596265733242,18678.00097936392
7121,1.548228144645691,0.8395528793334961,18114.144493877888,18678.84053224325
7122,1.2484045028686523,1.2562085390090942,18115.392898380756,18680.09674078226
7123,1.5692733526229858,1.0053294897079468,18116.96217173338,18681.10207027197
7124,1.64616858959198,0.6273241639137268,18118.60834032297,18681.729394435883
7125,1.5550698041915894,0.9039568901062012,18120.163410127163,18682.63335132599
7126,1.6505398750305176,0.6720382571220398,18121.813950002193,18683.30538958311
7127,1.8883758783340454,1.4674804210662842,18123.702325880527,18684.772870004177
7128,0.4783644676208496,1.5896118879318237,18124.18069034815,18686.36248189211
7129,1.673215627670288,0.7294686436653137,18125.85390597582,18687.091950535774
7130,1.5902807712554932,0.7904753088951111,18127.444186747074,18687.88242584467
7131,0.8696572184562683,1.248346209526062,18128.31384396553,18689.130772054195
7132,1.3755909204483032,0.8097914457321167,18129.68943488598,18689.940563499928
7133,1.6327402591705322,0.6415021419525146,18131.32217514515,18690.58206564188
7134,0.8536804914474487,1.018833041191101,18132.175855636597,18691.60089868307
7135,1.8919774293899536,2.287982225418091,18134.067833065987,18693.88888090849
7136,1.8617852926254272,0.7605168223381042,18135.929618358612,18694.649397730827
7137,1.6647076606750488,1.4107600450515747,18137.594326019287,18696.06015777588
7138,1.8348875045776367,0.969326913356781,18139.429213523865,18697.029484689236
7139,1.4370830059051514,0.7070110440254211,18140.86629652977,18697.73649573326
7140,1.6950029134750366,0.7104969620704651,18142.561299443245,18698.44699269533
7141,1.4170446395874023,0.7113339900970459,18143.978344082832,18699.15832668543
7142,1.4606153964996338,0.5574764609336853,18145.438959479332,18699.715803146362
7143,1.3632537126541138,0.6573689579963684,18146.802213191986,18700.37317210436
7144,1.5751513242721558,0.7237036228179932,18148.37736451626,18701.096875727177
7145,1.0607308149337769,1.0868656635284424,18149.438095331192,18702.183741390705
7146,1.8222239017486572,1.111327886581421,18151.26031923294,18703.295069277287
7147,2.414008855819702,1.0184177160263062,18153.67432808876,18704.313486993313
7148,1.6342408657073975,0.498617559671402,18155.308568954468,18704.812104552984
7149,1.385711431503296,0.9016206860542297,18156.69428038597,18705.71372523904
7150,2.036038637161255,1.1982485055923462,18158.730319023132,18706.91197374463
7151,1.508829116821289,0.5860207676887512,18160.239148139954,18707.49799451232
7152,1.6335877180099487,0.8401119709014893,18161.872735857964,18708.33810648322
7153,1.509539246559143,0.8178853392601013,18163.382275104523,18709.15599182248
7154,1.2791721820831299,0.6778373122215271,18164.661447286606,18709.833829134703
7155,1.764660358428955,0.6766298413276672,18166.426107645035,18710.51045897603
7156,1.4165966510772705,0.6218705773353577,18167.842704296112,18711.132329553366
7157,1.7035077810287476,0.8937655091285706,18169.54621207714,18712.026095062494
7158,1.3269990682601929,0.6051353216171265,18170.8732111454,18712.63123038411
7159,1.425015926361084,1.3551278114318848,18172.298227071762,18713.986358195543
7160,1.6851664781570435,1.6791667938232422,18173.98339354992,18715.665524989367
7161,2.18461275100708,1.254386305809021,18176.168006300926,18716.919911295176
7162,1.6379834413528442,1.0957300662994385,18177.80598974228,18718.015641361475
7163,1.516640543937683,0.68702632188797,18179.322630286217,18718.702667683363
7164,1.596981406211853,0.7108475565910339,18180.91961169243,18719.413515239954
7165,1.8423813581466675,0.7627977728843689,18182.761993050575,18720.17631301284
7166,1.958005666732788,1.493294596672058,18184.719998717308,18721.66960760951
7167,0.9410826563835144,1.054465413093567,18185.66108137369,18722.724073022604
7168,1.8229721784591675,0.8068989515304565,18187.48405355215,18723.530971974134
7169,1.977853775024414,0.9010661244392395,18189.461907327175,18724.432038098574
7170,1.5531913042068481,0.5147020816802979,18191.015098631382,18724.946740180254
7171,0.5514586567878723,1.6660277843475342,18191.56655728817,18726.6127679646
7172,1.4925479888916016,0.7759599089622498,18193.05910527706,18727.388727873564
7173,0.875766396522522,0.9961762428283691,18193.934871673584,18728.384904116392
7174,1.5700794458389282,0.6955519914627075,18195.504951119423,18729.080456107855
7175,1.6990368366241455,0.6211234331130981,18197.203987956047,18729.701579540968
7176,1.726675271987915,0.8139637112617493,18198.930663228035,18730.51554325223
7177,1.2355595827102661,1.1763880252838135,18200.166222810745,18731.691931277514
7178,1.5746006965637207,0.7588094472885132,18201.74082350731,18732.450740724802
7179,1.8863484859466553,0.8956289291381836,18203.627171993256,18733.34636965394
7180,1.5165159702301025,0.9493767619132996,18205.143687963486,18734.295746415854
7181,1.5574897527694702,0.7043787837028503,18206.701177716255,18735.000125199556
7182,1.5207265615463257,0.6062106490135193,18208.2219042778,18735.60633584857
7183,1.443610668182373,0.7771182656288147,18209.665514945984,18736.3834541142
7184,1.5523805618286133,0.6193321943283081,18211.217895507812,18737.002786308527
7185,1.526593565940857,0.9807164072990417,18212.744489073753,18737.983502715826
7186,2.06138277053833,1.5037894248962402,18214.80587184429,18739.487292140722
7187,1.418089747428894,0.7412645220756531,18216.22396159172,18740.228556662798
7188,1.388123869895935,0.8043915033340454,18217.612085461617,18741.032948166132
7189,1.5303895473480225,0.6468058824539185,18219.142475008965,18741.679754048586
7190,1.4363287687301636,0.8362762331962585,18220.578803777695,18742.516030281782
7191,1.620126724243164,0.6382749676704407,18222.198930501938,18743.154305249453
7192,1.6087219715118408,0.613586962223053,18223.80765247345,18743.767892211676
7193,2.0287697315216064,0.6019195318222046,18225.83642220497,18744.369811743498
7194,2.272996664047241,0.6596337556838989,18228.10941886902,18745.02944549918
7195,1.5140973329544067,0.7635646462440491,18229.623516201973,18745.793010145426
7196,1.2903187274932861,1.2372461557388306,18230.913834929466,18747.030256301165
7197,1.6905204057693481,0.7328851819038391,18232.604355335236,18747.76314148307
7198,1.9390640258789062,0.8190903067588806,18234.543419361115,18748.582231789827
7199,1.4498796463012695,1.3136447668075562,18235.993299007416,18749.895876556635
7200,1.7751975059509277,0.8152483701705933,18237.768496513367,18750.711124926805
7201,1.8863061666488647,1.1564990282058716,18239.654802680016,18751.86762395501
7202,1.878390908241272,0.8050608038902283,18241.533193588257,18752.6726847589
7203,1.5828368663787842,0.6084969639778137,18243.116030454636,18753.28118172288
7204,0.7039308547973633,2.103623390197754,18243.819961309433,18755.384805113077
7205,1.5216699838638306,0.5873467326164246,18245.341631293297,18755.972151845694
7206,1.4054754972457886,0.9944345355033875,18246.747106790543,18756.966586381197
7207,1.5172842741012573,0.764183759689331,18248.264391064644,18757.730770140886
7208,1.6504522562026978,0.6847134232521057,18249.914843320847,18758.41548356414
7209,0.5126963257789612,1.7276639938354492,18250.427539646626,18760.143147557974
7210,2.0090105533599854,0.8148929476737976,18252.436550199986,18760.958040505648
7211,1.5769190788269043,0.9525182247161865,18254.013469278812,18761.910558730364
7212,1.6293317079544067,1.3850200176239014,18255.642800986767,18763.295578747988
7213,1.6350972652435303,0.9685912728309631,18257.27789825201,18764.26417002082
7214,1.5004329681396484,0.6440656185150146,18258.77833122015,18764.908235639334
7215,1.4004160165786743,0.5279952883720398,18260.17874723673,18765.436230927706
7216,1.7786751985549927,1.045120120048523,18261.957422435284,18766.481351047754
7217,1.78694486618042,0.5823126435279846,18263.744367301464,18767.063663691282
7218,1.7270965576171875,2.036531448364258,18265.47146385908,18769.100195139647
7219,1.5926655530929565,1.5615386962890625,18267.064129412174,18770.661733835936
7220,1.4489816427230835,0.5619445443153381,18268.513111054897,18771.22367838025
7221,1.8017609119415283,0.5932556986808777,18270.31487196684,18771.81693407893
7222,1.5201133489608765,0.7934711575508118,18271.8349853158,18772.610405236483
7223,1.71231210231781,0.6079499125480652,18273.547297418118,18773.21835514903
7224,1.8425941467285156,0.6518074870109558,18275.389891564846,18773.87016263604
7225,1.5784838199615479,0.6418445706367493,18276.968375384808,18774.51200720668
7226,1.7191089391708374,0.6531184911727905,18278.68748432398,18775.16512569785
7227,1.4135490655899048,0.7949302196502686,18280.10103338957,18775.9600559175
7228,1.6921545267105103,0.8532268404960632,18281.79318791628,18776.813282757998
7229,1.6511921882629395,1.012960433959961,18283.44438010454,18777.826243191957
7230,0.591803252696991,1.6786003112792969,18284.03618335724,18779.504843503237
7231,1.2970024347305298,0.6987375617027283,18285.33318579197,18780.20358106494
7232,1.7066303491592407,0.5451540350914001,18287.03981614113,18780.74873510003
7233,1.503735065460205,0.6180490851402283,18288.54355120659,18781.36678418517
7234,1.3167051076889038,0.750171422958374,18289.860256314278,18782.11695560813
7235,1.5960193872451782,0.6709336042404175,18291.456275701523,18782.78788921237
7236,0.9368095397949219,1.5611021518707275,18292.393085241318,18784.34899136424
7237,1.5911015272140503,0.9763933420181274,18293.98418676853,18785.32538470626
7238,1.2899950742721558,0.5341730713844299,18295.274181842804,18785.859557777643
7239,1.3229279518127441,0.6578599214553833,18296.597109794617,18786.5174176991
7240,1.6366839408874512,0.9929597973823547,18298.233793735504,18787.51037749648
7241,1.9042648077011108,1.3600753545761108,18300.138058543205,18788.870452851057
7242,1.5500085353851318,0.5771470665931702,18301.68806707859,18789.44759991765
7243,1.4333323240280151,0.8582139015197754,18303.12139940262,18790.30581381917
7244,1.654859185218811,0.7968246340751648,18304.776258587837,18791.102638453245
7245,1.461508870124817,0.7276893854141235,18306.237767457962,18791.83032783866
7246,1.4471335411071777,0.8905355930328369,18307.68490099907,18792.720863431692
7247,1.5226149559020996,0.6235692501068115,18309.20751595497,18793.3444326818
7248,1.595066785812378,0.9694828987121582,18310.802582740784,18794.31391558051
7249,1.663034200668335,0.6243597269058228,18312.465616941452,18794.938275307417
7250,1.2790292501449585,1.0234243869781494,18313.744646191597,18795.961699694395
7251,1.5250394344329834,1.1316118240356445,18315.26968562603,18797.09331151843
7252,1.9856187105178833,0.7099807262420654,18317.255304336548,18797.803292244673
7253,1.5548336505889893,0.6569703817367554,18318.810137987137,18798.46026262641
7254,1.7353737354278564,0.5882210731506348,18320.545511722565,18799.04848369956
7255,1.9139059782028198,0.8711638450622559,18322.459417700768,18799.919647544622
7256,1.591102123260498,0.7904601693153381,18324.050519824028,18800.710107713938
7257,1.8073315620422363,1.797766923904419,18325.85785138607,18802.507874637842
7258,1.2293397188186646,0.5785696506500244,18327.08719110489,18803.086444288492
7259,1.7534791231155396,0.7984904646873474,18328.840670228004,18803.88493475318
7260,1.7616181373596191,1.053122878074646,18330.602288365364,18804.938057631254
7261,1.375011920928955,0.6824688911437988,18331.977300286293,18805.620526522398
7262,0.8656070232391357,2.024204969406128,18332.842907309532,18807.644731491804
7263,1.6082950830459595,0.862166166305542,18334.451202392578,18808.50689765811
7264,1.8882064819335938,0.7406488656997681,18336.33940887451,18809.24754652381
7265,1.7333945035934448,0.7915477752685547,18338.072803378105,18810.039094299078
7266,1.5030996799468994,0.7347743511199951,18339.575903058052,18810.773868650198
7267,1.7267459630966187,0.9458457827568054,18341.30264902115,18811.719714432955
7268,1.5402055978775024,0.716858446598053,18342.842854619026,18812.436572879553
7269,1.6313552856445312,0.8385605216026306,18344.47420990467,18813.275133401155
7270,1.9509245157241821,0.897072970867157,18346.425134420395,18814.172206372023
7271,1.8258112668991089,1.2382233142852783,18348.250945687294,18815.410429686308
7272,1.5055006742477417,0.8094868063926697,18349.75644636154,18816.2199164927
7273,1.4484343528747559,0.7486093640327454,18351.204880714417,18816.968525856733
7274,1.4746503829956055,0.9508355855941772,18352.679531097412,18817.919361442327
7275,1.3421580791473389,0.6838541626930237,18354.02168917656,18818.60321560502
7276,1.6421592235565186,0.6168368458747864,18355.663848400116,18819.220052450895
7277,1.0612642765045166,1.0972769260406494,18356.72511267662,18820.317329376936
7278,1.0665072202682495,1.453516960144043,18357.79161989689,18821.77084633708
7279,1.7996139526367188,0.5174451470375061,18359.591233849525,18822.288291484118
7280,1.8572219610214233,0.8517846465110779,18361.448455810547,18823.14007613063
7281,1.7399287223815918,0.9087437391281128,18363.18838453293,18824.048819869757
7282,1.0913625955581665,0.7152920365333557,18364.279747128487,18824.76411190629
7283,1.8906774520874023,0.7817561626434326,18366.170424580574,18825.545868068933
7284,1.4025479555130005,1.1103708744049072,18367.572972536087,18826.65623894334
7285,2.2732913494110107,1.0148465633392334,18369.846263885498,18827.671085506678
7286,1.6961185932159424,0.7391413450241089,18371.542382478714,18828.4102268517
7287,0.9979663491249084,1.8860691785812378,18372.54034882784,18830.296296030283
7288,1.7219823598861694,0.7245081663131714,18374.262331187725,18831.020804196596
7289,1.5610544681549072,0.48251795768737793,18375.82338565588,18831.503322154284
7290,1.6751998662948608,0.7149749994277954,18377.498585522175,18832.21829715371
7291,1.4678593873977661,0.6301327347755432,18378.966444909573,18832.848429888487
7292,0.9876127243041992,1.6061686277389526,18379.954057633877,18834.454598516226
7293,1.9672131538391113,1.9354033470153809,18381.921270787716,18836.39000186324
7294,1.5796312093734741,0.9849778413772583,18383.50090199709,18837.37497970462
7295,1.7760998010635376,0.876434326171875,18385.277001798153,18838.25141403079
7296,1.6718780994415283,0.7142795920372009,18386.948879897594,18838.965693622828
7297,0.8260359764099121,3.592655658721924,18387.774915874004,18842.55834928155
7298,2.1920621395111084,0.9203011989593506,18389.966978013515,18843.47865048051
7299,1.5690444707870483,0.6222615838050842,18391.536022484303,18844.100912064314
7300,1.4984673261642456,1.0438772439956665,18393.034489810467,18845.14478930831
7301,0.9516199827194214,1.7555240392684937,18393.986109793186,18846.900313347578
7302,1.541227102279663,1.0963797569274902,18395.527336895466,18847.996693104506
7303,1.726025104522705,0.5918303728103638,18397.25336199999,18848.588523477316
7304,0.8855428099632263,1.198164939880371,18398.13890480995,18849.786688417196
7305,1.6077139377593994,0.6802173852920532,18399.74661874771,18850.46690580249
7306,1.5413787364959717,0.7946423888206482,18401.287997484207,18851.26154819131
7307,1.6503472328186035,1.082334280014038,18402.938344717026,18852.343882471323
7308,1.7590322494506836,0.7025563716888428,18404.697376966476,18853.046438843012
7309,0.9758193492889404,1.6397833824157715,18405.673196315765,18854.686222225428
7310,1.8418018817901611,0.843147337436676,18407.514998197556,18855.529369562864
7311,1.5299320220947266,0.5526036620140076,18409.04493021965,18856.08197322488
7312,1.642568826675415,0.5870513319969177,18410.687499046326,18856.669024556875
7313,1.4126757383346558,0.7091027498245239,18412.10017478466,18857.3781273067
7314,1.6049222946166992,0.7325571179389954,18413.705097079277,18858.11068442464
7315,1.2772270441055298,0.6485538482666016,18414.982324123383,18858.759238272905
7316,1.3583077192306519,0.9615760445594788,18416.340631842613,18859.720814317465
7317,1.4285441637039185,0.824898898601532,18417.769176006317,18860.545713216066
7318,1.9699890613555908,0.8301241397857666,18419.739165067673,18861.375837355852
7319,1.904098391532898,0.47097888588905334,18421.643263459206,18861.84681624174
7320,2.069922924041748,0.9516221880912781,18423.713186383247,18862.798438429832
7321,1.3864961862564087,0.7020307779312134,18425.099682569504,18863.500469207764
7322,1.3062725067138672,1.1901994943618774,18426.405955076218,18864.690668702126
7323,0.8025168776512146,2.4891810417175293,18427.20847195387,18867.179849743843
7324,1.5420820713043213,0.7803713083267212,18428.750554025173,18867.96022105217
7325,1.7957779169082642,0.6097675561904907,18430.54633194208,18868.56998860836
7326,1.4140561819076538,0.6134027242660522,18431.96038812399,18869.183391332626
7327,1.6677329540252686,1.1232589483261108,18433.628121078014,18870.306650280952
7328,1.587948203086853,0.6946514844894409,18435.2160692811,18871.001301765442
7329,1.741312026977539,0.8947769403457642,18436.95738130808,18871.896078705788
7330,1.4661345481872559,0.8078184723854065,18438.423515856266,18872.703897178173
7331,1.6171222925186157,0.6460660099983215,18440.040638148785,18873.34996318817
7332,1.3783974647521973,0.7232503294944763,18441.419035613537,18874.073213517666
7333,1.6866148710250854,0.923039436340332,18443.105650484562,18874.996252954006
7334,1.9890995025634766,1.0117548704147339,18445.094749987125,18876.00800782442
7335,1.3299521207809448,0.708799421787262,18446.424702107906,18876.71680724621
7336,1.654407262802124,0.7634809613227844,18448.07910937071,18877.48028820753
7337,1.5470085144042969,1.2346208095550537,18449.626117885113,18878.714909017086
7338,1.7435256242752075,0.843072772026062,18451.369643509388,18879.557981789112
7339,1.5346208810806274,0.7128579020500183,18452.90426439047,18880.270839691162
7340,3.0917038917541504,1.3562425374984741,18455.995968282223,18881.62708222866
7341,1.7443708181381226,0.5986127853393555,18457.74033910036,18882.225695014
7342,1.6807911396026611,0.5685272812843323,18459.421130239964,18882.794222295284
7343,1.2480583190917969,1.336472511291504,18460.669188559055,18884.130694806576
7344,1.3831335306167603,0.9214054942131042,18462.052322089672,18885.05210030079
7345,1.579050064086914,0.6843116879463196,18463.63137215376,18885.736411988735
7346,1.4817595481872559,0.910468339920044,18465.113131701946,18886.646880328655
7347,1.5378308296203613,0.6574686169624329,18466.650962531567,18887.304348945618
7348,1.8063052892684937,0.6731393933296204,18468.457267820835,18887.977488338947
7349,1.646395206451416,0.6278053522109985,18470.103663027287,18888.60529369116
7350,1.4652528762817383,0.6236644983291626,18471.56891590357,18889.228958189487
7351,1.35518217086792,0.8169617652893066,18472.924098074436,18890.045919954777
7352,1.6592522859573364,0.7274039387702942,18474.583350360394,18890.773323893547
7353,1.2955379486083984,0.6661036014556885,18475.878888309002,18891.439427495003
7354,2.2252817153930664,0.9029771685600281,18478.104170024395,18892.342404663563
7355,1.7315404415130615,0.905587375164032,18479.835710465908,18893.247992038727
7356,1.6035650968551636,0.8850099444389343,18481.439275562763,18894.133001983166
7357,1.5250108242034912,0.6120122671127319,18482.964286386967,18894.74501425028
7358,1.804388165473938,0.7445183992385864,18484.76867455244,18895.489532649517
7359,1.801124930381775,0.6652346253395081,18486.569799482822,18896.154767274857
7360,1.5522099733352661,0.7287231683731079,18488.122009456158,18896.88349044323
7361,1.737304449081421,1.331507921218872,18489.85931390524,18898.21499836445
7362,2.327152729034424,0.8579591512680054,18492.186466634274,18899.072957515717
7363,0.81888747215271,1.1272194385528564,18493.005354106426,18900.20017695427
7364,1.8327386379241943,1.2912062406539917,18494.83809274435,18901.491383194923
7365,1.659030795097351,0.7531450390815735,18496.497123539448,18902.244528234005
7366,1.5504008531570435,1.1028070449829102,18498.047524392605,18903.347335278988
7367,1.5961319208145142,0.615210235118866,18499.64365631342,18903.962545514107
7368,1.6149754524230957,0.7293261885643005,18501.258631765842,18904.69187170267
7369,1.3244656324386597,0.7375674843788147,18502.58309739828,18905.42943918705
7370,1.1328980922698975,1.1547691822052002,18503.71599549055,18906.584208369255
7371,1.5449855327606201,0.7473149299621582,18505.26098102331,18907.331523299217
7372,1.5221319198608398,0.808755099773407,18506.783112943172,18908.14027839899
7373,1.4639800786972046,0.6785273551940918,18508.24709302187,18908.818805754185
7374,1.3122714757919312,4.079047679901123,18509.55936449766,18912.897853434086
7375,0.6090540289878845,1.1702079772949219,18510.16841852665,18914.06806141138
7376,1.9674396514892578,1.2452523708343506,18512.13585817814,18915.313313782215
7377,1.405442237854004,0.5090259909629822,18513.541300415993,18915.822339773178
7378,1.8638652563095093,0.9154284000396729,18515.405165672302,18916.737768173218
7379,1.5960536003112793,0.9186630845069885,18517.001219272614,18917.656431257725
7380,1.4701306819915771,0.7711822390556335,18518.471349954605,18918.42761349678
7381,1.5940203666687012,0.6233144402503967,18520.065370321274,18919.05092793703
7382,1.430820345878601,0.5365120768547058,18521.496190667152,18919.587440013885
7383,0.876677930355072,0.8994230031967163,18522.372868597507,18920.486863017082
7384,1.8507437705993652,1.0607459545135498,18524.223612368107,18921.547608971596
7385,1.4408425092697144,0.6803465485572815,18525.664454877377,18922.227955520153
7386,1.5301769971847534,0.8098269104957581,18527.19463187456,18923.03778243065
7387,1.5169299840927124,0.8989332914352417,18528.711561858654,18923.936715722084
7388,1.5236603021621704,0.699510931968689,18530.235222160816,18924.636226654053
7389,1.6536048650741577,0.84031081199646,18531.88882702589,18925.47653746605
7390,1.4942480325698853,0.7802199721336365,18533.38307505846,18926.256757438183
7391,1.7031983137130737,0.7625853419303894,18535.086273372173,18927.019342780113
7392,1.8790432214736938,0.7542036771774292,18536.965316593647,18927.77354645729
7393,1.454347848892212,0.7346521615982056,18538.41966444254,18928.50819861889
7394,1.6122864484786987,0.6766424179077148,18540.031950891018,18929.184841036797
7395,1.3870285749435425,0.66949862241745,18541.41897946596,18929.854339659214
7396,0.6668348908424377,1.2983530759811401,18542.085814356804,18931.152692735195
7397,2.4995012283325195,1.5628703832626343,18544.585315585136,18932.715563118458
7398,1.590763807296753,1.0474892854690552,18546.176079392433,18933.763052403927
7399,1.610063910484314,0.5848948359489441,18547.786143302917,18934.347947239876
7400,1.6901730298995972,0.7262027859687805,18549.476316332817,18935.074150025845
7401,2.2645976543426514,1.639634132385254,18551.74091398716,18936.71378415823
7402,1.6693354845046997,0.9607572555541992,18553.410249471664,18937.674541413784
7403,1.4076954126358032,0.6118707060813904,18554.8179448843,18938.286412119865
7404,1.7495687007904053,0.7197837829589844,18556.56751358509,18939.006195902824
7405,1.7504312992095947,0.5712268948554993,18558.3179448843,18939.57742279768
7406,0.4625724256038666,2.3128395080566406,18558.780517309904,18941.890262305737
7407,1.5713236331939697,0.8502703905105591,18560.351840943098,18942.740532696247
7408,1.8258075714111328,0.847468376159668,18562.17764851451,18943.588001072407
7409,2.1154918670654297,0.9627618789672852,18564.293140381575,18944.550762951374
7410,1.7284272909164429,0.6983814835548401,18566.02156767249,18945.24914443493
7411,1.6157575845718384,0.7515653371810913,18567.637325257063,18946.00070977211
7412,1.6012300252914429,0.7596166133880615,18569.238555282354,18946.760326385498
7413,1.3091157674789429,0.821545422077179,18570.547671049833,18947.581871807575
7414,1.7009470462799072,0.6463063955307007,18572.248618096113,18948.228178203106
7415,1.4116452932357788,0.8389965295791626,18573.66026338935,18949.067174732685
7416,1.7117125988006592,0.6123501658439636,18575.37197598815,18949.67952489853
7417,1.568748950958252,1.0346691608428955,18576.940724939108,18950.714194059372
7418,1.4950956106185913,0.6419755816459656,18578.435820549726,18951.356169641018
7419,1.3757694959640503,0.8339812159538269,18579.81159004569,18952.19015085697
7420,1.8486075401306152,1.0181033611297607,18581.66019758582,18953.2082542181
7421,1.5607634782791138,0.5276193618774414,18583.2209610641,18953.73587357998
7422,1.4829473495483398,2.2274720668792725,18584.70390841365,18955.96334564686
7423,1.6507747173309326,0.7208545804023743,18586.35468313098,18956.68420022726
7424,0.9908145666122437,4.5483174324035645,18587.34549769759,18961.232517659664
7425,1.6505738496780396,0.6070765852928162,18588.99607154727,18961.839594244957
7426,1.866077184677124,1.0196380615234375,18590.862148731947,18962.85923230648
7427,1.523889422416687,0.5462455153465271,18592.386038154364,18963.405477821827
7428,1.5239719152450562,0.7916093468666077,18593.91001006961,18964.197087168694
7429,0.7380387783050537,1.7237831354141235,18594.648048847914,18965.920870304108
7430,1.5092105865478516,0.694734513759613,18596.15725943446,18966.615604817867
7431,1.3843610286712646,0.8543262481689453,18597.541620463133,18967.469931066036
7432,1.5041371583938599,0.69752037525177,18599.045757621527,18968.167451441288
7433,1.690338373184204,0.9102879762649536,18600.73609599471,18969.077739417553
7434,1.4550195932388306,0.6508851647377014,18602.19111558795,18969.72862458229
7435,1.6816394329071045,0.6710085272789001,18603.872755020857,18970.39963310957
7436,1.3057620525360107,0.6954206228256226,18605.178517073393,18971.095053732395
7437,2.0278520584106445,1.5815061330795288,18607.206369131804,18972.676559865475
7438,1.4355124235153198,0.5934500098228455,18608.64188155532,18973.270009875298
7439,0.612750232219696,1.9491102695465088,18609.25463178754,18975.219120144844
7440,1.6475027799606323,0.6665226221084595,18610.9021345675,18975.885642766953
7441,1.8010648488998413,0.6282472014427185,18612.7031994164,18976.513889968395
7442,1.5531485080718994,0.6922653913497925,18614.25634792447,18977.206155359745
7443,1.894524097442627,0.8474047780036926,18616.150872021914,18978.05356013775
7444,0.7173500061035156,1.9519453048706055,18616.868222028017,18980.00550544262
7445,1.5467849969863892,0.9679587483406067,18618.415007025003,18980.97346419096
7446,1.5097304582595825,1.0194965600967407,18619.924737483263,18981.992960751057
7447,1.5818313360214233,0.7023760080337524,18621.506568819284,18982.69533675909
7448,2.032524585723877,2.267698049545288,18623.53909340501,18984.963034808636
7449,1.6180363893508911,0.6726016402244568,18625.15712979436,18985.63563644886
7450,1.6615984439849854,0.8943391442298889,18626.818728238344,18986.52997559309
7451,1.7793829441070557,0.6669409275054932,18628.59811118245,18987.196916520596
7452,1.7601344585418701,0.48609378933906555,18630.358245640993,18987.683010309935
7453,1.547968864440918,0.8749933242797852,18631.906214505434,18988.558003634214
7454,0.7660109400749207,2.444718360900879,18632.67222544551,18991.002721995115
7455,1.5751492977142334,0.7033429741859436,18634.247374743223,18991.7060649693
7456,2.005779981613159,0.8460599184036255,18636.253154724836,18992.552124887705
7457,1.445019006729126,1.411980152130127,18637.698173731565,18993.964105039835
7458,1.8384557962417603,0.8354987502098083,18639.536629527807,18994.799603790045
7459,1.2896329164505005,2.8885886669158936,18640.826262444258,18997.68819245696
7460,1.5932952165603638,0.8241578340530396,18642.419557660818,18998.512350291014
7461,1.613573670387268,1.1216357946395874,18644.033131331205,18999.633986085653
7462,1.3796265125274658,2.056941032409668,18645.412757843733,19001.690927118063
7463,1.512864351272583,0.7802592515945435,18646.925622195005,19002.471186369658
7464,1.9163713455200195,0.999504804611206,18648.841993540525,19003.47069117427
7465,1.5026185512542725,0.9290664792060852,18650.34461209178,19004.399757653475
7466,1.4734680652618408,0.6008673310279846,18651.81808015704,19005.000624984503
7467,0.6733826398849487,1.7560752630233765,18652.491462796926,19006.756700247526
7468,0.5572877526283264,1.6713882684707642,18653.048750549555,19008.428088515997
7469,1.8362962007522583,0.6428436636924744,18654.885046750307,19009.07093217969
7470,1.613653302192688,0.8414684534072876,18656.4987000525,19009.912400633097
7471,1.6678732633590698,0.7740803360939026,18658.16657331586,19010.68648096919
7472,1.5829732418060303,0.7303783893585205,18659.749546557665,19011.41685935855
7473,1.4994336366653442,0.8109448552131653,18661.24898019433,19012.227804213762
7474,1.714468002319336,0.8230285048484802,18662.96344819665,19013.05083271861
7475,0.5899208784103394,1.3503721952438354,18663.55336907506,19014.401204913855
7476,1.5715863704681396,1.6325280666351318,18665.124955445528,19016.03373298049
7477,1.3991342782974243,0.6877476572990417,18666.524089723825,19016.72148063779
7478,1.6000248193740845,0.7851521968841553,18668.1241145432,19017.506632834673
7479,1.7800877094268799,0.7966039180755615,18669.904202252626,19018.30323675275
7480,1.6387357711791992,0.6489760279655457,18671.542938023806,19018.952212780714
7481,1.6646654605865479,0.6303321123123169,18673.207603484392,19019.582544893026
7482,1.9539284706115723,0.989668071269989,18675.161531955004,19020.572212964296
7483,1.5124115943908691,0.616052508354187,18676.673943549395,19021.18826547265
7484,1.3820663690567017,0.6114125847816467,18678.05600991845,19021.799678057432
7485,1.5348165035247803,0.6936082243919373,18679.590826421976,19022.493286281824
7486,1.6463236808776855,1.2275065183639526,18681.237150102854,19023.720792800188
7487,1.0577456951141357,1.1442978382110596,18682.294895797968,19024.8650906384
7488,1.7695775032043457,0.6864338517189026,18684.064473301172,19025.551524490118
7489,1.6849943399429321,0.638089656829834,18685.749467641115,19026.189614146948
7490,1.6812635660171509,0.5550839304924011,18687.430731207132,19026.74469807744
7491,1.6183494329452515,0.8316217064857483,18689.049080640078,19027.576319783926
7492,1.6514027118682861,0.5010976195335388,18690.700483351946,19028.07741740346
7493,1.6320267915725708,0.7448630928993225,18692.33251014352,19028.82228049636
7494,1.3986634016036987,0.9014193415641785,18693.731173545122,19029.723699837923
7495,1.4633994102478027,0.9046475887298584,18695.19457295537,19030.628347426653
7496,1.2494579553604126,0.7326012849807739,18696.44403091073,19031.360948711634
7497,1.4557663202285767,0.7218970060348511,18697.89979723096,19032.08284571767
7498,1.6258200407028198,0.5706713199615479,18699.52561727166,19032.65351703763
7499,1.8065756559371948,0.8326641321182251,18701.3321929276,19033.48618116975
7500,1.8222163915634155,0.6988928318023682,18703.154409319162,19034.18507400155
7501,1.5622999668121338,0.510553240776062,18704.716709285975,19034.695627242327
7502,1.4975064992904663,0.6396429538726807,18706.214215785265,19035.3352701962
7503,1.739012360572815,0.8717781901359558,18707.953228145838,19036.207048386335
7504,1.5688188076019287,0.6416563391685486,18709.52204695344,19036.848704725504
7505,1.5281552076339722,0.5150994658470154,18711.050202161074,19037.36380419135
7506,0.4798455536365509,1.3947994709014893,18711.53004771471,19038.758603662252
7507,1.4015684127807617,0.4610791504383087,18712.93161612749,19039.21968281269
7508,1.1896543502807617,0.5085530877113342,18714.12127047777,19039.728235900402
7509,1.437131643295288,0.5375928282737732,18715.558402121067,19040.265828728676
7510,1.6234420537948608,0.8485718965530396,18717.181844174862,19041.11440062523
7511,1.5616202354431152,0.7386978268623352,18718.743464410305,19041.85309845209
7512,1.6031794548034668,0.6875738501548767,18720.34664386511,19042.540672302246
7513,1.928308129310608,0.9890938997268677,18722.27495199442,19043.529766201973
7514,1.6964750289916992,0.7030142545700073,18723.97142702341,19044.232780456543
7515,1.3385816812515259,0.6718443632125854,18725.310008704662,19044.904624819756
7516,1.422021746635437,0.7545887231826782,18726.732030451298,19045.65921354294
7517,1.9810575246810913,0.7970144748687744,18728.71308797598,19046.456228017807
7518,1.5391618013381958,0.6532482504844666,18730.252249777317,19047.10947626829
7519,1.4583767652511597,0.9218732118606567,18731.71062654257,19048.031349480152
7520,1.5390273332595825,0.7125739455223083,18733.249653875828,19048.743923425674
7521,0.9255610108375549,1.2734638452529907,18734.175214886665,19050.017387270927
7522,1.85588538646698,0.9611473679542542,18736.031100273132,19050.97853463888
7523,1.6104736328125,0.7065784931182861,18737.641573905945,19051.685113132
7524,1.4253426790237427,0.5936102271080017,18739.06691658497,19052.278723359108
7525,1.4002844095230103,1.0151630640029907,18740.46720099449,19053.29388642311
7526,1.989476203918457,0.844447672367096,18742.45667719841,19054.138334095478
7527,1.3972951173782349,0.7965307235717773,18743.85397231579,19054.93486481905
7528,1.5515960454940796,1.601710557937622,18745.405568361282,19056.536575376987
7529,1.4172208309173584,0.6179929971694946,18746.8227891922,19057.154568374157
7530,1.693777084350586,1.4346555471420288,18748.51656627655,19058.5892239213
7531,1.5096526145935059,1.3014463186264038,18750.026218891144,19059.890670239925
7532,1.7365961074829102,0.8050839900970459,18751.762814998627,19060.695754230022
7533,1.7234872579574585,0.9395615458488464,18753.486302256584,19061.63531577587
7534,1.3571323156356812,0.8642591238021851,18754.84343457222,19062.499574899673
7535,1.7991548776626587,0.5508933663368225,18756.642589449883,19063.05046826601
7536,2.076638698577881,1.2942818403244019,18758.71922814846,19064.344750106335
7537,1.664650321006775,0.612396240234375,18760.383878469467,19064.95714634657
7538,1.6424309015274048,0.7657319903373718,18762.026309370995,19065.722878336906
7539,1.719230055809021,0.8727056980133057,18763.745539426804,19066.59558403492
7540,1.6582529544830322,2.2764854431152344,18765.403792381287,19068.872069478035
7541,1.3512380123138428,1.0506515502929688,18766.7550303936,19069.922721028328
7542,1.7234224081039429,0.6828017234802246,18768.478452801704,19070.605522751808
7543,1.7640067338943481,1.3336938619613647,18770.2424595356,19071.93921661377
7544,2.5422940254211426,2.383223056793213,18772.78475356102,19074.322439670563
7545,1.4709957838058472,0.5261334776878357,18774.255749344826,19074.84857314825
7546,0.9172582030296326,1.5482900142669678,18775.173007547855,19076.396863162518
7547,2.4582889080047607,1.5308935642242432,18777.63129645586,19077.92775672674
7548,1.8370420932769775,0.7773331999778748,18779.468338549137,19078.70508992672
7549,2.4088594913482666,1.352073073387146,18781.877198040485,19080.057163000107
7550,1.6633555889129639,0.7199020385742188,18783.5405536294,19080.77706503868
7551,1.1311293840408325,0.6162759065628052,18784.67168301344,19081.393340945244
7552,1.6752324104309082,0.5589892864227295,18786.34691542387,19081.952330231667
7553,1.5706894397735596,0.6172824501991272,18787.917604863644,19082.569612681866
7554,1.5849238634109497,1.0034265518188477,18789.502528727055,19083.573039233685
7555,1.5258666276931763,0.6533063054084778,18791.028395354748,19084.226345539093
7556,1.5561509132385254,0.9609963297843933,18792.584546267986,19085.187341868877
7557,1.60321044921875,1.0341845750808716,18794.187756717205,19086.22152644396
7558,1.9762539863586426,2.6976165771484375,18796.164010703564,19088.919143021107
7559,1.3831616640090942,0.719011127948761,18797.547172367573,19089.638154149055
7560,1.5029120445251465,0.951569676399231,18799.050084412098,19090.589723825455
7561,1.4274026155471802,0.8276749849319458,18800.477487027645,19091.417398810387
7562,1.567262887954712,0.46209195256233215,18802.0447499156,19091.87949076295
7563,1.5473634004592896,0.7760181427001953,18803.59211331606,19092.65550890565
7564,0.6719693541526794,1.5195488929748535,18804.26408267021,19094.175057798624
7565,1.0932389497756958,1.0778969526290894,18805.357321619987,19095.252954751253
7566,0.6702982187271118,2.214808225631714,18806.027619838715,19097.467762976885
7567,0.96164870262146,1.6021385192871094,18806.989268541336,19099.069901496172
7568,1.4167925119400024,0.8848337531089783,18808.406061053276,19099.95473524928
7569,1.6122722625732422,1.0240386724472046,18810.01833331585,19100.978773921728
7570,1.4267619848251343,0.6962267756462097,18811.445095300674,19101.675000697374
7571,1.2324516773223877,0.8727527856826782,18812.677546977997,19102.547753483057
7572,1.7070958614349365,0.6575824022293091,18814.38464283943,19103.205335885286
7573,1.4737842082977295,1.2260890007019043,18815.85842704773,19104.43142488599
7574,1.6911301612854004,0.7836821675300598,18817.549557209015,19105.21510705352
7575,1.4045264720916748,0.9369693994522095,18818.954083681107,19106.15207645297
7576,1.4353711605072021,0.7241341471672058,18820.389454841614,19106.876210600138
7577,1.8332761526107788,0.8625113368034363,18822.222730994225,19107.73872193694
7578,1.5028780698776245,0.7847385406494141,18823.725609064102,19108.52346047759
7579,1.6706877946853638,0.8971126675605774,18825.396296858788,19109.42057314515
7580,1.9395617246627808,1.5983223915100098,18827.33585858345,19111.01889553666
7581,1.4033368825912476,0.6765110492706299,18828.73919546604,19111.69540658593
7582,1.4813324213027954,0.6635300517082214,18830.220527887344,19112.35893663764
7583,1.7113274335861206,0.8220665454864502,18831.93185532093,19113.181003183126
7584,0.6351220607757568,1.6005600690841675,18832.566977381706,19114.78156325221
7585,1.7909940481185913,1.061881422996521,18834.357971429825,19115.843444675207
7586,1.937722086906433,0.7250536680221558,18836.29569351673,19116.56849834323
7587,1.9612452983856201,0.6376581192016602,18838.256938815117,19117.20615646243
7588,2.2976326942443848,2.0630545616149902,18840.55457150936,19119.269211024046
7589,1.87885320186615,1.6906810998916626,18842.433424711227,19120.959892123938
7590,1.4269890785217285,0.9859479665756226,18843.86041378975,19121.945840090513
7591,1.5958982706069946,0.5964387059211731,18845.456312060356,19122.542278796434
7592,1.6247013807296753,0.458822101354599,18847.081013441086,19123.00110089779
7593,1.5849871635437012,0.8160167932510376,18848.66600060463,19123.81711769104
7594,1.820560336112976,0.6400713920593262,18850.486560940742,19124.4571890831
7595,1.3751704692840576,0.8678586483001709,18851.861731410027,19125.3250477314
7596,1.2641133069992065,0.7784222960472107,18853.125844717026,19126.103470027447
7597,1.7706254720687866,1.0135966539382935,18854.896470189095,19127.117066681385
7598,1.5904481410980225,0.788936197757721,18856.486918330193,19127.906002879143
7599,2.232365846633911,0.5718814134597778,18858.719284176826,19128.477884292603
7600,1.403477430343628,0.5805676579475403,18860.12276160717,19129.05845195055
7601,1.3605269193649292,0.6827813982963562,18861.483288526535,19129.741233348846
7602,1.345978021621704,0.7729116678237915,18862.829266548157,19130.51414501667
7603,1.6992835998535156,0.8717411160469055,18864.52855014801,19131.385886132717
7604,1.5157982110977173,0.6334709525108337,18866.044348359108,19132.019357085228
7605,1.6199476718902588,0.6917113661766052,18867.664296031,19132.711068451405
7606,1.5521941184997559,0.46332067251205444,18869.216490149498,19133.174389123917
7607,1.7797355651855469,0.7521697282791138,18870.996225714684,19133.926558852196
7608,1.9769399166107178,1.6316614151000977,18872.973165631294,19135.558220267296
7609,1.6916990280151367,0.9044830799102783,18874.66486465931,19136.462703347206
7610,1.2280223369598389,0.7695195078849792,18875.89288699627,19137.23222285509
7611,1.4545328617095947,0.9345946311950684,18877.34741985798,19138.166817486286
7612,1.9599828720092773,0.7894580364227295,18879.307402729988,19138.95627552271
7613,1.4727776050567627,0.6774067282676697,18880.780180335045,19139.633682250977
7614,0.6876257658004761,1.5324347019195557,18881.467806100845,19141.166116952896
7615,1.6560413837432861,3.010951280593872,18883.12384748459,19144.17706823349
7616,1.7809540033340454,0.9016258120536804,18884.904801487923,19145.078694045544
7617,1.473076581954956,0.778956949710846,18886.377878069878,19145.857650995255
7618,2.1955864429473877,1.5544532537460327,18888.573464512825,19147.412104249
7619,1.469117522239685,0.715633749961853,18890.042582035065,19148.127737998962
7620,1.58954656124115,0.7079241871833801,18891.632128596306,19148.835662186146
7621,1.5235595703125,0.7590157389640808,18893.15568816662,19149.59467792511
7622,0.7089359760284424,1.401922583580017,18893.864624142647,19150.99660050869
7623,1.6876331567764282,0.6059575080871582,18895.552257299423,19151.602558016777
7624,1.3632001876831055,0.8649789690971375,18896.915457487106,19152.467536985874
7625,1.4459915161132812,0.6727092862129211,18898.36144900322,19153.140246272087
7626,1.6994413137435913,0.6785167455673218,18900.060890316963,19153.818763017654
7627,1.5641891956329346,0.8732645511627197,18901.625079512596,19154.692027568817
7628,1.784449577331543,0.6782284379005432,18903.409529089928,19155.370256006718
7629,1.928935170173645,0.919441819190979,18905.3384642601,19156.28969782591
7630,0.5818007588386536,1.3000428676605225,18905.92026501894,19157.58974069357
7631,1.7126612663269043,0.6883095502853394,18907.632926285267,19158.278050243855
7632,1.6174219846725464,0.6336309909820557,18909.25034826994,19158.911681234837
7633,1.4266300201416016,0.6058171987533569,18910.67697829008,19159.51749843359
7634,1.6613718271255493,0.6181421875953674,18912.338350117207,19160.135640621185
7635,1.725796103477478,0.7140677571296692,18914.064146220684,19160.849708378315
7636,1.4278039932250977,1.1989638805389404,18915.49195021391,19162.048672258854
7637,1.6159857511520386,0.7166987657546997,18917.10793596506,19162.76537102461
7638,1.3487350940704346,1.0951813459396362,18918.45667105913,19163.86055237055
7639,1.6356849670410156,1.8192592859268188,18920.092356026173,19165.679811656475
7640,1.6300501823425293,0.6549914479255676,18921.722406208515,19166.3348031044
7641,1.63318932056427,1.4786549806594849,18923.35559552908,19167.81345808506
7642,1.4662301540374756,0.8345708250999451,18924.821825683117,19168.64802891016
7643,0.7730427980422974,1.4007737636566162,18925.59486848116,19170.048802673817
7644,1.5335302352905273,0.8507319092750549,18927.12839871645,19170.89953458309
7645,1.6946443319320679,1.030282735824585,18928.82304304838,19171.929817318916
7646,1.5117982625961304,0.6725565195083618,18930.334841310978,19172.602373838425
7647,1.3064154386520386,0.6445080637931824,18931.64125674963,19173.246881902218
7648,1.6625736951828003,0.5741616487503052,18933.303830444813,19173.821043550968
7649,1.4065606594085693,0.769539475440979,18934.71039110422,19174.59058302641
7650,1.669622540473938,0.45990946888923645,18936.380013644695,19175.0504924953
7651,1.567384958267212,0.5528565049171448,18937.947398602962,19175.603349000216
7652,1.2267500162124634,0.6843072772026062,18939.174148619175,19176.287656277418
7653,1.6813150644302368,1.6014615297317505,18940.855463683605,19177.88911780715
7654,1.4649138450622559,0.931698203086853,18942.320377528667,19178.820816010237
7655,1.6673697233200073,0.6373835206031799,18943.987747251987,19179.45819953084
7656,1.6691734790802002,0.5197390913963318,18945.656920731068,19179.977938622236
7657,1.6348779201507568,0.8913214206695557,18947.29179865122,19180.869260042906
7658,1.5367282629013062,0.702777624130249,18948.82852691412,19181.572037667036
7659,1.265204668045044,0.8613907694816589,18950.093731582165,19182.433428436518
7660,1.5516586303710938,0.6396757364273071,18951.645390212536,19183.073104172945
7661,1.4624215364456177,0.7791199684143066,18953.10781174898,19183.85222414136
7662,0.8421656489372253,1.492444634437561,18953.94997739792,19185.344668775797
7663,1.6792293787002563,0.5060082674026489,18955.62920677662,19185.8506770432
7664,0.6505088806152344,2.9548768997192383,18956.279715657234,19188.80555394292
7665,1.4655650854110718,0.7455042004585266,18957.745280742645,19189.551058143377
7666,1.668304204940796,1.1273692846298218,18959.413584947586,19190.678427428007
7667,1.7141021490097046,1.0990315675735474,18961.127687096596,19191.77745899558
7668,1.8349181413650513,0.6959857940673828,18962.96260523796,19192.473444789648
7669,1.650545358657837,0.9172448515892029,18964.61315059662,19193.390689641237
7670,0.9382258653640747,1.1043126583099365,18965.551376461983,19194.495002299547
7671,1.3650983572006226,0.7068669199943542,18966.916474819183,19195.20186921954
7672,1.153206467628479,1.1929854154586792,18968.069681286812,19196.394854635
7673,1.5361329317092896,0.7470855712890625,18969.60581421852,19197.14194020629
7674,1.5430570840835571,0.7239522337913513,18971.148871302605,19197.86589244008
7675,1.6253924369812012,0.9426102638244629,18972.774263739586,19198.808502703905
7676,1.4533873796463013,1.0350799560546875,18974.227651119232,19199.84358265996
7677,1.818267822265625,0.5133204460144043,18976.045918941498,19200.356903105974
7678,1.872779130935669,0.8691405057907104,18977.918698072433,19201.226043611765
7679,1.4230207204818726,0.597537100315094,18979.341718792915,19201.82358071208
7680,1.3838894367218018,0.7420952916145325,18980.725608229637,19202.565676003695
7681,1.4815181493759155,0.6256470084190369,18982.207126379013,19203.191323012114
7682,1.9547449350357056,0.891366183757782,18984.16187131405,19204.08268919587
7683,1.6390652656555176,0.702199399471283,18985.800936579704,19204.784888595343
7684,1.4396648406982422,0.6801614761352539,18987.240601420403,19205.465050071478
7685,1.698993444442749,0.783624529838562,18988.939594864845,19206.248674601316
7686,1.4251278638839722,0.6715596914291382,18990.36472272873,19206.920234292746
7687,1.6549807786941528,0.4942913353443146,18992.019703507423,19207.41452562809
7688,1.5639301538467407,0.5903058052062988,18993.58363366127,19208.004831433296
7689,0.8461863994598389,1.0168527364730835,18994.42982006073,19209.02168416977
7690,1.3421716690063477,0.9824143052101135,18995.771991729736,19210.00409847498
7691,1.6384919881820679,1.060713529586792,18997.41048371792,19211.064812004566
7692,1.4363105297088623,0.6431125998497009,18998.846794247627,19211.707924604416
7693,1.3286665678024292,1.1957380771636963,19000.17546081543,19212.90366268158
7694,2.114154815673828,0.8380464911460876,19002.289615631104,19213.741709172726
7695,1.4078465700149536,1.0688568353652954,19003.69746220112,19214.81056600809
7696,1.8490214347839355,0.760701060295105,19005.546483635902,19215.571267068386
7697,1.2555996179580688,0.6703453660011292,19006.80208325386,19216.241612434387
7698,1.4960330724716187,0.6160123944282532,19008.298116326332,19216.857624828815
7699,1.2241791486740112,0.684064507484436,19009.522295475006,19217.5416893363
7700,1.641589641571045,0.884491503238678,19011.163885116577,19218.42618083954
7701,1.6312342882156372,0.7189764976501465,19012.795119404793,19219.14515733719
7702,1.4336577653884888,0.5644612908363342,19014.22877717018,19219.709618628025
7703,1.4527037143707275,0.935143768787384,19015.681480884552,19220.644762396812
7704,1.896719217300415,1.3590812683105469,19017.578200101852,19222.003843665123
7705,1.209481120109558,0.7475484609603882,19018.787681221962,19222.751392126083
7706,0.7498748302459717,1.9565443992614746,19019.537556052208,19224.707936525345
7707,1.5691817998886108,0.6092392206192017,19021.106737852097,19225.317175745964
7708,1.8477343320846558,0.7773840427398682,19022.95447218418,19226.094559788704
7709,1.62162446975708,0.6619818806648254,19024.57609665394,19226.75654166937
7710,1.5420650243759155,0.9935736060142517,19026.118161678314,19227.750115275383
7711,1.8756266832351685,0.7021861672401428,19027.99378836155,19228.452301442623
7712,1.6692057847976685,0.8248091340065002,19029.662994146347,19229.27711057663
7713,1.360331416130066,1.6076219081878662,19031.023325562477,19230.884732484818
7714,1.5472018718719482,0.8293470144271851,19032.57052743435,19231.714079499245
7715,1.682037353515625,0.7630501389503479,19034.252564787865,19232.477129638195
7716,1.2728289365768433,0.6906970739364624,19035.52539372444,19233.16782671213
7717,1.4827717542648315,0.6461583375930786,19037.008165478706,19233.813985049725
7718,1.3101346492767334,0.9007572531700134,19038.318300127983,19234.714742302895
7719,1.713799238204956,1.5870777368545532,19040.032099366188,19236.30182003975
7720,1.5896397829055786,0.7728276252746582,19041.621739149094,19237.074647665024
7721,2.0632340908050537,1.307466745376587,19043.6849732399,19238.3821144104
7722,1.5405844449996948,0.8976473808288574,19045.2255576849,19239.27976179123
7723,1.4326019287109375,0.6979023814201355,19046.65815961361,19239.97766417265
7724,1.421295404434204,0.6664254665374756,19048.079455018044,19240.644089639187
7725,1.8609528541564941,0.5799685120582581,19049.9404078722,19241.224058151245
7726,1.4973410367965698,0.8301577568054199,19051.437748908997,19242.05421590805
7727,1.6427621841430664,0.8686445355415344,19053.08051109314,19242.922860443592
7728,0.8976515531539917,1.3851115703582764,19053.978162646294,19244.30797201395
7729,1.4825427532196045,0.8163571357727051,19055.460705399513,19245.124329149723
7730,1.4664890766143799,1.3205806016921997,19056.927194476128,19246.444909751415
7731,2.026731252670288,3.376296043395996,19058.953925728798,19249.82120579481
7732,1.5197335481643677,0.7363241314888,19060.473659276962,19250.5575299263
7733,1.5496896505355835,1.0318611860275269,19062.023348927498,19251.589391112328
7734,1.2754266262054443,0.6944441795349121,19063.298775553703,19252.283835291862
7735,1.5095175504684448,0.5668612718582153,19064.80829310417,19252.85069656372
7736,1.7735008001327515,0.7060704231262207,19066.581793904305,19253.556766986847
7737,1.3734079599380493,0.5700085759162903,19067.955201864243,19254.126775562763
7738,1.5769329071044922,0.6499502062797546,19069.532134771347,19254.776725769043
7739,1.8429710865020752,0.9808087348937988,19071.37510585785,19255.757534503937
7740,1.6901096105575562,0.8322779536247253,19073.065215468407,19256.58981245756
7741,1.63166081905365,0.9022815227508545,19074.69687628746,19257.492093980312
7742,0.725778341293335,1.1225216388702393,19075.422654628754,19258.614615619183
7743,2.2052502632141113,0.5847528576850891,19077.627904891968,19259.199368476868
7744,1.4150058031082153,0.7044003009796143,19079.042910695076,19259.903768777847
7745,1.604366660118103,0.6141425967216492,19080.647277355194,19260.51791137457
7746,1.619431734085083,0.6654112339019775,19082.26670908928,19261.18332260847
7747,1.6048507690429688,0.5993599891662598,19083.871559858322,19261.782682597637
7748,1.5873416662216187,0.9043745398521423,19085.458901524544,19262.68705713749
7749,1.4749974012374878,0.7534908056259155,19086.93389892578,19263.440547943115
7750,1.7217899560928345,0.6215027570724487,19088.655688881874,19264.062050700188
7751,1.9454572200775146,0.912053108215332,19090.60114610195,19264.974103808403
7752,0.7159592509269714,1.213008999824524,19091.31710535288,19266.187112808228
7753,2.079071044921875,1.1427912712097168,19093.3961763978,19267.329904079437
7754,2.0159103870391846,0.9639045596122742,19095.41208678484,19268.29380863905
7755,1.6827369928359985,0.5303801894187927,19097.094823777676,19268.82418882847
7756,1.3885780572891235,0.5075237154960632,19098.483401834965,19269.331712543964
7757,1.4854553937911987,1.0945771932601929,19099.968857228756,19270.426289737225
7758,1.4415245056152344,0.6603009700775146,19101.41038173437,19271.086590707302
7759,1.5371489524841309,0.6943026781082153,19102.947530686855,19271.78089338541
7760,1.3862030506134033,0.773613452911377,19104.33373373747,19272.55450683832
7761,1.6054614782333374,0.7022915482521057,19105.939195215702,19273.256798386574
7762,1.651892066001892,0.6143568158149719,19107.591087281704,19273.87115520239
7763,1.7359973192214966,1.037200927734375,19109.327084600925,19274.908356130123
7764,1.2864447832107544,0.6761575937271118,19110.613529384136,19275.58451372385
7765,1.3003336191177368,1.3014514446258545,19111.913863003254,19276.885965168476
7766,1.3137660026550293,0.847346842288971,19113.22762900591,19277.733312010765
7767,1.5718930959701538,0.794066846370697,19114.79952210188,19278.527378857136
7768,0.7283099889755249,1.8737647533416748,19115.527832090855,19280.401143610477
7769,2.0445752143859863,0.6514558792114258,19117.57240730524,19281.05259948969
7770,1.9083894491195679,0.8587446808815002,19119.48079675436,19281.91134417057
7771,1.2977426052093506,2.2163875102996826,19120.77853935957,19284.12773168087
7772,1.4862779378890991,0.6250211000442505,19122.26481729746,19284.752752780914
7773,1.4906255006790161,0.6414280533790588,19123.755442798138,19285.394180834293
7774,1.477484107017517,1.0136219263076782,19125.232926905155,19286.4078027606
7775,1.628479242324829,0.823097825050354,19126.86140614748,19287.23090058565
7776,1.3720614910125732,0.7290982604026794,19128.233467638493,19287.959998846054
7777,1.3150994777679443,0.8743919134140015,19129.54856711626,19288.834390759468
7778,1.4254344701766968,0.902829110622406,19130.974001586437,19289.73721987009
7779,1.2496830224990845,0.9303127527236938,19132.223684608936,19290.667532622814
7780,1.8346396684646606,0.9469977617263794,19134.0583242774,19291.61453038454
7781,1.3172119855880737,0.7957819700241089,19135.37553626299,19292.410312354565
7782,1.6295366287231445,0.8388713598251343,19137.005072891712,19293.24918371439
7783,1.1304574012756348,1.0465673208236694,19138.135530292988,19294.295751035213
7784,1.5351320505142212,0.4920686185359955,19139.670662343502,19294.78781965375
7785,1.73687744140625,0.8929113745689392,19141.40753978491,19295.68073102832
7786,1.73238205909729,0.7877658009529114,19143.139921844006,19296.46849682927
7787,2.325550079345703,0.7117591500282288,19145.46547192335,19297.1802559793
7788,1.7806569337844849,0.7414440512657166,19147.246128857136,19297.921700030565
7789,1.6162943840026855,1.0919493436813354,19148.86242324114,19299.013649374247
7790,1.2029966115951538,0.6619896292686462,19150.065419852734,19299.675639003515
7791,1.202941656112671,1.3912489414215088,19151.268361508846,19301.066887944937
7792,1.622677206993103,0.6139448881149292,19152.89103871584,19301.68083283305
7793,1.6887953281402588,0.48941361904144287,19154.57983404398,19302.170246452093
7794,0.7861584424972534,1.2287958860397339,19155.365992486477,19303.399042338133
7795,1.5418040752410889,0.7550089955329895,19156.907796561718,19304.154051333666
7796,1.6706430912017822,0.5070392489433289,19158.57843965292,19304.66109058261
7797,1.4079467058181763,0.6384369134902954,19159.986386358738,19305.2995274961
7798,1.4821089506149292,0.722529411315918,19161.468495309353,19306.022056907415
7799,1.6210005283355713,0.5607749223709106,19163.08949583769,19306.582831829786
7800,1.3601036071777344,0.8224925398826599,19164.449599444866,19307.40532436967
7801,1.3475538492202759,0.7292335033416748,19165.797153294086,19308.13455787301
7802,1.4758110046386719,2.933919668197632,19167.272964298725,19311.06847754121
7803,1.218094825744629,0.8458540439605713,19168.49105912447,19311.91433158517
7804,0.93553227186203,1.5182987451553345,19169.42659139633,19313.432630330324
7805,1.8680660724639893,1.578475832939148,19171.294657468796,19315.011106163263
7806,1.6376591920852661,0.5604514479637146,19172.93231666088,19315.571557611227
7807,1.2415908575057983,0.608295738697052,19174.173907518387,19316.179853349924
7808,1.520506739616394,0.8114482164382935,19175.694414258003,19316.991301566362
7809,1.8024808168411255,0.5879523754119873,19177.496895074844,19317.579253941774
7810,1.6446059942245483,0.702170729637146,19179.14150106907,19318.28142467141
7811,1.4237650632858276,0.589059054851532,19180.565266132355,19318.870483726263
7812,1.2458887100219727,0.7245599627494812,19181.811154842377,19319.595043689013
7813,1.4677802324295044,0.5991754531860352,19183.278935074806,19320.1942191422
7814,1.4790244102478027,1.8654916286468506,19184.757959485054,19322.059710770845
7815,1.4828182458877563,0.6375011205673218,19186.24077773094,19322.697211891413
7816,1.79939866065979,0.7680472135543823,19188.0401763916,19323.465259104967
7817,1.3012864589691162,0.6139161586761475,19189.34146285057,19324.079175263643
7818,1.5798536539077759,0.772002100944519,19190.92131650448,19324.851177364588
7819,1.4064017534255981,0.5776152014732361,19192.327718257904,19325.42879256606
7820,1.251214861869812,0.6154995560646057,19193.578933119774,19326.044292122126
7821,1.36571204662323,0.8611157536506653,19194.944645166397,19326.905407875776
7822,1.4056576490402222,0.8580554127693176,19196.350302815437,19327.763463288546
7823,0.9858896732330322,1.4921365976333618,19197.33619248867,19329.25559988618
7824,1.6592456102371216,1.026991844177246,19198.995438098907,19330.282591730356
7825,1.5454498529434204,0.5761590003967285,19200.54088795185,19330.858750730753
7826,1.7389689683914185,1.4981317520141602,19202.279856920242,19332.356882482767
7827,1.6070841550827026,0.5982508063316345,19203.886941075325,19332.9551332891
7828,1.4765796661376953,0.6523383259773254,19205.363520741463,19333.607471615076
7829,1.5178874731063843,0.6619700789451599,19206.88140821457,19334.26944169402
7830,1.515674352645874,0.6958101987838745,19208.397082567215,19334.965251892805
7831,1.4937098026275635,0.6406859159469604,19209.890792369843,19335.605937808752
7832,1.4743057489395142,0.515868604183197,19211.365098118782,19336.121806412935
7833,1.163789987564087,0.7636805772781372,19212.528888106346,19336.885486990213
7834,1.854630947113037,1.0142951011657715,19214.38351905346,19337.89978209138
7835,1.40386962890625,0.6483076810836792,19215.787388682365,19338.548089772463
7836,1.4702118635177612,0.7450909614562988,19217.257600545883,19339.29318073392
7837,1.6653035879135132,0.8716038465499878,19218.922904133797,19340.16478458047
7838,1.4031682014465332,0.8328465819358826,19220.326072335243,19340.997631162405
7839,1.6572072505950928,0.5587353706359863,19221.98327958584,19341.55636653304
7840,0.8408992886543274,1.4087525606155396,19222.824178874493,19342.965119093657
7841,1.561874270439148,0.7729526162147522,19224.38605314493,19343.73807170987
7842,1.517191767692566,0.6710295677185059,19225.903244912624,19344.40910127759
7843,1.178117275238037,0.7012580633163452,19227.081362187862,19345.110359340906
7844,0.9526039958000183,1.600734829902649,19228.033966183662,19346.71109417081
7845,2.1443891525268555,1.4690645933151245,19230.17835533619,19348.180158764124
7846,1.194545030593872,1.3127151727676392,19231.372900366783,19349.49287393689
7847,1.752069115638733,0.7488315105438232,19233.124969482422,19350.241705447435
7848,1.6542943716049194,0.5359402298927307,19234.779263854027,19350.777645677328
7849,1.3105107545852661,1.0710467100143433,19236.089774608612,19351.848692387342
7850,1.5460498332977295,0.5599309802055359,19237.63582444191,19352.408623367548
7851,1.4317001104354858,0.6480284929275513,19239.067524552345,19353.056651860476
7852,1.4250518083572388,0.5724127292633057,19240.492576360703,19353.62906458974
7853,1.6302855014801025,0.853451132774353,19242.122861862183,19354.482515722513
7854,0.7957974672317505,1.9669208526611328,19242.918659329414,19356.449436575174
7855,1.0226166248321533,2.1599206924438477,19243.941275954247,19358.609357267618
7856,1.3113740682601929,1.5980360507965088,19245.252650022507,19360.207393318415
7857,1.8394173383712769,0.6809360980987549,19247.092067360878,19360.888329416513
7858,0.535531222820282,3.860057830810547,19247.6275985837,19364.748387247324
7859,1.603299617767334,0.5929505228996277,19249.230898201466,19365.341337770224
7860,1.4186490774154663,1.002700686454773,19250.64954727888,19366.34403845668
7861,1.7241263389587402,0.6028419137001038,19252.37367361784,19366.94688037038
7862,1.4244277477264404,0.8094716668128967,19253.798101365566,19367.75635203719
7863,1.569791555404663,0.5917060971260071,19255.36789292097,19368.348058134317
7864,1.0080392360687256,1.9037089347839355,19256.37593215704,19370.2517670691
7865,1.5757331848144531,0.5600938200950623,19257.951665341854,19370.811860889196
7866,1.4504904747009277,0.8446707725524902,19259.402155816555,19371.65653166175
7867,1.541622281074524,0.6437265276908875,19260.94377809763,19372.30025818944
7868,0.8217387795448303,1.7569221258163452,19261.765516877174,19374.057180315256
7869,0.8656936883926392,1.557318925857544,19262.631210565567,19375.614499241114
7870,1.9386684894561768,1.0646698474884033,19264.569879055023,19376.679169088602
7871,1.3674875497817993,0.8147710561752319,19265.937366604805,19377.493940144777
7872,1.5524721145629883,0.7275220155715942,19267.489838719368,19378.22146216035
7873,2.0254549980163574,1.0242712497711182,19269.515293717384,19379.24573341012
7874,1.686410903930664,0.9671236276626587,19271.201704621315,19380.212857037783
7875,0.8952934145927429,1.9354084730148315,19272.096998035908,19382.148265510798
7876,2.0212767124176025,2.1392345428466797,19274.118274748325,19384.287500053644
7877,1.253759741783142,1.1271378993988037,19275.37203449011,19385.414637953043
7878,1.5975810289382935,0.6916965842247009,19276.969615519047,19386.106334537268
7879,1.7020493745803833,0.6849088072776794,19278.671664893627,19386.791243344545
7880,0.5596082806587219,1.3920817375183105,19279.231273174286,19388.183325082064
7881,1.4589006900787354,1.2702510356903076,19280.690173864365,19389.453576117754
7882,1.2449846267700195,0.7295500040054321,19281.935158491135,19390.18312612176
7883,1.3697277307510376,1.2661021947860718,19283.304886221886,19391.449228316545
7884,1.7218691110610962,0.7541202306747437,19285.026755332947,19392.20334854722
7885,2.0989043712615967,0.9911467432975769,19287.12565970421,19393.194495290518
7886,0.6074122786521912,1.368393898010254,19287.73307198286,19394.562889188528
7887,0.6231927871704102,1.3712058067321777,19288.35626477003,19395.93409499526
7888,1.7150015830993652,1.1804065704345703,19290.07126635313,19397.114501565695
7889,1.7786121368408203,2.4087910652160645,19291.84987848997,19399.52329263091
7890,1.3989399671554565,0.7199002504348755,19293.248818457127,19400.243192881346
7891,1.5905734300613403,0.6146281957626343,19294.839391887188,19400.85782107711
7892,1.4146870374679565,0.9688889384269714,19296.254078924656,19401.826710015535
7893,1.5936758518218994,1.2119691371917725,19297.847754776478,19403.038679152727
7894,1.4296493530273438,0.6192307472229004,19299.277404129505,19403.65790989995
7895,1.6812716722488403,0.5911656022071838,19300.958675801754,19404.249075502157
7896,1.4420242309570312,0.8338479995727539,19302.40070003271,19405.08292350173
7897,1.3215956687927246,0.7478768825531006,19303.722295701504,19405.830800384283
7898,1.617390751838684,0.8152604103088379,19305.339686453342,19406.646060794592
7899,1.7635890245437622,1.0035001039505005,19307.103275477886,19407.649560898542
7900,1.543859839439392,0.6339513063430786,19308.647135317326,19408.283512204885
7901,1.4512104988098145,0.7046073079109192,19310.098345816135,19408.988119512796
7902,1.7334485054016113,0.5174314975738525,19311.831794321537,19409.50555101037
7903,1.7433937788009644,0.7853626012802124,19313.575188100338,19410.29091361165
7904,1.3945960998535156,1.003437876701355,19314.96978420019,19411.294351488352
7905,1.1723634004592896,3.9773550033569336,19316.14214760065,19415.27170649171
7906,1.3803398609161377,0.654640793800354,19317.522487461567,19415.92634728551
7907,1.6004583835601807,0.8654914498329163,19319.122945845127,19416.791838735342
7908,1.516943097114563,0.7051679491996765,19320.63988894224,19417.49700668454
7909,1.7120475769042969,0.9131760597229004,19322.351936519146,19418.410182744265
7910,1.3529839515686035,0.651498019695282,19323.704920470715,19419.06168076396
7911,1.524077296257019,0.6470851302146912,19325.22899776697,19419.708765894175
7912,1.3745287656784058,0.7157914638519287,19326.60352653265,19420.424557358027
7913,1.5638988018035889,0.7711716890335083,19328.167425334454,19421.19572904706
7914,0.8088394403457642,1.0817317962646484,19328.9762647748,19422.277460843325
7915,1.5913503170013428,0.583636462688446,19330.5676150918,19422.861097306013
7916,1.2615712881088257,0.7652939558029175,19331.82918637991,19423.626391261816
7917,1.3623775243759155,0.6431030631065369,19333.191563904285,19424.269494324923
7918,1.3856362104415894,0.5591355562210083,19334.577200114727,19424.828629881144
7919,1.3406997919082642,0.5655736923217773,19335.917899906635,19425.394203573465
7920,1.6589701175689697,0.7915006875991821,19337.576870024204,19426.185704261065
7921,1.1273441314697266,0.8638303875923157,19338.704214155674,19427.049534648657
7922,1.5023880004882812,0.727193295955658,19340.206602156162,19427.776727944613
7923,1.0133715867996216,2.3260092735290527,19341.219973742962,19430.10273721814
7924,0.7379122972488403,1.7642698287963867,19341.95788604021,19431.867007046938
7925,1.764996886253357,3.2519068717956543,19343.722882926464,19435.118913918734
7926,1.6501400470733643,0.5657677054405212,19345.373022973537,19435.684681624174
7927,1.849719524383545,1.8353891372680664,19347.22274249792,19437.520070761442
7928,1.7482597827911377,1.3286460638046265,19348.971002280712,19438.848716825247
7929,1.492240071296692,0.7584682106971741,19350.46324235201,19439.607185035944
7930,1.6439476013183594,0.5276014804840088,19352.107189953327,19440.134786516428
7931,1.7233444452285767,0.6460803151130676,19353.830534398556,19440.78086683154
7932,1.4039311408996582,0.661986231803894,19355.234465539455,19441.442853063345
7933,1.6623156070709229,0.6236587166786194,19356.896781146526,19442.066511780024
7934,1.49777352809906,1.4788098335266113,19358.394554674625,19443.54532161355
7935,1.5613195896148682,0.7332841753959656,19359.95587426424,19444.278605788946
7936,0.8810180425643921,1.452841877937317,19360.836892306805,19445.731447666883
7937,1.719944953918457,0.8124125003814697,19362.556837260723,19446.543860167265
7938,1.595680594444275,0.6298836469650269,19364.152517855167,19447.17374381423
7939,1.466507911682129,0.8673520684242249,19365.61902576685,19448.041095882654
7940,1.7595961093902588,0.5938107967376709,19367.37862187624,19448.634906679392
7941,1.7483643293380737,0.5604418516159058,19369.126986205578,19449.195348531008
7942,1.204467535018921,0.7310448884963989,19370.331453740597,19449.926393419504
7943,1.5693438053131104,0.5783699154853821,19371.90079754591,19450.50476333499
7944,1.7872895002365112,0.5392752289772034,19373.688087046146,19451.044038563967
7945,1.8879492282867432,0.6276682615280151,19375.576036274433,19451.671706825495
7946,1.6893441677093506,0.7386808395385742,19377.265380442142,19452.410387665033
7947,1.4337085485458374,0.7024745345115662,19378.69908899069,19453.112862199545
7948,1.5132015943527222,0.607821524143219,19380.21229058504,19453.720683723688
7949,1.7290881872177124,0.7004355788230896,19381.94137877226,19454.42111930251
7950,1.496569037437439,0.7606520652770996,19383.437947809696,19455.18177136779
7951,1.2819859981536865,1.31023371219635,19384.71993380785,19456.492005079985
7952,1.0119507312774658,2.63155198097229,19385.731884539127,19459.123557060957
7953,1.2353920936584473,1.3151627779006958,19386.967276632786,19460.438719838858
7954,1.562538504600525,0.6714750528335571,19388.529815137386,19461.11019489169
7955,1.6112879514694214,0.5587612986564636,19390.141103088856,19461.668956190348
7956,1.3664230108261108,0.8184553384780884,19391.507526099682,19462.487411528826
7957,0.8208961486816406,0.923932671546936,19392.328422248363,19463.411344200373
7958,1.6128277778625488,0.6561806797981262,19393.941250026226,19464.06752488017
7959,1.6467264890670776,1.2100839614868164,19395.587976515293,19465.277608841658
7960,1.5774881839752197,0.6773190498352051,19397.16546469927,19465.954927891493
7961,1.7501014471054077,0.6414926648139954,19398.915566146374,19466.596420556307
7962,1.7834361791610718,0.6233344078063965,19400.699002325535,19467.219754964113
7963,1.4933481216430664,0.9953847527503967,19402.192350447178,19468.215139716864
7964,1.4212814569473267,0.6092623472213745,19403.613631904125,19468.824402064085
7965,1.574705719947815,0.7717972993850708,19405.188337624073,19469.59619936347
7966,1.5542588233947754,0.9383677244186401,19406.742596447468,19470.53456708789
7967,1.633088231086731,0.4377976357936859,19408.375684678555,19470.972364723682
7968,1.2353103160858154,1.2203328609466553,19409.61099499464,19472.19269758463
7969,1.4218580722808838,0.7785872220993042,19411.03285306692,19472.97128480673
7970,1.6782407760620117,0.6005657315254211,19412.711093842983,19473.571850538254
7971,1.5366851091384888,0.7387562394142151,19414.24777895212,19474.310606777668
7972,1.2634116411209106,0.8072291016578674,19415.511190593243,19475.117835879326
7973,2.151916980743408,2.026474952697754,19417.663107573986,19477.144310832024
7974,1.7036595344543457,0.70515376329422,19419.36676710844,19477.849464595318
7975,0.9596549272537231,1.5404735803604126,19420.326422035694,19479.38993817568
7976,1.542529821395874,0.6858628988265991,19421.86895185709,19480.075801074505
7977,1.639222502708435,1.749475121498108,19423.5081743598,19481.825276196003
7978,1.5842784643173218,0.5193390846252441,19425.092452824116,19482.34461528063
7979,0.549700915813446,2.094477415084839,19425.64215373993,19484.439092695713
7980,1.22603178024292,1.9224822521209717,19426.868185520172,19486.361574947834
7981,1.6948730945587158,0.7659088373184204,19428.56305861473,19487.127483785152
7982,0.8624247312545776,2.0061962604522705,19429.425483345985,19489.133680045605
7983,1.7228976488113403,0.7208458185195923,19431.148380994797,19489.854525864124
7984,1.5085787773132324,0.9124541878700256,19432.65695977211,19490.766980051994
7985,1.4601454734802246,0.6097241640090942,19434.11710524559,19491.376704216003
7986,1.3203703165054321,0.5442293882369995,19435.437475562096,19491.92093360424
7987,1.644163966178894,0.6396586298942566,19437.081639528275,19492.560592234135
7988,1.2287858724594116,0.6196578741073608,19438.310425400734,19493.180250108242
7989,1.6327015161514282,0.4211827218532562,19439.943126916885,19493.601432830095
7990,0.6800779104232788,1.7355141639709473,19440.62320482731,19495.336946994066
7991,1.5316411256790161,0.8748083710670471,19442.154845952988,19496.211755365133
7992,1.598463773727417,0.5744947195053101,19443.753309726715,19496.78625008464
7993,3.2198312282562256,2.706354856491089,19446.97314095497,19499.49260494113
7994,0.49956345558166504,2.2820003032684326,19447.472704410553,19501.774605244398
7995,1.7037246227264404,1.0587129592895508,19449.17642903328,19502.833318203688
7996,0.7528603076934814,1.8156509399414062,19449.929289340973,19504.64896914363
7997,1.5690580606460571,0.7743797302246094,19451.49834740162,19505.423348873854
7998,1.3472564220428467,0.7325177788734436,19452.84560382366,19506.155866652727
7999,1.6486420631408691,0.8574446439743042,19454.494245886803,19507.0133112967
8000,1.2894154787063599,0.7230497002601624,19455.78366136551,19507.73636099696
8001,1.653615951538086,0.6902242302894592,19457.437277317047,19508.42658522725
8002,1.4840697050094604,0.7725187540054321,19458.921347022057,19509.199103981256
8003,1.7785344123840332,0.6230970621109009,19460.69988143444,19509.822201043367
8004,1.4049679040908813,0.8088030219078064,19462.10484933853,19510.631004065275
8005,1.4300864934921265,0.9085464477539062,19463.534935832024,19511.53955051303
8006,1.6055582761764526,0.6745955944061279,19465.1404941082,19512.214146107435
8007,1.3858221769332886,0.5373729467391968,19466.526316285133,19512.751519054174
8008,1.7162976264953613,0.9620946049690247,19468.24261391163,19513.713613659143
8009,1.498922348022461,0.48841461539268494,19469.74153625965,19514.202028274536
8010,1.7755355834960938,0.5838091373443604,19471.517071843147,19514.78583741188
8011,1.3796136379241943,1.5108036994934082,19472.89668548107,19516.296641111374
8012,2.0497384071350098,1.9357675313949585,19474.946423888206,19518.23240864277
8013,1.8042718172073364,1.0526024103164673,19476.750695705414,19519.285011053085
8014,1.2542847394943237,0.5351702570915222,19478.004980444908,19519.820181310177
8015,1.5055238008499146,1.028531551361084,19479.510504245758,19520.848712861538
8016,1.3076080083847046,0.5814207196235657,19480.818112254143,19521.43013358116
8017,1.704975962638855,1.098837971687317,19482.52308821678,19522.52897155285
8018,1.348933219909668,0.473186194896698,19483.87202143669,19523.002157747746
8019,1.4281811714172363,0.6408872604370117,19485.30020260811,19523.643045008183
8020,1.8621474504470825,0.729468047618866,19487.162350058556,19524.3725130558
8021,1.0258817672729492,0.8142937421798706,19488.18823182583,19525.18680679798
8022,1.5558156967163086,0.8243656754493713,19489.744047522545,19526.01117247343
8023,1.571797490119934,0.8168787956237793,19491.315845012665,19526.828051269054
8024,1.543642282485962,0.6514261364936829,19492.85948729515,19527.479477405548
8025,1.5276283025741577,0.6518859267234802,19494.387115597725,19528.13136333227
8026,1.6511805057525635,1.1923233270645142,19496.038296103477,19529.323686659336
8027,1.3431618213653564,0.7726966738700867,19497.381457924843,19530.096383333206
8028,1.5785953998565674,0.7628379464149475,19498.9600533247,19530.85922127962
8029,2.0654380321502686,0.7685629725456238,19501.02549135685,19531.627784252167
8030,1.3730062246322632,0.904313325881958,19502.398497581482,19532.53209757805
8031,0.7343193888664246,1.8736865520477295,19503.13281697035,19534.405784130096
8032,1.4466588497161865,0.6549209952354431,19504.579475820065,19535.060705125332
8033,1.5864430665969849,0.9863908290863037,19506.16591888666,19536.04709595442
8034,1.2488224506378174,0.8086768388748169,19507.4147413373,19536.855772793293
8035,1.603808045387268,0.7025790214538574,19509.018549382687,19537.558351814747
8036,1.8804588317871094,0.8616200685501099,19510.899008214474,19538.419971883297
8037,1.7588274478912354,0.9258913397789001,19512.657835662365,19539.345863223076
8038,0.8678808212280273,2.018343925476074,19513.525716483593,19541.364207148552
8039,1.9838392734527588,0.8373105525970459,19515.509555757046,19542.20151770115
8040,1.5525250434875488,0.881675124168396,19517.062080800533,19543.083192825317
8041,1.5961452722549438,0.8946096897125244,19518.65822607279,19543.97780251503
8042,1.8389707803726196,0.7692153453826904,19520.49719685316,19544.747017860413
8043,1.5943278074264526,0.7440661787986755,19522.091524660587,19545.49108403921
8044,0.7247698307037354,1.219966173171997,19522.81629449129,19546.711050212383
8045,1.6457654237747192,0.8089814782142639,19524.462059915066,19547.520031690598
8046,1.3545538187026978,0.6203174591064453,19525.81661373377,19548.140349149704
8047,1.7907688617706299,0.7345708012580872,19527.60738259554,19548.874919950962
8048,1.9467381238937378,1.4453411102294922,19529.554120719433,19550.32026106119
8049,1.3327040672302246,0.9215086102485657,19530.886824786663,19551.24176967144
8050,1.3420138359069824,0.7427359223365784,19532.22883862257,19551.984505593777
8051,1.8082406520843506,1.8928744792938232,19534.037079274654,19553.87738007307
8052,1.9519143104553223,1.1706128120422363,19535.98899358511,19555.047992885113
8053,1.518371343612671,0.6453841328620911,19537.507364928722,19555.693377017975
8054,1.7460206747055054,1.1742075681686401,19539.253385603428,19556.867584586143
8055,1.384521245956421,0.6394721865653992,19540.637906849384,19557.50705677271
8056,1.4803905487060547,0.6683880090713501,19542.11829739809,19558.17544478178
8057,1.4222599267959595,0.5960958003997803,19543.540557324886,19558.77154058218
8058,1.6936277151107788,1.56223726272583,19545.234185039997,19560.333777844906
8059,1.409907579421997,0.6708364486694336,19546.64409261942,19561.004614293575
8060,1.2665584087371826,0.7571118474006653,19547.910651028156,19561.761726140976
8061,1.5419559478759766,1.063741683959961,19549.452606976032,19562.825467824936
8062,1.5216277837753296,0.7999346852302551,19550.974234759808,19563.625402510166
8063,1.6465504169464111,0.8985716700553894,19552.620785176754,19564.52397418022
8064,1.5478001832962036,0.9389552474021912,19554.16858536005,19565.462929427624
8065,1.7535947561264038,1.4421494007110596,19555.922180116177,19566.905078828335
8066,1.4940273761749268,0.6523371934890747,19557.41620749235,19567.557416021824
8067,1.680705189704895,0.6506140232086182,19559.096912682056,19568.208030045033
8068,1.7383966445922852,1.144515037536621,19560.83530932665,19569.35254508257
8069,1.6618263721466064,0.7815080285072327,19562.497135698795,19570.134053111076
8070,1.5901648998260498,0.7072915434837341,19564.08730059862,19570.84134465456
8071,1.7815022468566895,0.8917739987373352,19565.868802845478,19571.733118653297
8072,1.7802231311798096,0.9888481497764587,19567.649025976658,19572.721966803074
8073,1.4783555269241333,0.9116261005401611,19569.127381503582,19573.633592903614
8074,1.6942176818847656,0.8546206951141357,19570.821599185467,19574.488213598728
8075,1.394308090209961,0.9413207769393921,19572.215907275677,19575.429534375668
8076,1.6590681076049805,1.271262764930725,19573.87497538328,19576.7007971406
8077,1.6125037670135498,0.7726452946662903,19575.487479150295,19577.473442435265
8078,0.6481390595436096,1.6988002061843872,19576.13561820984,19579.17224264145
8079,1.5498939752578735,1.0080037117004395,19577.685512185097,19580.18024635315
8080,1.5551904439926147,0.7561198472976685,19579.24070262909,19580.936366200447
8081,1.6771677732467651,0.928568422794342,19580.917870402336,19581.86493462324
8082,1.5161389112472534,0.965424120426178,19582.434009313583,19582.830358743668
8083,1.4142498970031738,0.5922107696533203,19583.848259210587,19583.42256951332
8084,1.2134162187576294,0.8061217069625854,19585.061675429344,19584.228691220284
8085,1.549782156944275,0.7683351039886475,19586.61145758629,19584.997026324272
8086,1.4193307161331177,0.7051587104797363,19588.03078830242,19585.702185034752
8087,1.5211143493652344,0.6327660083770752,19589.551902651787,19586.33495104313
8088,1.5667444467544556,0.6449097394943237,19591.11864709854,19586.979860782623
8089,1.251220941543579,0.601069986820221,19592.369868040085,19587.580930769444
8090,1.5119247436523438,0.7039198279380798,19593.881792783737,19588.28485059738
8091,1.684486985206604,0.7180244326591492,19595.566279768944,19589.00287503004
8092,1.6682487726211548,0.5373215675354004,19597.234528541565,19589.540196597576
8093,1.3285125494003296,0.7405670881271362,19598.563041090965,19590.280763685703
8094,1.4458701610565186,0.5518360137939453,19600.00891125202,19590.832599699497
8095,1.494875431060791,1.1537001132965088,19601.503786683083,19591.986299812794
8096,1.180837631225586,0.7366558909416199,19602.684624314308,19592.722955703735
8097,1.3512399196624756,2.5081934928894043,19604.03586423397,19595.231149196625
8098,1.7509641647338867,2.4931745529174805,19605.786828398705,19597.724323749542
8099,0.6563001275062561,1.4484095573425293,19606.44312852621,19599.172733306885
8100,0.9296935796737671,3.1381804943084717,19607.372822105885,19602.310913801193
8101,1.7880589962005615,0.9844692945480347,19609.160881102085,19603.29538309574
8102,1.4870964288711548,0.7823246717453003,19610.647977530956,19604.077707767487
8103,1.4460920095443726,0.6382808685302734,19612.0940695405,19604.715988636017
8104,1.5493029356002808,0.7135654091835022,19613.6433724761,19605.4295540452
8105,1.4712930917739868,0.5447956919670105,19615.114665567875,19605.974349737167
8106,1.447651982307434,0.6722039580345154,19616.562317550182,19606.646553695202
8107,0.7580581903457642,2.41951584815979,19617.320375740528,19609.06606954336
8108,1.451416015625,0.8351452350616455,19618.771791756153,19609.901214778423
8109,1.5900250673294067,0.6709232926368713,19620.361816823483,19610.57213807106
8110,1.4556145668029785,0.5964494943618774,19621.817431390285,19611.168587565422
8111,1.5983586311340332,0.5485618114471436,19623.41579002142,19611.71714937687
8112,1.5416511297225952,0.7693867683410645,19624.957441151142,19612.48653614521
8113,1.591564655303955,2.647753953933716,19626.549005806446,19615.134290099144
8114,1.213262915611267,0.9420276284217834,19627.762268722057,19616.076317727566
8115,1.4577884674072266,1.5760841369628906,19629.220057189465,19617.65240186453
8116,0.535842776298523,2.241152286529541,19629.755899965763,19619.89355415106
8117,0.8385105729103088,2.251051664352417,19630.594410538673,19622.14460581541
8118,1.5377205610275269,0.7836968898773193,19632.1321310997,19622.928302705288
8119,1.3965946435928345,0.6074477434158325,19633.528725743294,19623.535750448704
8120,0.9387879967689514,1.6491312980651855,19634.467513740063,19625.18488174677
8121,1.5433176755905151,0.7377630472183228,19636.010831415653,19625.922644793987
8122,1.9211063385009766,1.8483185768127441,19637.931937754154,19627.7709633708
8123,1.6199707984924316,0.9987434148788452,19639.551908552647,19628.76970678568
8124,1.1379574537277222,1.3833932876586914,19640.689866006374,19630.153100073338
8125,1.8944971561431885,0.8461011648178101,19642.584363162518,19630.999201238155
8126,1.4560046195983887,0.6674492359161377,19644.040367782116,19631.66665047407
8127,1.8723896741867065,0.733948290348053,19645.912757456303,19632.40059876442
8128,1.625597357749939,0.5597772002220154,19647.538354814053,19632.96037596464
8129,1.7516859769821167,0.6808761954307556,19649.290040791035,19633.641252160072
8130,1.4488075971603394,0.6725429892539978,19650.738848388195,19634.313795149326
8131,1.7594252824783325,0.5877717733383179,19652.498273670673,19634.901566922665
8132,1.2298147678375244,2.9814414978027344,19653.72808843851,19637.883008420467
8133,1.7387288808822632,1.6642426252365112,19655.466817319393,19639.547251045704
8134,1.8745298385620117,1.35994553565979,19657.341347157955,19640.907196581364
8135,1.4175870418548584,1.0251696109771729,19658.75893419981,19641.93236619234
8136,1.2708137035369873,0.5885687470436096,19660.029747903347,19642.520934939384
8137,1.8807311058044434,0.8545401096343994,19661.91047900915,19643.37547504902
8138,1.8952723741531372,0.9404469132423401,19663.805751383305,19644.31592196226
8139,1.5848376750946045,0.8904742002487183,19665.3905890584,19645.20639616251
8140,1.5816537141799927,0.8898227214813232,19666.97224277258,19646.09621888399
8141,1.5041286945343018,1.238526463508606,19668.476371467113,19647.3347453475
8142,1.6586570739746094,0.6771133542060852,19670.135028541088,19648.011858701706
8143,1.5931177139282227,0.5763072371482849,19671.728146255016,19648.588165938854
8144,1.5654308795928955,0.7295841574668884,19673.29357713461,19649.31775009632
8145,1.056875228881836,0.9863064885139465,19674.35045236349,19650.304056584835
8146,1.9734187126159668,1.0064696073532104,19676.323871076107,19651.31052619219
8147,1.4363017082214355,0.64647376537323,19677.76017278433,19651.95699995756
8148,1.3859119415283203,0.7624780535697937,19679.146084725857,19652.71947801113
8149,1.5512831211090088,0.9934375882148743,19680.697367846966,19653.712915599346
8150,2.080075740814209,1.0843019485473633,19682.77744358778,19654.797217547894
8151,1.5090579986572266,0.6099559664726257,19684.286501586437,19655.407173514366
8152,1.6169172525405884,0.6959247589111328,19685.903418838978,19656.103098273277
8153,1.3790582418441772,0.7602306008338928,19687.282477080822,19656.86332887411
8154,1.9137336015701294,0.8451715111732483,19689.196210682392,19657.708500385284
8155,1.520383358001709,0.8080258369445801,19690.716594040394,19658.51652622223
8156,1.4731931686401367,0.6566193699836731,19692.189787209034,19659.173145592213
8157,2.1997017860412598,0.8147058486938477,19694.389488995075,19659.987851440907
8158,1.4155489206314087,0.7441298365592957,19695.805037915707,19660.731981277466
8159,1.9271881580352783,0.9442212581634521,19697.732226073742,19661.67620253563
8160,1.843120813369751,1.1356587409973145,19699.57534688711,19662.811861276627
8161,1.5131480693817139,0.7382920980453491,19701.088494956493,19663.550153374672
8162,2.2008111476898193,1.1418191194534302,19703.289306104183,19664.691972494125
8163,1.1938068866729736,0.8255102634429932,19704.483112990856,19665.51748275757
8164,1.395350694656372,0.9662672877311707,19705.878463685513,19666.4837500453
8165,1.2608882188796997,0.5561076998710632,19707.139351904392,19667.03985774517
8166,1.4822450876235962,0.633500874042511,19708.621596992016,19667.673358619213
8167,1.4987086057662964,0.6977647542953491,19710.120305597782,19668.37112337351
8168,1.6733591556549072,0.9338892698287964,19711.793664753437,19669.305012643337
8169,2.0767745971679688,1.3708951473236084,19713.870439350605,19670.67590779066
8170,1.4547746181488037,0.6141200065612793,19715.325213968754,19671.290027797222
8171,0.5460367798805237,1.6381158828735352,19715.871250748634,19672.928143680096
8172,1.5574156045913696,1.3335098028182983,19717.428666353226,19674.261653482914
8173,2.033223867416382,1.3150774240493774,19719.461890220642,19675.576730906963
8174,1.4550707340240479,0.7635783553123474,19720.916960954666,19676.340309262276
8175,1.425605297088623,0.7445381283760071,19722.342566251755,19677.08484739065
8176,1.5538723468780518,0.6713846325874329,19723.896438598633,19677.75623202324
8177,1.5342583656311035,0.792120635509491,19725.430696964264,19678.54835265875
8178,1.6189806461334229,0.6346208453178406,19727.049677610397,19679.182973504066
8179,1.8142176866531372,0.9017329216003418,19728.86389529705,19680.084706425667
8180,1.5959783792495728,1.0109033584594727,19730.4598736763,19681.095609784126
8181,1.552694320678711,0.7814248204231262,19732.01256799698,19681.87703460455
8182,1.4457014799118042,0.6748256683349609,19733.45826947689,19682.551860272884
8183,1.5062392950057983,0.6484223008155823,19734.964508771896,19683.2002825737
8184,1.2438775300979614,0.555748701095581,19736.208386301994,19683.756031274796
8185,0.806386411190033,1.375365972518921,19737.014772713184,19685.131397247314
8186,1.7410961389541626,0.7447478771209717,19738.75586885214,19685.876145124435
8187,1.4348706007003784,0.7463675737380981,19740.19073945284,19686.622512698174
8188,1.4969583749771118,0.7421873807907104,19741.687697827816,19687.364700078964
8189,1.3140689134597778,0.6004257202148438,19743.001766741276,19687.96512579918
8190,1.356785774230957,0.5955861210823059,19744.358552515507,19688.56071192026
8191,1.288869023323059,2.077548027038574,19745.64742153883,19690.6382599473
8192,1.6057162284851074,1.134498119354248,19747.253137767315,19691.772758066654
8193,1.5668898820877075,0.45023345947265625,19748.820027649403,19692.222991526127
8194,1.5912507772445679,0.7325771450996399,19750.411278426647,19692.955568671227
8195,1.4274109601974487,0.6108262538909912,19751.838689386845,19693.566394925117
8196,0.8602099418640137,0.7680662274360657,19752.69889932871,19694.334461152554
8197,1.5277478694915771,0.5393262505531311,19754.2266471982,19694.873787403107
8198,1.8025342226028442,0.7365123629570007,19756.029181420803,19695.610299766064
8199,1.322163701057434,0.8361988663673401,19757.35134512186,19696.44649863243
8200,1.2259573936462402,0.9458958506584167,19758.577302515507,19697.39239448309
8201,1.5782403945922852,0.6038525104522705,19760.1555429101,19697.99624699354
8202,1.395350456237793,0.5263183116912842,19761.550893366337,19698.522565305233
8203,0.7599393129348755,1.7878172397613525,19762.31083267927,19700.310382544994
8204,1.4906220436096191,0.7460441589355469,19763.80145472288,19701.05642670393
8205,1.3066030740737915,0.4976022243499756,19765.108057796955,19701.55402892828
8206,1.2189526557922363,0.48322176933288574,19766.327010452747,19702.037250697613
8207,0.48338329792022705,1.698915719985962,19766.810393750668,19703.7361664176
8208,1.5545282363891602,2.031285524368286,19768.364921987057,19705.767451941967
8209,1.0620017051696777,1.057614803314209,19769.426923692226,19706.82506674528
8210,1.3331748247146606,0.8272911906242371,19770.76009851694,19707.652357935905
8211,1.272773027420044,0.49941912293434143,19772.03287154436,19708.15177705884
8212,1.6008042097091675,1.1062369346618652,19773.63367575407,19709.2580139935
8213,1.5524779558181763,4.179952144622803,19775.18615370989,19713.437966138124
8214,1.7139041423797607,0.8125967383384705,19776.90005785227,19714.250562876463
8215,1.8345192670822144,1.612473964691162,19778.73457711935,19715.863036841154
8216,1.180034875869751,1.1070038080215454,19779.91461199522,19716.970040649176
8217,1.5769405364990234,0.2844156324863434,19781.49155253172,19717.254456281662
8218,1.613236665725708,0.7182563543319702,19783.104789197445,19717.972712635994
8219,1.442715048789978,0.7139332294464111,19784.547504246235,19718.68664586544
8220,1.0290716886520386,1.4394115209579468,19785.576575934887,19720.1260573864
8221,1.300036072731018,1.063921570777893,19786.876612007618,19721.189978957176
8222,1.4302057027816772,0.7660274505615234,19788.3068177104,19721.956006407738
8223,1.6854304075241089,0.7005084156990051,19789.992248117924,19722.656514823437
8224,1.3777825832366943,0.9088193774223328,19791.37003070116,19723.56533420086
8225,1.4966946840286255,0.9733231067657471,19792.86672538519,19724.538657307625
8226,1.471482276916504,0.934201717376709,19794.338207662106,19725.472859025
8227,1.5695383548736572,0.6533807516098022,19795.90774601698,19726.12623977661
8228,1.5581679344177246,0.7074799537658691,19797.465913951397,19726.833719730377
8229,1.7589027881622314,1.0453410148620605,19799.22481673956,19727.87906074524
8230,1.4031109809875488,0.6797372102737427,19800.627927720547,19728.558797955513
8231,1.6506049633026123,1.1801260709762573,19802.27853268385,19729.73892402649
8232,1.4867756366729736,0.7149571180343628,19803.765308320522,19730.453881144524
8233,1.4051905870437622,0.5930511355400085,19805.170498907566,19731.046932280064
8234,1.6234846115112305,0.9020612239837646,19806.793983519077,19731.948993504047
8235,1.796721339225769,0.6149232387542725,19808.590704858303,19732.5639167428
8236,1.6852598190307617,1.5802116394042969,19810.275964677334,19734.144128382206
8237,1.610547661781311,0.7286928296089172,19811.886512339115,19734.872821211815
8238,1.8964112997055054,1.3779315948486328,19813.78292363882,19736.250752806664
8239,1.3025507926940918,2.077697515487671,19815.085474431515,19738.32845032215
8240,1.1352519989013672,0.8543499708175659,19816.220726430416,19739.18280029297
8241,1.4919294118881226,0.5812174081802368,19817.712655842304,19739.76401770115
8242,1.433374285697937,1.1937288045883179,19819.146030128002,19740.957746505737
8243,1.7737599611282349,0.9765933752059937,19820.91979008913,19741.934339880943
8244,1.6043168306350708,0.7713466286659241,19822.524106919765,19742.70568650961
8245,1.3063279390335083,0.5731022357940674,19823.8304348588,19743.278788745403
8246,1.6879240274429321,0.6741939783096313,19825.518358886242,19743.952982723713
8247,1.534963607788086,0.6462764739990234,19827.05332249403,19744.599259197712
8248,1.429839849472046,0.6917603015899658,19828.483162343502,19745.291019499302
8249,1.627038836479187,0.6185654401779175,19830.11020117998,19745.90958493948
8250,1.577172875404358,0.6129601001739502,19831.687374055386,19746.522545039654
8251,1.5265365839004517,0.6643878817558289,19833.213910639286,19747.18693292141
8252,1.560941219329834,0.6396327614784241,19834.774851858616,19747.826565682888
8253,1.979203701019287,0.6357757449150085,19836.754055559635,19748.462341427803
8254,1.363211989402771,0.6564894914627075,19838.117267549038,19749.118830919266
8255,1.4553165435791016,0.911767303943634,19839.572584092617,19750.03059822321
8256,0.588369607925415,2.1385607719421387,19840.160953700542,19752.16915899515
8257,1.7040942907333374,0.7124643325805664,19841.865047991276,19752.881623327732
8258,1.8406074047088623,0.930718719959259,19843.705655395985,19753.81234204769
8259,1.7192875146865845,0.8698413372039795,19845.42494291067,19754.682183384895
8260,1.597568392753601,0.5428506135940552,19847.022511303425,19755.22503399849
8261,1.3720022439956665,0.4938645362854004,19848.39451354742,19755.718898534775
8262,1.575808048248291,0.5653092861175537,19849.97032159567,19756.284207820892
8263,0.5141948461532593,1.7425804138183594,19850.484516441822,19758.02678823471
8264,1.4369003772735596,0.627368688583374,19851.921416819096,19758.654156923294
8265,1.7838671207427979,0.765277624130249,19853.70528393984,19759.419434547424
8266,1.5127277374267578,0.7358946204185486,19855.218011677265,19760.155329167843
8267,1.5176039934158325,0.722244143486023,19856.73561567068,19760.87757331133
8268,1.2853761911392212,0.9552217721939087,19858.02099186182,19761.832795083523
8269,0.9770875573158264,0.8551071882247925,19858.998079419136,19762.687902271748
8270,0.9194964170455933,1.6500701904296875,19859.91757583618,19764.337972462177
8271,1.4831072092056274,0.6268459558486938,19861.400683045387,19764.964818418026
8272,0.9055910110473633,1.5213693380355835,19862.306274056435,19766.48618775606
8273,1.5155377388000488,0.5526628494262695,19863.821811795235,19767.038850605488
8274,1.3496050834655762,0.6129159331321716,19865.1714168787,19767.65176653862
8275,1.5235471725463867,0.8060895800590515,19866.694964051247,19768.45785611868
8276,1.6543052196502686,0.5616189241409302,19868.349269270897,19769.01947504282
8277,1.418236255645752,0.5089529156684875,19869.767505526543,19769.52842795849
8278,1.4503260850906372,0.711989164352417,19871.217831611633,19770.24041712284
8279,1.4069064855575562,0.6071197986602783,19872.62473809719,19770.8475369215
8280,1.4708281755447388,0.5099610686302185,19874.095566272736,19771.35749799013
8281,1.5989881753921509,0.7191380858421326,19875.694554448128,19772.076636075974
8282,1.5011277198791504,0.6160269379615784,19877.195682168007,19772.692663013935
8283,1.5706861019134521,0.5440322756767273,19878.76636826992,19773.23669528961
8284,1.4653866291046143,0.8680459856987,19880.231754899025,19774.10474127531
8285,0.8594509363174438,1.7500226497650146,19881.091205835342,19775.854763925076
8286,1.5352120399475098,0.47124114632606506,19882.62641787529,19776.3260050714
8287,1.505557894706726,0.5858025550842285,19884.131975769997,19776.911807626486
8288,1.3801429271697998,0.5637499690055847,19885.512118697166,19777.47555759549
8289,1.4707382917404175,0.5948997139930725,19886.982856988907,19778.070457309484
8290,1.6044230461120605,0.9755788445472717,19888.58728003502,19779.04603615403
8291,1.0446979999542236,0.896257758140564,19889.631978034973,19779.942293912172
8292,1.0698662996292114,0.8563137650489807,19890.701844334602,19780.79860767722
8293,1.9129188060760498,0.9983917474746704,19892.61476314068,19781.796999424696
8294,1.6155954599380493,1.0054081678390503,19894.230358600616,19782.802407592535
8295,1.352189064025879,0.5341686606407166,19895.582547664642,19783.336576253176
8296,1.730746865272522,0.8371869325637817,19897.313294529915,19784.17376318574
8297,1.5446515083312988,0.5949379205703735,19898.857946038246,19784.76870110631
8298,1.591678261756897,0.6005242466926575,19900.449624300003,19785.369225353003
8299,1.7908380031585693,0.8350492119789124,19902.24046230316,19786.20427456498
8300,1.7792764902114868,0.8274028301239014,19904.019738793373,19787.031677395105
8301,1.5635325908660889,1.0383602380752563,19905.58327138424,19788.07003763318
8302,1.5798022747039795,1.0638232231140137,19907.163073658943,19789.133860856295
8303,1.4961161613464355,0.787688672542572,19908.65918982029,19789.921549528837
8304,1.1882621049880981,0.7974072694778442,19909.847451925278,19790.718956798315
8305,2.3687386512756348,1.2657033205032349,19912.216190576553,19791.98466011882
8306,0.5240299105644226,1.8769909143447876,19912.740220487118,19793.861651033163
8307,1.357993721961975,0.7652764320373535,19914.09821420908,19794.6269274652
8308,1.5408236980438232,1.1552393436431885,19915.639037907124,19795.782166808844
8309,1.7293840646743774,0.7961248755455017,19917.368421971798,19796.57829168439
8310,1.3202036619186401,0.8527390360832214,19918.688625633717,19797.431030720472
8311,1.4096405506134033,0.6659923195838928,19920.09826618433,19798.097023040056
8312,1.7600048780441284,0.5481616258621216,19921.858271062374,19798.64518466592
8313,1.6953256130218506,0.6354106068611145,19923.553596675396,19799.28059527278
8314,1.3136537075042725,0.6191498041152954,19924.8672503829,19799.899745076895
8315,1.3925684690475464,0.5484489798545837,19926.259818851948,19800.44819405675
8316,1.5027906894683838,0.6614691019058228,19927.762609541416,19801.109663158655
8317,1.4857913255691528,0.7254152297973633,19929.248400866985,19801.835078388453
8318,1.4270960092544556,0.5601979494094849,19930.67549687624,19802.395276337862
8319,1.166486382484436,0.7329123020172119,19931.841983258724,19803.12818863988
8320,1.6222095489501953,0.5662615895271301,19933.464192807674,19803.694450229406
8321,1.5641183853149414,0.9101474285125732,19935.02831119299,19804.60459765792
8322,1.177150011062622,0.6864337921142578,19936.205461204052,19805.291031450033
8323,1.5127415657043457,0.6854174137115479,19937.718202769756,19805.976448863745
8324,1.5011990070343018,0.654761791229248,19939.21940177679,19806.631210654974
8325,1.326630711555481,0.9823354482650757,19940.546032488346,19807.61354610324
8326,1.423782467842102,0.6173740029335022,19941.96981495619,19808.230920106173
8327,1.6755975484848022,0.786585807800293,19943.645412504673,19809.017505913973
8328,1.8450233936309814,0.785108745098114,19945.490435898304,19809.80261465907
8329,1.676625370979309,0.6377232670783997,19947.167061269283,19810.44033792615
8330,1.2889513969421387,0.6422036290168762,19948.456012666225,19811.082541555166
8331,1.2754524946212769,1.0649276971817017,19949.731465160847,19812.147469252348
8332,1.4015837907791138,0.8714654445648193,19951.133048951626,19813.018934696913
8333,1.9991263151168823,1.162283182144165,19953.132175266743,19814.181217879057
8334,1.412056803703308,0.6135101914405823,19954.544232070446,19814.794728070498
8335,1.41302490234375,1.0099451541900635,19955.95725697279,19815.804673224688
8336,1.6800475120544434,0.7179917097091675,19957.637304484844,19816.522664934397
8337,1.4290333986282349,0.7382009029388428,19959.066337883472,19817.260865837336
8338,1.4809191226959229,0.6071543097496033,19960.54725700617,19817.868020147085
8339,1.0320438146591187,0.8670855760574341,19961.579300820827,19818.735105723143
8340,1.6212598085403442,0.6324473023414612,19963.200560629368,19819.367553025484
8341,1.3201053142547607,0.6674973964691162,19964.520665943623,19820.035050421953
8342,1.3516539335250854,1.1790127754211426,19965.872319877148,19821.214063197374
8343,1.2881144285202026,0.5923238396644592,19967.160434305668,19821.80638703704
8344,1.5662450790405273,0.5715500712394714,19968.72667938471,19822.37793710828
8345,1.568899154663086,1.0428259372711182,19970.29557853937,19823.42076304555
8346,1.4957857131958008,0.7210665345191956,19971.791364252567,19824.14182958007
8347,1.790898084640503,1.5246464014053345,19973.582262337208,19825.666475981474
8348,1.4402943849563599,0.6899729371070862,19975.022556722164,19826.35644891858
8349,1.3431235551834106,0.7587428689002991,19976.365680277348,19827.11519178748
8350,1.5547441244125366,0.5433861017227173,19977.92042440176,19827.658577889204
8351,1.1749931573867798,0.7131620645523071,19979.095417559147,19828.371739953756
8352,1.477183222770691,0.806458055973053,19980.572600781918,19829.17819800973
8353,1.5251381397247314,0.6853142380714417,19982.097738921642,19829.8635122478
8354,1.3659249544143677,1.8328568935394287,19983.463663876057,19831.69636914134
8355,1.7654975652694702,0.7781184911727905,19985.229161441326,19832.474487632513
8356,1.3470220565795898,0.7785954475402832,19986.576183497906,19833.253083080053
8357,1.6421940326690674,0.8291221261024475,19988.218377530575,19834.082205206156
8358,1.7042388916015625,0.7046050429344177,19989.922616422176,19834.78681024909
8359,1.1525073051452637,1.5027740001678467,19991.07512372732,19836.289584249258
8360,1.7160954475402832,0.5438075661659241,19992.791219174862,19836.833391815424
8361,1.3565318584442139,0.7648394703865051,19994.147751033306,19837.59823128581
8362,1.6254695653915405,0.731859028339386,19995.773220598698,19838.33009031415
8363,1.5726988315582275,1.0786534547805786,19997.345919430256,19839.40874376893
8364,1.5370818376541138,0.6420779228210449,19998.88300126791,19840.05082169175
8365,1.6125507354736328,0.8111191987991333,20000.495552003384,19840.86194089055
8366,1.448281168937683,0.6597809791564941,20001.94383317232,19841.521721869707
8367,1.6079773902893066,0.8473256230354309,20003.55181056261,19842.369047492743
8368,1.900714635848999,0.9181631803512573,20005.45252519846,19843.287210673094
8369,1.7744985818862915,0.5992909073829651,20007.227023780346,19843.886501580477
8370,1.3222627639770508,0.8005594611167908,20008.549286544323,19844.687061041594
8371,1.5215952396392822,0.6295696496963501,20010.070881783962,19845.31663069129
8372,1.5401103496551514,0.5523000955581665,20011.610992133617,19845.868930786848
8373,1.4446781873703003,0.851219117641449,20013.055670320988,19846.72014990449
8374,1.5243417024612427,0.6636953353881836,20014.58001202345,19847.383845239878
8375,1.3652329444885254,0.6692073345184326,20015.945244967937,19848.053052574396
8376,0.9689248204231262,2.1355674266815186,20016.91416978836,19850.188620001078
8377,1.5396766662597656,1.415269136428833,20018.45384645462,19851.603889137506
8378,1.6009474992752075,0.6146290302276611,20020.054793953896,19852.218518167734
8379,1.4479063749313354,0.5901211500167847,20021.502700328827,19852.80863931775
8380,1.492523431777954,0.6162793040275574,20022.995223760605,19853.42491862178
8381,1.704140543937683,0.8151165246963501,20024.699364304543,19854.240035146475
8382,1.731958031654358,0.6181967258453369,20026.431322336197,19854.85823187232
8383,1.9478837251663208,0.6251342296600342,20028.379206061363,19855.48336610198
8384,1.5870944261550903,1.747833251953125,20029.96630048752,19857.231199353933
8385,1.798405408859253,0.6794585585594177,20031.764705896378,19857.910657912493
8386,1.4436025619506836,0.6058183908462524,20033.20830845833,19858.51647630334
8387,1.795154333114624,0.6055088639259338,20035.003462791443,19859.121985167265
8388,1.5102684497833252,0.998966634273529,20036.513731241226,19860.12095180154
8389,1.6392443180084229,1.1790025234222412,20038.152975559235,19861.29995432496
8390,1.284862995147705,0.8032722473144531,20039.437838554382,19862.103226572275
8391,1.5016067028045654,0.8275360465049744,20040.939445257187,19862.93076261878
8392,1.414095163345337,0.7357314229011536,20042.353540420532,19863.66649404168
8393,1.6112154722213745,0.6722594499588013,20043.964755892754,19864.33875349164
8394,1.4563851356506348,0.5548977851867676,20045.421141028404,19864.893651276827
8395,1.4236648082733154,0.533947229385376,20046.844805836678,19865.427598506212
8396,1.5256222486495972,0.6213827133178711,20048.370428085327,19866.04898121953
8397,1.4300222396850586,0.6471800804138184,20049.800450325012,19866.696161299944
8398,1.479569911956787,1.0346524715423584,20051.28002023697,19867.730813771486
8399,0.6599594354629517,1.5927774906158447,20051.939979672432,19869.323591262102
8400,1.4324811697006226,1.1105015277862549,20053.372460842133,19870.43409278989
8401,1.4557355642318726,0.6926977634429932,20054.828196406364,19871.12679055333
8402,1.4702953100204468,0.6968438625335693,20056.298491716385,19871.823634415865
8403,1.3871606588363647,1.002781867980957,20057.68565237522,19872.826416283846
8404,1.6021003723144531,0.6539879441261292,20059.287752747536,19873.480404227972
8405,0.7896305918693542,2.3479933738708496,20060.077383339405,19875.828397601843
8406,1.276203989982605,0.6798108816146851,20061.353587329388,19876.508208483458
8407,1.5370031595230103,0.7038746476173401,20062.89059048891,19877.212083131075
8408,1.2903999090194702,0.8907666802406311,20064.18099039793,19878.102849811316
8409,1.1989647150039673,1.2042735815048218,20065.379955112934,19879.30712339282
8410,1.5161648988723755,1.0289113521575928,20066.896120011806,19880.336034744978
8411,1.5686120986938477,0.6796989440917969,20068.4647321105,19881.01573368907
8412,1.4404287338256836,0.7467353343963623,20069.905160844326,19881.762469023466
8413,1.6034175157546997,0.829809844493866,20071.50857836008,19882.59227886796
8414,1.7101891040802002,0.7832841873168945,20073.21876746416,19883.375563055277
8415,1.914189338684082,0.7854627966880798,20075.132956802845,19884.161025851965
8416,1.2991211414337158,0.6377704739570618,20076.43207794428,19884.798796325922
8417,1.3734534978866577,0.8621612191200256,20077.805531442165,19885.660957545042
8418,1.408516764640808,0.7045660614967346,20079.214048206806,19886.36552360654
8419,1.3102283477783203,0.6738648414611816,20080.524276554585,19887.039388448
8420,1.4298369884490967,0.9797104001045227,20081.954113543034,19888.019098848104
8421,1.8344422578811646,1.711225986480713,20083.788555800915,19889.730324834585
8422,1.3750226497650146,0.5941226482391357,20085.16357845068,19890.324447482824
8423,1.6346139907836914,0.7896158695220947,20086.798192441463,19891.114063352346
8424,1.5679097175598145,0.6327588558197021,20088.366102159023,19891.746822208166
8425,1.4653408527374268,0.7953328490257263,20089.83144301176,19892.542155057192
8426,1.8610011339187622,0.6292982697486877,20091.69244414568,19893.17145332694
8427,1.6328084468841553,0.7136649489402771,20093.325252592564,19893.88511827588
8428,1.3242107629776,0.5929037928581238,20094.64946335554,19894.47802206874
8429,0.7789375185966492,2.452072858810425,20095.428400874138,19896.93009492755
8430,1.850690245628357,0.5883689522743225,20097.279091119766,19897.518463879824
8431,1.955657958984375,1.003013253211975,20099.23474907875,19898.521477133036
8432,1.4611300230026245,0.63752681016922,20100.695879101753,19899.159003943205
8433,1.7139160633087158,0.9079113006591797,20102.409795165062,19900.066915243864
8434,1.5957045555114746,0.38825708627700806,20104.005499720573,19900.45517233014
8435,1.423068642616272,0.7478312253952026,20105.42856836319,19901.203003555536
8436,1.381282925605774,0.9793928861618042,20106.809851288795,19902.182396441698
8437,1.5905156135559082,0.5885059833526611,20108.40036690235,19902.77090242505
8438,1.788305401802063,1.6770248413085938,20110.188672304153,19904.44792726636
8439,1.7837344408035278,0.8287288546562195,20111.972406744957,19905.276656121016
8440,1.495507836341858,0.6989113092422485,20113.4679145813,19905.975567430258
8441,0.8265337944030762,2.465796709060669,20114.294448375702,19908.44136413932
8442,1.6944756507873535,2.1305763721466064,20115.98892402649,19910.571940511465
8443,1.48628568649292,1.2924667596817017,20117.475209712982,19911.864407271147
8444,2.247180938720703,2.039680004119873,20119.722390651703,19913.904087275267
8445,1.7473126649856567,0.7255318760871887,20121.46970331669,19914.629619151354
8446,1.380089282989502,0.6952176094055176,20122.849792599678,19915.32483676076
8447,1.3456224203109741,0.6606968641281128,20124.19541501999,19915.985533624887
8448,1.5634974241256714,0.6481143832206726,20125.758912444115,19916.633648008108
8449,1.2880502939224243,1.552039623260498,20127.046962738037,19918.18568763137
8450,1.4475864171981812,0.6846428513526917,20128.494549155235,19918.87033048272
8451,1.3145989179611206,0.6776977181434631,20129.809148073196,19919.548028200865
8452,1.5710220336914062,0.8639050722122192,20131.380170106888,19920.411933273077
8453,1.4462658166885376,0.9176132678985596,20132.826435923576,19921.329546540976
8454,1.6852847337722778,0.8000693321228027,20134.51172065735,19922.1296158731
8455,1.7032955884933472,1.2218323945999146,20136.215016245842,19923.3514482677
8456,0.5386879444122314,1.6227933168411255,20136.753704190254,19924.97424158454
8457,1.2485692501068115,1.000556468963623,20138.00227344036,19925.974798053503
8458,1.387184739112854,0.5542507171630859,20139.389458179474,19926.529048770666
8459,1.5290852785110474,0.8414290547370911,20140.918543457985,19927.370477825403
8460,1.430330514907837,0.6840945482254028,20142.348873972893,19928.05457237363
8461,1.4891397953033447,0.7357746958732605,20143.838013768196,19928.790347069502
8462,1.5664684772491455,0.9371660947799683,20145.404482245445,19929.727513164282
8463,1.8522942066192627,0.7342128753662109,20147.256776452065,19930.461726039648
8464,1.5072286128997803,0.7048538327217102,20148.764005064964,19931.16657987237
8465,1.4125620126724243,0.6777547597885132,20150.176567077637,19931.84433463216
8466,1.5455859899520874,1.4674326181411743,20151.72215306759,19933.3117672503
8467,2.0516743659973145,1.056903600692749,20153.773827433586,19934.368670850992
8468,1.4350557327270508,0.7251363396644592,20155.208883166313,19935.093807190657
8469,1.557327389717102,0.9679300785064697,20156.76621055603,19936.061737269163
8470,1.3157687187194824,0.7368144392967224,20158.08197927475,19936.79855170846
8471,1.612614393234253,0.5744498372077942,20159.694593667984,19937.373001545668
8472,1.3123209476470947,0.8567663431167603,20161.00691461563,19938.229767888784
8473,1.6312525272369385,0.8016009330749512,20162.638167142868,19939.03136882186
8474,1.2906184196472168,0.7850830554962158,20163.928785562515,19939.816451877356
8475,1.6533641815185547,0.5986399054527283,20165.582149744034,19940.41509178281
8476,1.2572499513626099,0.7671351432800293,20166.839399695396,19941.18222692609
8477,1.570857048034668,0.8531050086021423,20168.41025674343,19942.03533193469
8478,1.373133659362793,1.5539131164550781,20169.783390402794,19943.589245051146
8479,1.3680219650268555,0.532174289226532,20171.15141236782,19944.121419340372
8480,0.779268205165863,2.2130086421966553,20171.930680572987,19946.33442798257
8481,1.7357079982757568,0.8258287310600281,20173.666388571262,19947.16025671363
8482,1.577943205833435,0.757005512714386,20175.244331777096,19947.917262226343
8483,1.8394283056259155,0.7429686784744263,20177.08376008272,19948.660230904818
8484,1.0474069118499756,1.9834253787994385,20178.13116699457,19950.643656283617
8485,1.7167738676071167,0.7134323716163635,20179.84794086218,19951.357088655233
8486,1.3768236637115479,0.6255776286125183,20181.22476452589,19951.982666283846
8487,1.330823302268982,0.5814457535743713,20182.55558782816,19952.56411203742
8488,1.3467193841934204,0.6437804698944092,20183.902307212353,19953.207892507315
8489,1.021838903427124,1.859017014503479,20184.92414611578,19955.066909521818
8490,1.3789167404174805,0.5159642696380615,20186.303062856197,19955.582873791456
8491,0.9908117651939392,1.1662263870239258,20187.29387462139,19956.74910017848
8492,1.8559074401855469,0.793031632900238,20189.149782061577,19957.54213181138
8493,1.1280076503753662,0.7227689623832703,20190.277789711952,19958.264900773764
8494,1.569050908088684,0.6298636794090271,20191.84684062004,19958.894764453173
8495,1.0294784307479858,1.6442986726760864,20192.87631905079,19960.53906312585
8496,0.6251775622367859,1.649487853050232,20193.501496613026,19962.1885509789
8497,1.10204017162323,1.2950154542922974,20194.60353678465,19963.48356643319
8498,1.6445730924606323,0.7109609842300415,20196.24810987711,19964.19452741742
8499,1.3084670305252075,0.618362307548523,20197.556576907635,19964.81288972497
8500,1.6860476732254028,0.8091813921928406,20199.24262458086,19965.622071117163
8501,1.3210090398788452,0.6365945935249329,20200.56363362074,19966.258665710688
8502,1.3456072807312012,0.575005292892456,20201.90924090147,19966.83367100358
8503,1.428601622581482,0.7242431044578552,20203.33784252405,19967.557914108038
8504,1.3364044427871704,0.8817818760871887,20204.67424696684,19968.439695984125
8505,0.9425530433654785,1.021053671836853,20205.616800010204,19969.460749655962
8506,1.643141746520996,0.8837190270423889,20207.259941756725,19970.344468683004
8507,1.3719627857208252,0.712401270866394,20208.631904542446,19971.05686995387
8508,1.6480363607406616,1.3288365602493286,20210.279940903187,19972.38570651412
8509,1.6466362476348877,0.8740922808647156,20211.92657715082,19973.259798794985
8510,1.6153053045272827,0.6584935784339905,20213.54188245535,19973.91829237342
8511,0.6465504765510559,1.4255720376968384,20214.1884329319,19975.343864411116
8512,1.4223697185516357,1.2196816205978394,20215.61080265045,19976.563546031713
8513,2.1445472240448,0.7527813911437988,20217.755349874496,19977.316327422857
8514,1.685306429862976,4.101476192474365,20219.44065630436,19981.41780361533
8515,1.5536452531814575,1.0887397527694702,20220.99430155754,19982.5065433681
8516,1.542378306388855,1.0018309354782104,20222.53667986393,19983.50837430358
8517,1.7342990636825562,0.7326627373695374,20224.270978927612,19984.24103704095
8518,1.6798352003097534,0.8893775939941406,20225.950814127922,19985.130414634943
8519,1.5436309576034546,0.7333471179008484,20227.494445085526,19985.863761752844
8520,0.7281190156936646,1.939488172531128,20228.22256410122,19987.803249925375
8521,0.9257941842079163,1.0918673276901245,20229.148358285427,19988.895117253065
8522,1.6818439960479736,0.718658447265625,20230.830202281475,19989.61377570033
8523,1.3263555765151978,0.5002649426460266,20232.15655785799,19990.114040642977
8524,0.45261749625205994,1.5476713180541992,20232.609175354242,19991.66171196103
8525,1.630393385887146,0.8412302136421204,20234.23956874013,19992.502942174673
8526,1.3094310760498047,0.6965208053588867,20235.54899981618,19993.199462980032
8527,1.2205415964126587,1.1921887397766113,20236.769541412592,19994.39165171981
8528,1.7452605962753296,0.8957464098930359,20238.514802008867,19995.2873981297
8529,1.5779736042022705,0.5164438486099243,20240.09277561307,19995.80384197831
8530,1.005250096321106,0.8561986088752747,20241.09802570939,19996.660040587187
8531,1.441866159439087,0.6271041631698608,20242.53989186883,19997.287144750357
8532,1.3501273393630981,1.6086958646774292,20243.890019208193,19998.895840615034
8533,1.4988936185836792,1.217048168182373,20245.388912826777,20000.112888783216
8534,1.001043438911438,0.7836381196975708,20246.389956265688,20000.896526902914
8535,0.9351340532302856,1.6112011671066284,20247.32509031892,20002.50772807002
8536,0.6103470325469971,1.3114043474197388,20247.935437351465,20003.81913241744
8537,1.4707239866256714,0.8125176429748535,20249.40616133809,20004.631650060415
8538,1.5350581407546997,0.8359981775283813,20250.941219478846,20005.467648237944
8539,1.6322462558746338,0.6806617975234985,20252.57346573472,20006.148310035467
8540,1.4439231157302856,0.6360389590263367,20254.01738885045,20006.784348994493
8541,1.1350929737091064,0.671471357345581,20255.15248182416,20007.45582035184
8542,1.3738772869110107,0.6453343629837036,20256.52635911107,20008.101154714823
8543,1.3017758131027222,0.5021172761917114,20257.828134924173,20008.603271991014
8544,1.7288774251937866,0.8080820441246033,20259.557012349367,20009.41135403514
8545,1.5319572687149048,0.7017201781272888,20261.088969618082,20010.113074213266
8546,1.6331679821014404,1.2227977514266968,20262.722137600183,20011.335871964693
8547,1.963039755821228,0.8528854250907898,20264.685177356005,20012.188757389784
8548,1.5479989051818848,0.7284709215164185,20266.233176261187,20012.9172283113
8549,1.6912305355072021,0.9366117119789124,20267.924406796694,20013.85384002328
8550,1.543487310409546,0.8607854247093201,20269.467894107103,20014.71462544799
8551,1.7381757497787476,0.5207031965255737,20271.206069856882,20015.235328644514
8552,1.268334150314331,0.7998751401901245,20272.474404007196,20016.035203784704
8553,1.6985688209533691,1.031076192855835,20274.17297282815,20017.06627997756
8554,1.410821557044983,0.6122093200683594,20275.583794385195,20017.67848929763
8555,1.4895325899124146,0.5439618229866028,20277.073326975107,20018.222451120615
8556,1.495137333869934,1.1038798093795776,20278.568464308977,20019.326330929995
8557,0.887795090675354,1.3797202110290527,20279.456259399652,20020.706051141024
8558,1.4732880592346191,0.9311242699623108,20280.929547458887,20021.637175410986
8559,1.7158188819885254,0.8925227522850037,20282.645366340876,20022.52969816327
8560,1.473396897315979,0.6142863035202026,20284.11876323819,20023.14398446679
8561,1.2934906482696533,0.5784311890602112,20285.41225388646,20023.72241565585
8562,1.5362255573272705,1.0054572820663452,20286.94847944379,20024.727872937918
8563,1.5316163301467896,0.8920174241065979,20288.480095773935,20025.619890362024
8564,1.7534352540969849,0.6802326440811157,20290.233531028032,20026.300123006105
8565,1.5131527185440063,0.74238520860672,20291.746683746576,20027.042508214712
8566,1.4254486560821533,0.5771524310112,20293.17213240266,20027.619660645723
8567,2.0497727394104004,1.1705279350280762,20295.22190514207,20028.79018858075
8568,1.500786304473877,0.930048942565918,20296.722691446543,20029.720237523317
8569,1.3607205152511597,0.8183509111404419,20298.083411961794,20030.538588434458
8570,1.459233283996582,0.973626434803009,20299.54264524579,20031.51221486926
8571,2.352541923522949,0.698625385761261,20301.895187169313,20032.210840255022
8572,1.4689713716506958,0.7101653814315796,20303.364158540964,20032.921005636454
8573,1.4634498357772827,0.7737781405448914,20304.82760837674,20033.694783777
8574,0.8072583675384521,1.5123987197875977,20305.63486674428,20035.207182496786
8575,1.2595659494400024,0.6230865120887756,20306.89443269372,20035.830269008875
8576,1.5961904525756836,0.5710480809211731,20308.490623146296,20036.401317089796
8577,1.7252010107040405,0.9319913983345032,20310.215824157,20037.33330848813
8578,1.7241501808166504,0.9683969616889954,20311.939974337816,20038.30170544982
8579,1.689500093460083,1.3478845357894897,20313.629474431276,20039.64958998561
8580,1.3511970043182373,0.7418176531791687,20314.980671435595,20040.39140763879
8581,1.6223549842834473,0.7734501361846924,20316.603026419878,20041.164857774973
8582,1.4664005041122437,0.8826528787612915,20318.06942692399,20042.047510653734
8583,1.6700639724731445,0.6276490092277527,20319.739490896463,20042.675159662962
8584,1.3904467821121216,0.7028906941413879,20321.129937678576,20043.378050357103
8585,1.4342057704925537,0.649029552936554,20322.564143449068,20044.02707991004
8586,1.605326533317566,0.5053642392158508,20324.169469982386,20044.532444149256
8587,1.702639102935791,0.5966547131538391,20325.87210908532,20045.12909886241
8588,1.413575530052185,0.701953113079071,20327.285684615374,20045.83105197549
8589,1.6983258724212646,0.6806701421737671,20328.984010487795,20046.511722117662
8590,1.3776541948318481,0.6279634237289429,20330.361664682627,20047.13968554139
8591,1.3227207660675049,0.5815457105636597,20331.684385448694,20047.721231251955
8592,1.8969076871871948,0.5871744751930237,20333.58129313588,20048.308405727148
8593,1.6045511960983276,0.5475723147392273,20335.18584433198,20048.855978041887
8594,1.469873309135437,0.4999328851699829,20336.655717641115,20049.355910927057
8595,1.5869141817092896,0.7077584862709045,20338.242631822824,20050.063669413328
8596,1.0135433673858643,1.6700036525726318,20339.25617519021,20051.7336730659
8597,0.6691620349884033,1.4211703538894653,20339.9253372252,20053.15484341979
8598,1.5782986879348755,0.5616468191146851,20341.503635913134,20053.716490238905
8599,1.4024075269699097,0.587028443813324,20342.906043440104,20054.30351868272
8600,0.6069412231445312,2.3337643146514893,20343.512984663248,20056.63728299737
8601,0.8076719641685486,1.1332299709320068,20344.320656627417,20057.7705129683
8602,1.5403707027435303,0.40837907791137695,20345.86102733016,20058.178892046213
8603,0.9812049269676208,1.333277940750122,20346.842232257128,20059.512169986963
8604,0.9199672937393188,2.2016122341156006,20347.762199550867,20061.71378222108
8605,1.2817738056182861,0.6693164110183716,20349.043973356485,20062.383098632097
8606,0.6400344967842102,1.5652904510498047,20349.68400785327,20063.948389083147
8607,1.7096141576766968,0.8608300089836121,20351.393622010946,20064.80921909213
8608,1.361257553100586,0.9566971063613892,20352.754879564047,20065.765916198492
8609,1.5057594776153564,0.4651464521884918,20354.260639041662,20066.23106265068
8610,1.5064531564712524,0.8013994693756104,20355.767092198133,20067.032462120056
8611,1.892025113105774,1.319587230682373,20357.65911731124,20068.35204935074
8612,1.7733784914016724,0.5622913837432861,20359.43249580264,20068.91434073448
8613,1.354777216911316,0.6354793310165405,20360.787273019552,20069.5498200655
8614,1.969332218170166,0.9048412442207336,20362.756605237722,20070.45466130972
8615,1.6294441223144531,0.6911484599113464,20364.386049360037,20071.14580976963
8616,1.67107355594635,0.8412167429924011,20366.057122915983,20071.987026512623
8617,1.96511709690094,1.5136518478393555,20368.022240012884,20073.500678360462
8618,1.4353498220443726,0.6240092515945435,20369.45758983493,20074.124687612057
8619,1.6518830060958862,0.6728092432022095,20371.109472841024,20074.79749685526
8620,2.161508321762085,1.243237018585205,20373.270981162786,20076.040733873844
8621,0.6033902764320374,2.932539701461792,20373.87437143922,20078.973273575306
8622,1.341047763824463,0.577994704246521,20375.215419203043,20079.551268279552
8623,1.5823205709457397,0.8816843032836914,20376.79773977399,20080.432952582836
8624,1.5583165884017944,0.5855458974838257,20378.35605636239,20081.01849848032
8625,1.8037757873535156,2.856393814086914,20380.159832149744,20083.874892294407
8626,1.5016392469406128,0.7647421360015869,20381.661471396685,20084.63963443041
8627,1.3384137153625488,0.5486432313919067,20382.999885112047,20085.1882776618
8628,1.4448473453521729,0.7028477787971497,20384.4447324574,20085.891125440598
8629,1.602099895477295,0.5708675384521484,20386.046832352877,20086.46199297905
8630,1.5919010639190674,0.7654991149902344,20387.638733416796,20087.22749209404
8631,1.411917805671692,0.5576274394989014,20389.050651222467,20087.78511953354
8632,1.3894628286361694,5.116025924682617,20390.440114051104,20092.90114545822
8633,1.5526559352874756,0.5958458781242371,20391.99276998639,20093.496991336346
8634,0.889784574508667,2.8181867599487305,20392.8825545609,20096.315178096294
8635,1.8153953552246094,0.8789827227592468,20394.697949916124,20097.194160819054
8636,1.165724277496338,1.2541611194610596,20395.86367419362,20098.448321938515
8637,1.475238561630249,0.9531644582748413,20397.33891275525,20099.40148639679
8638,1.8654221296310425,0.9737233519554138,20399.204334884882,20100.375209748745
8639,1.1919625997543335,0.701828122138977,20400.396297484636,20101.077037870884
8640,1.5206325054168701,0.7104452848434448,20401.916929990053,20101.787483155727
8641,1.7305139303207397,1.087254524230957,20403.647443920374,20102.87473767996
8642,1.2224442958831787,0.7450758218765259,20404.869888216257,20103.619813501835
8643,1.256746530532837,1.2374258041381836,20406.12663474679,20104.857239305973
8644,1.5791006088256836,0.6983759999275208,20407.705735355616,20105.5556153059
8645,1.4164025783538818,0.6419131755828857,20409.12213793397,20106.197528481483
8646,1.0328891277313232,2.013878583908081,20410.1550270617,20108.21140706539
8647,1.3765692710876465,0.6059618592262268,20411.53159633279,20108.817368924618
8648,0.7462573051452637,2.6040797233581543,20412.277853637934,20111.421448647976
8649,1.4635752439498901,0.7420053482055664,20413.741428881884,20112.16345399618
8650,1.6750023365020752,1.2619080543518066,20415.416431218386,20113.425362050533
8651,1.2717386484146118,0.7172481417655945,20416.6881698668,20114.1426101923
8652,1.6456485986709595,1.0134503841400146,20418.33381846547,20115.15606057644
8653,1.733606219291687,0.7537672519683838,20420.067424684763,20115.909827828407
8654,1.7142422199249268,0.8244833946228027,20421.781666904688,20116.73431122303
8655,1.2904267311096191,0.7513146996498108,20423.072093635798,20117.48562592268
8656,1.5122203826904297,0.8090596199035645,20424.584314018488,20118.294685542583
8657,0.9035684466362,1.5570257902145386,20425.487882465124,20119.851711332798
8658,1.8064435720443726,1.2596875429153442,20427.29432603717,20121.111398875713
8659,1.8096565008163452,0.6630440354347229,20429.103982537985,20121.774442911148
8660,1.5103859901428223,0.6548621654510498,20430.614368528128,20122.4293050766
8661,1.4700227975845337,0.5842885971069336,20432.084391325712,20123.013593673706
8662,1.8894823789596558,1.5214451551437378,20433.973873704672,20124.53503882885
8663,1.6026853322982788,0.7464723587036133,20435.57655903697,20125.281511187553
8664,1.7431038618087769,1.0127203464508057,20437.31966289878,20126.294231534004
8665,1.2959505319595337,0.5847824215888977,20438.61561343074,20126.879013955593
8666,1.2849377393722534,0.603273868560791,20439.90055117011,20127.482287824154
8667,1.430015206336975,0.8143482208251953,20441.330566376448,20128.29663604498
8668,1.283573865890503,0.6014404296875,20442.614140242338,20128.898076474667
8669,1.5725045204162598,0.7296544313430786,20444.186644762754,20129.62773090601
8670,1.279358148574829,0.907746434211731,20445.46600291133,20130.53547734022
8671,1.3733607530593872,0.6189743280410767,20446.83936366439,20131.154451668262
8672,1.6741838455200195,0.5297149419784546,20448.51354750991,20131.68416661024
8673,1.571067452430725,0.7335947155952454,20450.08461496234,20132.417761325836
8674,1.2980802059173584,1.0197548866271973,20451.382695168257,20133.437516212463
8675,1.7655490636825562,1.0045721530914307,20453.14824423194,20134.442088365555
8676,0.8148291707038879,2.034795045852661,20453.963073402643,20136.476883411407
8677,1.8741562366485596,1.467950701713562,20455.83722963929,20137.94483411312
8678,1.4018378257751465,0.6887387633323669,20457.239067465067,20138.633572876453
8679,2.7444357872009277,2.295945405960083,20459.983503252268,20140.929518282413
8680,1.3786790370941162,0.7338425517082214,20461.362182289362,20141.66336083412
8681,1.590370535850525,1.1457821130752563,20462.952552825212,20142.809142947197
8682,1.2323691844940186,3.1632912158966064,20464.184922009706,20145.972434163094
8683,1.4627470970153809,0.7026788592338562,20465.647669106722,20146.675113022327
8684,1.3630954027175903,0.5945512652397156,20467.01076450944,20147.269664287567
8685,0.5333156585693359,1.5088955163955688,20467.54408016801,20148.778559803963
8686,1.9249186515808105,1.3461408615112305,20469.46899881959,20150.124700665474
8687,1.887795090675354,1.0643424987792969,20471.356793910265,20151.189043164253
8688,1.1167198419570923,1.4318304061889648,20472.473513752222,20152.620873570442
8689,1.5488009452819824,1.0196614265441895,20474.022314697504,20153.640534996986
8690,1.461196780204773,0.5939756631851196,20475.48351147771,20154.23451066017
8691,1.600302815437317,0.6597774028778076,20477.083814293146,20154.89428806305
8692,1.360116958618164,1.5091681480407715,20478.443931251764,20156.40345621109
8693,1.6709915399551392,1.0266894102096558,20480.11492279172,20157.4301456213
8694,1.398245096206665,0.6522058248519897,20481.513167887926,20158.08235144615
8695,0.7261103987693787,1.3694233894348145,20482.239278286695,20159.451774835587
8696,1.3738535642623901,1.4052643775939941,20483.613131850958,20160.85703921318
8697,1.8541662693023682,1.7742395401000977,20485.46729812026,20162.63127875328
8698,0.8658726811408997,3.1971511840820312,20486.3331708014,20165.828429937363
8699,1.348116159439087,0.6434862017631531,20487.68128696084,20166.471916139126
8700,1.3202050924301147,0.8995592594146729,20489.00149205327,20167.37147539854
8701,1.8121048212051392,1.1731446981430054,20490.813596874475,20168.544620096684
8702,1.5462613105773926,0.87856125831604,20492.359858185053,20169.423181355
8703,1.5895178318023682,1.0734326839447021,20493.949376016855,20170.496614038944
8704,1.6822211742401123,1.6194641590118408,20495.631597191095,20172.116078197956
8705,1.2540309429168701,1.1784762144088745,20496.885628134012,20173.294554412365
8706,1.3025877475738525,0.8574295043945312,20498.188215881586,20174.15198391676
8707,1.9839143753051758,1.079744815826416,20500.17213025689,20175.231728732586
8708,1.8948789834976196,1.0312652587890625,20502.06700924039,20176.262993991375
8709,1.3352853059768677,0.8243420720100403,20503.402294546366,20177.087336063385
8710,1.3653837442398071,0.5952584147453308,20504.767678290606,20177.68259447813
8711,1.123032569885254,0.5134680867195129,20505.89071086049,20178.19606256485
8712,1.3996015787124634,0.6464929580688477,20507.290312439203,20178.84255552292
8713,1.4401600360870361,1.0927740335464478,20508.73047247529,20179.935329556465
8714,1.3616865873336792,0.7215196490287781,20510.092159062624,20180.656849205494
8715,1.0555261373519897,0.8672822117805481,20511.147685199976,20181.524131417274
8716,1.5805857181549072,0.7630314826965332,20512.72827091813,20182.28716289997
8717,1.4884469509124756,0.5337072610855103,20514.216717869043,20182.820870161057
8718,1.5982774496078491,0.6333154439926147,20515.81499531865,20183.45418560505
8719,1.4150192737579346,0.5985420942306519,20517.23001459241,20184.05272769928
8720,1.6538439989089966,1.8241333961486816,20518.883858591318,20185.87686109543
8721,1.5547924041748047,0.6971044540405273,20520.438650995493,20186.57396554947
8722,0.8967423439025879,1.0130975246429443,20521.335393339396,20187.587063074112
8723,1.7727500200271606,0.685656726360321,20523.108143359423,20188.272719800472
8724,1.5859779119491577,0.5294479131698608,20524.694121271372,20188.802167713642
8725,1.5658379793167114,0.6189464926719666,20526.25995925069,20189.421114206314
8726,1.3280770778656006,0.5123161673545837,20527.588036328554,20189.93343037367
8727,1.583848237991333,0.8940820097923279,20529.171884566545,20190.82751238346
8728,1.1585866212844849,1.3287196159362793,20530.33047118783,20192.156231999397
8729,1.3667281866073608,0.6064800024032593,20531.697199374437,20192.7627120018
8730,1.5358831882476807,0.8136181235313416,20533.233082562685,20193.576330125332
8731,1.4043830633163452,0.7027519941329956,20534.637465626,20194.279082119465
8732,1.5638266801834106,1.665553092956543,20536.201292306185,20195.94463521242
8733,0.623752236366272,2.1521644592285156,20536.82504454255,20198.09679967165
8734,1.4559110403060913,0.792076587677002,20538.280955582857,20198.888876259327
8735,1.8142075538635254,0.5822756290435791,20540.09516313672,20199.47115188837
8736,0.6927909851074219,1.8535271883010864,20540.787954121828,20201.32467907667
8737,1.562343955039978,0.7635942101478577,20542.350298076868,20202.08827328682
8738,2.0779781341552734,1.029394268989563,20544.428276211023,20203.11766755581
8739,1.4121896028518677,0.9781240820884705,20545.840465813875,20204.095791637897
8740,1.6013658046722412,1.2178786993026733,20547.441831618547,20205.3136703372
8741,1.2386603355407715,0.7039826512336731,20548.68049195409,20206.017652988434
8742,1.438062071800232,0.7794623374938965,20550.11855402589,20206.797115325928
8743,1.3911031484603882,0.8826532363891602,20551.50965717435,20207.679768562317
8744,1.6265158653259277,0.8392789363861084,20553.136173039675,20208.519047498703
8745,1.0686415433883667,0.9254127740859985,20554.204814583063,20209.44446027279
8746,1.4458379745483398,0.953312873840332,20555.65065255761,20210.39777314663
8747,1.37361741065979,0.7902774810791016,20557.02426996827,20211.18805062771
8748,1.57412588596344,0.9079977869987488,20558.598395854235,20212.096048414707
8749,1.6784988641738892,0.7118882536888123,20560.27689471841,20212.807936668396
8750,1.3577914237976074,0.7645637392997742,20561.634686142206,20213.572500407696
8751,1.681626796722412,1.1867178678512573,20563.31631293893,20214.759218275547
8752,1.5905587673187256,0.6850490570068359,20564.906871706247,20215.444267332554
8753,1.378717064857483,0.8091232776641846,20566.285588771105,20216.253390610218
8754,0.858998715877533,1.8559194803237915,20567.144587486982,20218.109310090542
8755,1.5639100074768066,0.5526658892631531,20568.70849749446,20218.661975979805
8756,1.493767261505127,0.7779455780982971,20570.202264755964,20219.439921557903
8757,1.2821240425109863,0.7170767188072205,20571.484388798475,20220.15699827671
8758,1.1788300275802612,0.6177724003791809,20572.663218826056,20220.77477067709
8759,1.5179363489151,0.6203901767730713,20574.18115517497,20221.395160853863
8760,1.4009974002838135,0.6949107646942139,20575.582152575254,20222.090071618557
8761,1.5942378044128418,1.0927892923355103,20577.176390379667,20223.182860910892
8762,1.6956523656845093,0.48309949040412903,20578.87204274535,20223.665960401297
8763,1.34523344039917,0.8073933124542236,20580.21727618575,20224.47335371375
8764,0.8261564373970032,1.0987486839294434,20581.043432623148,20225.57210239768
8765,1.0526721477508545,1.8661357164382935,20582.0961047709,20227.43823811412
8766,1.6386611461639404,0.8320906758308411,20583.734765917063,20228.27032878995
8767,1.9846875667572021,0.8453848361968994,20585.71945348382,20229.115713626146
8768,1.3454962968826294,0.6340447068214417,20587.064949780703,20229.749758332968
8769,1.4544974565505981,0.633394181728363,20588.519447237253,20230.383152514696
8770,1.6033269166946411,1.5531108379364014,20590.122774153948,20231.936263352633
8771,1.2017717361450195,0.7115844488143921,20591.324545890093,20232.647847801447
8772,1.1647650003433228,0.6758167743682861,20592.489310890436,20233.323664575815
8773,1.6117348670959473,0.8653627038002014,20594.101045757532,20234.189027279615
8774,1.8146600723266602,0.40168341994285583,20595.91570582986,20234.59071069956
8775,1.4814532995224,0.9396510720252991,20597.39715912938,20235.530361771584
8776,1.2300441265106201,0.7239279747009277,20598.62720325589,20236.254289746284
8777,1.4639543294906616,0.6897076964378357,20600.091157585382,20236.943997442722
8778,2.0425567626953125,0.975986123085022,20602.133714348078,20237.919983565807
8779,1.5346046686172485,0.735126793384552,20603.668319016695,20238.655110359192
8780,1.6507428884506226,0.6771385073661804,20605.319061905146,20239.332248866558
8781,1.3986400365829468,0.9746562838554382,20606.71770194173,20240.306905150414
8782,0.7929576635360718,2.188634157180786,20607.510659605265,20242.495539307594
8783,1.5027848482131958,0.7417698502540588,20609.013444453478,20243.23730915785
8784,1.307856798171997,0.7467778921127319,20610.32130125165,20243.98408704996
8785,1.3965563774108887,1.1178457736968994,20611.71785762906,20245.101932823658
8786,1.6284780502319336,0.9011672139167786,20613.346335679293,20246.003100037575
8787,1.5896309614181519,0.7668001651763916,20614.93596664071,20246.76990020275
8788,0.6994463801383972,2.1007401943206787,20615.63541302085,20248.870640397072
8789,1.4216384887695312,0.6254209280014038,20617.05705150962,20249.496061325073
8790,1.6719179153442383,1.2031104564666748,20618.728969424963,20250.69917178154
8791,1.57502281665802,0.7859676480293274,20620.30399224162,20251.48513942957
8792,2.0502378940582275,1.309488296508789,20622.35423013568,20252.794627726078
8793,1.5117157697677612,0.7087475061416626,20623.865945905447,20253.50337523222
8794,1.7806122303009033,0.977001965045929,20625.646558135748,20254.480377197266
8795,1.9846713542938232,1.0435969829559326,20627.63122949004,20255.52397418022
8796,1.5415477752685547,0.7354089021682739,20629.17277726531,20256.25938308239
8797,1.1090073585510254,2.464390277862549,20630.28178462386,20258.723773360252
8798,1.7551811933517456,1.5530868768692017,20632.036965817213,20260.27686023712
8799,1.5946707725524902,0.6099772453308105,20633.631636589766,20260.886837482452
8800,1.1879757642745972,0.6298071146011353,20634.81961235404,20261.516644597054
8801,1.0624085664749146,1.1149975061416626,20635.882020920515,20262.631642103195
8802,1.417568564414978,0.705525815486908,20637.29958948493,20263.337167918682
8803,1.6387584209442139,0.8620005249977112,20638.938347905874,20264.19916844368
8804,1.4542360305786133,0.7779467105865479,20640.392583936453,20264.977115154266
8805,1.5866312980651855,0.6290369629859924,20641.979215234518,20265.606152117252
8806,1.7148346900939941,0.6931308507919312,20643.694049924612,20266.299282968044
8807,1.5517346858978271,0.7751122117042542,20645.24578461051,20267.07439517975
8808,1.6286734342575073,0.9455962181091309,20646.874458044767,20268.019991397858
8809,1.797055959701538,0.6377604007720947,20648.67151400447,20268.65775179863
8810,0.9687493443489075,0.8833189010620117,20649.640263348818,20269.54107069969
8811,1.7905185222625732,0.6993269920349121,20651.43078187108,20270.240397691727
8812,1.6534823179244995,0.6082045435905457,20653.084264189005,20270.848602235317
8813,1.3671268224716187,1.4964370727539062,20654.451391011477,20272.34503930807
8814,1.449341058731079,1.1902122497558594,20655.900732070208,20273.535251557827
8815,0.9420501589775085,2.682541608810425,20656.842782229185,20276.217793166637
8816,1.5643374919891357,0.6804145574569702,20658.407119721174,20276.898207724094
8817,1.799961805343628,0.8303546905517578,20660.207081526518,20277.728562414646
8818,1.1445744037628174,0.9128205180168152,20661.35165593028,20278.641382932663
8819,3.042632579803467,1.5204036235809326,20664.394288510084,20280.161786556244
8820,2.007333517074585,1.028165340423584,20666.40162202716,20281.189951896667
8821,1.5274899005889893,0.8366885185241699,20667.929111927748,20282.02664041519
8822,1.4614747762680054,0.5671952366828918,20669.390586704016,20282.593835651875
8823,1.6837204694747925,0.8398101925849915,20671.07430717349,20283.43364584446
8824,1.124065637588501,1.6348997354507446,20672.19837281108,20285.06854557991
8825,1.4951589107513428,0.5796428322792053,20673.69353172183,20285.64818841219
8826,0.938213586807251,1.6871212720870972,20674.631745308638,20287.335309684277
8827,1.4710092544555664,0.5712343454360962,20676.102754563093,20287.906544029713
8828,1.6919599771499634,0.9300631284713745,20677.794714540243,20288.836607158184
8829,1.343546748161316,0.5871270298957825,20679.138261288404,20289.42373418808
8830,1.381782054901123,0.6035248041152954,20680.520043343306,20290.027258992195
8831,1.8061796426773071,0.7187348008155823,20682.326222985983,20290.74599379301
8832,1.5443507432937622,1.2724382877349854,20683.870573729277,20292.018432080746
8833,1.3311320543289185,0.6762981414794922,20685.201705783606,20292.694730222225
8834,1.6362906694412231,1.131460189819336,20686.837996453047,20293.826190412045
8835,1.392423391342163,0.7822083830833435,20688.23041984439,20294.608398795128
8836,0.8329570889472961,2.1508238315582275,20689.063376933336,20296.759222626686
8837,1.4613380432128906,0.6907790899276733,20690.52471497655,20297.450001716614
8838,1.7282925844192505,0.924566924571991,20692.25300756097,20298.374568641186
8839,0.8247160911560059,2.5457921028137207,20693.077723652124,20300.920360744
8840,1.514088749885559,0.7062182426452637,20694.59181240201,20301.626578986645
8841,1.2231755256652832,0.6035274267196655,20695.814987927675,20302.230106413364
8842,1.6569970846176147,0.6731637716293335,20697.471985012293,20302.903270184994
8843,1.4548332691192627,0.5655965209007263,20698.926818281412,20303.468866705894
8844,1.5053097009658813,1.0491461753845215,20700.432127982378,20304.51801288128
8845,1.351373314857483,0.7479375004768372,20701.783501297235,20305.265950381756
8846,1.5143238306045532,0.6239548325538635,20703.29782512784,20305.88990521431
8847,1.3585591316223145,0.7517585754394531,20704.656384259462,20306.64166378975
8848,1.5256860256195068,0.9954047799110413,20706.182070285082,20307.63706856966
8849,1.0782470703125,1.688754677772522,20707.260317355394,20309.325823247433
8850,1.3247300386428833,0.7376850247383118,20708.585047394037,20310.06350827217
8851,1.5559662580490112,0.964789867401123,20710.141013652086,20311.028298139572
8852,1.5752841234207153,0.7969195246696472,20711.716297775507,20311.82521766424
8853,1.4266233444213867,0.6800857782363892,20713.14292111993,20312.505303442478
8854,1.5645477771759033,0.7000172734260559,20714.707468897104,20313.205320715904
8855,0.6554078459739685,1.4021462202072144,20715.36287674308,20314.60746693611
8856,1.6368508338928223,0.6327230930328369,20716.99972757697,20315.240190029144
8857,1.4440704584121704,0.8005509376525879,20718.443798035383,20316.040740966797
8858,1.436354398727417,0.7090660929679871,20719.88015243411,20316.749807059765
8859,1.085224986076355,0.8261013627052307,20720.965377420187,20317.57590842247
8860,1.8262454271316528,0.9765485525131226,20722.79162284732,20318.552456974983
8861,1.593735933303833,0.629290759563446,20724.385358780622,20319.181747734547
8862,1.6283005475997925,0.5189050436019897,20726.013659328222,20319.70065277815
8863,1.4500528573989868,0.4447172284126282,20727.46371218562,20320.14537000656
8864,1.3769248723983765,0.6994122266769409,20728.84063705802,20320.84478223324
8865,1.6946970224380493,1.3872584104537964,20730.535334080458,20322.232040643692
8866,1.5881308317184448,1.1553220748901367,20732.123464912176,20323.387362718582
8867,1.641570806503296,1.018844485282898,20733.76503571868,20324.406207203865
8868,1.7201175689697266,0.714317798614502,20735.48515328765,20325.12052500248
8869,1.866097331047058,0.7650867104530334,20737.351250618696,20325.885611712933
8870,1.454830288887024,0.6626611948013306,20738.806080907583,20326.548272907734
8871,1.114433765411377,0.5462808012962341,20739.920514672995,20327.09455370903
8872,1.4294013977050781,0.590907633304596,20741.3499160707,20327.685461342335
8873,1.3499841690063477,0.6740553975105286,20742.699900239706,20328.359516739845
8874,1.4717202186584473,1.4019840955734253,20744.171620458364,20329.76150083542
8875,1.4286715984344482,0.7455920577049255,20745.6002920568,20330.507092893124
8876,2.469268798828125,2.6826744079589844,20748.069560855627,20333.189767301083
8877,1.580398678779602,0.857742428779602,20749.649959534407,20334.047509729862
8878,1.6474734544754028,0.7693130970001221,20751.297432988882,20334.816822826862
8879,1.351217269897461,0.7608118057250977,20752.64865025878,20335.577634632587
8880,1.4393279552459717,0.7218840718269348,20754.087978214025,20336.299518704414
8881,1.4045581817626953,0.7196516990661621,20755.49253639579,20337.01917040348
8882,1.359810471534729,0.9155041575431824,20756.852346867323,20337.934674561024
8883,1.5492608547210693,0.7486271262168884,20758.401607722044,20338.68330168724
8884,1.781198501586914,0.7327101230621338,20760.18280622363,20339.416011810303
8885,1.3936792612075806,0.7457192540168762,20761.57648548484,20340.16173106432
8886,1.6007084846496582,0.690893292427063,20763.177193969488,20340.852624356747
8887,1.5537599325180054,0.8133798837661743,20764.730953902006,20341.666004240513
8888,0.8210111856460571,1.000821828842163,20765.551965087652,20342.666826069355
8889,2.251695156097412,1.0468186140060425,20767.80366024375,20343.71364468336
8890,1.3910473585128784,0.7387219667434692,20769.194707602262,20344.452366650105
8891,1.6620354652404785,0.7056978940963745,20770.856743067503,20345.1580645442
8892,1.2014662027359009,0.803038477897644,20772.05820927024,20345.9611030221
8893,1.500861406326294,0.6837947964668274,20773.559070676565,20346.644897818565
8894,1.681143045425415,1.1122702360153198,20775.24021372199,20347.75716805458
8895,1.5153361558914185,0.6109492182731628,20776.755549877882,20348.368117272854
8896,1.5132372379302979,0.9556623101234436,20778.268787115812,20349.323779582977
8897,1.416311502456665,0.8918739557266235,20779.68509861827,20350.215653538704
8898,1.6476268768310547,0.9510312676429749,20781.3327254951,20351.166684806347
8899,1.4458084106445312,0.9724816679954529,20782.778533905745,20352.139166474342
8900,1.0627504587173462,2.5226285457611084,20783.841284364462,20354.661795020103
8901,1.4452447891235352,0.6759905219078064,20785.286529153585,20355.33778554201
8902,1.3134533166885376,0.6023012399673462,20786.599982470274,20355.94008678198
8903,1.6555871963500977,0.7942149639129639,20788.255569666624,20356.73430174589
8904,1.814030647277832,0.6466585993766785,20790.069600313902,20357.38096034527
8905,1.2749370336532593,0.6974169015884399,20791.344537347555,20358.078377246857
8906,1.4552048444747925,0.5142019987106323,20792.79974219203,20358.592579245567
8907,0.5500978231430054,1.6604678630828857,20793.349840015173,20360.25304710865
8908,1.8155598640441895,1.116189956665039,20795.165399879217,20361.369237065315
8909,1.334607481956482,0.602689802646637,20796.500007361174,20361.971926867962
8910,1.19569993019104,0.6963480710983276,20797.695707291365,20362.66827493906
8911,1.4247711896896362,0.7356548309326172,20799.120478481054,20363.403929769993
8912,1.8791272640228271,1.6897507905960083,20800.999605745077,20365.09368056059
8913,1.3407926559448242,0.7882418036460876,20802.340398401022,20365.881922364235
8914,1.4697704315185547,0.6882220506668091,20803.81016883254,20366.5701444149
8915,1.4759697914123535,0.7530540823936462,20805.286138623953,20367.323198497295
8916,1.4268015623092651,0.7241190075874329,20806.712940186262,20368.047317504883
8917,1.6032986640930176,0.613740861415863,20808.316238850355,20368.6610583663
8918,1.8197650909423828,0.5666354298591614,20810.136003941298,20369.227693796158
8919,1.4107881784439087,0.6463315486907959,20811.54679211974,20369.87402534485
8920,1.6407397985458374,0.7383041977882385,20813.187531918287,20370.612329542637
8921,1.3279858827590942,0.656433641910553,20814.515517801046,20371.268763184547
8922,1.580064296722412,0.7118161916732788,20816.09558209777,20371.98057937622
8923,1.4069327116012573,0.6480622887611389,20817.50251480937,20372.628641664982
8924,1.5685776472091675,1.4860020875930786,20819.07109245658,20374.114643752575
8925,1.5909115076065063,1.0533522367477417,20820.662003964186,20375.167995989323
8926,1.3558965921401978,0.6921754479408264,20822.017900556326,20375.860171437263
8927,1.5139014720916748,0.5138117671012878,20823.531802028418,20376.373983204365
8928,1.6700936555862427,1.6753575801849365,20825.201895684004,20378.04934078455
8929,1.3516563177108765,0.653984785079956,20826.553552001715,20378.70332556963
8930,1.5767707824707031,0.7204383611679077,20828.130322784185,20379.423763930798
8931,1.5060614347457886,0.6127863526344299,20829.63638421893,20380.036550283432
8932,1.6235620975494385,0.6757552027702332,20831.25994631648,20380.712305486202
8933,1.4733905792236328,0.7806947827339172,20832.733336895704,20381.493000268936
8934,1.374581217765808,0.5847175717353821,20834.10791811347,20382.07771784067
8935,1.3867533206939697,0.9178729057312012,20835.494671434164,20382.995590746403
8936,1.461737036705017,0.5736275911331177,20836.95640847087,20383.569218337536
8937,1.214768409729004,0.7100716233253479,20838.171176880598,20384.27928996086
8938,1.8013850450515747,0.8961162567138672,20839.97256192565,20385.175406217575
8939,1.2630709409713745,0.8521901965141296,20841.23563286662,20386.02759641409
8940,1.3548088073730469,0.9149459600448608,20842.590441673994,20386.942542374134
8941,0.9974203705787659,1.9279930591583252,20843.587862044573,20388.870535433292
8942,1.406982183456421,0.4772357642650604,20844.99484422803,20389.347771197557
8943,1.4330179691314697,0.7509092688560486,20846.42786219716,20390.098680466413
8944,1.2916688919067383,0.5791884660720825,20847.719531089067,20390.677868932486
8945,1.6964665651321411,0.8480138778686523,20849.4159976542,20391.525882810354
8946,1.434233546257019,0.6025677919387817,20850.850231200457,20392.128450602293
8947,1.3426214456558228,2.880202531814575,20852.192852646112,20395.008653134108
8948,1.3361632823944092,0.6906073689460754,20853.529015928507,20395.699260503054
8949,1.4863336086273193,0.7912238240242004,20855.015349537134,20396.490484327078
8950,1.414547085762024,0.5872782468795776,20856.429896622896,20397.077762573957
8951,1.241180658340454,1.4139504432678223,20857.671077281237,20398.491713017225
8952,1.3628274202346802,0.7236202955245972,20859.03390470147,20399.21533331275
8953,1.5546672344207764,0.7458186745643616,20860.588571935892,20399.961151987314
8954,1.4143242835998535,0.7102380394935608,20862.002896219492,20400.671390026808
8955,1.4581958055496216,0.6788549423217773,20863.46109202504,20401.35024496913
8956,0.583634614944458,2.1711366176605225,20864.044726639986,20403.52138158679
8957,1.3511308431625366,0.7835907340049744,20865.39585748315,20404.304972320795
8958,1.6473338603973389,0.5895650386810303,20867.043191343546,20404.894537359476
8959,1.4786057472229004,0.7537845969200134,20868.52179709077,20405.648321956396
8960,1.6168400049209595,0.5091230869293213,20870.13863709569,20406.157445043325
8961,1.5447138547897339,0.8997523188591003,20871.68335095048,20407.057197362185
8962,0.738105058670044,2.3955140113830566,20872.42145600915,20409.452711373568
8963,1.5977686643600464,0.6127453446388245,20874.01922467351,20410.065456718206
8964,1.3138022422790527,1.0253186225891113,20875.33302691579,20411.090775340796
8965,1.481447696685791,0.8483172059059143,20876.814474612474,20411.9390925467
8966,1.6557998657226562,0.7891775965690613,20878.470274478197,20412.72827014327
8967,1.50194251537323,0.6541775465011597,20879.97221699357,20413.38244768977
8968,0.8966813087463379,1.8686981201171875,20880.868898302317,20415.25114580989
8969,1.5386768579483032,0.7663049697875977,20882.407575160265,20416.017450779676
8970,1.2743808031082153,0.6507208347320557,20883.681955963373,20416.66817161441
8971,1.2554997205734253,0.7736350893974304,20884.937455683947,20417.441806703806
8972,1.4904046058654785,0.6425186395645142,20886.427860289812,20418.08432534337
8973,1.4022676944732666,0.7188857793807983,20887.830127984285,20418.80321112275
8974,1.453268051147461,0.694117546081543,20889.283396035433,20419.497328668833
8975,1.7430002689361572,0.9263381361961365,20891.02639630437,20420.42366680503
8976,1.515335202217102,0.8641833066940308,20892.541731506586,20421.287850111723
8977,1.7527220249176025,0.7204505205154419,20894.294453531504,20422.00830063224
8978,1.4825962781906128,0.8606497049331665,20895.777049809694,20422.86895033717
8979,1.997081995010376,0.592377781867981,20897.774131804705,20423.46132811904
8980,1.6520659923553467,0.822230875492096,20899.42619779706,20424.28355899453
8981,1.1884500980377197,0.7931715846061707,20900.614647895098,20425.076730579138
8982,1.5065979957580566,0.8349137902259827,20902.121245890856,20425.911644369364
8983,1.351167917251587,0.590242326259613,20903.472413808107,20426.501886695623
8984,1.9512648582458496,1.2308766841888428,20905.423678666353,20427.732763379812
8985,1.37477707862854,1.3469526767730713,20906.79845574498,20429.079716056585
8986,1.6537095308303833,0.8324400782585144,20908.452165275812,20429.912156134844
8987,1.3873802423477173,1.0243427753448486,20909.83954551816,20430.93649891019
8988,1.5444873571395874,0.6655860543251038,20911.3840328753,20431.602084964514
8989,1.1689813137054443,1.3372642993927002,20912.553014189005,20432.939349263906
8990,1.2414342164993286,1.197253704071045,20913.794448405504,20434.136602967978
8991,1.2805585861206055,0.5630772709846497,20915.075006991625,20434.699680238962
8992,1.0994230508804321,4.356952667236328,20916.174430042505,20439.0566329062
8993,1.5582219362258911,0.6368259787559509,20917.73265197873,20439.693458884954
8994,1.4991899728775024,0.5615400671958923,20919.23184195161,20440.25499895215
8995,1.5481315851211548,0.5852842330932617,20920.77997353673,20440.840283185244
8996,1.6117708683013916,0.6714640855789185,20922.39174440503,20441.511747270823
8997,1.5743502378463745,0.7259665131568909,20923.966094642878,20442.23771378398
8998,1.428443193435669,0.7549945712089539,20925.394537836313,20442.99270835519
8999,1.9418312311172485,1.3498826026916504,20927.33636906743,20444.34259095788
9000,1.634016990661621,0.7683833837509155,20928.970386058092,20445.11097434163
9001,1.4193013906478882,0.5844638347625732,20930.38968744874,20445.695438176394
9002,1.2490191459655762,0.643561840057373,20931.638706594706,20446.33900001645
9003,1.3424116373062134,1.3205920457839966,20932.98111823201,20447.659592062235
9004,1.836061954498291,0.9444385766983032,20934.81718018651,20448.604030638933
9005,1.214733600616455,0.5028491020202637,20936.031913787127,20449.106879740953
9006,1.445744276046753,0.7961662411689758,20937.477658063173,20449.903045982122
9007,1.3542779684066772,0.8408088088035583,20938.83193603158,20450.743854790926
9008,1.6497631072998047,0.692558228969574,20940.48169913888,20451.436413019896
9009,1.4562575817108154,0.47287461161613464,20941.93795672059,20451.90928763151
9010,1.5077617168426514,0.3982217013835907,20943.445718437433,20452.307509332895
9011,1.61172354221344,0.7996528744697571,20945.057441979647,20453.107162207365
9012,1.6621143817901611,0.8696826696395874,20946.719556361437,20453.976844877005
9013,1.6218193769454956,0.6369452476501465,20948.341375738382,20454.613790124655
9014,1.4085520505905151,0.5235319137573242,20949.749927788973,20455.137322038412
9015,1.5256003141403198,0.9568033218383789,20951.275528103113,20456.09412536025
9016,1.17146897315979,0.6582511067390442,20952.446997076273,20456.75237646699
9017,1.5563628673553467,0.8164770007133484,20954.00335994363,20457.568853467703
9018,1.459381341934204,0.741303563117981,20955.462741285563,20458.31015703082
9019,1.6031299829483032,0.8908836245536804,20957.06587126851,20459.201040655375
9020,1.3109896183013916,0.7152435183525085,20958.376860886812,20459.916284173727
9021,1.6886985301971436,0.5666554570198059,20960.06555941701,20460.482939630747
9022,2.239957809448242,1.3262120485305786,20962.305517226458,20461.809151679277
9023,1.4430923461914062,0.5090516805648804,20963.74860957265,20462.318203359842
9024,1.4699891805648804,0.6648223400115967,20965.218598753214,20462.983025699854
9025,1.2705389261245728,0.6651157140731812,20966.48913767934,20463.648141413927
9026,1.717658281326294,0.648025631904602,20968.206795960665,20464.29616704583
9027,1.7320127487182617,0.758607804775238,20969.938808709383,20465.054774850607
9028,0.5360400080680847,1.734984040260315,20970.47484871745,20466.789758890867
9029,1.4449148178100586,0.7053585052490234,20971.91976353526,20467.495117396116
9030,1.9198763370513916,0.7146669626235962,20973.839639872313,20468.20978435874
9031,1.326651930809021,0.6192826628684998,20975.16629180312,20468.82906702161
9032,1.5334877967834473,0.5074549317359924,20976.699779599905,20469.336521953344
9033,1.7126370668411255,0.7867859601974487,20978.412416666746,20470.12330791354
9034,1.4212678670883179,0.7671953439712524,20979.833684533834,20470.890503257513
9035,1.4902304410934448,1.0523357391357422,20981.323914974928,20471.94283899665
9036,1.6661914587020874,1.1832753419876099,20982.99010643363,20473.126114338636
9037,1.3050352334976196,0.6301447153091431,20984.295141667128,20473.756259053946
9038,1.5013868808746338,0.6558988690376282,20985.796528548002,20474.412157922983
9039,2.2032485008239746,3.285573959350586,20987.999777048826,20477.697731882334
9040,1.9728947877883911,0.8967412710189819,20989.972671836615,20478.594473153353
9041,1.5387147665023804,0.5654678344726562,20991.511386603117,20479.159940987825
9042,1.533826470375061,0.7423243522644043,20993.045213073492,20479.90226534009
9043,1.6052119731903076,0.6651931405067444,20994.650425046682,20480.567458480597
9044,1.314958095550537,0.6235365271568298,20995.965383142233,20481.190995007753
9045,1.5208759307861328,1.030131459236145,20997.48625907302,20482.22112646699
9046,1.5039652585983276,0.6191703081130981,20998.990224331617,20482.840296775103
9047,1.5916701555252075,0.7115700244903564,21000.581894487143,20483.551866799593
9048,0.9701244235038757,2.579331159591675,21001.552018910646,20486.131197959185
9049,1.6877716779708862,1.0174493789672852,21003.239790588617,20487.148647338152
9050,1.7298728227615356,0.9481459259986877,21004.96966341138,20488.09679326415
9051,2.699841260910034,1.9311801195144653,21007.66950467229,20490.027973383665
9052,1.2940044403076172,1.0050764083862305,21008.963509112597,20491.03304979205
9053,1.0248398780822754,1.2769066095352173,21009.98834899068,20492.309956401587
9054,1.315099835395813,0.550581693649292,21011.303448826075,20492.860538095236
9055,1.5975581407546997,0.7916665077209473,21012.90100696683,20493.652204602957
9056,1.5339666604995728,0.6862668395042419,21014.43497362733,20494.33847144246
9057,1.3173869848251343,0.6753224730491638,21015.752360612154,20495.01379391551
9058,1.4204680919647217,0.6252708435058594,21017.17282870412,20495.639064759016
9059,1.4299243688583374,0.8115140199661255,21018.602753072977,20496.450578778982
9060,0.6166874170303345,1.808003306388855,21019.219440490007,20498.25858208537
9061,1.5322914123535156,0.6504286527633667,21020.75173190236,20498.909010738134
9062,1.417884349822998,0.6630824208259583,21022.169616252184,20499.57209315896
9063,1.1250423192977905,0.7443280816078186,21023.29465857148,20500.316421240568
9064,2.181335687637329,0.873741090297699,21025.47599425912,20501.190162330866
9065,1.4727054834365845,1.2196276187896729,21026.948699742556,20502.409789949656
9066,1.4740146398544312,0.5744435787200928,21028.42271438241,20502.984233528376
9067,1.4360880851745605,0.6722613573074341,21029.858802467585,20503.656494885683
9068,1.5380637645721436,0.4884168803691864,21031.396866232157,20504.144911766052
9069,1.279512643814087,0.688907265663147,21032.67637887597,20504.833819031715
9070,1.4851574897766113,0.6696147322654724,21034.161536365747,20505.50343376398
9071,1.8475397825241089,0.985687255859375,21036.00907614827,20506.48912101984
9072,1.4142218828201294,0.860089123249054,21037.42329803109,20507.34921014309
9073,1.3423385620117188,0.81932133436203,21038.765636593103,20508.16853147745
9074,1.821420669555664,0.5504674315452576,21040.58705726266,20508.718998908997
9075,1.538392424583435,0.6338376402854919,21042.125449687243,20509.352836549282
9076,1.331114411354065,0.6463885307312012,21043.456564098597,20509.999225080013
9077,0.9958289265632629,0.6600390672683716,21044.45239302516,20510.65926414728
9078,1.945580005645752,1.2011643648147583,21046.397973030806,20511.860428512096
9079,1.6275124549865723,0.6661908030509949,21048.025485485792,20512.526619315147
9080,1.594869613647461,0.8794630765914917,21049.62035509944,20513.40608239174
9081,1.4241241216659546,0.5849294662475586,21051.044479221106,20513.991011857986
9082,1.6276264190673828,0.7071781754493713,21052.672105640173,20514.698190033436
9083,1.567613124847412,1.1563289165496826,21054.23971876502,20515.854518949986
9084,1.545611023902893,0.6307439804077148,21055.785329788923,20516.485262930393
9085,1.3467923402786255,0.5300353765487671,21057.132122129202,20517.015298306942
9086,1.5339351892471313,0.8249301910400391,21058.66605731845,20517.840228497982
9087,1.4600125551223755,0.731635570526123,21060.12606987357,20518.571864068508
9088,1.490220069885254,1.0382978916168213,21061.616289943457,20519.610161960125
9089,1.2691606283187866,0.6700944304466248,21062.885450571775,20520.28025639057
9090,1.3162062168121338,0.6125441193580627,21064.201656788588,20520.89280050993
9091,1.232192873954773,0.5777495503425598,21065.433849662542,20521.470550060272
9092,1.7104861736297607,0.834601104259491,21067.144335836172,20522.30515116453
9093,1.7410119771957397,1.3107342720031738,21068.885347813368,20523.615885436535
9094,1.1126831769943237,0.7320321798324585,21069.998030990362,20524.347917616367
9095,1.5434859991073608,1.1024004220962524,21071.54151698947,20525.450318038464
9096,1.3240762948989868,1.995528221130371,21072.86559328437,20527.445846259594
9097,1.4490433931350708,0.701685905456543,21074.314636677504,20528.14753216505
9098,1.167435646057129,0.6750715970993042,21075.48207232356,20528.82260376215
9099,1.7324656248092651,1.1171684265136719,21077.21453794837,20529.939772188663
9100,1.4449656009674072,0.6537590026855469,21078.659503549337,20530.59353119135
9101,1.374961018562317,0.6747938394546509,21080.0344645679,20531.268325030804
9102,1.3514885902404785,0.7734881043434143,21081.38595315814,20532.041813135147
9103,1.4284946918487549,0.6951833963394165,21082.81444784999,20532.736996531487
9104,1.5431030988693237,0.8943825960159302,21084.35755094886,20533.631379127502
9105,1.361346960067749,0.6334918737411499,21085.718897908926,20534.264871001244
9106,1.3605101108551025,0.5523304343223572,21087.07940801978,20534.817201435566
9107,1.6552586555480957,1.147694706916809,21088.73466667533,20535.964896142483
9108,1.110945463180542,2.4090003967285156,21089.84561213851,20538.37389653921
9109,1.2671661376953125,0.8258002400398254,21091.112778276205,20539.19969677925
9110,1.578918695449829,0.7899629473686218,21092.691696971655,20539.98965972662
9111,1.658527135848999,0.6628955006599426,21094.350224107504,20540.65255522728
9112,1.4064422845840454,0.6924359202384949,21095.756666392088,20541.344991147518
9113,1.3865851163864136,0.5566319823265076,21097.143251508474,20541.901623129845
9114,1.4819642305374146,0.5949950814247131,21098.62521573901,20542.49661821127
9115,1.1043180227279663,1.107354998588562,21099.72953376174,20543.603973209858
9116,1.4516009092330933,0.6014924645423889,21101.181134670973,20544.2054656744
9117,1.4728575944900513,0.6706262826919556,21102.653992265463,20544.876091957092
9118,1.399824619293213,0.7117841243743896,21104.053816884756,20545.587876081467
9119,1.4635207653045654,0.7059133648872375,21105.51733765006,20546.293789446354
9120,1.5558809041976929,0.8775535821914673,21107.07321855426,20547.171343028545
9121,1.3157607316970825,0.5203056931495667,21108.388979285955,20547.691648721695
9122,1.0582845211029053,1.7261205911636353,21109.44726380706,20549.41776931286
9123,1.6312923431396484,1.2395541667938232,21111.078556150198,20550.657323479652
9124,1.4182063341140747,1.3951117992401123,21112.496762484312,20552.052435278893
9125,1.3390862941741943,0.6384651064872742,21113.835848778486,20552.69090038538
9126,1.5342576503753662,0.8035681843757629,21115.37010642886,20553.494468569756
9127,1.5044355392456055,0.5244986414909363,21116.874541968107,20554.018967211246
9128,0.944937527179718,1.4303700923919678,21117.819479495287,20555.44933730364
9129,0.8091380000114441,1.8135342597961426,21118.6286174953,20557.262871563435
9130,1.5030088424682617,0.6113253831863403,21120.131626337767,20557.87419694662
9131,0.7212377786636353,1.933679461479187,21120.85286411643,20559.8078764081
9132,1.3233617544174194,0.5640611052513123,21122.176225870848,20560.37193751335
9133,1.446922779083252,0.7460779547691345,21123.62314864993,20561.11801546812
9134,0.5637534856796265,1.3465626239776611,21124.18690213561,20562.4645780921
9135,1.6172335147857666,1.7094708681106567,21125.804135650396,20564.17404896021
9136,1.5050591230392456,0.6393271088600159,21127.309194773436,20564.81337606907
9137,1.6843420267105103,0.6391726732254028,21128.993536800146,20565.452548742294
9138,1.469933271408081,0.673041820526123,21130.463470071554,20566.12559056282
9139,0.6741259098052979,1.7651441097259521,21131.13759598136,20567.890734672546
9140,2.2230260372161865,2.5919506549835205,21133.360622018576,20570.48268532753
9141,1.673538327217102,0.6375576853752136,21135.034160345793,20571.120243012905
9142,1.3118137121200562,0.8264453411102295,21136.345974057913,20571.946688354015
9143,2.095334768295288,1.1167062520980835,21138.441308826208,20573.063394606113
9144,0.9746819138526917,0.660454511642456,21139.41599074006,20573.723849117756
9145,1.3614678382873535,0.568954586982727,21140.777458578348,20574.29280370474
9146,0.7520207762718201,1.728046178817749,21141.52947935462,20576.020849883556
9147,1.428449273109436,0.6738974452018738,21142.95792862773,20576.69474732876
9148,1.6122462749481201,0.7638617753982544,21144.570174902678,20577.458609104156
9149,1.5680792331695557,1.0310407876968384,21146.138254135847,20578.489649891853
9150,1.927484154701233,0.9588688015937805,21148.06573829055,20579.448518693447
9151,1.5261038541793823,0.745140016078949,21149.591842144728,20580.193658709526
9152,1.0014574527740479,0.5129815340042114,21150.5932995975,20580.70664024353
9153,1.5404592752456665,0.9105660915374756,21152.133758872747,20581.617206335068
9154,1.203260064125061,2.4156572818756104,21153.337018936872,20584.032863616943
9155,1.6002365350723267,1.0817681550979614,21154.937255471945,20585.11463177204
9156,1.3876063823699951,0.8484989404678345,21156.324861854315,20585.96313071251
9157,1.4979432821273804,0.8055587410926819,21157.822805136442,20586.768689453602
9158,1.0554759502410889,1.1675430536270142,21158.878281086683,20587.93623250723
9159,1.2853262424468994,0.7656465768814087,21160.16360732913,20588.70187908411
9160,1.53109610080719,0.6864059567451477,21161.694703429937,20589.388285040855
9161,1.2762173414230347,0.8366654515266418,21162.97092077136,20590.224950492382
9162,1.6531546115875244,0.9471796154975891,21164.624075382948,20591.17213010788
9163,1.7948756217956543,0.8031959533691406,21166.418951004744,20591.97532606125
9164,1.1830164194107056,2.0502564907073975,21167.601967424154,20594.025582551956
9165,1.621993899345398,0.48903265595436096,21169.2239613235,20594.51461520791
9166,1.565148115158081,0.6833778619766235,21170.789109438658,20595.197993069887
9167,1.597387433052063,0.8742960691452026,21172.38649687171,20596.072289139032
9168,1.3270890712738037,0.668201744556427,21173.713585942984,20596.74049088359
9169,1.3015469312667847,0.6728033423423767,21175.01513287425,20597.41329422593
9170,1.3684563636779785,0.5962153673171997,21176.38358923793,20598.00950959325
9171,1.6630924940109253,0.33863770961761475,21178.04668173194,20598.348147302866
9172,1.7343682050704956,2.032409429550171,21179.78104993701,20600.380556732416
9173,1.508202314376831,0.4793621599674225,21181.289252251387,20600.859918892384
9174,1.5479141473770142,0.599494457244873,21182.837166398764,20601.45941334963
9175,0.7247580885887146,1.3310751914978027,21183.561924487352,20602.790488541126
9176,1.7610939741134644,1.2011454105377197,21185.323018461466,20603.991633951664
9177,1.3193072080612183,1.2958170175552368,21186.642325669527,20605.28745096922
9178,1.6996041536331177,0.6668580174446106,21188.34192982316,20605.954308986664
9179,1.567158818244934,0.5124214291572571,21189.909088641405,20606.46673041582
9180,1.5471619367599487,0.6560274958610535,21191.456250578165,20607.122757911682
9181,1.8569353818893433,1.1844234466552734,21193.313185960054,20608.307181358337
9182,0.9320277571678162,2.0119171142578125,21194.245213717222,20610.319098472595
9183,1.2251008749008179,0.7086611986160278,21195.470314592123,20611.02775967121
9184,1.5030180215835571,0.6975893974304199,21196.973332613707,20611.72534906864
9185,1.2817693948745728,0.6228930950164795,21198.25510200858,20612.348242163658
9186,1.277112364768982,0.711754560470581,21199.53221437335,20613.05999672413
9187,1.5737850666046143,0.7652537226676941,21201.105999439955,20613.825250446796
9188,1.2251001596450806,0.6085668206214905,21202.3310995996,20614.433817267418
9189,1.369158387184143,0.6991968154907227,21203.700257986784,20615.13301408291
9190,1.528262972831726,1.1640516519546509,21205.228520959616,20616.297065734863
9191,1.30001699924469,0.8149627447128296,21206.52853795886,20617.112028479576
9192,1.2137293815612793,0.6492065191268921,21207.74226734042,20617.761234998703
9193,1.6303296089172363,0.46362635493278503,21209.37259694934,20618.224861353636
9194,0.7867552638053894,1.2726246118545532,21210.159352213144,20619.49748596549
9195,1.6367255449295044,0.8988379836082458,21211.796077758074,20620.3963239491
9196,1.3606138229370117,0.7915674448013306,21213.15669158101,20621.1878913939
9197,1.2610211372375488,0.775948166847229,21214.41771271825,20621.963839560747
9198,1.0831279754638672,0.7909739017486572,21215.500840693712,20622.754813462496
9199,1.8345049619674683,1.4356982707977295,21217.33534565568,20624.190511733294
9200,0.7236127257347107,1.4184668064117432,21218.058958381414,20625.608978539705
9201,1.445637822151184,0.7545503973960876,21219.504596203566,20626.3635289371
9202,1.4245507717132568,1.066149115562439,21220.92914697528,20627.429678052664
9203,0.45904889702796936,1.0726009607315063,21221.388195872307,20628.502279013395
9204,1.350833535194397,0.9662935137748718,21222.7390294075,20629.46857252717
9205,1.5261410474777222,0.5495057106018066,21224.26517045498,20630.018078237772
9206,1.4172013998031616,0.8224822878837585,21225.682371854782,20630.840560525656
9207,1.3641761541366577,0.61362224817276,21227.04654800892,20631.45418277383
9208,1.548405647277832,0.49240848422050476,21228.594953656197,20631.94659125805
9209,1.742000699043274,0.6391575336456299,21230.33695435524,20632.585748791695
9210,2.2700562477111816,1.503437876701355,21232.60701060295,20634.089186668396
9211,1.646457314491272,0.8396182656288147,21234.253467917442,20634.928804934025
9212,1.7783344984054565,0.9798569083213806,21236.031802415848,20635.908661842346
9213,1.5902228355407715,0.7314811944961548,21237.62202525139,20636.640143036842
9214,1.5099427700042725,0.5657044053077698,21239.131968021393,20637.20584744215
9215,1.389124870300293,0.6391569972038269,21240.521092891693,20637.845004439354
9216,1.1259701251983643,0.612055242061615,21241.64706301689,20638.457059681416
9217,1.527300238609314,0.5483754277229309,21243.1743632555,20639.00543510914
9218,2.154356002807617,0.9517228007316589,21245.32871925831,20639.95715790987
9219,1.5038573741912842,0.5391839146614075,21246.8325766325,20640.49634182453
9220,1.4837958812713623,0.5951617360115051,21248.31637251377,20641.091503560543
9221,1.5488101243972778,0.5340998768806458,21249.86518263817,20641.625603437424
9222,1.5345563888549805,0.7733591794967651,21251.399739027023,20642.39896261692
9223,1.3369851112365723,0.48549941182136536,21252.73672413826,20642.884462028742
9224,1.4528852701187134,0.4501784145832062,21254.18960940838,20643.334640443325
9225,0.5959564447402954,1.827117681503296,21254.78556585312,20645.16175812483
9226,1.4523117542266846,0.9952048063278198,21256.237877607346,20646.156962931156
9227,1.7651983499526978,0.5248520970344543,21258.0030759573,20646.68181502819
9228,1.8814468383789062,0.5708889365196228,21259.884522795677,20647.25270396471
9229,1.6063817739486694,0.7016850709915161,21261.490904569626,20647.9543890357
9230,1.5014396905899048,0.5063042640686035,21262.992344260216,20648.46069329977
9231,1.6972144842147827,0.868503987789154,21264.68955874443,20649.32919728756
9232,1.3147227764129639,0.84417724609375,21266.004281520844,20650.173374533653
9233,1.7481155395507812,0.7873095870018005,21267.752397060394,20650.960684120655
9234,1.7055442333221436,1.788638710975647,21269.457941293716,20652.74932283163
9235,1.4447036981582642,0.6880882978439331,21270.902644991875,20653.437411129475
9236,1.3903782367706299,0.574647068977356,21272.293023228645,20654.012058198452
9237,1.3051109313964844,0.7606976628303528,21273.59813416004,20654.772755861282
9238,1.4219528436660767,0.5749931335449219,21275.020087003708,20655.347748994827
9239,1.626154899597168,0.8038292527198792,21276.646241903305,20656.151578247547
9240,1.2407718896865845,0.5669251680374146,21277.88701379299,20656.718503415585
9241,1.862650990486145,1.4074777364730835,21279.749664783478,20658.125981152058
9242,1.3676472902297974,0.5909146666526794,21281.117312073708,20658.71689581871
9243,1.2726271152496338,0.5074944496154785,21282.389939188957,20659.224390268326
9244,1.4477014541625977,0.4750821888446808,21283.83764064312,20659.69947245717
9245,1.4011496305465698,1.0020272731781006,21285.238790273666,20660.70149973035
9246,1.5074472427368164,0.6570018529891968,21286.746237516403,20661.358501583338
9247,1.3301671743392944,0.6615481972694397,21288.076404690742,20662.020049780607
9248,1.456007480621338,0.5704262256622314,21289.532412171364,20662.59047600627
9249,1.6094551086425781,0.9426446557044983,21291.141867280006,20663.533120661974
9250,1.5117101669311523,0.8328379392623901,21292.653577446938,20664.365958601236
9251,1.6151570081710815,0.5603183507919312,21294.26873445511,20664.92627695203
9252,1.3100324869155884,0.7720360159873962,21295.578766942024,20665.698312968016
9253,1.7951310873031616,1.0594923496246338,21297.373898029327,20666.75780531764
9254,1.230311393737793,1.3760569095611572,21298.604209423065,20668.1338622272
9255,1.3817155361175537,0.7106820344924927,21299.985924959183,20668.844544261694
9256,1.4924020767211914,0.5909904837608337,21301.478327035904,20669.435534745455
9257,1.2641477584838867,0.6163151264190674,21302.742474794388,20670.051849871874
9258,0.8104328513145447,2.506600856781006,21303.552907645702,20672.558450728655
9259,1.5106866359710693,0.5550041794776917,21305.063594281673,20673.113454908133
9260,1.4980638027191162,0.6761031746864319,21306.561658084393,20673.78955808282
9261,1.6818764209747314,0.6823093891143799,21308.243534505367,20674.471867471933
9262,1.4766920804977417,0.640958845615387,21309.720226585865,20675.11282631755
9263,1.4652317762374878,0.605933666229248,21311.185458362103,20675.718759983778
9264,1.2480577230453491,0.8535444736480713,21312.433516085148,20676.572304457426
9265,1.4155094623565674,0.7475629448890686,21313.849025547504,20677.319867402315
9266,1.591991901397705,0.6054171323776245,21315.441017448902,20677.925284534693
9267,1.342090129852295,0.6949314475059509,21316.783107578754,20678.6202159822
9268,1.3441801071166992,0.5147600173950195,21318.12728768587,20679.134975999594
9269,1.8437252044677734,1.1231863498687744,21319.97101289034,20680.258162349463
9270,1.3407825231552124,0.6376404762268066,21321.311795413494,20680.89580282569
9271,0.7425348162651062,2.151925802230835,21322.05433022976,20683.04772862792
9272,1.6856831312179565,0.8198462724685669,21323.740013360977,20683.86757490039
9273,1.3370118141174316,0.6345310807228088,21325.077025175095,20684.50210598111
9274,1.3634763956069946,0.7860894203186035,21326.4405015707,20685.28819540143
9275,1.387744426727295,0.8988182544708252,21327.82824599743,20686.1870136559
9276,1.2228280305862427,0.6652835011482239,21329.051074028015,20686.85229715705
9277,1.4515267610549927,1.0329357385635376,21330.50260078907,20687.885232895613
9278,0.8793823719024658,2.891578435897827,21331.381983160973,20690.77681133151
9279,1.5312020778656006,0.5133062601089478,21332.91318523884,20691.29011759162
9280,1.5473909378051758,0.9138158559799194,21334.460576176643,20692.2039334476
9281,1.2976908683776855,0.5845716595649719,21335.75826704502,20692.788505107164
9282,1.4888477325439453,0.7849074006080627,21337.247114777565,20693.573412507772
9283,1.3160208463668823,0.6278117299079895,21338.563135623932,20694.20122423768
9284,1.4109019041061401,0.692683219909668,21339.974037528038,20694.89390745759
9285,1.3405731916427612,0.588715136051178,21341.31461071968,20695.48262259364
9286,1.4925371408462524,0.7854380011558533,21342.807147860527,20696.268060594797
9287,1.4543873071670532,0.7172003984451294,21344.261535167694,20696.985260993242
9288,1.3890697956085205,0.6043826341629028,21345.650604963303,20697.589643627405
9289,1.2463784217834473,0.7053619623184204,21346.896983385086,20698.295005589724
9290,1.4219142198562622,0.5223491191864014,21348.318897604942,20698.81735470891
9291,1.540195345878601,0.6589817404747009,21349.85909295082,20699.476336449385
9292,1.0670801401138306,0.6316224336624146,21350.926173090935,20700.107958883047
9293,1.3407760858535767,0.8026888370513916,21352.26694917679,20700.9106477201
9294,1.3794325590133667,0.7546230554580688,21353.6463817358,20701.665270775557
9295,1.8092769384384155,0.9920842051506042,21355.45565867424,20702.657354980707
9296,0.6284634470939636,1.567273497581482,21356.084122121334,20704.22462847829
9297,1.3713080883026123,1.0724338293075562,21357.455430209637,20705.297062307596
9298,1.5513441562652588,1.0549726486206055,21359.006774365902,20706.352034956217
9299,1.0902462005615234,1.4637680053710938,21360.097020566463,20707.815802961588
9300,1.2867518663406372,1.0040454864501953,21361.383772432804,20708.819848448038
9301,1.302720069885254,0.6359805464744568,21362.68649250269,20709.455828994513
9302,1.3682971000671387,0.6372509598731995,21364.054789602757,20710.093079954386
9303,1.124288558959961,0.8742557168006897,21365.179078161716,20710.967335671186
9304,1.8203188180923462,1.1478936672210693,21366.99939697981,20712.115229338408
9305,1.4989145994186401,1.1152106523513794,21368.498311579227,20713.23043999076
9306,1.4932067394256592,0.6011850237846375,21369.991518318653,20713.831625014544
9307,1.4924384355545044,0.5502169728279114,21371.483956754208,20714.38184198737
9308,1.7006040811538696,0.5895605683326721,21373.18456083536,20714.971402555704
9309,1.7539936304092407,0.7737166285514832,21374.93855446577,20715.745119184256
9310,1.3326553106307983,0.5762115716934204,21376.2712097764,20716.32133075595
9311,1.2261523008346558,0.7609087824821472,21377.497362077236,20717.08223953843
9312,1.5116703510284424,0.9608562588691711,21379.009032428265,20718.0430957973
9313,1.2953331470489502,0.62235027551651,21380.304365575314,20718.665446072817
9314,1.5848382711410522,0.5609663128852844,21381.889203846455,20719.226412385702
9315,1.5920326709747314,0.7506284117698669,21383.48123651743,20719.977040797472
9316,1.3733854293823242,0.7225794792175293,21384.85462194681,20720.69962027669
9317,1.3557963371276855,0.6664531230926514,21386.21041828394,20721.366073399782
9318,1.2900590896606445,0.8493207097053528,21387.5004773736,20722.215394109488
9319,1.3135554790496826,0.7215375900268555,21388.81403285265,20722.936931699514
9320,1.3152134418487549,0.5949486494064331,21390.1292462945,20723.53188034892
9321,1.5582952499389648,0.7221238017082214,21391.687541544437,20724.25400415063
9322,1.395564079284668,1.2739838361740112,21393.083105623722,20725.527987986803
9323,1.3998445272445679,0.6303421854972839,21394.482950150967,20726.1583301723
9324,0.43155738711357117,1.6355888843536377,21394.91450753808,20727.793919056654
9325,1.419808268547058,0.5756584405899048,21396.334315806627,20728.369577497244
9326,1.361104130744934,0.6664609909057617,21397.695419937372,20729.03603848815
9327,1.4074465036392212,0.7494950890541077,21399.10286644101,20729.785533577204
9328,1.4574021100997925,0.6726556420326233,21400.56026855111,20730.458189219236
9329,1.2460310459136963,0.7845775485038757,21401.806299597025,20731.24276676774
9330,1.8011119365692139,0.9656605124473572,21403.607411533594,20732.208427280188
9331,1.6302106380462646,0.6601346135139465,21405.23762217164,20732.8685618937
9332,1.2874047756195068,0.5419655442237854,21406.52502694726,20733.410527437925
9333,1.6297897100448608,1.422511339187622,21408.154816657305,20734.833038777113
9334,1.3623392581939697,0.5618143677711487,21409.5171559155,20735.394853144884
9335,1.4783607721328735,0.8684021830558777,21410.99551668763,20736.26325532794
9336,1.509650707244873,0.7055058479309082,21412.505167394876,20736.96876117587
9337,1.3022427558898926,0.49809545278549194,21413.807410150766,20737.466856628656
9338,1.3415954113006592,0.5967426300048828,21415.149005562067,20738.06359925866
9339,1.645041823387146,0.745822012424469,21416.794047385454,20738.809421271086
9340,1.4001277685165405,0.5769618153572083,21418.19417515397,20739.386383086443
9341,1.288936972618103,0.5299728512763977,21419.48311212659,20739.91635593772
9342,1.3089802265167236,0.7311212420463562,21420.792092353106,20740.647477179766
9343,1.3965729475021362,0.6082354187965393,21422.188665300608,20741.255712598562
9344,1.6733258962631226,1.0114798545837402,21423.86199119687,20742.267192453146
9345,1.4211941957473755,0.5561471581459045,21425.283185392618,20742.823339611292
9346,1.4912585020065308,0.7786315679550171,21426.774443894625,20743.601971179247
9347,1.2872869968414307,0.6089026927947998,21428.061730891466,20744.21087387204
9348,1.1516822576522827,0.925373375415802,21429.21341314912,20745.136247247458
9349,1.7422678470611572,0.734874427318573,21430.95568099618,20745.871121674776
9350,1.298384428024292,1.0933588743209839,21432.254065424204,20746.964480549097
9351,1.4668611288070679,0.7984362840652466,21433.72092655301,20747.762916833162
9352,1.4670653343200684,0.585962176322937,21435.18799188733,20748.348879009485
9353,1.3903905153274536,0.49105533957481384,21436.57838240266,20748.83993434906
9354,1.1751720905303955,2.1750214099884033,21437.75355449319,20751.01495575905
9355,1.3622076511383057,0.47453269362449646,21439.115762144327,20751.489488452673
9356,1.3967252969741821,0.7486748099327087,21440.5124874413,20752.238163262606
9357,1.161749005317688,0.8013171553611755,21441.67423644662,20753.039480417967
9358,1.0578129291534424,1.1076743602752686,21442.732049375772,20754.147154778242
9359,0.902491569519043,1.8295354843139648,21443.63454094529,20755.976690262556
9360,1.534867763519287,1.3192094564437866,21445.16940870881,20757.295899719
9361,1.0873208045959473,0.8788501024246216,21446.256729513407,20758.174749821424
9362,1.1861212253570557,0.7385784983634949,21447.442850738764,20758.913328319788
9363,1.2769889831542969,0.700176477432251,21448.719839721918,20759.61350479722
9364,1.544820785522461,0.9832148551940918,21450.26466050744,20760.596719652414
9365,1.1821935176849365,0.7591493129730225,21451.446854025126,20761.355868965387
9366,1.5137912034988403,0.6063665151596069,21452.960645228624,20761.962235480547
9367,1.4516377449035645,0.530164361000061,21454.412282973528,20762.492399841547
9368,1.348215937614441,0.8202453255653381,21455.760498911142,20763.312645167112
9369,1.3428095579147339,0.8050867319107056,21457.103308469057,20764.117731899023
9370,1.411763310432434,0.574109673500061,21458.51507177949,20764.691841572523
9371,1.4469058513641357,0.9728198051452637,21459.961977630854,20765.66466137767
9372,1.8240392208099365,0.742389976978302,21461.786016851664,20766.407051354647
9373,1.538158893585205,1.0736563205718994,21463.32417574525,20767.48070767522
9374,1.3926634788513184,0.5600526928901672,21464.7168392241,20768.04076036811
9375,1.560375452041626,0.6898404955863953,21466.27721467614,20768.730600863695
9376,1.260085940361023,0.865254282951355,21467.537300616503,20769.595855146646
9377,2.348841428756714,1.677690029144287,21469.88614204526,20771.27354517579
9378,0.505471408367157,1.64591646194458,21470.391613453627,20772.919461637735
9379,1.5220565795898438,0.6483489871025085,21471.913670033216,20773.567810624838
9380,1.5300719738006592,0.64912348985672,21473.443742007017,20774.216934114695
9381,0.9931710958480835,1.1967114210128784,21474.436913102865,20775.413645535707
9382,1.2866699695587158,1.5507618188858032,21475.723583072424,20776.964407354593
9383,1.1453659534454346,0.5048419833183289,21476.86894902587,20777.46924933791
9384,1.8445630073547363,0.9287040829658508,21478.713512033224,20778.397953420877
9385,2.733180046081543,0.8933901786804199,21481.446692079306,20779.291343599558
9386,0.586350679397583,2.4175314903259277,21482.033042758703,20781.708875089884
9387,1.5227413177490234,0.6333547830581665,21483.555784076452,20782.342229872942
9388,1.2297050952911377,0.5874780416488647,21484.785489171743,20782.92970791459
9389,1.372573733329773,0.7644078135490417,21486.158062905073,20783.69411572814
9390,1.3396151065826416,1.225623369216919,21487.497678011656,20784.919739097357
9391,1.5200252532958984,0.7811974883079529,21489.01770326495,20785.700936585665
9392,1.1191751956939697,1.8754255771636963,21490.136878460646,20787.57636216283
9393,0.7701985239982605,1.7632453441619873,21490.907076984644,20789.33960750699
9394,1.3161214590072632,0.5391373634338379,21492.22319844365,20789.878744870424
9395,1.2354152202606201,0.8131173849105835,21493.458613663912,20790.691862255335
9396,1.6647980213165283,0.7681682109832764,21495.12341168523,20791.460030466318
9397,1.6558455228805542,1.142805576324463,21496.77925720811,20792.602836042643
9398,1.6320123672485352,0.9203428030014038,21498.411269575357,20793.523178845644
9399,1.6373612880706787,0.7845818400382996,21500.048630863428,20794.307760685682
9400,1.38486909866333,0.6331612467765808,21501.43349996209,20794.94092193246
9401,1.0617270469665527,1.059484839439392,21502.495227009058,20796.0004067719
9402,1.4051668643951416,0.9779308438301086,21503.900393873453,20796.97833761573
9403,1.2024202346801758,0.829989492893219,21505.102814108133,20797.80832710862
9404,1.4369969367980957,0.5775682926177979,21506.53981104493,20798.38589540124
9405,1.395061731338501,4.40208625793457,21507.93487277627,20802.787981659174
9406,1.3886244297027588,0.5802301168441772,21509.323497205973,20803.368211776018
9407,0.7540931701660156,2.667095184326172,21510.07759037614,20806.035306960344
9408,1.3635507822036743,0.5733100175857544,21511.441141158342,20806.60861697793
9409,1.1356760263442993,3.05700421333313,21512.576817184687,20809.665621191263
9410,1.38850998878479,1.147615909576416,21513.96532717347,20810.81323710084
9411,1.518865942955017,0.6927787065505981,21515.484193116426,20811.50601580739
9412,1.255468487739563,0.6559765338897705,21516.739661604166,20812.16199234128
9413,1.565961480140686,0.6131095886230469,21518.305623084307,20812.775101929903
9414,1.1150301694869995,2.552605628967285,21519.420653253794,20815.32770755887
9415,1.5517557859420776,0.6969879865646362,21520.972409039736,20816.024695545435
9416,1.7846274375915527,1.3919100761413574,21522.757036477327,20817.416605621576
9417,1.6209732294082642,0.6371777653694153,21524.378009706736,20818.053783386946
9418,1.4276490211486816,0.5718808174133301,21525.805658727884,20818.62566420436
9419,1.4350721836090088,0.7837659120559692,21527.240730911493,20819.409430116415
9420,1.1798793077468872,0.6187627911567688,21528.42061021924,20820.02819290757
9421,1.4662811756134033,0.5793343782424927,21529.886891394854,20820.607527285814
9422,0.9903690814971924,1.6978615522384644,21530.87726047635,20822.305388838053
9423,1.541835904121399,0.9216943979263306,21532.419096380472,20823.22708323598
9424,1.2390789985656738,0.6178638339042664,21533.658175379038,20823.844947069883
9425,1.5569089651107788,4.121058940887451,21535.21508434415,20827.96600601077
9426,1.2819069623947144,0.6951646208763123,21536.496991306543,20828.661170631647
9427,1.6767457723617554,0.9651852250099182,21538.173737078905,20829.626355856657
9428,1.997419834136963,0.49944785237312317,21540.171156913042,20830.12580370903
9429,1.4525604248046875,0.6073562502861023,21541.623717337847,20830.733159959316
9430,1.5595346689224243,0.8148022890090942,21543.18325200677,20831.547962248325
9431,1.1367993354797363,0.7487163543701172,21544.32005134225,20832.296678602695
9432,1.436581015586853,0.67815762758255,21545.756632357836,20832.974836230278
9433,3.3164877891540527,1.6472673416137695,21549.07312014699,20834.62210357189
9434,1.4366050958633423,0.7440525889396667,21550.509725242853,20835.36615616083
9435,0.8236282467842102,1.4974313974380493,21551.333353489637,20836.86358755827
9436,1.5659908056259155,0.6653273105621338,21552.899344295263,20837.52891486883
9437,1.1533994674682617,1.3352247476577759,21554.05274376273,20838.86413961649
9438,1.7429441213607788,1.011245846748352,21555.795687884092,20839.875385463238
9439,1.4880586862564087,0.527282178401947,21557.28374657035,20840.40266764164
9440,1.3701019287109375,0.6690321564674377,21558.65384849906,20841.071699798107
9441,1.5179370641708374,0.7215924263000488,21560.17178556323,20841.793292224407
9442,1.5250296592712402,0.7111607193946838,21561.6968152225,20842.504452943802
9443,1.4500807523727417,0.7927957773208618,21563.146895974874,20843.297248721123
9444,2.225832939147949,0.7620587944984436,21565.372728914022,20844.05930751562
9445,1.5064220428466797,0.7666996121406555,21566.87915095687,20844.826007127762
9446,0.7913596630096436,2.079038381576538,21567.67051061988,20846.90504550934
9447,1.4969815015792847,2.804731845855713,21569.167492121458,20849.709777355194
9448,1.3636761903762817,0.6541844010353088,21570.531168311834,20850.36396175623
9449,1.468465805053711,0.703580379486084,21571.999634116888,20851.067542135715
9450,1.9067734479904175,0.7233504056930542,21573.90640756488,20851.79089254141
9451,1.3082836866378784,0.6949157118797302,21575.214691251516,20852.48580825329
9452,1.390189290046692,0.6103405356407166,21576.604880541563,20853.09614878893
9453,1.3781570196151733,0.7131232023239136,21577.98303756118,20853.809271991253
9454,1.480063796043396,0.5462951064109802,21579.46310135722,20854.355567097664
9455,1.4229543209075928,0.941278874874115,21580.88605567813,20855.296845972538
9456,1.3968983888626099,0.6755446195602417,21582.28295406699,20855.9723905921
9457,1.357699990272522,0.7263641953468323,21583.640654057264,20856.698754787445
9458,1.7337819337844849,0.8145812153816223,21585.37443599105,20857.513336002827
9459,1.1473830938339233,0.9474742412567139,21586.521819084883,20858.460810244083
9460,1.7401047945022583,0.908569872379303,21588.261923879385,20859.369380116463
9461,1.42568838596344,0.5736129879951477,21589.68761226535,20859.942993104458
9462,1.3875921964645386,1.6247225999832153,21591.075204461813,20861.56771570444
9463,1.2840653657913208,0.46815258264541626,21592.359269827604,20862.035868287086
9464,1.6303489208221436,0.8083008527755737,21593.989618748426,20862.844169139862
9465,1.0207661390304565,0.7211492657661438,21595.010384887457,20863.56531840563
9466,0.8145700097084045,3.0919039249420166,21595.824954897165,20866.65722233057
9467,1.3580498695373535,0.7487124800682068,21597.183004766703,20867.40593481064
9468,1.1353541612625122,0.7950761914253235,21598.318358927965,20868.201011002064
9469,1.3639347553253174,0.7236199975013733,21599.68229368329,20868.924630999565
9470,0.6196314096450806,1.4181432723999023,21600.301925092936,20870.342774271965
9471,1.2465866804122925,0.9977113604545593,21601.548511773348,20871.34048563242
9472,2.2335660457611084,2.2006349563598633,21603.78207781911,20873.54112058878
9473,1.2212777137756348,0.6169179081916809,21605.003355532885,20874.15803849697
9474,1.3894816637039185,0.7014526128768921,21606.39283719659,20874.859491109848
9475,1.5790867805480957,0.5760932564735413,21607.971923977137,20875.43558436632
9476,1.6817100048065186,1.190625548362732,21609.653633981943,20876.626209914684
9477,1.2121851444244385,0.5659327507019043,21610.865819126368,20877.192142665386
9478,1.4389957189559937,1.4384946823120117,21612.304814845324,20878.6306373477
9479,1.5127031803131104,1.1520087718963623,21613.817518025637,20879.782646119595
9480,1.1880549192428589,0.6115443706512451,21615.00557294488,20880.394190490246
9481,1.2122665643692017,0.7002890706062317,21616.21783950925,20881.094479560852
9482,1.2142164707183838,1.0043851137161255,21617.432055979967,20882.098864674568
9483,0.9363545179367065,0.6938904523849487,21618.368410497904,20882.792755126953
9484,0.5840853452682495,1.3877570629119873,21618.952495843172,20884.180512189865
9485,1.766337275505066,0.7837978005409241,21620.718833118677,20884.964309990406
9486,1.7649204730987549,1.3144551515579224,21622.483753591776,20886.278765141964
9487,1.2600759267807007,0.869117021560669,21623.743829518557,20887.147882163525
9488,1.21579909324646,0.6370915174484253,21624.959628611803,20887.784973680973
9489,1.4429399967193604,1.1407403945922852,21626.402568608522,20888.925714075565
9490,1.5224376916885376,0.6207981109619141,21627.92500630021,20889.546512186527
9491,1.5517109632492065,0.470078706741333,21629.47671726346,20890.01659089327
9492,1.4779168367385864,0.6815196871757507,21630.9546341002,20890.698110580444
9493,1.4351736307144165,1.2216167449951172,21632.389807730913,20891.91972732544
9494,1.5663986206054688,0.5988085269927979,21633.95620635152,20892.518535852432
9495,1.3751360177993774,0.4682367742061615,21635.331342369318,20892.98677262664
9496,1.2974802255630493,0.7461011409759521,21636.62882259488,20893.732873767614
9497,1.3274306058883667,0.7669151425361633,21637.95625320077,20894.49978891015
9498,1.5250850915908813,0.5586979389190674,21639.48133829236,20895.05848684907
9499,1.580198884010315,0.5689646601676941,21641.06153717637,20895.627451509237
9500,1.159283995628357,0.6931941509246826,21642.220821172,20896.320645660162
9501,1.6374671459197998,0.8569746613502502,21643.85828831792,20897.177620321512
9502,1.6099131107330322,1.0027185678482056,21645.46820142865,20898.18033888936
9503,1.343661904335022,0.43041664361953735,21646.811863332987,20898.61075553298
9504,1.2517163753509521,1.0091915130615234,21648.063579708338,20899.61994704604
9505,1.6645245552062988,0.7045843005180359,21649.728104263544,20900.32453134656
9506,1.7322957515716553,1.9404559135437012,21651.460400015116,20902.264987260103
9507,1.6057695150375366,0.4988120198249817,21653.066169530153,20902.76379927993
9508,1.1265836954116821,0.4724975824356079,21654.192753225565,20903.236296862364
9509,1.2163013219833374,0.5706568956375122,21655.40905454755,20903.806953758
9510,1.2226239442825317,0.7507071495056152,21656.63167849183,20904.557660907507
9511,1.607981562614441,0.9685832262039185,21658.239660054445,20905.52624413371
9512,1.3256938457489014,0.7285425662994385,21659.565353900194,20906.25478670001
9513,1.1725094318389893,0.8307832479476929,21660.737863332033,20907.085569947958
9514,1.5078537464141846,0.7267533540725708,21662.245717078447,20907.81232330203
9515,0.7466912865638733,1.1955140829086304,21662.99240836501,20909.00783738494
9516,1.6899664402008057,1.656805157661438,21664.682374805212,20910.6646425426
9517,1.5028749704360962,0.5630684494972229,21666.185249775648,20911.227710992098
9518,1.3501884937286377,0.5113813877105713,21667.535438269377,20911.73909237981
9519,1.7091457843780518,0.6982595920562744,21669.244584053755,20912.437351971865
9520,2.2271978855133057,2.1140546798706055,21671.471781939268,20914.551406651735
9521,1.3998990058898926,0.649892270565033,21672.871680945158,20915.2012989223
9522,1.40058434009552,0.5705038905143738,21674.272265285254,20915.771802812815
9523,1.4856445789337158,0.6937380433082581,21675.757909864187,20916.465540856123
9524,1.6443732976913452,1.0648804903030396,21677.40228316188,20917.530421346426
9525,0.5540089011192322,1.8295756578445435,21677.956292062998,20919.35999700427
9526,1.5057960748672485,0.5755101442337036,21679.462088137865,20919.935507148504
9527,1.517062783241272,1.3636343479156494,21680.979150921106,20921.29914149642
9528,1.6729577779769897,0.8444118499755859,21682.652108699083,20922.143553346395
9529,1.6924248933792114,0.7695675492286682,21684.344533592463,20922.913120895624
9530,1.3379038572311401,0.6033230423927307,21685.682437449694,20923.516443938017
9531,1.357387900352478,0.7026424407958984,21687.039825350046,20924.219086378813
9532,1.375553011894226,0.8421632647514343,21688.41537836194,20925.061249643564
9533,1.0734448432922363,0.9142836332321167,21689.488823205233,20925.975533276796
9534,1.2768975496292114,0.633683443069458,21690.765720754862,20926.609216719866
9535,1.6330369710922241,1.0124210119247437,21692.398757725954,20927.62163773179
9536,1.4621737003326416,0.6704043745994568,21693.860931426287,20928.29204210639
9537,1.317021369934082,0.817281186580658,21695.17795279622,20929.10932329297
9538,1.2884565591812134,0.522355854511261,21696.466409355402,20929.631679147482
9539,0.7001466751098633,4.0082502365112305,21697.166556030512,20933.639929383993
9540,1.235403060913086,0.6470414996147156,21698.401959091425,20934.286970883608
9541,1.0729182958602905,3.0540904998779297,21699.474877387285,20937.341061383486
9542,1.519924283027649,0.5597940683364868,21700.994801670313,20937.900855451822
9543,3.305718183517456,1.859742283821106,21704.30051985383,20939.760597735643
9544,1.1553081274032593,0.6542598009109497,21705.455827981234,20940.414857536554
9545,1.2282575368881226,3.696018695831299,21706.68408551812,20944.110876232386
9546,1.4208576679229736,0.7836704850196838,21708.104943186045,20944.894546717405
9547,1.3307584524154663,0.5010510683059692,21709.43570163846,20945.39559778571
9548,1.4585435390472412,0.6072163581848145,21710.894245177507,20946.002814143896
9549,1.5764012336730957,0.7272990942001343,21712.47064641118,20946.730113238096
9550,1.9345042705535889,1.4693856239318848,21714.405150681734,20948.199498862028
9551,1.2293856143951416,0.8993743062019348,21715.63453629613,20949.09887316823
9552,1.0986950397491455,0.6455749273300171,21716.73323133588,20949.74444809556
9553,0.572424054145813,1.7998871803283691,21717.305655390024,20951.54433527589
9554,1.1157801151275635,0.6569181680679321,21718.42143550515,20952.201253443956
9555,1.4521557092666626,1.1104860305786133,21719.87359121442,20953.311739474535
9556,1.5124220848083496,1.7626640796661377,21721.386013299227,20955.0744035542
9557,1.4916869401931763,0.9347713589668274,21722.87770023942,20956.009174913168
9558,1.4550890922546387,0.5972543358802795,21724.332789331675,20956.60642924905
9559,1.638492226600647,0.4941628873348236,21725.971281558275,20957.100592136383
9560,1.3111586570739746,0.5235170125961304,21727.28244021535,20957.62410914898
9561,1.4803316593170166,0.4964534640312195,21728.762771874666,20958.12056261301
9562,1.1851011514663696,0.6857665181159973,21729.947873026133,20958.806329131126
9563,1.3427881002426147,0.6406854391098022,21731.290661126375,20959.447014570236
9564,1.5956692695617676,0.6563597321510315,21732.886330395937,20960.103374302387
9565,1.621811866760254,0.9947892427444458,21734.508142262697,20961.09816354513
9566,1.2245903015136719,0.6061145067214966,21735.73273256421,20961.704278051853
9567,1.7949891090393066,0.9333532452583313,21737.52772167325,20962.63763129711
9568,1.435431718826294,0.5082013607025146,21738.963153392076,20963.145832657814
9569,1.3880685567855835,0.7083009481430054,21740.351221948862,20963.854133605957
9570,1.4963847398757935,0.6482365727424622,21741.847606688738,20964.5023701787
9571,1.4843779802322388,0.7174901366233826,21743.33198466897,20965.219860315323
9572,1.755682349205017,0.9243932962417603,21745.087667018175,20966.144253611565
9573,1.3430302143096924,0.6849680542945862,21746.430697232485,20966.82922166586
9574,1.3939229249954224,0.7013944983482361,21747.82462015748,20967.530616164207
9575,1.4189895391464233,0.6600663065910339,21749.243609696627,20968.1906824708
9576,1.371688961982727,0.762653648853302,21750.61529865861,20968.95333611965
9577,1.5297521352767944,0.7687944173812866,21752.145050793886,20969.722130537033
9578,1.797863483428955,0.7216587066650391,21753.942914277315,20970.443789243698
9579,1.836476445198059,1.1738524436950684,21755.779390722513,20971.617641687393
9580,2.0580544471740723,1.3638120889663696,21757.837445169687,20972.98145377636
9581,1.6292781829833984,0.9850225448608398,21759.46672335267,20973.96647632122
9582,1.7041810750961304,0.9415915608406067,21761.170904427767,20974.90806788206
9583,0.9148330092430115,1.4931952953338623,21762.08573743701,20976.401263177395
9584,1.961853265762329,0.9971004724502563,21764.047590702772,20977.398363649845
9585,1.7562406063079834,1.714402437210083,21765.80383130908,20979.112766087055
9586,2.0381200313568115,1.3366351127624512,21767.841951340437,20980.449401199818
9587,1.1765605211257935,0.5518068075180054,21769.018511861563,20981.001208007336
9588,1.6823395490646362,0.9503004550933838,21770.700851410627,20981.95150846243
9589,1.5226281881332397,0.6736997961997986,21772.22347959876,20982.62520825863
9590,1.1988545656204224,0.620307445526123,21773.42233416438,20983.245515704155
9591,1.367680311203003,0.5324190258979797,21774.790014475584,20983.777934730053
9592,1.4971320629119873,0.542745053768158,21776.287146538496,20984.32067978382
9593,0.683527946472168,1.3977982997894287,21776.97067448497,20985.71847808361
9594,1.3648579120635986,0.7391358613967896,21778.33553239703,20986.457613945007
9595,1.4528419971466064,0.5659240484237671,21779.78837439418,20987.02353799343
9596,1.5404856204986572,0.6049675345420837,21781.328860014677,20987.628505527973
9597,1.491800308227539,0.8250353336334229,21782.820660322905,20988.453540861607
9598,1.4429889917373657,0.9329848289489746,21784.263649314642,20989.386525690556
9599,1.3910878896713257,0.6194495558738708,21785.654737204313,20990.00597524643
9600,0.5464581847190857,1.6455503702163696,21786.201195389032,20991.651525616646
9601,1.2322202920913696,0.6811307072639465,21787.433415681124,20992.33265632391
9602,1.5008692741394043,0.6832646727561951,21788.934284955263,20993.015920996666
9603,1.8006908893585205,1.4313762187957764,21790.73497584462,20994.44729721546
9604,1.3614717721939087,0.5823090076446533,21792.096447616816,20995.029606223106
9605,1.4016488790512085,0.74840247631073,21793.498096495867,20995.778008699417
9606,1.5405857563018799,0.8050605654716492,21795.03868225217,20996.58306926489
9607,1.5799951553344727,0.7280375361442566,21796.618677407503,20997.311106801033
9608,1.290041208267212,0.7761660218238831,21797.90871861577,20998.087272822857
9609,1.4173381328582764,0.5505815148353577,21799.32605674863,20998.637854337692
9610,1.4371851682662964,1.094269871711731,21800.763241916895,20999.732124209404
9611,1.4671767950057983,0.8302337527275085,21802.2304187119,21000.56235796213
9612,1.2840358018875122,0.5383762121200562,21803.51445451379,21001.10073417425
9613,1.4537632465362549,0.958412766456604,21804.968217760324,21002.059146940708
9614,1.8199472427368164,1.409166693687439,21806.78816500306,21003.468313634396
9615,1.2633544206619263,0.5805423855781555,21808.051519423723,21004.048856019974
9616,1.5000355243682861,0.642611563205719,21809.55155494809,21004.69146758318
9617,1.1654906272888184,0.8252159953117371,21810.71704557538,21005.51668357849
9618,1.7608590126037598,0.34134387969970703,21812.477904587984,21005.85802745819
9619,1.2838276624679565,0.5275357961654663,21813.761732250452,21006.385563254356
9620,0.6130478978157043,1.5804486274719238,21814.374780148268,21007.96601188183
9621,1.4268970489501953,0.5172712802886963,21815.801677197218,21008.483283162117
9622,1.5442209243774414,1.1571860313415527,21817.345898121595,21009.64046919346
9623,1.4055081605911255,0.7649029493331909,21818.751406282187,21010.40537214279
9624,1.2385554313659668,0.8665050268173218,21819.989961713552,21011.27187716961
9625,1.8718849420547485,0.8869410753250122,21821.861846655607,21012.158818244934
9626,1.5518739223480225,0.6774719953536987,21823.413720577955,21012.836290240288
9627,1.4303041696548462,0.5631184577941895,21824.84402474761,21013.399408698082
9628,1.3442952632904053,0.7470667362213135,21826.1883200109,21014.146475434303
9629,0.7846496105194092,1.3918851613998413,21826.97296962142,21015.538360595703
9630,1.5608123540878296,0.6394369006156921,21828.533781975508,21016.17779749632
9631,1.9771599769592285,3.642040252685547,21830.510941952467,21019.819837749004
9632,1.3295559883117676,0.5385852456092834,21831.84049794078,21020.358422994614
9633,1.2882795333862305,0.6373211145401001,21833.128777474165,21020.995744109154
9634,1.4613513946533203,0.6235114336013794,21834.59012886882,21021.619255542755
9635,1.0648943185806274,1.337803602218628,21835.6550231874,21022.957059144974
9636,1.4390531778335571,0.7528752684593201,21837.094076365232,21023.709934413433
9637,1.3516560792922974,1.0559784173965454,21838.445732444525,21024.76591283083
9638,1.4161854982376099,0.7959157824516296,21839.861917942762,21025.56182861328
9639,1.1478383541107178,0.8044469356536865,21841.009756296873,21026.366275548935
9640,0.69741290807724,2.0306293964385986,21841.70716920495,21028.396904945374
9641,1.4476426839828491,0.7190226912498474,21843.154811888933,21029.115927636623
9642,1.280017375946045,0.5885789394378662,21844.43482926488,21029.70450657606
9643,1.6060676574707031,0.5177457332611084,21846.04089692235,21030.222252309322
9644,1.2968074083328247,0.7138289213180542,21847.337704330683,21030.93608123064
9645,1.4784274101257324,0.566304624080658,21848.81613174081,21031.50238585472
9646,0.6076957583427429,2.0068156719207764,21849.42382749915,21033.509201526642
9647,1.3298935890197754,0.7071924209594727,21850.75372108817,21034.2163939476
9648,1.6801425218582153,1.2653746604919434,21852.43386361003,21035.481768608093
9649,1.6653350591659546,0.6640360951423645,21854.099198669195,21036.145804703236
9650,1.7406566143035889,0.9193912744522095,21855.8398552835,21037.065195977688
9651,1.943712830543518,1.3520736694335938,21857.783568114042,21038.41726964712
9652,1.2733482122421265,0.701835036277771,21859.056916326284,21039.1191046834
9653,1.5423213243484497,0.763645589351654,21860.599237650633,21039.88275027275
9654,1.2764149904251099,0.5093973875045776,21861.875652641058,21040.392147660255
9655,1.6671172380447388,0.8653112053871155,21863.542769879103,21041.257458865643
9656,1.4954049587249756,0.8552912473678589,21865.038174837828,21042.11275011301
9657,1.078582525253296,0.7335870265960693,21866.11675736308,21042.846337139606
9658,1.4583090543746948,0.7065224051475525,21867.575066417456,21043.552859544754
9659,1.7426788806915283,0.9964035749435425,21869.317745298147,21044.549263119698
9660,1.3485727310180664,0.5999419689178467,21870.666318029165,21045.149205088615
9661,1.6513831615447998,0.8034701943397522,21872.31770119071,21045.952675282955
9662,1.2182987928390503,0.9364895224571228,21873.53599998355,21046.889164805412
9663,1.518813133239746,0.7298094630241394,21875.05481311679,21047.618974268436
9664,0.5931978225708008,2.304039478302002,21875.64801093936,21049.92301374674
9665,1.2943553924560547,0.7411834597587585,21876.942366331816,21050.664197206497
9666,1.8624267578125,1.3641797304153442,21878.80479308963,21052.028376936913
9667,1.6602369546890259,0.6738379597663879,21880.465030044317,21052.70221489668
9668,1.6128705739974976,0.7484497427940369,21882.077900618315,21053.450664639473
9669,1.3117470741271973,0.8644707798957825,21883.389647692442,21054.31513541937
9670,1.6206682920455933,0.7323790788650513,21885.010315984488,21055.047514498234
9671,1.4529571533203125,0.6541188359260559,21886.463273137808,21055.70163333416
9672,1.4745383262634277,0.667708694934845,21887.93781146407,21056.369342029095
9673,1.2498477697372437,0.8335361480712891,21889.18765923381,21057.202878177166
9674,1.3256909847259521,0.9008479714393616,21890.513350218534,21058.103726148605
9675,0.8088114857673645,2.3309988975524902,21891.322161704302,21060.434725046158
9676,1.3675341606140137,0.5668025016784668,21892.689695864916,21061.001527547836
9677,1.3725651502609253,0.6093699336051941,21894.062261015177,21061.61089748144
9678,1.2559133768081665,0.7610131502151489,21895.318174391985,21062.371910631657
9679,1.459574580192566,0.583804190158844,21896.777748972178,21062.955714821815
9680,0.5982964634895325,1.7145333290100098,21897.376045435667,21064.670248150826
9681,1.3929790258407593,0.9294297695159912,21898.769024461508,21065.59967792034
9682,1.3177815675735474,0.6857129335403442,21900.08680602908,21066.285390853882
9683,1.2687708139419556,0.5800514817237854,21901.355576843023,21066.865442335606
9684,1.2264577150344849,2.6803083419799805,21902.582034558058,21069.545750677586
9685,1.6226774454116821,0.721912145614624,21904.20471200347,21070.2676628232
9686,1.53127920627594,1.2925798892974854,21905.735991209745,21071.560242712498
9687,0.9214884042739868,0.8869889974594116,21906.65747961402,21072.447231709957
9688,1.5315150022506714,0.9566761255264282,21908.18899461627,21073.403907835484
9689,1.983603596687317,1.3007783889770508,21910.172598212957,21074.70468622446
9690,1.186841368675232,0.6081219911575317,21911.359439581633,21075.312808215618
9691,1.4196327924728394,0.6492841839790344,21912.779072374105,21075.962092399597
9692,1.3378304243087769,0.6260799169540405,21914.116902798414,21076.58817231655
9693,1.302529215812683,0.6529346108436584,21915.419432014227,21077.241106927395
9694,1.8615349531173706,1.154765248298645,21917.280966967344,21078.395872175694
9695,1.3582720756530762,0.6400452852249146,21918.639239042997,21079.03591746092
9696,1.5410772562026978,0.658862829208374,21920.1803162992,21079.694780290127
9697,1.182602047920227,1.1961376667022705,21921.36291834712,21080.89091795683
9698,1.3717507123947144,0.6251748204231262,21922.734669059515,21081.516092777252
9699,1.4462779760360718,0.5001097321510315,21924.18094703555,21082.016202509403
9700,0.9162905216217041,2.2668685913085938,21925.097237557173,21084.283071100712
9701,1.487256646156311,0.8999183177947998,21926.58449420333,21085.182989418507
9702,1.2232028245925903,2.5188870429992676,21927.80769702792,21087.701876461506
9703,1.6125966310501099,2.562014102935791,21929.42029365897,21090.26389056444
9704,1.6986303329467773,0.871697723865509,21931.11892399192,21091.135588288307
9705,1.7656402587890625,0.6989132761955261,21932.884564250708,21091.834501564503
9706,1.4118640422821045,0.9689947366714478,21934.29642829299,21092.803496301174
9707,1.1854888200759888,0.5791836380958557,21935.481917113066,21093.38267993927
9708,1.48911714553833,0.6781913638114929,21936.971034258604,21094.06087130308
9709,0.7943047285079956,2.0142714977264404,21937.765338987112,21096.075142800808
9710,1.4144959449768066,0.943291425704956,21939.17983493209,21097.018434226513
9711,0.7278163433074951,1.9892423152923584,21939.907651275396,21099.007676541805
9712,0.603078305721283,2.0797629356384277,21940.510729581118,21101.087439477444
9713,1.400566816329956,1.005243182182312,21941.911296397448,21102.092682659626
9714,1.4076447486877441,0.5788087844848633,21943.318941146135,21102.67149144411
9715,1.36618971824646,0.8056399822235107,21944.68513086438,21103.477131426334
9716,1.718048095703125,1.6088074445724487,21946.403178960085,21105.085938870907
9717,1.3860764503479004,0.7385469675064087,21947.789255410433,21105.824485838413
9718,1.066056728363037,1.381921410560608,21948.855312138796,21107.206407248974
9719,0.5873792171478271,1.4162614345550537,21949.442691355944,21108.62266868353
9720,1.5756165981292725,0.9747611880302429,21951.018307954073,21109.59742987156
9721,1.368351697921753,0.5280817151069641,21952.386659651995,21110.125511586666
9722,1.4421926736831665,0.6602039337158203,21953.828852325678,21110.785715520382
9723,1.1086812019348145,1.333591103553772,21954.937533527613,21112.119306623936
9724,1.3778434991836548,0.5185381770133972,21956.315377026796,21112.63784480095
9725,1.2237818241119385,0.6689579486846924,21957.53915885091,21113.306802749634
9726,1.5874264240264893,0.7869000434875488,21959.126585274935,21114.09370279312
9727,1.450865626335144,0.687001645565033,21960.57745090127,21114.780704438686
9728,1.0958994626998901,0.766968309879303,21961.67335036397,21115.547672748566
9729,1.0941485166549683,0.9092051386833191,21962.767498880625,21116.45687788725
9730,1.2444689273834229,0.6606165170669556,21964.01196780801,21117.117494404316
9731,1.2654653787612915,1.0154145956039429,21965.27743318677,21118.13290899992
9732,1.1869914531707764,0.6191282272338867,21966.46442463994,21118.752037227154
9733,2.276705265045166,1.6007777452468872,21968.741129904985,21120.3528149724
9734,1.2061129808425903,0.6205925345420837,21969.947242885828,21120.973407506943
9735,1.6741892099380493,0.6291406154632568,21971.621432095766,21121.602548122406
9736,1.5574820041656494,1.099633812904358,21973.17891409993,21122.70218193531
9737,1.175855040550232,0.9348408579826355,21974.354769140482,21123.637022793293
9738,1.9700990915298462,0.8874937891960144,21976.32486823201,21124.52451658249
9739,1.3296993970870972,1.029442310333252,21977.6545676291,21125.553958892822
9740,1.2437951564788818,0.8417941331863403,21978.898362785578,21126.39575302601
9741,1.287284016609192,0.5621803402900696,21980.185646802187,21126.9579333663
9742,1.5140022039413452,0.5603892207145691,21981.69964900613,21127.518322587013
9743,1.1815546751022339,0.6857553720474243,21982.88120368123,21128.20407795906
9744,1.0383509397506714,2.5866775512695312,21983.91955462098,21130.79075551033
9745,1.4073195457458496,0.8477465510368347,21985.326874166727,21131.638502061367
9746,1.352478265762329,0.3963344991207123,21986.67935243249,21132.034836560488
9747,0.8803096413612366,1.1051169633865356,21987.55966207385,21133.139953523874
9748,1.5046838521957397,1.1202387809753418,21989.064345926046,21134.26019230485
9749,1.250690221786499,1.3889734745025635,21990.315036147833,21135.649165779352
9750,2.0713086128234863,1.4859193563461304,21992.386344760656,21137.1350851357
9751,1.8871251344680786,0.563227653503418,21994.273469895124,21137.6983127892
9752,1.241467833518982,0.44361692667007446,21995.514937728643,21138.14192971587
9753,1.368796944618225,0.6965132355690002,21996.88373467326,21138.83844295144
9754,1.302368402481079,0.5346279144287109,21998.186103075743,21139.37307086587
9755,1.326509952545166,0.7639411091804504,21999.512613028288,21140.13701197505
9756,0.5243542790412903,1.7221438884735107,22000.03696730733,21141.859155863523
9757,1.4683794975280762,0.9705501198768616,22001.505346804857,21142.8297059834
9758,1.5938774347305298,0.7659043669700623,22003.099224239588,21143.59561035037
9759,1.7018510103225708,0.5592169165611267,22004.80107524991,21144.15482726693
9760,1.593536138534546,0.6527807712554932,22006.394611388445,21144.807608038187
9761,1.4840580224990845,0.9752897024154663,22007.878669410944,21145.782897740602
9762,1.4419108629226685,0.797752857208252,22009.320580273867,21146.58065059781
9763,1.4345067739486694,0.5931903719902039,22010.755087047815,21147.1738409698
9764,1.5347480773925781,0.8184975385665894,22012.289835125208,21147.992338508368
9765,1.4583779573440552,0.6273618340492249,22013.748213082552,21148.619700342417
9766,2.254159450531006,3.6754424571990967,22016.002372533083,21152.295142799616
9767,1.1821868419647217,0.49612605571746826,22017.184559375048,21152.791268855333
9768,1.4192819595336914,0.5933037996292114,22018.60384133458,21153.384572654963
9769,1.1931748390197754,0.781793475151062,22019.7970161736,21154.166366130114
9770,0.6943884491920471,1.5623787641525269,22020.491404622793,21155.728744894266
9771,0.6661105751991272,2.051095962524414,22021.157515197992,21157.77984085679
9772,1.4333252906799316,0.49997714161872864,22022.590840488672,21158.27981799841
9773,1.438273310661316,0.6768752932548523,22024.029113799334,21158.956693291664
9774,1.4307043552398682,0.5679682493209839,22025.459818154573,21159.524661540985
9775,1.419306993484497,1.0133109092712402,22026.879125148058,21160.537972450256
9776,1.4341304302215576,0.5517609715461731,22028.31325557828,21161.089733421803
9777,1.557332158088684,0.7360434532165527,22029.870587736368,21161.82577687502
9778,1.5052374601364136,0.5184791684150696,22031.375825196505,21162.344256043434
9779,1.2629035711288452,0.5523821115493774,22032.638728767633,21162.896638154984
9780,1.718329906463623,0.9058375954627991,22034.357058674097,21163.802475750446
9781,1.4402984380722046,0.5070841312408447,22035.79735711217,21164.309559881687
9782,1.2767385244369507,0.88426274061203,22037.074095636606,21165.1938226223
9783,1.1652976274490356,0.7898967862129211,22038.239393264055,21165.983719408512
9784,1.3456101417541504,0.7147056460380554,22039.58500340581,21166.69842505455
9785,1.3182215690612793,0.9417083859443665,22040.90322497487,21167.640133440495
9786,1.3216230869293213,0.49820664525032043,22042.2248480618,21168.138340085745
9787,0.6062590479850769,1.5736403465270996,22042.831107109785,21169.711980432272
9788,1.237676739692688,0.9314010739326477,22044.068783849478,21170.643381506205
9789,1.3162404298782349,2.0517821311950684,22045.385024279356,21172.6951636374
9790,1.276222586631775,0.832796037197113,22046.661246865988,21173.527959674597
9791,1.3765251636505127,0.554012656211853,22048.03777202964,21174.08197233081
9792,1.2524921894073486,0.6573346853256226,22049.290264219046,21174.739307016134
9793,1.2495008707046509,1.0367313623428345,22050.53976508975,21175.776038378477
9794,1.5266722440719604,0.6684070825576782,22052.066437333822,21176.444445461035
9795,1.3019442558288574,0.7773443460464478,22053.36838158965,21177.22178980708
9796,1.2998440265655518,0.6923231482505798,22054.668225616217,21177.91411295533
9797,1.211742877960205,0.6458290815353394,22055.879968494177,21178.559942036867
9798,1.1900256872177124,0.5682381987571716,22057.069994181395,21179.128180235624
9799,0.6755638122558594,1.6282655000686646,22057.74555799365,21180.756445735693
9800,1.5232645273208618,0.5711553692817688,22059.26882252097,21181.327601104975
9801,1.2512215375900269,0.9102712869644165,22060.52004405856,21182.23787239194
9802,0.9105050563812256,2.0587682723999023,22061.430549114943,21184.29664066434
9803,0.8596466779708862,2.2481627464294434,22062.290195792913,21186.54480341077
9804,1.4234734773635864,0.635899007320404,22063.713669270277,21187.18070241809
9805,1.5262748003005981,0.6486353874206543,22065.239944070578,21187.82933780551
9806,1.3788762092590332,0.675628125667572,22066.618820279837,21188.504965931177
9807,1.5335527658462524,2.233182191848755,22068.152373045683,21190.738148123026
9808,1.287054419517517,0.6564056873321533,22069.4394274652,21191.394553810358
9809,0.7519667148590088,1.33722722530365,22070.19139418006,21192.73178103566
9810,1.5695048570632935,1.3264261484146118,22071.760899037123,21194.058207184076
9811,1.733686089515686,0.8900398015975952,22073.49458512664,21194.948246985674
9812,1.6059657335281372,0.6043669581413269,22075.100550860167,21195.552613943815
9813,1.4254933595657349,0.6346455812454224,22076.526044219732,21196.18725952506
9814,1.0324949026107788,1.007793664932251,22077.558539122343,21197.195053189993
9815,1.4366222620010376,1.1650364398956299,22078.995161384344,21198.36008962989
9816,1.351124882698059,0.7942017912864685,22080.346286267042,21199.154291421175
9817,1.515060544013977,0.6657235026359558,22081.861346811056,21199.82001492381
9818,1.5378365516662598,0.8590101599693298,22083.399183362722,21200.67902508378
9819,1.5689160823822021,0.6610010862350464,22084.968099445105,21201.340026170015
9820,1.2196120023727417,0.5123931169509888,22086.187711447477,21201.852419286966
9821,1.5427093505859375,0.326845645904541,22087.730420798063,21202.17926493287
9822,1.275571346282959,0.4863463342189789,22089.005992144346,21202.66561126709
9823,1.389907717704773,0.7099109292030334,22090.39589986205,21203.375522196293
9824,1.2466925382614136,0.615801215171814,22091.642592400312,21203.991323411465
9825,1.5420215129852295,0.847301721572876,22093.184613913298,21204.838625133038
9826,1.9141998291015625,0.762634813785553,22095.0988137424,21205.601259946823
9827,1.5134187936782837,0.9017822742462158,22096.612232536077,21206.50304222107
9828,1.4339404106140137,0.667863130569458,22098.04617294669,21207.17090535164
9829,0.9188008904457092,1.1200143098831177,22098.964973837137,21208.290919661522
9830,1.6488220691680908,1.117583990097046,22100.613795906305,21209.40850365162
9831,1.3004543781280518,0.6845663785934448,22101.914250284433,21210.093070030212
9832,1.8347656726837158,0.6760808825492859,22103.749015957117,21210.76915091276
9833,0.6238691806793213,1.1638498306274414,22104.372885137796,21211.93300074339
9834,1.3110417127609253,0.6055098176002502,22105.683926850557,21212.53851056099
9835,1.2155998945236206,0.5773924589157104,22106.89952674508,21213.115903019905
9836,1.554590106010437,0.7185670733451843,22108.45411685109,21213.83447009325
9837,1.6183136701583862,0.6785556077957153,22110.07243052125,21214.513025701046
9838,1.2499120235443115,0.5647044777870178,22111.322342544794,21215.077730178833
9839,1.3326430320739746,0.6304866671562195,22112.654985576868,21215.70821684599
9840,1.145704746246338,0.616885244846344,22113.800690323114,21216.325102090836
9841,0.8250055909156799,1.9898216724395752,22114.62569591403,21218.314923763275
9842,1.6510039567947388,0.7899807095527649,22116.276699870825,21219.104904472828
9843,1.3496983051300049,0.5377801656723022,22117.626398175955,21219.6426846385
9844,1.2577968835830688,0.6444604992866516,22118.884195059538,21220.287145137787
9845,1.432271957397461,0.6720804572105408,22120.316467016935,21220.959225594997
9846,0.5063388347625732,1.547202229499817,22120.822805851698,21222.506427824497
9847,1.523726463317871,0.9605283737182617,22122.346532315016,21223.466956198215
9848,1.4714891910552979,0.5980124473571777,22123.81802150607,21224.064968645573
9849,1.4323092699050903,0.9020252823829651,22125.250330775976,21224.966993927956
9850,1.4372034072875977,0.693149745464325,22126.687534183264,21225.66014367342
9851,2.197516441345215,0.8171222805976868,22128.88505062461,21226.477265954018
9852,1.3837785720825195,0.4730197489261627,22130.26882919669,21226.950285702944
9853,1.3626699447631836,0.655678391456604,22131.631499141455,21227.6059640944
9854,1.5463570356369019,0.5850723385810852,22133.17785617709,21228.19103643298
9855,0.719641387462616,1.3313491344451904,22133.897497564554,21229.522385567427
9856,1.5939552783966064,0.7999348640441895,22135.49145284295,21230.32232043147
9857,1.824907660484314,0.5766263008117676,22137.316360503435,21230.898946732283
9858,1.2579305171966553,2.4361534118652344,22138.57429102063,21233.335100144148
9859,1.3752522468566895,0.6271962523460388,22139.94954326749,21233.962296396494
9860,1.5617061853408813,0.7109416127204895,22141.51124945283,21234.673238009214
9861,1.4944162368774414,0.605217695236206,22143.005665689707,21235.27845570445
9862,1.0640273094177246,5.6359663009643555,22144.069692999125,21240.914422005415
9863,1.065485954284668,1.5395983457565308,22145.13517895341,21242.45402035117
9864,1.9181034564971924,0.5192399621009827,22147.053282409906,21242.973260313272
9865,1.3281253576278687,0.6305478811264038,22148.381407767534,21243.6038081944
9866,1.4441875219345093,1.1040948629379272,22149.82559528947,21244.707903057337
9867,1.4195855855941772,0.5387734770774841,22151.245180875063,21245.246676534414
9868,1.3574767112731934,0.6744382977485657,22152.602657586336,21245.921114832163
9869,1.2833917140960693,0.6667096018791199,22153.886049300432,21246.587824434042
9870,1.3501543998718262,0.9703336358070374,22155.236203700304,21247.55815806985
9871,1.2501031160354614,1.9520525932312012,22156.48630681634,21249.51021066308
9872,1.2623114585876465,0.8016496300697327,22157.748618274927,21250.31186029315
9873,1.6188573837280273,0.590286910533905,22159.367475658655,21250.902147203684
9874,1.3497533798217773,0.6843078136444092,22160.717229038477,21251.58645501733
9875,1.6206538677215576,0.7039507627487183,22162.3378829062,21252.290405780077
9876,1.2793922424316406,0.5954182744026184,22163.61727514863,21252.88582405448
9877,1.6095057725906372,0.9209237098693848,22165.22678092122,21253.80674776435
9878,1.4684064388275146,0.6904687285423279,22166.69518736005,21254.49721649289
9879,1.3149011135101318,1.3324434757232666,22168.01008847356,21255.829659968615
9880,1.1894248723983765,0.5738484263420105,22169.199513345957,21256.403508394957
9881,1.5601387023925781,0.6852335929870605,22170.75965204835,21257.088741987944
9882,1.1659818887710571,0.9121394157409668,22171.92563393712,21258.000881403685
9883,1.3162704706192017,0.7060961723327637,22173.24190440774,21258.706977576017
9884,1.0942884683609009,0.7466354370117188,22174.3361928761,21259.45361301303
9885,1.4314695596694946,0.6907569169998169,22175.76766243577,21260.14436993003
9886,1.4739538431167603,0.6035119891166687,22177.241616278887,21260.747881919146
9887,1.541359543800354,0.6657659411430359,22178.782975822687,21261.41364786029
9888,1.883467674255371,0.670814573764801,22180.666443496943,21262.084462434053
9889,1.4864141941070557,0.7991775274276733,22182.15285769105,21262.88363996148
9890,1.3367953300476074,0.673965334892273,22183.489653021097,21263.557605296373
9891,1.414007306098938,0.7044436931610107,22184.903660327196,21264.262048989534
9892,1.4422695636749268,0.7262858152389526,22186.34592989087,21264.988334804773
9893,1.180990219116211,0.5606617331504822,22187.526920109987,21265.548996537924
9894,1.814647912979126,0.5284306406974792,22189.341568022966,21266.07742717862
9895,0.575548529624939,1.6417748928070068,22189.91711655259,21267.71920207143
9896,1.3152552843093872,0.8108338117599487,22191.2323718369,21268.53003588319
9897,1.6720362901687622,0.804712176322937,22192.90440812707,21269.33474805951
9898,1.5569771528244019,0.7334602475166321,22194.461385279894,21270.068208307028
9899,1.328481912612915,0.47198984026908875,22195.789867192507,21270.540198147297
9900,1.5820049047470093,0.7253718972206116,22197.371872097254,21271.265570044518
9901,1.560882329940796,0.8082398772239685,22198.932754427195,21272.07380992174
9902,1.404822826385498,0.8139476776123047,22200.33757725358,21272.887757599354
9903,1.4872328042984009,0.41236549615859985,22201.82481005788,21273.300123095512
9904,1.347259759902954,0.7128464579582214,22203.17206981778,21274.01296955347
9905,1.1649749279022217,0.6732696294784546,22204.337044745684,21274.68623918295
9906,1.136106252670288,2.177783250808716,22205.473150998354,21276.864022433758
9907,1.352066159248352,0.8351085782051086,22206.825217157602,21277.699131011963
9908,1.2613741159439087,0.8102441430091858,22208.086591273546,21278.509375154972
9909,1.219530701637268,0.679763913154602,22209.306121975183,21279.189139068127
9910,1.2857282161712646,0.530014157295227,22210.591850191355,21279.719153225422
9911,1.3518580198287964,0.5957092046737671,22211.943708211184,21280.314862430096
9912,1.5709048509597778,1.3747775554656982,22213.514613062143,21281.68963998556
9913,1.1750074625015259,0.9485739469528198,22214.689620524645,21282.638213932514
9914,1.4901748895645142,0.6501806378364563,22216.17979541421,21283.28839457035
9915,1.5171477794647217,0.5389868021011353,22217.696943193674,21283.82738137245
9916,1.3927180767059326,0.6394749879837036,22219.08966127038,21284.466856360435
9917,0.6943601369857788,1.7442594766616821,22219.784021407366,21286.211115837097
9918,1.4034053087234497,0.5671119689941406,22221.18742671609,21286.77822780609
9919,1.0927447080612183,1.2174664735794067,22222.28017142415,21287.99569427967
9920,1.0167481899261475,0.634175181388855,22223.296919614077,21288.62986946106
9921,1.47280752658844,0.5188927054405212,22224.769727140665,21289.1487621665
9922,1.3952724933624268,0.606256902217865,22226.164999634027,21289.755019068718
9923,1.2308039665222168,0.6393318176269531,22227.39580360055,21290.394350886345
9924,1.3218474388122559,0.7875094413757324,22228.717651039362,21291.18186032772
9925,1.3922699689865112,0.6258866786956787,22230.10992100835,21291.807747006416
9926,1.414357304573059,0.7124823927879333,22231.52427831292,21292.520229399204
9927,1.4538904428482056,0.6144117116928101,22232.97816875577,21293.134641110897
9928,1.2622780799865723,0.7085987329483032,22234.240446835756,21293.843239843845
9929,1.4535164833068848,1.1955317258834839,22235.693963319063,21295.03877156973
9930,1.3835335969924927,0.6907801628112793,22237.077496916056,21295.72955173254
9931,1.3632019758224487,0.7325929999351501,22238.440698891878,21296.462144732475
9932,1.4819966554641724,0.5188877582550049,22239.922695547342,21296.98103249073
9933,1.3309615850448608,0.5108636617660522,22241.253657132387,21297.491896152496
9934,1.6950504779815674,0.5112257599830627,22242.94870761037,21298.00312191248
9935,1.4989326000213623,0.49906665086746216,22244.44764021039,21298.502188563347
9936,1.191502571105957,0.861578106880188,22245.639142781496,21299.363766670227
9937,1.3159856796264648,0.6389237642288208,22246.955128461123,21300.002690434456
9938,1.218269944190979,0.6348571181297302,22248.173398405313,21300.637547552586
9939,1.295975685119629,0.6072622537612915,22249.469374090433,21301.244809806347
9940,0.5270204544067383,1.5494894981384277,22249.99639454484,21302.794299304485
9941,1.1399903297424316,0.5968953967094421,22251.136384874582,21303.391194701195
9942,1.3545141220092773,0.5584906339645386,22252.49089899659,21303.94968533516
9943,1.4428119659423828,0.6461434364318848,22253.933710962534,21304.59582877159
9944,1.216018557548523,0.6982421278953552,22255.149729520082,21305.294070899487
9945,1.324262261390686,0.4554658830165863,22256.473991781473,21305.749536782503
9946,1.4427005052566528,0.554290771484375,22257.91669228673,21306.303827553988
9947,1.379235029220581,0.7323104739189148,22259.29592731595,21307.036138027906
9948,1.37676203250885,0.91509610414505,22260.67268934846,21307.95123413205
9949,1.4091869592666626,0.5690140724182129,22262.081876307726,21308.52024820447
9950,1.2736610174179077,0.6722022294998169,22263.355537325144,21309.19245043397
9951,1.2616353034973145,0.44526734948158264,22264.61717262864,21309.63771778345
9952,1.4954214096069336,0.786496102809906,22266.112594038248,21310.42421388626
9953,1.314953088760376,1.0546733140945435,22267.42754712701,21311.478887200356
9954,1.2846993207931519,0.46718811988830566,22268.7122464478,21311.946075320244
9955,1.5815852880477905,0.5419245958328247,22270.29383173585,21312.487999916077
9956,1.5515209436416626,0.7996604442596436,22271.84535267949,21313.287660360336
9957,0.5786821842193604,1.7447357177734375,22272.42403486371,21315.03239607811
9958,1.3449859619140625,0.5843998789787292,22273.769020825624,21315.61679595709
9959,1.1962722539901733,0.5622916221618652,22274.965293079615,21316.17908757925
9960,2.9102396965026855,2.5919830799102783,22277.875532776117,21318.77107065916
9961,1.52439546585083,0.7156445384025574,22279.399928241968,21319.486715197563
9962,1.4461220502853394,0.6151723265647888,22280.846050292253,21320.101887524128
9963,1.8519219160079956,0.7993735074996948,22282.69797220826,21320.901261031628
9964,1.2971282005310059,0.6624565720558167,22283.995100408792,21321.563717603683
9965,0.5618414282798767,1.890358567237854,22284.556941837072,21323.45407617092
9966,1.2136056423187256,0.5419173240661621,22285.77054747939,21323.995993494987
9967,1.4771171808242798,0.6221479773521423,22287.247664660215,21324.61814147234
9968,1.5545122623443604,0.7506687045097351,22288.80217692256,21325.36881017685
9969,1.2917290925979614,0.9764759540557861,22290.093906015158,21326.345286130905
9970,1.3757023811340332,0.780484139919281,22291.46960839629,21327.125770270824
9971,1.098861813545227,0.7783918976783752,22292.568470209837,21327.904162168503
9972,0.8737165331840515,1.6130924224853516,22293.44218674302,21329.517254590988
9973,1.336677074432373,0.6652083992958069,22294.778863817453,21330.182462990284
9974,1.151782512664795,0.5023964047431946,22295.930646330118,21330.684859395027
9975,1.362886905670166,0.5899224281311035,22297.29353323579,21331.27478182316
9976,0.9172772169113159,4.378833770751953,22298.2108104527,21335.65361559391
9977,1.5037920475006104,1.1432775259017944,22299.7146025002,21336.796893119812
9978,1.4820417165756226,0.683703601360321,22301.196644216776,21337.480596721172
9979,1.3352296352386475,0.6373101472854614,22302.531873852015,21338.117906868458
9980,1.3452041149139404,0.6284498572349548,22303.87707796693,21338.746356725693
9981,1.184704065322876,0.7002343535423279,22305.06178203225,21339.446591079235
9982,1.4785903692245483,0.5470634698867798,22306.540372401476,21339.993654549122
9983,1.1849055290222168,0.7310404777526855,22307.725277930498,21340.724695026875
9984,1.324825406074524,0.5187930464744568,22309.050103336573,21341.24348807335
9985,1.4399689435958862,0.916892945766449,22310.49007228017,21342.160381019115
9986,1.1651742458343506,0.5463719367980957,22311.655246526003,21342.706752955914
9987,0.6350435614585876,1.3737328052520752,22312.29029008746,21344.080485761166
9988,1.479152798652649,0.7929237484931946,22313.769442886114,21344.87340950966
9989,0.8824315071105957,1.7619853019714355,22314.651874393225,21346.63539481163
9990,1.3527473211288452,0.5680800676345825,22316.004621714354,21347.203474879265
9991,1.2357463836669922,0.5066737532615662,22317.24036809802,21347.710148632526
9992,1.2502055168151855,0.6353731155395508,22318.490573614836,21348.345521748066
9993,1.4455009698867798,0.5841496586799622,22319.936074584723,21348.929671406746
9994,1.2835441827774048,0.7366200089454651,22321.2196187675,21349.66629141569
9995,1.6027649641036987,0.8428675532341003,22322.822383731604,21350.509158968925
9996,1.462785243988037,1.2352490425109863,22324.28516897559,21351.744408011436
9997,1.1196942329406738,0.7660012245178223,22325.404863208532,21352.510409235954
9998,0.6105006337165833,2.5136332511901855,22326.01536384225,21355.024042487144
9999,1.3681305646896362,0.5763519406318665,22327.38349440694,21355.600394427776
10000,1.4889591932296753,0.763913094997406,22328.87245360017,21356.364307522774
