Step,Distillation Loss,CE Loss,Accumulated Distillation Loss,Accumulated CE Loss
1,920.0167236328125,11.822364807128906,920.0167236328125,11.822364807128906
2,1692.56494140625,15.996712684631348,2612.5816650390625,27.819077491760254
3,933.46728515625,12.237908363342285,3546.0489501953125,40.05698585510254
4,932.7762451171875,11.14175796508789,4478.8251953125,51.19874382019043
5,753.4336547851562,8.914875984191895,5232.258850097656,60.113619804382324
6,893.9056396484375,10.917459487915039,6126.164489746094,71.03107929229736
7,582.5422973632812,8.758807182312012,6708.706787109375,79.78988647460938
8,673.145263671875,8.855687141418457,7381.85205078125,88.64557361602783
9,695.731689453125,9.065545082092285,8077.583740234375,97.71111869812012
10,628.848388671875,8.652937889099121,8706.43212890625,106.36405658721924
11,652.51904296875,9.095221519470215,9358.951171875,115.45927810668945
12,623.3440551757812,9.286197662353516,9982.295227050781,124.74547576904297
13,561.1512451171875,9.365546226501465,10543.446472167969,134.11102199554443
14,491.6719055175781,9.026565551757812,11035.118377685547,143.13758754730225
15,538.7818603515625,8.55978012084961,11573.90023803711,151.69736766815186
16,491.6156005859375,8.514876365661621,12065.515838623047,160.21224403381348
17,541.1824951171875,8.539474487304688,12606.698333740234,168.75171852111816
18,461.7491455078125,8.609456062316895,13068.447479248047,177.36117458343506
19,467.2402648925781,8.629055976867676,13535.687744140625,185.99023056030273
20,829.207275390625,9.872626304626465,14364.89501953125,195.8628568649292
21,390.1512451171875,8.881170272827148,14755.046264648438,204.74402713775635
22,490.05938720703125,9.123289108276367,15245.105651855469,213.86731624603271
23,505.60650634765625,9.05974006652832,15750.712158203125,222.92705631256104
24,408.332275390625,9.104538917541504,16159.04443359375,232.03159523010254
25,494.5530090332031,8.635855674743652,16653.597442626953,240.6674509048462
26,447.23095703125,8.94189167022705,17100.828399658203,249.60934257507324
27,599.1034545898438,9.230550765991211,17699.931854248047,258.83989334106445
28,595.5621337890625,9.13709831237793,18295.49398803711,267.9769916534424
29,564.5025634765625,9.423407554626465,18859.996551513672,277.40039920806885
30,550.8353881835938,9.437774658203125,19410.831939697266,286.838173866272
31,356.6571044921875,9.334317207336426,19767.489044189453,296.1724910736084
32,581.7129516601562,9.02297306060791,20349.20199584961,305.1954641342163
33,620.4718627929688,9.346421241760254,20969.673858642578,314.54188537597656
34,552.9241333007812,9.052477836608887,21522.59799194336,323.59436321258545
35,464.3852844238281,8.774151802062988,21986.983276367188,332.36851501464844
36,514.4376220703125,8.597453117370605,22501.4208984375,340.96596813201904
37,570.8338623046875,9.613211631774902,23072.254760742188,350.57917976379395
38,433.31231689453125,9.464313507080078,23505.56707763672,360.043493270874
39,343.7508544921875,8.532405853271484,23849.317932128906,368.5758991241455
40,334.7114562988281,9.455674171447754,24184.029388427734,378.03157329559326
41,375.70361328125,8.830697059631348,24559.733001708984,386.8622703552246
42,542.39453125,9.300926208496094,25102.127532958984,396.1631965637207
43,320.7296142578125,8.814844131469727,25422.857147216797,404.97804069519043
44,507.1202697753906,8.609485626220703,25929.977416992188,413.58752632141113
45,400.1707763671875,9.005210876464844,26330.148193359375,422.592737197876
46,377.47894287109375,8.785577774047852,26707.62713623047,431.3783149719238
47,326.30145263671875,8.610940933227539,27033.928588867188,439.98925590515137
48,431.64068603515625,9.435745239257812,27465.569274902344,449.4250011444092
49,766.9192504882812,10.210535049438477,28232.488525390625,459.63553619384766
50,593.0713500976562,8.956984519958496,28825.55987548828,468.59252071380615
51,479.9810791015625,9.051684379577637,29305.540954589844,477.6442050933838
52,554.3765869140625,9.147574424743652,29859.917541503906,486.79177951812744
53,548.4697265625,9.134954452514648,30408.387268066406,495.9267339706421
54,594.4201049804688,9.016263008117676,31002.807373046875,504.94299697875977
55,575.5095825195312,9.115964889526367,31578.316955566406,514.0589618682861
56,380.4421081542969,8.653040885925293,31958.759063720703,522.7120027542114
57,505.6390075683594,8.700589179992676,32464.398071289062,531.4125919342041
58,323.5024719238281,9.129889488220215,32787.90054321289,540.5424814224243
59,372.9510803222656,8.828898429870605,33160.851623535156,549.3713798522949
60,420.2242126464844,9.0683012008667,33581.07583618164,558.4396810531616
61,590.8367919921875,9.374492645263672,34171.91262817383,567.8141736984253
62,447.6523132324219,9.035542488098145,34619.56494140625,576.8497161865234
63,468.1287841796875,9.206403732299805,35087.69372558594,586.0561199188232
64,395.0919189453125,9.025496482849121,35482.78564453125,595.0816164016724
65,448.5808410644531,9.297484397888184,35931.3664855957,604.3791007995605
66,481.5823059082031,9.395451545715332,36412.948791503906,613.7745523452759
67,444.48602294921875,9.592338562011719,36857.434814453125,623.3668909072876
68,463.49957275390625,9.465055465698242,37320.93438720703,632.8319463729858
69,436.770263671875,9.299105644226074,37757.704650878906,642.1310520172119
70,366.0048522949219,9.048225402832031,38123.70950317383,651.179277420044
71,327.10498046875,9.155401229858398,38450.81448364258,660.3346786499023
72,387.445068359375,9.26530647277832,38838.25955200195,669.5999851226807
73,651.1787109375,9.716405868530273,39489.43826293945,679.3163909912109
74,352.087646484375,9.321324348449707,39841.52590942383,688.6377153396606
75,553.0780029296875,9.782356262207031,40394.603912353516,698.4200716018677
76,385.759765625,9.477396965026855,40780.363677978516,707.8974685668945
77,376.9205627441406,9.34444808959961,41157.284240722656,717.2419166564941
78,417.8105163574219,9.214629173278809,41575.09475708008,726.456545829773
79,280.7660217285156,8.744528770446777,41855.860778808594,735.2010746002197
80,648.3634643554688,9.651546478271484,42504.22424316406,744.8526210784912
81,528.4855346679688,9.303921699523926,43032.70977783203,754.1565427780151
82,299.0047912597656,9.326189041137695,43331.7145690918,763.4827318191528
83,469.0560302734375,9.602033615112305,43800.770599365234,773.0847654342651
84,424.66912841796875,9.284672737121582,44225.4397277832,782.3694381713867
85,481.3827819824219,9.521181106567383,44706.822509765625,791.8906192779541
86,525.9798583984375,9.611318588256836,45232.80236816406,801.5019378662109
87,293.2545166015625,9.46174144744873,45526.056884765625,810.9636793136597
88,489.624755859375,9.3365478515625,46015.681640625,820.3002271652222
89,221.72320556640625,8.97547721862793,46237.404846191406,829.2757043838501
90,395.2241516113281,8.820853233337402,46632.628997802734,838.0965576171875
91,414.89105224609375,9.43020248413086,47047.52005004883,847.5267601013184
92,170.92393493652344,9.660195350646973,47218.44398498535,857.1869554519653
93,341.74871826171875,9.527765274047852,47560.19270324707,866.7147207260132
94,300.0571594238281,9.421247482299805,47860.2498626709,876.135968208313
95,463.22027587890625,9.41084098815918,48323.470138549805,885.5468091964722
96,336.35443115234375,9.061079978942871,48659.82456970215,894.607889175415
97,334.50579833984375,9.108466148376465,48994.33036804199,903.7163553237915
98,403.2989196777344,9.353494644165039,49397.62928771973,913.0698499679565
99,373.614013671875,9.53622055053711,49771.2433013916,922.6060705184937
100,317.3984680175781,9.475131034851074,50088.64176940918,932.0812015533447
101,435.23486328125,9.427002906799316,50523.87663269043,941.508204460144
102,399.4918212890625,9.299631118774414,50923.36845397949,950.8078355789185
103,283.5976867675781,8.835113525390625,51206.96614074707,959.6429491043091
104,435.4674072265625,9.046902656555176,51642.43354797363,968.6898517608643
105,579.2771606445312,9.735207557678223,52221.710708618164,978.4250593185425
106,254.12098693847656,9.484362602233887,52475.83169555664,987.9094219207764
107,477.3315124511719,9.984253883361816,52953.16320800781,997.8936758041382
108,372.9189453125,9.710747718811035,53326.08215332031,1007.6044235229492
109,509.4153747558594,9.592121124267578,53835.49752807617,1017.1965446472168
110,395.13885498046875,9.286506652832031,54230.63638305664,1026.4830513000488
111,382.1717529296875,9.674165725708008,54612.80813598633,1036.1572170257568
112,331.71240234375,9.971610069274902,54944.52053833008,1046.1288270950317
113,221.38995361328125,9.634564399719238,55165.91049194336,1055.763391494751
114,275.6189270019531,9.490601539611816,55441.52941894531,1065.2539930343628
115,413.3732604980469,9.434135437011719,55854.90267944336,1074.6881284713745
116,365.50274658203125,9.674049377441406,56220.40542602539,1084.362177848816
117,417.3121643066406,9.684735298156738,56637.71759033203,1094.0469131469727
118,263.00152587890625,9.366591453552246,56900.71911621094,1103.413504600525
119,297.1029052734375,9.669984817504883,57197.822021484375,1113.0834894180298
120,226.672119140625,8.947314262390137,57424.494140625,1122.03080368042
121,388.362548828125,9.707324028015137,57812.856689453125,1131.738127708435
122,410.6218566894531,9.692925453186035,58223.47854614258,1141.431053161621
123,439.62066650390625,9.494059562683105,58663.099212646484,1150.9251127243042
124,275.358154296875,9.560970306396484,58938.45736694336,1160.4860830307007
125,304.69091796875,9.672941207885742,59243.14828491211,1170.1590242385864
126,339.904541015625,9.906563758850098,59583.052825927734,1180.0655879974365
127,342.5675354003906,9.745855331420898,59925.620361328125,1189.8114433288574
128,296.33697509765625,9.913179397583008,60221.95733642578,1199.7246227264404
129,359.10882568359375,9.53665542602539,60581.066162109375,1209.2612781524658
130,489.98968505859375,9.403648376464844,61071.05584716797,1218.6649265289307
131,447.3642578125,9.618400573730469,61518.42010498047,1228.2833271026611
132,356.33660888671875,9.738685607910156,61874.75671386719,1238.0220127105713
133,483.4293212890625,9.413786888122559,62358.18603515625,1247.4357995986938
134,339.3654479980469,9.550958633422852,62697.5514831543,1256.9867582321167
135,328.463134765625,9.696821212768555,63026.01461791992,1266.6835794448853
136,417.50030517578125,9.88371753692627,63443.5149230957,1276.5672969818115
137,306.9932556152344,9.593231201171875,63750.50817871094,1286.1605281829834
138,366.8804931640625,10.214015007019043,64117.388671875,1296.3745431900024
139,256.7696533203125,9.916125297546387,64374.15832519531,1306.2906684875488
140,518.184814453125,10.055951118469238,64892.34313964844,1316.346619606018
141,286.13720703125,9.783980369567871,65178.48034667969,1326.130599975586
142,362.93475341796875,9.805267333984375,65541.41510009766,1335.9358673095703
143,460.9698486328125,9.859585762023926,66002.38494873047,1345.7954530715942
144,383.8497009277344,9.65125560760498,66386.2346496582,1355.4467086791992
145,297.5948791503906,9.935105323791504,66683.8295288086,1365.3818140029907
146,397.71026611328125,10.00658893585205,67081.53979492188,1375.3884029388428
147,389.75079345703125,9.869254112243652,67471.2905883789,1385.2576570510864
148,343.8951416015625,9.524486541748047,67815.18572998047,1394.7821435928345
149,431.7942199707031,9.806012153625488,68246.97994995117,1404.58815574646
150,348.71484375,9.604166030883789,68595.69479370117,1414.1923217773438
151,318.4185791015625,9.730879783630371,68914.11337280273,1423.9232015609741
152,257.56658935546875,10.048073768615723,69171.6799621582,1433.9712753295898
153,445.32611083984375,10.153406143188477,69617.00607299805,1444.1246814727783
154,361.67535400390625,10.03734302520752,69978.68142700195,1454.1620244979858
155,392.7834167480469,9.550630569458008,70371.46484375,1463.7126550674438
156,336.6983642578125,9.735447883605957,70708.16320800781,1473.4481029510498
157,305.4146728515625,9.893253326416016,71013.57788085938,1483.3413562774658
158,164.80612182617188,9.904154777526855,71178.38400268555,1493.2455110549927
159,362.2647705078125,10.03093147277832,71540.64877319336,1503.276442527771
160,333.16253662109375,9.76430606842041,71873.81130981445,1513.0407485961914
161,454.93780517578125,9.814645767211914,72328.74911499023,1522.8553943634033
162,328.7630920410156,9.743824005126953,72657.51220703125,1532.5992183685303
163,377.0403747558594,10.12119197845459,73034.55258178711,1542.7204103469849
164,322.3250732421875,9.773372650146484,73356.8776550293,1552.4937829971313
165,289.469482421875,9.47353458404541,73646.34713745117,1561.9673175811768
166,446.1465148925781,9.481863975524902,74092.49365234375,1571.4491815567017
167,334.46270751953125,9.981472969055176,74426.95635986328,1581.4306545257568
168,381.7220458984375,10.084989547729492,74808.67840576172,1591.5156440734863
169,385.2430419921875,9.819295883178711,75193.9214477539,1601.334939956665
170,314.7894287109375,9.321013450622559,75508.71087646484,1610.6559534072876
171,458.7940673828125,9.934185981750488,75967.50494384766,1620.590139389038
172,381.2525634765625,10.053007125854492,76348.75750732422,1630.6431465148926
173,284.0582580566406,10.134069442749023,76632.81576538086,1640.7772159576416
174,321.50860595703125,10.231339454650879,76954.32437133789,1651.0085554122925
175,280.0188293457031,9.715617179870605,77234.3432006836,1660.724172592163
176,368.0479736328125,10.023334503173828,77602.3911743164,1670.747507095337
177,400.3020935058594,9.991639137268066,78002.69326782227,1680.739146232605
178,228.11660766601562,9.751395225524902,78230.80987548828,1690.4905414581299
179,359.9989013671875,10.039977073669434,78590.80877685547,1700.5305185317993
180,354.91119384765625,9.227962493896484,78945.71997070312,1709.7584810256958
181,299.3327941894531,9.222321510314941,79245.05276489258,1718.9808025360107
182,295.7705078125,10.055517196655273,79540.82327270508,1729.036319732666
183,304.79034423828125,9.796082496643066,79845.61361694336,1738.832402229309
184,252.8027801513672,9.543108940124512,80098.41639709473,1748.3755111694336
185,345.5335998535156,10.086979866027832,80443.94999694824,1758.4624910354614
186,343.7049255371094,9.449665069580078,80787.65492248535,1767.9121561050415
187,286.4591064453125,9.85779857635498,81074.11402893066,1777.7699546813965
188,387.079345703125,9.98666000366211,81461.19337463379,1787.7566146850586
189,243.19418334960938,9.385906219482422,81704.3875579834,1797.142520904541
190,308.0435791015625,10.165082931518555,82012.43113708496,1807.3076038360596
191,218.59130859375,9.832536697387695,82231.02244567871,1817.1401405334473
192,243.79217529296875,9.988493919372559,82474.81462097168,1827.1286344528198
193,356.59417724609375,9.82384967803955,82831.40879821777,1836.9524841308594
194,429.044677734375,10.61855411529541,83260.45347595215,1847.5710382461548
195,261.2579345703125,9.98345947265625,83521.71141052246,1857.554497718811
196,325.9146728515625,10.117060661315918,83847.62608337402,1867.671558380127
197,273.7367858886719,9.693676948547363,84121.3628692627,1877.3652353286743
198,238.25637817382812,9.743988990783691,84359.61924743652,1887.109224319458
199,343.2435607910156,9.774226188659668,84702.86280822754,1896.8834505081177
200,276.8673095703125,9.136037826538086,84979.73011779785,1906.0194883346558
201,299.0821533203125,10.429424285888672,85278.81227111816,1916.4489126205444
202,372.4335021972656,10.030601501464844,85651.24577331543,1926.4795141220093
203,352.22796630859375,10.330968856811523,86003.47373962402,1936.8104829788208
204,308.777587890625,10.10618782043457,86312.25132751465,1946.9166707992554
205,177.955322265625,9.80545711517334,86490.20664978027,1956.7221279144287
206,269.5703430175781,9.73869800567627,86759.77699279785,1966.460825920105
207,293.705322265625,9.656380653381348,87053.48231506348,1976.1172065734863
208,308.1188049316406,10.238409996032715,87361.60111999512,1986.355616569519
209,263.00115966796875,10.284693717956543,87624.60227966309,1996.6403102874756
210,380.5382080078125,10.151206016540527,88005.1404876709,2006.791516304016
211,210.11585998535156,9.88301944732666,88215.25634765625,2016.6745357513428
212,214.38674926757812,9.59765625,88429.64309692383,2026.2721920013428
213,300.960693359375,9.568359375,88730.6037902832,2035.8405513763428
214,312.1459045410156,9.950417518615723,89042.74969482422,2045.7909688949585
215,388.353759765625,9.69510555267334,89431.10345458984,2055.486074447632
216,377.5708923339844,10.234455108642578,89808.67434692383,2065.7205295562744
217,263.99139404296875,9.974066734313965,90072.6657409668,2075.6945962905884
218,278.8227233886719,10.105305671691895,90351.48846435547,2085.7999019622803
219,232.88629150390625,9.895573616027832,90584.37475585938,2095.695475578308
220,270.8699951171875,9.98746395111084,90855.24475097656,2105.682939529419
221,358.53521728515625,9.881316184997559,91213.77996826172,2115.5642557144165
222,276.5031433105469,10.2252779006958,91490.28311157227,2125.7895336151123
223,394.3988037109375,10.19632625579834,91884.6819152832,2135.9858598709106
224,240.16636657714844,9.78220272064209,92124.84828186035,2145.7680625915527
225,243.90573120117188,9.62838077545166,92368.75401306152,2155.3964433670044
226,296.3270568847656,9.698213577270508,92665.08106994629,2165.094656944275
227,323.3174133300781,9.932293891906738,92988.39848327637,2175.0269508361816
228,259.3482666015625,9.992201805114746,93247.74674987793,2185.0191526412964
229,318.85052490234375,10.190498352050781,93566.59727478027,2195.209650993347
230,238.43887329101562,10.084380149841309,93805.03614807129,2205.2940311431885
231,417.80908203125,10.155926704406738,94222.84523010254,2215.449957847595
232,348.1880187988281,10.036473274230957,94571.03324890137,2225.486431121826
233,340.4618225097656,10.298806190490723,94911.49507141113,2235.785237312317
234,226.13348388671875,9.965253829956055,95137.62855529785,2245.750491142273
235,401.06634521484375,10.262520790100098,95538.6949005127,2256.013011932373
236,273.0973815917969,10.188861846923828,95811.79228210449,2266.201873779297
237,338.7156982421875,9.799280166625977,96150.50798034668,2276.001153945923
238,288.5289001464844,9.72888469696045,96439.03688049316,2285.7300386428833
239,357.29144287109375,9.936671257019043,96796.32832336426,2295.6667098999023
240,315.6240539550781,9.872209548950195,97111.95237731934,2305.5389194488525
241,222.69259643554688,10.05759048461914,97334.64497375488,2315.5965099334717
242,226.5657958984375,10.279356002807617,97561.21076965332,2325.8758659362793
243,313.15533447265625,9.896723747253418,97874.36610412598,2335.7725896835327
244,279.3689880371094,10.035246849060059,98153.73509216309,2345.807836532593
245,151.65576171875,9.514330863952637,98305.39085388184,2355.3221673965454
246,318.470703125,10.116158485412598,98623.86155700684,2365.438325881958
247,365.0513916015625,10.296185493469238,98988.9129486084,2375.7345113754272
248,329.94287109375,10.278186798095703,99318.85581970215,2386.012698173523
249,277.09857177734375,9.983009338378906,99595.95439147949,2395.995707511902
250,281.6968994140625,10.226808547973633,99877.65129089355,2406.2225160598755
251,170.5916748046875,10.116353034973145,100048.24296569824,2416.3388690948486
252,267.1148681640625,9.67420768737793,100315.3578338623,2426.0130767822266
253,301.14288330078125,9.708285331726074,100616.50071716309,2435.7213621139526
254,340.8869934082031,9.81881046295166,100957.38771057129,2445.5401725769043
255,246.8697967529297,9.888875961303711,101204.25750732422,2455.429048538208
256,356.7237854003906,10.07858943939209,101560.98129272461,2465.5076379776
257,358.937744140625,10.29383659362793,101919.91903686523,2475.801474571228
258,336.3940734863281,9.910840034484863,102256.31311035156,2485.712314605713
259,334.0015869140625,10.03425121307373,102590.31469726562,2495.7465658187866
260,275.6872863769531,10.216653823852539,102866.00198364258,2505.963219642639
261,245.7386474609375,9.866523742675781,103111.74063110352,2515.829743385315
262,305.9263916015625,9.868735313415527,103417.66702270508,2525.6984786987305
263,296.91851806640625,9.994020462036133,103714.58554077148,2535.6924991607666
264,388.5816345214844,10.262703895568848,104103.16717529297,2545.9552030563354
265,237.91168212890625,10.245524406433105,104341.07885742188,2556.2007274627686
266,442.14971923828125,10.374360084533691,104783.22857666016,2566.5750875473022
267,303.95404052734375,9.913487434387207,105087.1826171875,2576.4885749816895
268,373.02581787109375,10.024954795837402,105460.2084350586,2586.513529777527
269,221.74118041992188,10.144465446472168,105681.94961547852,2596.657995223999
270,322.26165771484375,10.022148132324219,106004.21127319336,2606.6801433563232
271,366.06634521484375,10.055659294128418,106370.2776184082,2616.7358026504517
272,214.0435791015625,10.060729026794434,106584.32119750977,2626.796531677246
273,299.57257080078125,10.196723937988281,106883.89376831055,2636.9932556152344
274,209.6090087890625,9.467799186706543,107093.50277709961,2646.461054801941
275,335.7691345214844,9.98646068572998,107429.2719116211,2656.447515487671
276,292.8084411621094,9.692668914794922,107722.0803527832,2666.140184402466
277,295.79510498046875,9.853294372558594,108017.87545776367,2675.9934787750244
278,217.29942321777344,9.795419692993164,108235.17488098145,2685.7888984680176
279,227.95361328125,10.349699020385742,108463.1284942627,2696.1385974884033
280,234.659912109375,10.01125717163086,108697.78840637207,2706.149854660034
281,261.95263671875,10.03592586517334,108959.74104309082,2716.1857805252075
282,210.9912109375,9.927600860595703,109170.73225402832,2726.113381385803
283,263.93817138671875,10.07492733001709,109434.67042541504,2736.1883087158203
284,203.8773193359375,10.207259178161621,109638.54774475098,2746.395567893982
285,227.57534790039062,9.860139846801758,109866.12309265137,2756.2557077407837
286,310.9959411621094,10.176241874694824,110177.11903381348,2766.4319496154785
287,272.3880310058594,9.936271667480469,110449.50706481934,2776.368221282959
288,214.93409729003906,10.210284233093262,110664.44116210938,2786.5785055160522
289,163.18319702148438,10.26335334777832,110827.62435913086,2796.8418588638306
290,256.4692687988281,10.220657348632812,111084.09362792969,2807.0625162124634
291,255.88414001464844,9.99053955078125,111339.97776794434,2817.0530557632446
292,302.80133056640625,9.652345657348633,111642.77909851074,2826.7054014205933
293,253.91738891601562,10.248538970947266,111896.69648742676,2836.9539403915405
294,274.50030517578125,10.345575332641602,112171.19679260254,2847.299515724182
295,176.6418914794922,9.815080642700195,112347.83868408203,2857.1145963668823
296,221.82516479492188,10.178118705749512,112569.66384887695,2867.292715072632
297,189.73565673828125,9.960604667663574,112759.39950561523,2877.2533197402954
298,301.03790283203125,9.944448471069336,113060.43740844727,2887.1977682113647
299,287.20806884765625,10.480886459350586,113347.64547729492,2897.6786546707153
300,221.70440673828125,9.930562973022461,113569.3498840332,2907.609217643738
301,304.4278564453125,9.9175386428833,113873.77774047852,2917.526756286621
302,352.10498046875,10.159932136535645,114225.88272094727,2927.6866884231567
303,182.15411376953125,10.32308292388916,114408.0368347168,2938.009771347046
304,313.3568115234375,10.1913480758667,114721.39364624023,2948.2011194229126
305,156.17327880859375,10.37359619140625,114877.56692504883,2958.574715614319
306,297.43011474609375,10.312808990478516,115174.99703979492,2968.8875246047974
307,236.6303253173828,9.914810180664062,115411.6273651123,2978.8023347854614
308,242.26171875,10.334577560424805,115653.8890838623,2989.1369123458862
309,321.6309814453125,9.88380241394043,115975.52006530762,2999.0207147598267
310,340.0633544921875,10.379410743713379,116315.5834197998,3009.40012550354
311,190.37994384765625,9.943222999572754,116505.96336364746,3019.343348503113
312,220.10020446777344,9.85037612915039,116726.06356811523,3029.193724632263
313,334.37994384765625,10.677637100219727,117060.44351196289,3039.871361732483
314,154.43695068359375,10.06567668914795,117214.88046264648,3049.937038421631
315,264.982666015625,9.631426811218262,117479.86312866211,3059.568465232849
316,173.4182586669922,10.193520545959473,117653.2813873291,3069.7619857788086
317,239.00711059570312,9.961288452148438,117892.2884979248,3079.723274230957
318,257.12054443359375,10.231727600097656,118149.4090423584,3089.9550018310547
319,217.05665588378906,10.08152961730957,118366.46569824219,3100.0365314483643
320,256.46844482421875,10.670308113098145,118622.9341430664,3110.7068395614624
321,226.853759765625,10.215439796447754,118849.78790283203,3120.92227935791
322,256.06622314453125,10.226740837097168,119105.85412597656,3131.1490201950073
323,362.16015625,10.544520378112793,119468.01428222656,3141.69354057312
324,234.37222290039062,9.98270320892334,119702.38650512695,3151.6762437820435
325,202.43072509765625,10.255826950073242,119904.81723022461,3161.9320707321167
326,189.72653198242188,10.063733100891113,120094.54376220703,3171.995803833008
327,183.92433166503906,10.149569511413574,120278.46809387207,3182.1453733444214
328,273.237060546875,10.123483657836914,120551.70515441895,3192.2688570022583
329,213.975830078125,10.052329063415527,120765.68098449707,3202.321186065674
330,258.1874084472656,9.98595142364502,121023.86839294434,3212.307137489319
331,124.62184143066406,10.127519607543945,121148.490234375,3222.434657096863
332,288.44964599609375,10.267993927001953,121436.9398803711,3232.7026510238647
333,230.21359252929688,10.283921241760254,121667.15347290039,3242.986572265625
334,259.21490478515625,9.943246841430664,121926.36837768555,3252.9298191070557
335,247.93252563476562,10.49173641204834,122174.30090332031,3263.421555519104
336,219.78956604003906,10.239267349243164,122394.09046936035,3273.660822868347
337,261.9337158203125,10.472481727600098,122656.02418518066,3284.1333045959473
338,261.88653564453125,10.305373191833496,122917.9107208252,3294.4386777877808
339,226.96603393554688,10.166500091552734,123144.87675476074,3304.6051778793335
340,213.9059295654297,10.036628723144531,123358.78268432617,3314.641806602478
341,275.69488525390625,9.99507999420166,123634.47756958008,3324.6368865966797
342,294.0169372558594,10.471336364746094,123928.49450683594,3335.108222961426
343,216.8544464111328,10.0604829788208,124145.34895324707,3345.1687059402466
344,363.3797607421875,10.560688018798828,124508.72871398926,3355.7293939590454
345,270.83404541015625,10.55090618133545,124779.56275939941,3366.280300140381
346,268.60491943359375,10.473644256591797,125048.16767883301,3376.7539443969727
347,299.01336669921875,10.258399963378906,125347.18104553223,3387.0123443603516
348,244.61892700195312,10.103334426879883,125591.79997253418,3397.1156787872314
349,274.97265625,10.194650650024414,125866.77262878418,3407.310329437256
350,309.1055908203125,10.78485107421875,126175.87821960449,3418.0951805114746
351,177.212158203125,10.624541282653809,126353.09037780762,3428.7197217941284
352,272.00860595703125,9.850016593933105,126625.09898376465,3438.5697383880615
353,223.0714111328125,10.207845687866211,126848.17039489746,3448.7775840759277
354,294.462646484375,10.730055809020996,127142.63304138184,3459.5076398849487
355,248.24375915527344,10.107015609741211,127390.87680053711,3469.61465549469
356,206.7578582763672,10.192329406738281,127597.63465881348,3479.806984901428
357,239.57666015625,10.132972717285156,127837.21131896973,3489.9399576187134
358,302.9051513671875,10.253864288330078,128140.11647033691,3500.1938219070435
359,320.9244384765625,10.017584800720215,128461.04090881348,3510.2114067077637
360,168.87530517578125,10.6920804977417,128629.91621398926,3520.9034872055054
361,270.1982116699219,10.318132400512695,128900.11442565918,3531.221619606018
362,240.04818725585938,10.06871509552002,129140.16261291504,3541.290334701538
363,216.48626708984375,10.141876220703125,129356.64888000488,3551.432210922241
364,234.43052673339844,10.067825317382812,129591.07940673828,3561.500036239624
365,253.05654907226562,10.17358112335205,129844.13595581055,3571.673617362976
366,287.6937255859375,10.267579078674316,130131.82968139648,3581.9411964416504
367,331.4278564453125,10.092000007629395,130463.2575378418,3592.03319644928
368,315.37420654296875,10.148212432861328,130778.63174438477,3602.181408882141
369,236.01820373535156,10.261405944824219,131014.64994812012,3612.4428148269653
370,195.82870483398438,10.409566879272461,131210.4786529541,3622.852381706238
371,238.26614379882812,10.491033554077148,131448.74479675293,3633.343415260315
372,159.0745391845703,10.069287300109863,131607.8193359375,3643.412702560425
373,183.1896209716797,10.503412246704102,131791.00895690918,3653.916114807129
374,246.18399047851562,10.363162994384766,132037.1929473877,3664.2792778015137
375,269.6168212890625,10.494136810302734,132306.80976867676,3674.7734146118164
376,228.87098693847656,9.99526309967041,132535.68075561523,3684.768677711487
377,150.734619140625,9.858880043029785,132686.41537475586,3694.6275577545166
378,195.0342559814453,10.141793251037598,132881.4496307373,3704.769351005554
379,244.25498962402344,10.607239723205566,133125.70462036133,3715.3765907287598
380,282.919921875,10.529267311096191,133408.62454223633,3725.905858039856
381,234.7864990234375,10.623905181884766,133643.41104125977,3736.5297632217407
382,213.1497039794922,10.161394119262695,133856.56074523926,3746.6911573410034
383,242.84567260742188,10.065144538879395,134099.40641784668,3756.756301879883
384,170.08828735351562,10.028570175170898,134269.4947052002,3766.7848720550537
385,202.94078063964844,9.884479522705078,134472.43548583984,3776.669351577759
386,120.14472961425781,10.12291431427002,134592.5802154541,3786.792265892029
387,154.18359375,10.457269668579102,134746.7638092041,3797.249535560608
388,256.47454833984375,10.381871223449707,135003.23835754395,3807.6314067840576
389,228.00738525390625,10.563094139099121,135231.24574279785,3818.1945009231567
390,274.6247253417969,10.21666145324707,135505.87046813965,3828.411162376404
391,237.39764404296875,10.381928443908691,135743.26811218262,3838.7930908203125
392,256.2509765625,10.565808296203613,135999.51908874512,3849.358899116516
393,228.95248413085938,10.15345573425293,136228.47157287598,3859.512354850769
394,183.833251953125,10.18681812286377,136412.3048248291,3869.699172973633
395,208.95762634277344,10.44900894165039,136621.26245117188,3880.148181915283
396,232.52200317382812,10.655315399169922,136853.7844543457,3890.803497314453
397,218.39764404296875,10.683999061584473,137072.18209838867,3901.4874963760376
398,184.79014587402344,10.091201782226562,137256.9722442627,3911.578698158264
399,209.8007354736328,10.067234992980957,137466.77297973633,3921.645933151245
400,206.59048461914062,9.724635124206543,137673.36346435547,3931.3705682754517
401,186.230224609375,10.161442756652832,137859.59368896484,3941.5320110321045
402,225.29315185546875,10.188288688659668,138084.8868408203,3951.720299720764
403,244.26443481445312,10.633936882019043,138329.15127563477,3962.354236602783
404,347.52740478515625,10.880027770996094,138676.67868041992,3973.2342643737793
405,251.00503540039062,10.210944175720215,138927.6837158203,3983.4452085494995
406,149.98916625976562,10.20691204071045,139077.67288208008,3993.65212059021
407,245.1285400390625,10.410953521728516,139322.80142211914,4004.0630741119385
408,253.80606079101562,9.900347709655762,139576.60748291016,4013.9634218215942
409,201.05972290039062,10.4356050491333,139777.66720581055,4024.3990268707275
410,180.261474609375,10.080160140991211,139957.92868041992,4034.4791870117188
411,197.7294921875,10.41319465637207,140155.65817260742,4044.892381668091
412,253.77310180664062,10.008892059326172,140409.43127441406,4054.901273727417
413,249.5050811767578,10.48353099822998,140658.93635559082,4065.384804725647
414,297.90380859375,10.36974048614502,140956.84016418457,4075.754545211792
415,206.46939086914062,10.428217887878418,141163.3095550537,4086.1827630996704
416,295.2039794921875,10.036849021911621,141458.5135345459,4096.219612121582
417,149.66244506835938,10.414162635803223,141608.17597961426,4106.633774757385
418,160.93307495117188,10.69852352142334,141769.10905456543,4117.332298278809
419,110.22314453125,10.439252853393555,141879.33219909668,4127.771551132202
420,244.63467407226562,10.21576976776123,142123.96687316895,4137.987320899963
421,184.67828369140625,10.084782600402832,142308.64515686035,4148.072103500366
422,246.72369384765625,10.327239036560059,142555.368850708,4158.399342536926
423,181.6464080810547,10.167922019958496,142737.01525878906,4168.567264556885
424,242.0670166015625,10.609683990478516,142979.08227539062,4179.176948547363
425,188.05392456054688,10.293941497802734,143167.13619995117,4189.470890045166
426,226.57508850097656,10.721285820007324,143393.71128845215,4200.192175865173
427,259.7461242675781,10.521778106689453,143653.45741271973,4210.713953971863
428,193.22421264648438,10.59089469909668,143846.6816253662,4221.3048486709595
429,161.26219177246094,10.214960098266602,144007.94381713867,4231.519808769226
430,123.09103393554688,10.031886100769043,144131.03485107422,4241.551694869995
431,269.345947265625,10.291743278503418,144400.38079833984,4251.8434381484985
432,271.6095275878906,10.242042541503906,144671.99032592773,4262.085480690002
433,237.54348754882812,10.440215110778809,144909.53381347656,4272.525695800781
434,226.1256103515625,10.17011833190918,145135.65942382812,4282.69581413269
435,237.17648315429688,10.322516441345215,145372.83590698242,4293.018330574036
436,157.32794189453125,10.434124946594238,145530.16384887695,4303.45245552063
437,151.1920623779297,10.006181716918945,145681.35591125488,4313.458637237549
438,208.61947631835938,10.300520896911621,145889.97538757324,4323.75915813446
439,197.8350830078125,10.561187744140625,146087.81047058105,4334.320345878601
440,218.9870147705078,10.189737319946289,146306.79748535156,4344.510083198547
441,182.65147399902344,10.273633003234863,146489.4489593506,4354.783716201782
442,292.9531555175781,10.062844276428223,146782.40211486816,4364.84656047821
443,203.40089416503906,10.283116340637207,146985.8030090332,4375.129676818848
444,250.54364013671875,10.352149963378906,147236.34664916992,4385.481826782227
445,101.080810546875,10.104555130004883,147337.4274597168,4395.586381912231
446,232.2093963623047,10.48985767364502,147569.6368560791,4406.0762395858765
447,246.71759033203125,10.329693794250488,147816.35444641113,4416.405933380127
448,242.4301300048828,10.702156066894531,148058.78457641602,4427.1080894470215
449,247.462890625,10.200950622558594,148306.24746704102,4437.30904006958
450,229.5566864013672,10.232772827148438,148535.80415344238,4447.5418128967285
451,326.6733093261719,10.615742683410645,148862.47746276855,4458.157555580139
452,138.90362548828125,10.541617393493652,149001.38108825684,4468.699172973633
453,226.98834228515625,10.179170608520508,149228.369430542,4478.878343582153
454,228.68869018554688,10.678021430969238,149457.05812072754,4489.556365013123
455,210.36135864257812,10.197086334228516,149667.41947937012,4499.753451347351
456,173.35302734375,10.126665115356445,149840.77250671387,4509.8801164627075
457,287.41278076171875,10.575737953186035,150128.1852874756,4520.455854415894
458,220.7018585205078,10.655488014221191,150348.8871459961,4531.111342430115
459,197.67022705078125,10.404489517211914,150546.55737304688,4541.515831947327
460,173.837646484375,10.342703819274902,150720.39501953125,4551.858535766602
461,204.17147827148438,10.742891311645508,150924.56649780273,4562.601427078247
462,185.36802673339844,10.32858657836914,151109.93452453613,4572.930013656616
463,248.91336059570312,10.631462097167969,151358.84788513184,4583.561475753784
464,242.1790771484375,10.638777732849121,151601.02696228027,4594.200253486633
465,202.35072326660156,10.2494535446167,151803.37768554688,4604.44970703125
466,145.07554626464844,10.548020362854004,151948.45323181152,4614.997727394104
467,183.20237731933594,10.436305046081543,152131.65560913086,4625.434032440186
468,228.84255981445312,10.787697792053223,152360.4981689453,4636.221730232239
469,193.5530548095703,10.390554428100586,152554.05122375488,4646.612284660339
470,227.2646026611328,9.87878131866455,152781.31582641602,4656.491065979004
471,210.53956604003906,10.293232917785645,152991.85539245605,4666.78429889679
472,123.651611328125,10.019959449768066,153115.50700378418,4676.804258346558
473,200.63987731933594,10.60010051727295,153316.14688110352,4687.404358863831
474,195.62379455566406,9.893623352050781,153511.77067565918,4697.297982215881
475,164.3236846923828,10.501959800720215,153676.09436035156,4707.799942016602
476,159.8260040283203,10.274914741516113,153835.92036437988,4718.074856758118
477,189.26290893554688,10.077533721923828,154025.18327331543,4728.1523904800415
478,150.4693603515625,10.429608345031738,154175.652633667,4738.581998825073
479,134.86709594726562,10.013993263244629,154310.51972961426,4748.595992088318
480,204.13821411132812,10.199906349182129,154514.6579437256,4758.7958984375
481,235.1046142578125,10.358633041381836,154749.7625579834,4769.154531478882
482,242.25814819335938,10.433255195617676,154992.02070617676,4779.5877866744995
483,128.83999633789062,10.364999771118164,155120.86070251465,4789.952786445618
484,86.73738098144531,10.612911224365234,155207.5980834961,4800.565697669983
485,178.05630493164062,10.241193771362305,155385.65438842773,4810.806891441345
486,217.46670532226562,10.465106010437012,155603.12109375,4821.271997451782
487,224.3402557373047,10.395003318786621,155827.4613494873,4831.667000770569
488,272.4848937988281,10.622838973999023,156099.94624328613,4842.289839744568
489,133.92990112304688,10.150344848632812,156233.87614440918,4852.440184593201
490,209.40191650390625,10.652583122253418,156443.2780609131,4863.092767715454
491,159.4363250732422,10.282742500305176,156602.71438598633,4873.375510215759
492,153.81939697265625,10.169803619384766,156756.53378295898,4883.545313835144
493,194.95431518554688,10.729713439941406,156951.48809814453,4894.275027275085
494,194.84170532226562,10.280753135681152,157146.3298034668,4904.555780410767
495,125.63639831542969,10.284862518310547,157271.96620178223,4914.840642929077
496,228.56971740722656,10.598941802978516,157500.53591918945,4925.439584732056
497,133.5612030029297,10.376953125,157634.09712219238,4935.816537857056
498,177.54722595214844,10.587119102478027,157811.64434814453,4946.403656959534
499,249.92791748046875,10.277902603149414,158061.572265625,4956.681559562683
500,178.786865234375,10.241226196289062,158240.35913085938,4966.922785758972
501,269.4695739746094,10.2789306640625,158509.82870483398,4977.201716423035
502,212.82327270507812,10.472565650939941,158722.65197753906,4987.674282073975
503,201.86978149414062,10.242874145507812,158924.5217590332,4997.917156219482
504,194.30929565429688,10.358013153076172,159118.8310546875,5008.275169372559
505,180.9275360107422,10.553832054138184,159299.75859069824,5018.829001426697
506,114.57813262939453,10.364544868469238,159414.33672332764,5029.193546295166
507,153.57789611816406,10.321383476257324,159567.9146194458,5039.514929771423
508,173.96646118164062,10.70161247253418,159741.88108062744,5050.2165422439575
509,181.34634399414062,10.357227325439453,159923.22742462158,5060.573769569397
510,240.95947265625,10.905017852783203,160164.18689727783,5071.47878742218
511,187.53988647460938,10.423829078674316,160351.72678375244,5081.9026165008545
512,194.7721710205078,10.404706001281738,160546.49895477295,5092.307322502136
513,250.12123107910156,10.675313949584961,160796.62018585205,5102.982636451721
514,206.9810791015625,10.749378204345703,161003.6012649536,5113.732014656067
515,211.202392578125,10.501675605773926,161214.80365753174,5124.233690261841
516,237.11293029785156,10.52270221710205,161451.9165878296,5134.756392478943
517,226.38900756835938,10.327251434326172,161678.30559539795,5145.083643913269
518,156.8428955078125,10.527886390686035,161835.14849090576,5155.611530303955
519,228.59666442871094,10.616496086120605,162063.74515533447,5166.228026390076
520,190.79714965820312,10.472665786743164,162254.54230499268,5176.700692176819
521,151.66311645507812,10.244568824768066,162406.20542144775,5186.945261001587
522,191.12640380859375,10.669260025024414,162597.33182525635,5197.614521026611
523,191.50852966308594,10.545465469360352,162788.84035491943,5208.159986495972
524,119.50105285644531,9.916049003601074,162908.34140777588,5218.076035499573
525,217.52993774414062,10.819045066833496,163125.87134552002,5228.895080566406
526,252.95889282226562,10.378398895263672,163378.83023834229,5239.27347946167
527,183.97869873046875,10.167841911315918,163562.80893707275,5249.441321372986
528,205.4464569091797,10.726167678833008,163768.25539398193,5260.167489051819
529,175.39242553710938,10.342223167419434,163943.64781951904,5270.509712219238
530,164.74386596679688,10.035482406616211,164108.39168548584,5280.5451946258545
531,171.86656188964844,10.172473907470703,164280.2582473755,5290.717668533325
532,168.40802001953125,10.563324928283691,164448.66626739502,5301.280993461609
533,159.29177856445312,10.074490547180176,164607.95804595947,5311.355484008789
534,213.13560485839844,10.80512809753418,164821.09365081787,5322.160612106323
535,208.66885375976562,10.617279052734375,165029.76250457764,5332.777891159058
536,154.75350952148438,10.667951583862305,165184.51601409912,5343.44584274292
537,116.61003875732422,10.007193565368652,165301.12605285645,5353.453036308289
538,179.63084411621094,10.161574363708496,165480.75689697266,5363.614610671997
539,336.26800537109375,10.038585662841797,165817.02490234375,5373.653196334839
540,220.93353271484375,10.812091827392578,166037.9584350586,5384.465288162231
541,128.072021484375,10.269221305847168,166166.03045654297,5394.734509468079
542,181.85269165039062,10.195476531982422,166347.88314819336,5404.929986000061
543,211.48016357421875,10.467120170593262,166559.36331176758,5415.397106170654
544,222.87945556640625,10.689738273620605,166782.24276733398,5426.086844444275
545,200.2852020263672,10.511590957641602,166982.52796936035,5436.5984354019165
546,159.99725341796875,9.645720481872559,167142.52522277832,5446.244155883789
547,238.7916259765625,10.450504302978516,167381.31684875488,5456.694660186768
548,254.48777770996094,10.564839363098145,167635.80462646484,5467.259499549866
549,222.71258544921875,10.633666038513184,167858.51721191406,5477.893165588379
550,195.140869140625,10.396976470947266,168053.6580810547,5488.290142059326
551,219.51287841796875,10.997495651245117,168273.17095947266,5499.287637710571
552,254.16439819335938,10.650304794311523,168527.33535766602,5509.937942504883
553,162.89381408691406,10.255460739135742,168690.22917175293,5520.193403244019
554,111.38792419433594,10.409714698791504,168801.61709594727,5530.60311794281
555,177.76092529296875,10.728485107421875,168979.37802124023,5541.331603050232
556,150.99127197265625,10.71804428100586,169130.3692932129,5552.049647331238
557,216.1428985595703,10.70143985748291,169346.51219177246,5562.751087188721
558,128.46554565429688,10.748282432556152,169474.97773742676,5573.499369621277
559,224.86062622070312,10.701894760131836,169699.83836364746,5584.201264381409
560,133.5666961669922,10.96240234375,169833.40505981445,5595.163666725159
561,190.10403442382812,10.531450271606445,170023.50909423828,5605.695116996765
562,208.11407470703125,10.821309089660645,170231.6231689453,5616.516426086426
563,147.27767944335938,10.35504150390625,170378.90084838867,5626.871467590332
564,152.218505859375,9.950143814086914,170531.11935424805,5636.821611404419
565,190.88031005859375,10.453001976013184,170721.99966430664,5647.274613380432
566,241.55215454101562,10.37112045288086,170963.55181884766,5657.645733833313
567,133.8494873046875,10.001867294311523,171097.40130615234,5667.6476011276245
568,190.37884521484375,9.893550872802734,171287.7801513672,5677.541152000427
569,138.3428955078125,10.267145156860352,171426.123046875,5687.808297157288
570,191.419677734375,10.503656387329102,171617.54272460938,5698.311953544617
571,197.40040588378906,10.314373970031738,171814.94313049316,5708.626327514648
572,204.814453125,9.931951522827148,172019.75758361816,5718.558279037476
573,148.85743713378906,10.499601364135742,172168.61502075195,5729.057880401611
574,228.30694580078125,10.415619850158691,172396.92196655273,5739.47350025177
575,136.20738220214844,10.323274612426758,172533.12934875488,5749.796774864197
576,193.32362365722656,10.553650856018066,172726.4529724121,5760.350425720215
577,165.90243530273438,10.57429027557373,172892.35540771484,5770.924715995789
578,208.77931213378906,11.042157173156738,173101.13471984863,5781.966873168945
579,221.54803466796875,10.444499015808105,173322.6827545166,5792.411372184753
580,170.32667541503906,10.201581001281738,173493.00942993164,5802.612953186035
581,184.25277709960938,10.409003257751465,173677.26220703125,5813.021956443787
582,198.91867065429688,10.795205116271973,173876.18087768555,5823.817161560059
583,111.18794250488281,10.454263687133789,173987.36882019043,5834.271425247192
584,173.23419189453125,10.917317390441895,174160.60301208496,5845.188742637634
585,189.13131713867188,10.826626777648926,174349.73432922363,5856.015369415283
586,158.59347534179688,10.82602596282959,174508.32780456543,5866.841395378113
587,134.216552734375,10.347861289978027,174642.5443572998,5877.189256668091
588,106.28594970703125,10.126422882080078,174748.83030700684,5887.315679550171
589,175.96505737304688,10.313301086425781,174924.79536437988,5897.628980636597
590,207.1531219482422,10.528155326843262,175131.94848632812,5908.15713596344
591,151.2685546875,9.813079833984375,175283.21704101562,5917.970215797424
592,163.74330139160156,10.148110389709473,175446.96034240723,5928.118326187134
593,185.6148681640625,10.274776458740234,175632.5752105713,5938.393102645874
594,145.0455780029297,10.470975875854492,175777.62078857422,5948.8640785217285
595,189.40179443359375,10.343666076660156,175967.0225830078,5959.207744598389
596,223.9899139404297,10.840201377868652,176191.01249694824,5970.047945976257
597,176.8316650390625,10.642949104309082,176367.8441619873,5980.690895080566
598,170.32948303222656,10.566447257995605,176538.17364501953,5991.257342338562
599,161.27923583984375,10.49477767944336,176699.45288085938,6001.752120018005
600,183.1351318359375,10.842698097229004,176882.5880126953,6012.594818115234
601,195.98056030273438,10.077983856201172,177078.56857299805,6022.672801971436
602,166.29391479492188,10.873224258422852,177244.86248779297,6033.546026229858
603,141.5718994140625,10.54138469696045,177386.43438720703,6044.087410926819
604,163.26571655273438,10.852818489074707,177549.70010375977,6054.940229415894
605,120.67839050292969,10.471707344055176,177670.3784942627,6065.411936759949
606,242.79400634765625,11.009538650512695,177913.17250061035,6076.421475410461
607,183.72607421875,10.40634536743164,178096.8985748291,6086.827820777893
608,131.4750518798828,10.396109580993652,178228.37362670898,6097.223930358887
609,154.168212890625,10.04297924041748,178382.5418395996,6107.266909599304
610,184.25125122070312,10.507241249084473,178566.7930908203,6117.774150848389
611,153.56350708007812,10.39372730255127,178720.3565979004,6128.16787815094
612,172.35519409179688,10.620567321777344,178892.7117919922,6138.788445472717
613,229.6856689453125,11.004865646362305,179122.3974609375,6149.79331111908
614,160.52957153320312,10.543514251708984,179282.9270324707,6160.336825370789
615,175.0286865234375,10.639986991882324,179457.95571899414,6170.976812362671
616,189.22625732421875,10.554722785949707,179647.18197631836,6181.531535148621
617,208.39154052734375,10.69590950012207,179855.5735168457,6192.227444648743
618,155.2347412109375,10.32119083404541,180010.80825805664,6202.548635482788
619,199.34585571289062,10.728900909423828,180210.15411376953,6213.277536392212
620,154.20330810546875,10.506901741027832,180364.357421875,6223.78443813324
621,156.2247314453125,10.339455604553223,180520.5821533203,6234.123893737793
622,172.080322265625,10.435163497924805,180692.66247558594,6244.559057235718
623,212.02163696289062,10.781148910522461,180904.68411254883,6255.34020614624
624,207.44338989257812,10.536233901977539,181112.1275024414,6265.876440048218
625,90.16050720214844,10.445326805114746,181202.28800964355,6276.3217668533325
626,143.6550750732422,10.52154541015625,181345.9430847168,6286.843312263489
627,206.8077392578125,10.592899322509766,181552.7508239746,6297.4362115859985
628,228.24545288085938,10.137784004211426,181780.99627685547,6307.57399559021
629,146.994384765625,10.694561958312988,181927.9906616211,6318.268557548523
630,153.4965362548828,10.55784797668457,182081.48719787598,6328.8264055252075
631,129.7259521484375,10.5997314453125,182211.2131500244,6339.42613697052
632,157.4161376953125,10.365041732788086,182368.62928771973,6349.791178703308
633,162.84132385253906,10.426445960998535,182531.47061157227,6360.217624664307
634,206.24899291992188,10.283467292785645,182737.7196044922,6370.501091957092
635,185.91360473632812,10.602250099182129,182923.63320922852,6381.103342056274
636,181.504150390625,10.76962947845459,183105.13735961914,6391.872971534729
637,146.1145782470703,10.251460075378418,183251.2519378662,6402.124431610107
638,202.03074645996094,10.640469551086426,183453.28268432617,6412.764901161194
639,222.43527221679688,10.990175247192383,183675.71795654297,6423.755076408386
640,181.32962036132812,10.723340034484863,183857.0475769043,6434.478416442871
641,199.1763153076172,10.333905220031738,184056.2238922119,6444.812321662903
642,121.27186584472656,9.938655853271484,184177.49575805664,6454.750977516174
643,142.0474853515625,10.758543014526367,184319.5432434082,6465.509520530701
644,100.49068450927734,10.429373741149902,184420.03392791748,6475.938894271851
645,177.95176696777344,10.48298168182373,184597.98569488525,6486.421875953674
646,177.94680786132812,10.643244743347168,184775.93250274658,6497.0651206970215
647,114.51187133789062,10.08227825164795,184890.44437408447,6507.147398948669
648,101.37886047363281,10.279808044433594,184991.8232345581,6517.427206993103
649,136.39251708984375,10.619004249572754,185128.21575164795,6528.046211242676
650,128.0634002685547,10.58835220336914,185256.2791519165,6538.634563446045
651,198.19398498535156,10.097445487976074,185454.47313690186,6548.732008934021
652,171.2200164794922,10.56643009185791,185625.69315338135,6559.298439025879
653,206.0382843017578,10.659342765808105,185831.7314376831,6569.957781791687
654,134.3948974609375,10.84984302520752,185966.12633514404,6580.8076248168945
655,209.45538330078125,10.720969200134277,186175.58171844482,6591.528594017029
656,121.09996032714844,10.246478080749512,186296.68167877197,6601.775072097778
657,110.06703186035156,11.121247291564941,186406.74871063232,6612.896319389343
658,192.05258178710938,10.389848709106445,186598.80129241943,6623.28616809845
659,129.8845672607422,10.36707592010498,186728.68585968018,6633.653244018555
660,173.62161254882812,10.764731407165527,186902.307472229,6644.41797542572
661,120.59489440917969,10.607208251953125,187022.90236663818,6655.025183677673
662,157.47772216796875,10.874267578125,187180.38008880615,6665.899451255798
663,200.74427795410156,10.290937423706055,187381.12436676025,6676.190388679504
664,167.7514190673828,10.492115020751953,187548.87578582764,6686.682503700256
665,101.79015350341797,11.008743286132812,187650.66593933105,6697.691246986389
666,152.492431640625,10.805929183959961,187803.15837097168,6708.497176170349
667,130.49716186523438,10.854235649108887,187933.6555328369,6719.351411819458
668,159.472412109375,10.364113807678223,188093.1279449463,6729.715525627136
669,133.38699340820312,10.31601333618164,188226.5149383545,6740.031538963318
670,110.2959213256836,9.968658447265625,188336.81085968018,6750.0001974105835
671,186.6122283935547,10.925420761108398,188523.42308807373,6760.925618171692
672,109.97270965576172,10.77033519744873,188633.3957977295,6771.695953369141
673,162.15701293945312,11.074827194213867,188795.55281066895,6782.7707805633545
674,198.09344482421875,10.862900733947754,188993.64625549316,6793.633681297302
675,238.50027465820312,11.017868041992188,189232.14653015137,6804.651549339294
676,168.4088592529297,10.633078575134277,189400.5553894043,6815.284627914429
677,184.5523223876953,10.316141128540039,189585.107711792,6825.600769042969
678,104.15660095214844,10.028461456298828,189689.26431274414,6835.629230499268
679,157.56695556640625,10.283307075500488,189846.83126831055,6845.912537574768
680,134.0698699951172,10.771438598632812,189980.90113830566,6856.683976173401
681,172.31695556640625,10.534586906433105,190153.21809387207,6867.218563079834
682,177.2469940185547,10.966567039489746,190330.46508789062,6878.185130119324
683,183.53878784179688,10.660480499267578,190514.00387573242,6888.845610618591
684,199.14810180664062,10.638833999633789,190713.15197753906,6899.484444618225
685,164.1062774658203,10.398898124694824,190877.25825500488,6909.88334274292
686,144.09164428710938,9.777872085571289,191021.349899292,6919.661214828491
687,156.3236083984375,10.225870132446289,191177.67350769043,6929.8870849609375
688,151.55331420898438,10.735715866088867,191329.2268218994,6940.622800827026
689,195.27297973632812,10.827393531799316,191524.49980163574,6951.450194358826
690,197.1075439453125,10.66495418548584,191721.60734558105,6962.1151485443115
691,114.88914489746094,10.364103317260742,191836.49649047852,6972.479251861572
692,139.92849731445312,10.488740921020508,191976.42498779297,6982.967992782593
693,153.4396209716797,11.04391860961914,192129.86460876465,6994.011911392212
694,152.00970458984375,10.47574234008789,192281.8743133545,7004.4876537323
695,150.16273498535156,10.510970115661621,192432.03704833984,7014.998623847961
696,119.48908233642578,10.289178848266602,192551.52613067627,7025.287802696228
697,153.06324768066406,10.4318265914917,192704.58937835693,7035.71962928772
698,90.36065673828125,10.257678985595703,192794.95003509521,7045.977308273315
699,119.34382629394531,10.540386199951172,192914.29386138916,7056.517694473267
700,137.48089599609375,10.665863990783691,193051.77475738525,7067.18355846405
701,183.0560302734375,10.711400032043457,193234.8307876587,7077.894958496094
702,151.866455078125,10.43130874633789,193386.69724273682,7088.326267242432
703,190.73641967773438,10.17623233795166,193577.43366241455,7098.502499580383
704,160.10202026367188,10.186634063720703,193737.53568267822,7108.689133644104
705,146.24331665039062,10.548873901367188,193883.7789993286,7119.238007545471
706,191.57630920410156,10.258540153503418,194075.35530853271,7129.496547698975
707,208.3900146484375,10.939602851867676,194283.74532318115,7140.436150550842
708,124.0501708984375,10.669232368469238,194407.7954940796,7151.1053829193115
709,170.84609985351562,10.384364128112793,194578.6415939331,7161.489747047424
710,143.43374633789062,10.659489631652832,194722.075340271,7172.149236679077
711,143.1279296875,10.68824291229248,194865.2032699585,7182.83747959137
712,208.71908569335938,11.092331886291504,195073.92235565186,7193.929811477661
713,152.40380859375,10.694303512573242,195226.3261642456,7204.624114990234
714,159.43643188476562,10.85228443145752,195385.76259613037,7215.476399421692
715,159.33738708496094,10.700518608093262,195545.09998321533,7226.176918029785
716,145.20880126953125,10.494721412658691,195690.30878448486,7236.671639442444
717,134.28060913085938,10.749279975891113,195824.58939361572,7247.420919418335
718,225.49911499023438,10.810063362121582,196050.08850860596,7258.2309827804565
719,189.49131774902344,10.312625885009766,196239.57982635498,7268.543608665466
720,159.28733825683594,10.608735084533691,196398.86716461182,7279.15234375
721,179.0140838623047,10.318432807922363,196577.88124847412,7289.470776557922
722,238.9462432861328,10.690062522888184,196816.82749176025,7300.160839080811
723,147.6353759765625,9.902010917663574,196964.46286773682,7310.062849998474
724,119.68147277832031,10.399277687072754,197084.14434051514,7320.462127685547
725,129.9131622314453,10.617480278015137,197214.05750274658,7331.079607963562
726,130.7008056640625,10.337141990661621,197344.75830841064,7341.416749954224
727,114.99143981933594,10.074625015258789,197459.74974822998,7351.491374969482
728,165.50144958496094,10.660751342773438,197625.25119781494,7362.152126312256
729,208.22683715820312,10.73969841003418,197833.47803497314,7372.89182472229
730,125.14817810058594,10.436439514160156,197958.62621307373,7383.32826423645
731,136.0347900390625,10.819520950317383,198094.6610031128,7394.147785186768
732,162.10662841796875,10.481039047241211,198256.76763153076,7404.628824234009
733,204.95770263671875,10.713798522949219,198461.72533416748,7415.342622756958
734,130.45831298828125,10.643584251403809,198592.18364715576,7425.986207008362
735,206.22784423828125,10.575033187866211,198798.41149139404,7436.561240196228
736,116.44117736816406,10.633967399597168,198914.8526687622,7447.195207595825
737,122.84296417236328,10.536541938781738,199037.69563293457,7457.731749534607
738,163.6975555419922,10.840371131896973,199201.39318847656,7468.572120666504
739,135.8535919189453,10.732653617858887,199337.2467803955,7479.304774284363
740,116.38272857666016,10.486988067626953,199453.62950897217,7489.79176235199
741,157.85324096679688,10.167773246765137,199611.48274993896,7499.959535598755
742,136.64096069335938,10.841559410095215,199748.12371063232,7510.80109500885
743,152.04464721679688,10.555278778076172,199900.16835784912,7521.356373786926
744,174.8417205810547,10.747132301330566,200075.01007843018,7532.103506088257
745,142.8055419921875,10.5237398147583,200217.81562042236,7542.627245903015
746,145.80072021484375,10.748048782348633,200363.6163406372,7553.375294685364
747,165.83627319335938,10.593799591064453,200529.45261383057,7563.969094276428
748,201.56838989257812,11.341334342956543,200731.02100372314,7575.310428619385
749,165.35484313964844,10.839837074279785,200896.3758468628,7586.150265693665
750,141.13067626953125,10.748983383178711,201037.50652313232,7596.899249076843
751,74.36441040039062,10.250696182250977,201111.87093353271,7607.149945259094
752,155.6909942626953,11.078597068786621,201267.5619277954,7618.228542327881
753,115.95043182373047,10.431791305541992,201383.51235961914,7628.660333633423
754,136.3423614501953,10.938660621643066,201519.85472106934,7639.598994255066
755,79.05308532714844,10.518326759338379,201598.90780639648,7650.117321014404
756,103.11021423339844,10.774391174316406,201702.01802062988,7660.891712188721
757,147.154052734375,10.504983901977539,201849.17207336426,7671.396696090698
758,105.04237365722656,10.011302947998047,201954.21444702148,7681.407999038696
759,150.6863250732422,10.969536781311035,202104.90077209473,7692.377535820007
760,106.83465576171875,10.28378677368164,202211.73542785645,7702.661322593689
761,168.41348266601562,10.755762100219727,202380.14891052246,7713.417084693909
762,125.08690643310547,10.262054443359375,202505.23581695557,7723.679139137268
763,167.54428100585938,9.984737396240234,202672.78009796143,7733.663876533508
764,125.82524871826172,10.226042747497559,202798.6053466797,7743.889919281006
765,174.57870483398438,10.918824195861816,202973.18405151367,7754.808743476868
766,91.2135238647461,10.710819244384766,203064.39757537842,7765.519562721252
767,64.98587036132812,10.278668403625488,203129.38344573975,7775.798231124878
768,114.7848129272461,10.601569175720215,203244.168258667,7786.399800300598
769,87.74037170410156,10.206626892089844,203331.9086303711,7796.606427192688
770,215.96194458007812,10.877248764038086,203547.87057495117,7807.483675956726
771,145.57301330566406,11.169402122497559,203693.44358825684,7818.653078079224
772,110.81564331054688,10.768856048583984,203804.25923156738,7829.421934127808
773,211.96923828125,10.743927955627441,204016.22846984863,7840.165862083435
774,173.77767944335938,10.641860961914062,204190.006149292,7850.807723045349
775,163.84506225585938,10.41077995300293,204353.85121154785,7861.218502998352
776,152.2864990234375,10.402403831481934,204506.1377105713,7871.620906829834
777,162.80001831054688,10.761098861694336,204668.93772888184,7882.382005691528
778,156.05162048339844,10.443010330200195,204824.98934936523,7892.8250160217285
779,131.41404724121094,10.33523178100586,204956.40339660645,7903.160247802734
780,141.37876892089844,10.934720039367676,205097.78216552734,7914.094967842102
781,180.25048828125,10.877222061157227,205278.0326538086,7924.972189903259
782,126.26914978027344,10.476251602172852,205404.30180358887,7935.448441505432
783,143.37501525878906,10.503331184387207,205547.67681884766,7945.951772689819
784,142.53659057617188,10.552870750427246,205690.21340942383,7956.504643440247
785,163.32785034179688,10.483139038085938,205853.54125976562,7966.9877824783325
786,137.61285400390625,10.637872695922852,205991.15411376953,7977.625655174255
787,135.821533203125,10.272726058959961,206126.97564697266,7987.898381233215
788,121.43589782714844,10.034262657165527,206248.4115447998,7997.932643890381
789,185.40567016601562,10.439035415649414,206433.81721496582,8008.37167930603
790,164.49053955078125,9.818170547485352,206598.3077545166,8018.189849853516
791,138.371337890625,10.099074363708496,206736.67909240723,8028.288924217224
792,116.28700256347656,10.771478652954102,206852.9660949707,8039.060402870178
793,129.57933044433594,10.66347885131836,206982.54542541504,8049.723881721497
794,141.2093505859375,10.917518615722656,207123.75477600098,8060.641400337219
795,173.57249450683594,10.610239028930664,207297.3272705078,8071.25163936615
796,142.42733764648438,10.53266716003418,207439.7546081543,8081.784306526184
797,154.9014434814453,10.747810363769531,207594.65605163574,8092.532116889954
798,139.29495239257812,11.131138801574707,207733.95100402832,8103.663255691528
799,168.92295837402344,10.898087501525879,207902.87396240234,8114.561343193054
800,165.630615234375,11.062169075012207,208068.50457763672,8125.623512268066
801,151.46507263183594,10.36042308807373,208219.96965026855,8135.98393535614
802,179.7873077392578,10.861946105957031,208399.7569580078,8146.845881462097
803,122.22871398925781,10.627931594848633,208521.98567199707,8157.473813056946
804,173.8404541015625,10.840598106384277,208695.82612609863,8168.31441116333
805,144.21815490722656,10.907669067382812,208840.04428100586,8179.222080230713
806,131.21534729003906,10.56732177734375,208971.2596282959,8189.789402008057
807,128.64907836914062,10.6510009765625,209099.90870666504,8200.44040298462
808,181.46217346191406,11.006963729858398,209281.37088012695,8211.447366714478
809,142.38150024414062,10.434261322021484,209423.7523803711,8221.881628036499
810,141.58395385742188,10.738014221191406,209565.33633422852,8232.61964225769
811,163.62510681152344,10.71527099609375,209728.96144104004,8243.334913253784
812,142.89706420898438,10.629623413085938,209871.85850524902,8253.96453666687
813,143.45045471191406,10.905816078186035,210015.30895996094,8264.870352745056
814,154.99832153320312,10.744458198547363,210170.30728149414,8275.614810943604
815,150.3595428466797,10.935690879821777,210320.66682434082,8286.550501823425
816,221.98419189453125,11.307538032531738,210542.65101623535,8297.858039855957
817,156.65675354003906,10.69401741027832,210699.3077697754,8308.552057266235
818,153.5711669921875,10.887238502502441,210852.87893676758,8319.439295768738
819,145.53463745117188,10.81357479095459,210998.41357421875,8330.252870559692
820,97.26583862304688,10.536476135253906,211095.6794128418,8340.789346694946
821,151.48240661621094,10.52389144897461,211247.161819458,8351.31323814392
822,163.0900115966797,10.357760429382324,211410.2518310547,8361.670998573303
823,154.0811004638672,10.5524320602417,211564.33293151855,8372.223430633545
824,133.98765563964844,10.39096450805664,211698.3205871582,8382.614395141602
825,113.63218688964844,10.448200225830078,211811.95277404785,8393.062595367432
826,106.9735336303711,10.57680892944336,211918.92630767822,8403.639404296875
827,171.54519653320312,10.660134315490723,212090.47150421143,8414.299538612366
828,183.90512084960938,10.546103477478027,212274.37662506104,8424.845642089844
829,149.48654174804688,10.74378490447998,212423.86316680908,8435.589426994324
830,114.7658462524414,10.780096054077148,212538.62901306152,8446.3695230484
831,134.11593627929688,10.774675369262695,212672.74494934082,8457.144198417664
832,127.13408660888672,10.480508804321289,212799.8790359497,8467.624707221985
833,138.050048828125,11.196428298950195,212937.92908477783,8478.821135520935
834,124.99420928955078,10.755760192871094,213062.92329406738,8489.576895713806
835,118.84565734863281,11.272505760192871,213181.76895141602,8500.849401473999
836,155.93484497070312,10.794183731079102,213337.70379638672,8511.643585205078
837,86.48023223876953,10.327610969543457,213424.1840286255,8521.971196174622
838,133.9872283935547,10.748573303222656,213558.17125701904,8532.719769477844
839,147.84286499023438,10.690068244934082,213706.01412200928,8543.409837722778
840,102.90113830566406,10.737652778625488,213808.91526031494,8554.147490501404
841,143.46197509765625,10.441226959228516,213952.3772354126,8564.588717460632
842,105.61688232421875,10.196138381958008,214057.99411773682,8574.78485584259
843,179.74777221679688,10.542046546936035,214237.7418899536,8585.326902389526
844,175.0201416015625,10.61252498626709,214412.76203155518,8595.939427375793
845,133.88339233398438,11.08630657196045,214546.64542388916,8607.025733947754
846,84.83094024658203,10.611806869506836,214631.47636413574,8617.63754081726
847,178.06753540039062,11.056953430175781,214809.54389953613,8628.694494247437
848,165.42860412597656,11.133646011352539,214974.9725036621,8639.828140258789
849,159.82252502441406,10.383859634399414,215134.79502868652,8650.211999893188
850,117.82523345947266,11.109596252441406,215252.620262146,8661.32159614563
851,178.823974609375,10.609127044677734,215431.44423675537,8671.930723190308
852,188.51519775390625,11.192042350769043,215619.95943450928,8683.122765541077
853,192.79078674316406,10.692620277404785,215812.75022125244,8693.815385818481
854,180.06991577148438,10.77816390991211,215992.82013702393,8704.593549728394
855,148.96746826171875,10.59930419921875,216141.78760528564,8715.192853927612
856,126.4396743774414,10.188724517822266,216268.2272796631,8725.381578445435
857,128.9182891845703,10.318519592285156,216397.14556884766,8735.70009803772
858,109.08142852783203,10.155461311340332,216506.2269973755,8745.85555934906
859,139.70350646972656,10.59527587890625,216645.93050384521,8756.450835227966
860,148.79771423339844,10.188075065612793,216794.7282180786,8766.63891029358
861,103.27144622802734,10.461966514587402,216897.99966430664,8777.100876808167
862,162.78025817871094,10.648784637451172,217060.77992248535,8787.749661445618
863,154.35153198242188,10.738218307495117,217215.13145446777,8798.487879753113
864,154.8390655517578,10.765466690063477,217369.97052001953,8809.253346443176
865,122.03724670410156,10.468517303466797,217492.00776672363,8819.721863746643
866,161.43682861328125,11.071352005004883,217653.4445953369,8830.793215751648
867,148.6427459716797,10.483877182006836,217802.0873413086,8841.277092933655
868,134.39529418945312,11.020987510681152,217936.48263549805,8852.298080444336
869,124.54417419433594,10.905694007873535,218061.02680969238,8863.20377445221
870,135.92323303222656,10.320119857788086,218196.9500427246,8873.523894309998
871,143.8302001953125,10.470945358276367,218340.78024291992,8883.994839668274
872,131.96737670898438,10.533984184265137,218472.7476196289,8894.528823852539
873,97.80437469482422,10.551384925842285,218570.55199432373,8905.080208778381
874,114.08251190185547,10.321380615234375,218684.6345062256,8915.401589393616
875,152.39923095703125,10.698149681091309,218837.03373718262,8926.099739074707
876,105.2275390625,10.60089111328125,218942.26127624512,8936.700630187988
877,142.2568817138672,10.262565612792969,219084.51815795898,8946.963195800781
878,135.67697143554688,10.825183868408203,219220.19512939453,8957.78837966919
879,116.81826782226562,10.957783699035645,219337.0133972168,8968.746163368225
880,80.37216186523438,10.609756469726562,219417.38555908203,8979.355919837952
881,135.38140869140625,11.149168014526367,219552.76696777344,8990.505087852478
882,154.68592834472656,10.67225170135498,219707.45289611816,9001.177339553833
883,179.33395385742188,10.969432830810547,219886.7868499756,9012.146772384644
884,115.82151794433594,10.691167831420898,220002.60836791992,9022.837940216064
885,119.34103393554688,10.476670265197754,220121.94940185547,9033.314610481262
886,104.9051284790039,10.622900009155273,220226.85453033447,9043.937510490417
887,141.56117248535156,10.51156997680664,220368.41570281982,9054.449080467224
888,123.84988403320312,10.494739532470703,220492.26558685303,9064.943819999695
889,144.15744018554688,10.455496788024902,220636.42302703857,9075.39931678772
890,152.69679260253906,11.076825141906738,220789.1198196411,9086.476141929626
891,192.59405517578125,10.003705024719238,220981.7138748169,9096.479846954346
892,96.74955749511719,10.505449295043945,221078.463432312,9106.98529624939
893,105.98731994628906,10.581209182739258,221184.4507522583,9117.566505432129
894,135.77560424804688,10.825345039367676,221320.22635650635,9128.391850471497
895,132.2102508544922,11.268033981323242,221452.43660736084,9139.65988445282
896,143.17503356933594,11.034842491149902,221595.61164093018,9150.69472694397
897,116.94214630126953,10.955628395080566,221712.55378723145,9161.65035533905
898,162.74801635742188,10.255472183227539,221875.30180358887,9171.905827522278
899,143.9647216796875,10.99002742767334,222019.26652526855,9182.895854949951
900,126.02674865722656,11.131364822387695,222145.29327392578,9194.027219772339
901,149.6702880859375,10.956049919128418,222294.96356201172,9204.983269691467
902,129.1963348388672,10.566720008850098,222424.1598968506,9215.549989700317
903,144.0364990234375,10.68603515625,222568.19639587402,9226.236024856567
904,104.45258331298828,10.541617393493652,222672.648979187,9236.777642250061
905,141.23846435546875,10.45953369140625,222813.88744354248,9247.237175941467
906,150.0818634033203,9.957042694091797,222963.9693069458,9257.194218635559
907,91.64628601074219,10.525266647338867,223055.61559295654,9267.719485282898
908,131.14584350585938,10.52638053894043,223186.7614364624,9278.245865821838
909,119.35200500488281,10.740413665771484,223306.11344146729,9288.98627948761
910,106.63256072998047,10.968853950500488,223412.74600219727,9299.95513343811
911,104.43655395507812,10.847234725952148,223517.18255615234,9310.802368164062
912,150.0491943359375,11.033323287963867,223667.23175048828,9321.835691452026
913,104.74948120117188,10.785786628723145,223771.98123168945,9332.62147808075
914,142.1562957763672,10.702401161193848,223914.13752746582,9343.323879241943
915,150.1874542236328,10.694512367248535,224064.32498168945,9354.018391609192
916,137.99468994140625,11.01933479309082,224202.31967163086,9365.037726402283
917,146.96035766601562,10.512556076049805,224349.28002929688,9375.550282478333
918,93.16929626464844,10.469386100769043,224442.44932556152,9386.019668579102
919,165.22409057617188,10.79746150970459,224607.6734161377,9396.817130088806
920,140.18484497070312,10.190274238586426,224747.8582611084,9407.007404327393
921,134.0848388671875,10.908027648925781,224881.9430999756,9417.915431976318
922,116.39674377441406,10.677837371826172,224998.33984375,9428.593269348145
923,185.04757690429688,10.876140594482422,225183.3874206543,9439.469409942627
924,126.74270629882812,10.77488899230957,225310.13012695312,9450.244298934937
925,126.81616973876953,11.058794021606445,225436.9462966919,9461.303092956543
926,133.49037170410156,10.482122421264648,225570.436668396,9471.785215377808
927,171.29998779296875,10.547087669372559,225741.73665618896,9482.33230304718
928,128.50006103515625,10.69090747833252,225870.23671722412,9493.023210525513
929,139.6815643310547,10.828350067138672,226009.91828155518,9503.851560592651
930,129.02548217773438,11.050381660461426,226138.9437637329,9514.901942253113
931,145.24826049804688,10.59327507019043,226284.19202423096,9525.495217323303
932,121.37840270996094,10.652429580688477,226405.57042694092,9536.147646903992
933,120.57447052001953,10.8070068359375,226526.14489746094,9546.95465373993
934,155.3172607421875,10.551652908325195,226681.46215820312,9557.506306648254
935,106.7458267211914,11.026144027709961,226788.20798492432,9568.532450675964
936,143.32106018066406,10.806187629699707,226931.52904510498,9579.338638305664
937,144.5074005126953,10.38430118560791,227076.03644561768,9589.722939491272
938,88.04486846923828,10.48634147644043,227164.0813140869,9600.209280967712
939,149.49606323242188,10.846803665161133,227313.57737731934,9611.056084632874
940,137.97573852539062,10.78095817565918,227451.55311584473,9621.837042808533
941,127.29798126220703,10.717238426208496,227578.85109710693,9632.554281234741
942,147.38031005859375,10.428997039794922,227726.23140716553,9642.983278274536
943,148.5101776123047,10.780698776245117,227874.74158477783,9653.763977050781
944,107.24129486083984,10.428664207458496,227981.98287963867,9664.19264125824
945,147.2633819580078,10.715270042419434,228129.24626159668,9674.90791130066
946,70.89083862304688,10.526691436767578,228200.13710021973,9685.434602737427
947,138.8904266357422,10.742106437683105,228339.02752685547,9696.17670917511
948,111.22294616699219,10.49230670928955,228450.25047302246,9706.6690158844
949,135.684814453125,9.895221710205078,228585.9352874756,9716.564237594604
950,106.5657958984375,10.336782455444336,228692.50108337402,9726.901020050049
951,143.94078063964844,10.686446189880371,228836.44186401367,9737.58746623993
952,146.05990600585938,10.99839973449707,228982.50177001953,9748.585865974426
953,105.43026733398438,10.821141242980957,229087.93203735352,9759.407007217407
954,149.80096435546875,10.119913101196289,229237.73300170898,9769.526920318604
955,89.70042419433594,10.889538764953613,229327.43342590332,9780.416459083557
956,123.04607391357422,10.48237133026123,229450.4794998169,9790.898830413818
957,92.43252563476562,10.752486228942871,229542.91202545166,9801.651316642761
958,151.2904052734375,10.903790473937988,229694.2024307251,9812.5551071167
959,109.58744812011719,10.51375675201416,229803.78987884521,9823.068863868713
960,125.1478271484375,10.65514850616455,229928.93770599365,9833.724012374878
961,71.44547271728516,10.360637664794922,230000.38317871094,9844.084650039673
962,123.49848937988281,10.693124771118164,230123.88166809082,9854.777774810791
963,135.3921356201172,11.007184982299805,230259.27380371094,9865.78495979309
964,95.80213165283203,10.69420051574707,230355.07593536377,9876.479160308838
965,88.36852264404297,10.253124237060547,230443.4444580078,9886.732284545898
966,155.724853515625,11.611124992370605,230599.16931152344,9898.343409538269
967,129.1183319091797,10.524813652038574,230728.28764343262,9908.868223190308
968,103.89585876464844,10.581934928894043,230832.18350219727,9919.450158119202
969,153.7632293701172,10.774974822998047,230985.94673156738,9930.2251329422
970,117.11505126953125,11.007781982421875,231103.0617828369,9941.232914924622
971,150.92874145507812,10.570845603942871,231253.990524292,9951.803760528564
972,102.09068298339844,10.406342506408691,231356.0812072754,9962.210103034973
973,146.4265594482422,11.232487678527832,231502.50776672363,9973.442590713501
974,143.092041015625,10.602757453918457,231645.59980773926,9984.04534816742
975,117.35357666015625,10.451016426086426,231762.9533843994,9994.496364593506
976,98.08967590332031,10.624629020690918,231861.04306030273,10005.120993614197
977,156.27902221679688,10.636917114257812,232017.32208251953,10015.757910728455
978,152.8498077392578,10.920073509216309,232170.1718902588,10026.67798423767
979,89.45744323730469,10.56042766571045,232259.6293334961,10037.238411903381
980,110.76579284667969,11.150226593017578,232370.39512634277,10048.388638496399
981,123.37815856933594,10.579113006591797,232493.7732849121,10058.96775150299
982,104.42135620117188,10.585028648376465,232598.19464111328,10069.552780151367
983,158.409423828125,10.900307655334473,232756.6040649414,10080.453087806702
984,111.6405258178711,11.04941463470459,232868.24459075928,10091.502502441406
985,109.63493347167969,10.935304641723633,232977.87952423096,10102.43780708313
986,165.6949462890625,11.037334442138672,233143.57447052002,10113.475141525269
987,145.0203857421875,11.014052391052246,233288.5948562622,10124.48919391632
988,122.47884368896484,10.739771842956543,233411.07369995117,10135.228965759277
989,121.41191864013672,10.24764633178711,233532.4856185913,10145.476612091064
990,97.21831512451172,10.53096866607666,233629.70393371582,10156.007580757141
991,87.42671966552734,10.51745319366455,233717.13065338135,10166.525033950806
992,101.32928466796875,10.519622802734375,233818.45993804932,10177.04465675354
993,101.25700378417969,10.328253746032715,233919.7169418335,10187.372910499573
994,132.6395263671875,10.500822067260742,234052.35646820068,10197.873732566833
995,133.88079833984375,10.692170143127441,234186.23726654053,10208.565902709961
996,91.70511627197266,10.75064468383789,234277.9423828125,10219.316547393799
997,142.39520263671875,10.820630073547363,234420.33758544922,10230.137177467346
998,136.65322875976562,10.764023780822754,234556.99081420898,10240.901201248169
999,142.1915283203125,11.112957954406738,234699.1823425293,10252.014159202576
1000,138.39865112304688,11.082234382629395,234837.58099365234,10263.096393585205
1001,140.48171997070312,11.305953979492188,234978.06271362305,10274.402347564697
1002,98.69723510742188,11.095372200012207,235076.75994873047,10285.49771976471
1003,181.36436462402344,10.27440357208252,235258.1243133545,10295.772123336792
1004,111.983642578125,10.709172248840332,235370.10795593262,10306.481295585632
1005,143.63673400878906,10.450798034667969,235513.7446899414,10316.9320936203
1006,105.29624938964844,10.93797779083252,235619.04093933105,10327.870071411133
1007,125.03424072265625,10.805514335632324,235744.0751800537,10338.675585746765
1008,126.24662780761719,10.85422134399414,235870.32180786133,10349.52980709076
1009,158.12298583984375,10.713255882263184,236028.44479370117,10360.243062973022
1010,98.072998046875,10.430329322814941,236126.51779174805,10370.673392295837
1011,114.77622985839844,10.93697452545166,236241.29402160645,10381.610366821289
1012,154.26760864257812,10.225592613220215,236395.56163024902,10391.83595943451
1013,159.07672119140625,10.869307518005371,236554.63835144043,10402.705266952515
1014,148.92599487304688,10.623885154724121,236703.56434631348,10413.329152107239
1015,109.83998107910156,10.275190353393555,236813.40432739258,10423.604342460632
1016,168.55804443359375,10.923196792602539,236981.96237182617,10434.527539253235
1017,134.92710876464844,10.477978706359863,237116.88948059082,10445.005517959595
1018,108.98410034179688,10.913030624389648,237225.87358093262,10455.918548583984
1019,118.95144653320312,10.847467422485352,237344.82502746582,10466.76601600647
1020,128.3438720703125,10.781524658203125,237473.16889953613,10477.547540664673
1021,128.5877227783203,11.016158103942871,237601.75662231445,10488.563698768616
1022,77.19410705566406,10.856117248535156,237678.95072937012,10499.41981601715
1023,130.17303466796875,11.15080451965332,237809.1237640381,10510.570620536804
1024,117.96389770507812,10.696378707885742,237927.08766174316,10521.26699924469
1025,122.29429626464844,10.264960289001465,238049.3819580078,10531.531959533691
1026,132.90536499023438,11.077527046203613,238182.28732299805,10542.609486579895
1027,122.66896057128906,10.756546974182129,238304.95628356934,10553.366033554077
1028,127.26579284667969,10.917146682739258,238432.22207641602,10564.283180236816
1029,127.25508117675781,10.425643920898438,238559.47715759277,10574.708824157715
1030,135.9945526123047,11.060613632202148,238695.47171020508,10585.769437789917
1031,72.37345886230469,10.658159255981445,238767.84516906738,10596.427597045898
1032,120.71290588378906,10.686993598937988,238888.55807495117,10607.114590644836
1033,156.27456665039062,11.144434928894043,239044.83264160156,10618.25902557373
1034,85.04254150390625,10.307572364807129,239129.87518310547,10628.566597938538
1035,70.08418273925781,10.433317184448242,239199.95936584473,10638.999915122986
1036,95.36279296875,9.913702011108398,239295.32215881348,10648.913617134094
1037,161.63381958007812,10.311726570129395,239456.95597839355,10659.225343704224
1038,93.98410034179688,10.384920120239258,239550.94007873535,10669.610263824463
1039,153.14199829101562,10.756922721862793,239704.08207702637,10680.367186546326
1040,89.60246276855469,10.939057350158691,239793.68453979492,10691.306243896484
1041,110.51203918457031,10.739192962646484,239904.1965789795,10702.04543685913
1042,101.78524017333984,10.939380645751953,240005.98181915283,10712.984817504883
1043,118.50139617919922,11.028756141662598,240124.48321533203,10724.013573646545
1044,129.92625427246094,10.363133430480957,240254.4094696045,10734.376707077026
1045,96.77800750732422,10.676856994628906,240351.18747711182,10745.053564071655
1046,133.57847595214844,10.606122016906738,240484.76595306396,10755.659686088562
1047,150.85597229003906,11.559179306030273,240635.621925354,10767.218865394592
1048,115.23877716064453,10.95034408569336,240750.86070251465,10778.169209480286
1049,131.26568603515625,11.05585765838623,240882.1263885498,10789.225067138672
1050,130.5732879638672,10.543469429016113,241012.69967651367,10799.768536567688
1051,122.90260314941406,11.109004974365234,241135.6022796631,10810.877541542053
1052,109.63224792480469,10.618936538696289,241245.2345275879,10821.49647808075
1053,124.63025665283203,10.750008583068848,241369.86478424072,10832.246486663818
1054,122.64273071289062,10.735857963562012,241492.5075149536,10842.98234462738
1055,131.97940063476562,10.890992164611816,241624.48691558838,10853.873336791992
1056,120.21147155761719,10.729117393493652,241744.698387146,10864.602454185486
1057,124.12034606933594,10.133793830871582,241868.81873321533,10874.736248016357
1058,84.28498077392578,10.664388656616211,241953.10371398926,10885.400636672974
1059,121.04093933105469,10.533041000366211,242074.1446533203,10895.93367767334
1060,148.5169677734375,10.931072235107422,242222.66162109375,10906.864749908447
1061,132.13258361816406,10.7040376663208,242354.7942047119,10917.568787574768
1062,117.76202392578125,10.582651138305664,242472.5562286377,10928.151438713074
1063,70.78990936279297,10.738275527954102,242543.3461380005,10938.889714241028
1064,119.87232971191406,10.931631088256836,242663.2184677124,10949.821345329285
1065,147.47683715820312,11.548439979553223,242810.6953048706,10961.369785308838
1066,147.5361328125,11.21015453338623,242958.2314376831,10972.579939842224
1067,114.19477844238281,10.769681930541992,243072.4262161255,10983.349621772766
1068,93.93299865722656,10.858505249023438,243166.35921478271,10994.20812702179
1069,85.73336791992188,10.888652801513672,243252.09258270264,11005.096779823303
1070,147.6661834716797,11.138213157653809,243399.75876617432,11016.234992980957
1071,142.86026000976562,10.733949661254883,243542.61902618408,11026.968942642212
1072,131.08514404296875,10.684529304504395,243673.70417022705,11037.653471946716
1073,101.03526306152344,10.41806411743164,243774.73943328857,11048.071536064148
1074,124.22515869140625,10.607321739196777,243898.96459197998,11058.678857803345
1075,119.92119598388672,10.545328140258789,244018.88578796387,11069.224185943604
1076,175.24053955078125,10.420931816101074,244194.12632751465,11079.645117759705
1077,126.8899154663086,10.558673858642578,244321.01624298096,11090.203791618347
1078,90.88429260253906,10.975384712219238,244411.9005355835,11101.179176330566
1079,128.9745635986328,10.802809715270996,244540.87509918213,11111.981986045837
1080,108.97413635253906,10.753621101379395,244649.84923553467,11122.735607147217
1081,92.2364730834961,10.552973747253418,244742.08570861816,11133.28858089447
1082,153.9952850341797,10.86131477355957,244896.08099365234,11144.14989566803
1083,91.88067626953125,10.34587287902832,244987.96166992188,11154.495768547058
1084,95.7723388671875,10.24593448638916,245083.73400878906,11164.741703033447
1085,104.49575805664062,10.750713348388672,245188.2297668457,11175.492416381836
1086,130.35919189453125,10.652812957763672,245318.58895874023,11186.1452293396
1087,96.44819641113281,10.630961418151855,245415.03715515137,11196.776190757751
1088,156.05264282226562,11.399693489074707,245571.08979797363,11208.175884246826
1089,126.253662109375,10.768051147460938,245697.343460083,11218.943935394287
1090,104.83026123046875,10.459542274475098,245802.17372131348,11229.403477668762
1091,141.2563018798828,10.256153106689453,245943.43002319336,11239.659630775452
1092,173.32102966308594,10.09793472290039,246116.75105285645,11249.757565498352
1093,131.6805419921875,10.83631706237793,246248.43159484863,11260.59388256073
1094,73.73728942871094,10.295571327209473,246322.16888427734,11270.88945388794
1095,122.4175796508789,10.768385887145996,246444.58646392822,11281.657839775085
1096,107.32109832763672,10.710856437683105,246551.90756225586,11292.368696212769
1097,79.52128601074219,10.621564865112305,246631.4288482666,11302.99026107788
1098,100.94921112060547,10.423038482666016,246732.3780593872,11313.413299560547
1099,120.5007095336914,10.715591430664062,246852.8787689209,11324.128890991211
1100,85.83679962158203,10.750656127929688,246938.71556854248,11334.87954711914
1101,109.9889144897461,10.448275566101074,247048.70448303223,11345.327822685242
1102,78.1107177734375,10.627852439880371,247126.81520080566,11355.955675125122
1103,102.22418212890625,10.708939552307129,247229.03938293457,11366.66461467743
1104,93.22074890136719,10.254485130310059,247322.26013183594,11376.91909980774
1105,139.16876220703125,11.212756156921387,247461.42889404297,11388.13185596466
1106,112.82913970947266,10.638715744018555,247574.25803375244,11398.77057170868
1107,103.8034439086914,10.51861572265625,247678.06147766113,11409.289187431335
1108,138.76510620117188,10.96031665802002,247816.8265838623,11420.249504089355
1109,150.68978881835938,11.479242324829102,247967.51637268066,11431.728746414185
1110,152.58331298828125,10.887136459350586,248120.09968566895,11442.615882873535
1111,99.7815933227539,10.968561172485352,248219.8812789917,11453.58444404602
1112,91.34222412109375,10.79137897491455,248311.2235031128,11464.375823020935
1113,127.33184051513672,10.828536987304688,248438.55534362793,11475.20436000824
1114,138.465087890625,9.9060697555542,248577.02043151855,11485.110429763794
1115,137.26060485839844,11.106568336486816,248714.28103637695,11496.21699810028
1116,80.99415588378906,10.275047302246094,248795.27519226074,11506.492045402527
1117,112.55155944824219,10.985528945922852,248907.82675170898,11517.47757434845
1118,84.20425415039062,10.754302024841309,248992.03100585938,11528.231876373291
1119,123.47117614746094,10.640764236450195,249115.50218200684,11538.872640609741
1120,139.6114501953125,11.016188621520996,249255.11363220215,11549.888829231262
1121,135.41607666015625,10.6376371383667,249390.5297088623,11560.526466369629
1122,90.91410827636719,10.271562576293945,249481.44381713867,11570.798028945923
1123,104.31849670410156,10.945592880249023,249585.76231384277,11581.743621826172
1124,108.47421264648438,10.512409210205078,249694.23652648926,11592.256031036377
1125,87.92979431152344,10.676461219787598,249782.16632080078,11602.932492256165
1126,124.64835357666016,10.856488227844238,249906.81467437744,11613.788980484009
1127,108.70018005371094,10.598352432250977,250015.51485443115,11624.38733291626
1128,112.64187622070312,10.626445770263672,250128.15673065186,11635.013778686523
1129,74.66989135742188,10.817537307739258,250202.82662200928,11645.831315994263
1130,125.28736877441406,10.92851448059082,250328.1139907837,11656.759830474854
1131,101.60336303710938,11.1082763671875,250429.7173538208,11667.868106842041
1132,118.04891967773438,10.924952507019043,250547.76627349854,11678.79305934906
1133,127.02757263183594,11.023199081420898,250674.79384613037,11689.816258430481
1134,109.58175659179688,10.687728881835938,250784.37560272217,11700.503987312317
1135,81.06452941894531,10.808704376220703,250865.4401321411,11711.312691688538
1136,148.71173095703125,10.468466758728027,251014.15186309814,11721.781158447266
1137,102.422607421875,10.465620994567871,251116.57447052002,11732.246779441833
1138,69.44993591308594,10.246255874633789,251186.0244064331,11742.493035316467
1139,70.86691284179688,10.421016693115234,251256.8913192749,11752.914052009583
1140,122.81938934326172,10.778417587280273,251379.71070861816,11763.692469596863
1141,102.85675048828125,10.951285362243652,251482.56745910645,11774.643754959106
1142,105.22240447998047,10.840523719787598,251587.78986358643,11785.484278678894
1143,135.83889770507812,11.313966751098633,251723.6287612915,11796.798245429993
1144,108.86518859863281,10.901917457580566,251832.49394989014,11807.700162887573
1145,144.39329528808594,10.692511558532715,251976.88724517822,11818.392674446106
1146,121.14937591552734,10.360699653625488,252098.03662109375,11828.753374099731
1147,169.5362548828125,11.65245532989502,252267.57287597656,11840.405829429626
1148,99.09251403808594,10.427823066711426,252366.66539001465,11850.833652496338
1149,145.40628051757812,10.264673233032227,252512.07167053223,11861.09832572937
1150,138.33998107910156,10.958043098449707,252650.41165161133,11872.05636882782
1151,117.85306549072266,11.196208953857422,252768.26471710205,11883.252577781677
1152,99.74253845214844,10.916335105895996,252868.0072555542,11894.168912887573
1153,109.8133316040039,10.570775032043457,252977.8205871582,11904.739687919617
1154,112.01826477050781,10.71936321258545,253089.8388519287,11915.459051132202
1155,65.94964599609375,10.280060768127441,253155.7884979248,11925.73911190033
1156,125.72897338867188,10.656668663024902,253281.51747131348,11936.395780563354
1157,77.45130920410156,10.943025588989258,253358.96878051758,11947.338806152344
1158,101.89727783203125,10.623270034790039,253460.8660583496,11957.962076187134
1159,53.820655822753906,10.51326847076416,253514.68671417236,11968.475344657898
1160,126.61170959472656,10.946022033691406,253641.2984237671,11979.42136669159
1161,85.07361602783203,10.378006935119629,253726.37203979492,11989.799373626709
1162,90.8963623046875,10.542500495910645,253817.2684020996,12000.34187412262
1163,100.27782440185547,10.567571640014648,253917.54622650146,12010.909445762634
1164,115.92263793945312,10.885921478271484,254033.46886444092,12021.795367240906
1165,105.67098236083984,10.905447006225586,254139.13984680176,12032.700814247131
1166,137.21749877929688,10.891988754272461,254276.35734558105,12043.592803001404
1167,104.78175354003906,10.968456268310547,254381.1390991211,12054.561259269714
1168,102.52194213867188,10.5635347366333,254483.66104125977,12065.124794006348
1169,94.51200866699219,10.97635555267334,254578.17304992676,12076.101149559021
1170,120.56587219238281,10.752240180969238,254698.73892211914,12086.85338973999
1171,107.31524658203125,10.691263198852539,254806.05416870117,12097.544652938843
1172,107.74188995361328,10.761040687561035,254913.79605865479,12108.305693626404
1173,146.47308349609375,10.495515823364258,255060.26914215088,12118.801209449768
1174,72.42326354980469,10.340518951416016,255132.69240570068,12129.141728401184
1175,110.91751098632812,10.442054748535156,255243.609916687,12139.58378314972
1176,131.87289428710938,10.914938926696777,255375.48281097412,12150.498722076416
1177,111.88485717773438,10.596434593200684,255487.36766815186,12161.095156669617
1178,116.94610595703125,10.649613380432129,255604.3137741089,12171.744770050049
1179,134.401611328125,10.769111633300781,255738.715385437,12182.51388168335
1180,110.06260681152344,11.130741119384766,255848.77799224854,12193.644622802734
1181,87.82485961914062,10.608209609985352,255936.60285186768,12204.25283241272
1182,102.0749740600586,10.691821098327637,256038.67782592773,12214.944653511047
1183,113.78666687011719,10.916749000549316,256152.46449279785,12225.861402511597
1184,119.27740478515625,10.571720123291016,256271.741897583,12236.433122634888
1185,121.54534912109375,10.834334373474121,256393.2872467041,12247.267457008362
1186,108.40837860107422,10.556706428527832,256501.69562530518,12257.82416343689
1187,101.53597259521484,10.47993278503418,256603.2315979004,12268.304096221924
1188,96.22270202636719,10.740898132324219,256699.45429992676,12279.044994354248
1189,102.72288513183594,10.292295455932617,256802.1771850586,12289.33728981018
1190,116.13179779052734,11.232882499694824,256918.30898284912,12300.570172309875
1191,117.32737731933594,10.970444679260254,257035.63636016846,12311.540616989136
1192,95.37017822265625,10.494380950927734,257131.0065383911,12322.034997940063
1193,101.7623291015625,10.948073387145996,257232.76886749268,12332.98307132721
1194,141.36257934570312,11.154802322387695,257374.13144683838,12344.137873649597
1195,123.96043395996094,11.14942741394043,257498.09188079834,12355.287301063538
1196,104.01045227050781,8.88571548461914,257602.10233306885,12364.173016548157
1197,85.91378784179688,10.763147354125977,257688.01612091064,12374.936163902283
1198,105.25111389160156,10.623870849609375,257793.26723480225,12385.560034751892
1199,100.95089721679688,10.804364204406738,257894.21813201904,12396.364398956299
1200,143.976318359375,10.85076904296875,258038.19445037842,12407.215167999268
1201,97.77445983886719,10.80793285369873,258135.96891021729,12418.023100852966
1202,76.68797302246094,10.826766967773438,258212.65688323975,12428.84986782074
1203,81.39476013183594,10.589886665344238,258294.05164337158,12439.439754486084
1204,102.48450469970703,10.666630744934082,258396.5361480713,12450.106385231018
1205,69.41062927246094,10.745956420898438,258465.94677734375,12460.852341651917
1206,107.3714370727539,10.71230411529541,258573.3182144165,12471.564645767212
1207,107.52488708496094,11.083111763000488,258680.84310150146,12482.647757530212
1208,112.0088119506836,10.972696304321289,258792.85191345215,12493.620453834534
1209,114.947998046875,10.706536293029785,258907.79991149902,12504.326990127563
1210,120.93617248535156,10.716778755187988,259028.73608398438,12515.043768882751
1211,120.29365539550781,10.576554298400879,259149.02973937988,12525.620323181152
1212,132.86737060546875,11.094566345214844,259281.89710998535,12536.714889526367
1213,109.59767150878906,10.849952697753906,259391.49478149414,12547.564842224121
1214,95.86074829101562,10.930208206176758,259487.35552978516,12558.495050430298
1215,91.10401916503906,10.35834789276123,259578.4595489502,12568.853398323059
1216,106.56741333007812,10.743475914001465,259685.02696228027,12579.59687423706
1217,118.60166931152344,10.151488304138184,259803.6286315918,12589.748362541199
1218,178.4375762939453,11.867063522338867,259982.06620788574,12601.615426063538
1219,100.94121551513672,10.452926635742188,260083.00742340088,12612.06835269928
1220,114.91987609863281,10.703836441040039,260197.9272994995,12622.77218914032
1221,106.38327026367188,10.472930908203125,260304.31056976318,12633.245120048523
1222,129.7984619140625,10.629276275634766,260434.10903167725,12643.874396324158
1223,66.19038391113281,10.01906681060791,260500.29941558838,12653.893463134766
1224,121.34477996826172,10.856739044189453,260621.64419555664,12664.750202178955
1225,102.82118225097656,11.025083541870117,260724.46537780762,12675.775285720825
1226,124.52467346191406,10.653250694274902,260848.99005126953,12686.4285364151
1227,118.83879089355469,11.037068367004395,260967.8288421631,12697.465604782104
1228,93.48703002929688,10.760698318481445,261061.31587219238,12708.226303100586
1229,90.77456665039062,10.498120307922363,261152.09043884277,12718.724423408508
1230,105.56668090820312,11.091262817382812,261257.65711975098,12729.815686225891
1231,136.81326293945312,10.49809455871582,261394.47038269043,12740.313780784607
1232,108.63143920898438,10.90163516998291,261503.1018218994,12751.21541595459
1233,153.998779296875,10.413333892822266,261657.1006011963,12761.628749847412
1234,105.20204162597656,10.688835144042969,261762.30264282227,12772.317584991455
1235,123.56361389160156,10.809358596801758,261885.86625671387,12783.126943588257
1236,82.26107025146484,10.381915092468262,261968.12732696533,12793.508858680725
1237,91.8542251586914,10.780911445617676,262059.98155212402,12804.289770126343
1238,105.29169464111328,10.780623435974121,262165.27324676514,12815.070393562317
1239,160.6116943359375,10.585770606994629,262325.8849411011,12825.656164169312
1240,111.908935546875,11.28421401977539,262437.79387664795,12836.940378189087
1241,112.92376708984375,10.346942901611328,262550.7176437378,12847.287321090698
1242,99.1875,10.847209930419922,262649.9051437378,12858.134531021118
1243,62.16776657104492,10.2798433303833,262712.07291030884,12868.414374351501
1244,107.59358978271484,11.160218238830566,262819.66650009155,12879.574592590332
1245,119.01956176757812,10.63559627532959,262938.68606185913,12890.210188865662
1246,115.07560729980469,10.889299392700195,263053.76166915894,12901.099488258362
1247,66.79680633544922,10.624601364135742,263120.5584754944,12911.724089622498
1248,83.25340270996094,10.8243408203125,263203.81187820435,12922.54843044281
1249,142.4711456298828,10.84105396270752,263346.2830238342,12933.389484405518
1250,85.04359436035156,10.567323684692383,263431.3266181946,12943.95680809021
1251,92.51469421386719,10.800107955932617,263523.84131240845,12954.756916046143
1252,84.42256164550781,10.912066459655762,263608.26387405396,12965.668982505798
1253,113.612548828125,10.899245262145996,263721.8764228821,12976.568227767944
1254,141.17095947265625,10.856244087219238,263863.04738235474,12987.424471855164
1255,115.45526123046875,11.22923469543457,263978.5026435852,12998.653706550598
1256,108.95915222167969,10.759905815124512,264087.4617958069,13009.413612365723
1257,124.46595764160156,10.494913101196289,264211.9277534485,13019.908525466919
1258,104.87458801269531,11.059898376464844,264316.8023414612,13030.968423843384
1259,143.03152465820312,11.06319808959961,264459.8338661194,13042.031621932983
1260,82.38505554199219,10.847696304321289,264542.2189216614,13052.879318237305
1261,93.36941528320312,10.545522689819336,264635.5883369446,13063.424840927124
1262,120.44669342041016,11.049026489257812,264756.035030365,13074.473867416382
1263,101.32997131347656,10.828841209411621,264857.36500167847,13085.302708625793
1264,109.23033142089844,10.904868125915527,264966.59533309937,13096.207576751709
1265,114.47160339355469,10.959442138671875,265081.0669364929,13107.16701889038
1266,108.3580551147461,10.911307334899902,265189.42499160767,13118.07832622528
1267,116.08159637451172,10.84001636505127,265305.5065879822,13128.918342590332
1268,104.94361877441406,11.083292961120605,265410.4502067566,13140.001635551453
1269,105.61173248291016,11.03842544555664,265516.0619392395,13151.04006099701
1270,108.93643188476562,10.461201667785645,265624.99837112427,13161.501262664795
1271,122.48052978515625,10.387236595153809,265747.4789009094,13171.888499259949
1272,139.03953552246094,10.832561492919922,265886.5184364319,13182.721060752869
1273,101.18450927734375,10.793068885803223,265987.7029457092,13193.514129638672
1274,129.86279296875,10.52208423614502,266117.565738678,13204.036213874817
1275,118.21630859375,10.460026741027832,266235.7820472717,13214.496240615845
1276,119.99085998535156,10.670398712158203,266355.7729072571,13225.166639328003
1277,101.34505462646484,10.637066841125488,266457.11796188354,13235.803706169128
1278,83.9888687133789,11.101103782653809,266541.1068305969,13246.904809951782
1279,72.66273498535156,11.183381080627441,266613.7695655823,13258.08819103241
1280,85.0572509765625,10.684081077575684,266698.82681655884,13268.772272109985
1281,107.19509887695312,11.026505470275879,266806.0219154358,13279.798777580261
1282,114.1559066772461,10.616790771484375,266920.17782211304,13290.415568351746
1283,84.64399719238281,10.852082252502441,267004.8218193054,13301.267650604248
1284,119.36212158203125,11.019430160522461,267124.18394088745,13312.28708076477
1285,108.03102111816406,10.88729476928711,267232.2149620056,13323.174375534058
1286,75.75533294677734,10.345244407653809,267307.9702949524,13333.519619941711
1287,82.3952407836914,10.185683250427246,267390.3655357361,13343.705303192139
1288,46.806556701660156,10.024833679199219,267437.17209243774,13353.730136871338
1289,141.19252014160156,10.630776405334473,267578.36461257935,13364.360913276672
1290,105.27046203613281,10.965774536132812,267683.6350746155,13375.326687812805
1291,107.3439712524414,10.785008430480957,267790.9790458679,13386.111696243286
1292,107.07136535644531,11.017868995666504,267898.05041122437,13397.129565238953
1293,80.29127502441406,10.845629692077637,267978.3416862488,13407.97519493103
1294,115.37467956542969,11.108222007751465,268093.7163658142,13419.083416938782
1295,172.38299560546875,10.465085983276367,268266.0993614197,13429.548502922058
1296,78.85662078857422,11.134238243103027,268344.95598220825,13440.682741165161
1297,101.65895080566406,10.992968559265137,268446.6149330139,13451.675709724426
1298,100.79449462890625,10.76452350616455,268547.4094276428,13462.44023323059
1299,96.66092681884766,11.012016296386719,268644.07035446167,13473.452249526978
1300,65.80516052246094,10.601245880126953,268709.87551498413,13484.053495407104
1301,97.06321716308594,10.391780853271484,268806.9387321472,13494.445276260376
1302,103.78862762451172,10.631206512451172,268910.7273597717,13505.076482772827
1303,99.20864868164062,10.735280990600586,269009.93600845337,13515.811763763428
1304,143.75335693359375,10.917232513427734,269153.68936538696,13526.728996276855
1305,100.35173034667969,10.670502662658691,269254.04109573364,13537.399498939514
1306,95.47488403320312,10.853473663330078,269349.51597976685,13548.252972602844
1307,105.36842346191406,10.680049896240234,269454.88440322876,13558.933022499084
1308,104.28594207763672,11.188021659851074,269559.1703453064,13570.121044158936
1309,102.88220977783203,10.889071464538574,269662.0525550842,13581.010115623474
1310,123.9378662109375,10.800214767456055,269785.99042129517,13591.81033039093
1311,75.16814422607422,10.935857772827148,269861.15856552124,13602.746188163757
1312,117.29668426513672,10.880058288574219,269978.4552497864,13613.626246452332
1313,99.16932678222656,11.384907722473145,270077.6245765686,13625.011154174805
1314,104.60526275634766,11.100510597229004,270182.22983932495,13636.111664772034
1315,104.26020812988281,10.948365211486816,270286.49004745483,13647.06002998352
1316,100.50131225585938,10.965471267700195,270386.9913597107,13658.02550125122
1317,109.1356430053711,10.853991508483887,270496.12700271606,13668.879492759705
1318,77.0735855102539,10.582735061645508,270573.2005882263,13679.46222782135
1319,69.60910034179688,10.658136367797852,270642.8096885681,13690.120364189148
1320,136.24710083007812,10.626372337341309,270779.0567893982,13700.74673652649
1321,113.37049865722656,10.498719215393066,270892.4272880554,13711.245455741882
1322,108.86396789550781,10.611259460449219,271001.2912559509,13721.856715202332
1323,78.95484161376953,11.359498023986816,271080.2460975647,13733.216213226318
1324,142.62161254882812,10.735727310180664,271222.8677101135,13743.951940536499
1325,117.75410461425781,10.72187328338623,271340.6218147278,13754.673813819885
1326,80.64663696289062,11.104455947875977,271421.2684516907,13765.778269767761
1327,105.23091125488281,10.892388343811035,271526.49936294556,13776.670658111572
1328,97.10332489013672,10.428760528564453,271623.6026878357,13787.099418640137
1329,135.66152954101562,11.202227592468262,271759.2642173767,13798.301646232605
1330,99.35912322998047,10.980133056640625,271858.6233406067,13809.281779289246
1331,123.25361633300781,11.025588989257812,271981.8769569397,13820.307368278503
1332,119.30184936523438,11.002020835876465,272101.17880630493,13831.30938911438
1333,77.92581176757812,10.946282386779785,272179.1046180725,13842.25567150116
1334,76.60870361328125,10.885359764099121,272255.7133216858,13853.141031265259
1335,83.16949462890625,10.594127655029297,272338.8828163147,13863.735158920288
1336,122.92640686035156,10.723895072937012,272461.80922317505,13874.459053993225
1337,131.53628540039062,10.899384498596191,272593.34550857544,13885.358438491821
1338,91.26438903808594,10.877705574035645,272684.6098976135,13896.236144065857
1339,72.6194076538086,10.589734077453613,272757.22930526733,13906.82587814331
1340,104.33804321289062,10.747194290161133,272861.5673484802,13917.573072433472
1341,104.21757507324219,10.712174415588379,272965.78492355347,13928.28524684906
1342,80.66056823730469,10.62806224822998,273046.4454917908,13938.91330909729
1343,104.08102416992188,10.716708183288574,273150.5265159607,13949.630017280579
1344,91.27064514160156,10.950654029846191,273241.7971611023,13960.580671310425
1345,119.46730041503906,10.687076568603516,273361.26446151733,13971.267747879028
1346,132.04119873046875,11.271699905395508,273493.3056602478,13982.539447784424
1347,88.70148468017578,10.833996772766113,273582.007144928,13993.37344455719
1348,85.33226013183594,10.773974418640137,273667.3394050598,14004.14741897583
1349,111.79275512695312,10.503600120544434,273779.13216018677,14014.651019096375
1350,72.02914428710938,10.659253120422363,273851.1613044739,14025.310272216797
1351,125.51100158691406,10.763969421386719,273976.6723060608,14036.074241638184
1352,116.86119079589844,10.874606132507324,274093.5334968567,14046.948847770691
1353,103.79842376708984,10.873045921325684,274197.3319206238,14057.821893692017
1354,64.28097534179688,10.116232872009277,274261.6128959656,14067.938126564026
1355,83.10720825195312,10.981032371520996,274344.72010421753,14078.919158935547
1356,107.39874267578125,10.709457397460938,274452.1188468933,14089.628616333008
1357,172.38177490234375,10.405301094055176,274624.50062179565,14100.033917427063
1358,91.9925537109375,10.62053108215332,274716.4931755066,14110.654448509216
1359,112.41057586669922,10.991508483886719,274828.9037513733,14121.645956993103
1360,58.48158645629883,10.256030082702637,274887.3853378296,14131.901987075806
1361,86.25288391113281,11.07055377960205,274973.6382217407,14142.972540855408
1362,99.46261596679688,10.686062812805176,275073.1008377075,14153.658603668213
1363,95.33255004882812,10.74761962890625,275168.43338775635,14164.40622329712
1364,84.34832763671875,10.162985801696777,275252.78171539307,14174.569209098816
1365,79.24845886230469,10.76636028289795,275332.0301742554,14185.335569381714
1366,121.96178436279297,10.606600761413574,275453.99195861816,14195.942170143127
1367,80.43067169189453,10.805100440979004,275534.42263031006,14206.747270584106
1368,126.85950469970703,10.90997314453125,275661.28213500977,14217.657243728638
1369,96.90428161621094,10.7283353805542,275758.186416626,14228.385579109192
1370,96.17501831054688,10.603516578674316,275854.3614349365,14238.989095687866
1371,117.27669525146484,10.667939186096191,275971.638130188,14249.657034873962
1372,74.27043151855469,10.539243698120117,276045.90856170654,14260.196278572083
1373,95.55056762695312,10.440333366394043,276141.4591293335,14270.636611938477
1374,113.65675354003906,10.300504684448242,276255.11588287354,14280.937116622925
1375,103.30809020996094,10.874165534973145,276358.4239730835,14291.811282157898
1376,97.90091705322266,10.186882019042969,276456.3248901367,14301.998164176941
1377,93.67050170898438,11.020974159240723,276549.9953918457,14313.019138336182
1378,115.59336853027344,10.918695449829102,276665.588760376,14323.93783378601
1379,96.55467987060547,11.268832206726074,276762.1434402466,14335.206665992737
1380,150.8468017578125,11.236377716064453,276912.9902420044,14346.443043708801
1381,117.29660034179688,10.95567512512207,277030.2868423462,14357.398718833923
1382,116.73590087890625,11.040431022644043,277147.0227432251,14368.439149856567
1383,114.91360473632812,11.047076225280762,277261.9363479614,14379.486226081848
1384,133.94288635253906,10.226473808288574,277395.87923431396,14389.712699890137
1385,107.57418823242188,10.737905502319336,277503.4534225464,14400.450605392456
1386,73.62944030761719,10.57172966003418,277577.082862854,14411.02233505249
1387,90.8292236328125,11.072394371032715,277667.9120864868,14422.094729423523
1388,78.90319061279297,10.907350540161133,277746.8152770996,14433.002079963684
1389,114.21125793457031,10.472017288208008,277861.0265350342,14443.474097251892
1390,107.96290588378906,10.61683464050293,277968.98944091797,14454.090931892395
1391,109.55622863769531,10.597474098205566,278078.54566955566,14464.6884059906
1392,116.85301208496094,10.66460132598877,278195.3986816406,14475.35300731659
1393,79.54385375976562,10.599811553955078,278274.9425354004,14485.952818870544
1394,120.58282470703125,11.165963172912598,278395.5253601074,14497.118782043457
1395,98.50670623779297,10.818910598754883,278494.0320663452,14507.937692642212
1396,93.5542984008789,10.7866849899292,278587.5863647461,14518.724377632141
1397,114.38807678222656,11.200164794921875,278701.9744415283,14529.924542427063
1398,114.75492858886719,11.130620002746582,278816.7293701172,14541.05516242981
1399,127.7530517578125,10.77105712890625,278944.482421875,14551.826219558716
1400,105.13551330566406,10.614627838134766,279049.61793518066,14562.44084739685
1401,115.11640930175781,10.630349159240723,279164.7343444824,14573.071196556091
1402,97.22694396972656,11.078600883483887,279261.96128845215,14584.149797439575
1403,71.04963684082031,10.53489875793457,279333.01092529297,14594.68469619751
1404,72.37409210205078,10.517495155334473,279405.385017395,14605.202191352844
1405,109.10350036621094,10.81918716430664,279514.48851776123,14616.02137851715
1406,98.7682113647461,10.807160377502441,279613.256729126,14626.828538894653
1407,97.61392211914062,10.76124095916748,279710.8706512451,14637.58977985382
1408,128.17782592773438,10.731524467468262,279839.04847717285,14648.321304321289
1409,112.68673706054688,10.711685180664062,279951.7352142334,14659.032989501953
1410,103.80480194091797,11.388635635375977,280055.5400161743,14670.42162513733
1411,115.47710418701172,11.23830509185791,280171.0171203613,14681.659930229187
1412,92.86480712890625,10.67568588256836,280263.88192749023,14692.335616111755
1413,86.65169525146484,10.439510345458984,280350.5336227417,14702.775126457214
1414,123.29071044921875,11.08638858795166,280473.8243331909,14713.861515045166
1415,101.65531921386719,10.927021026611328,280575.4796524048,14724.788536071777
1416,70.03549194335938,10.476305961608887,280645.51514434814,14735.264842033386
1417,118.17251586914062,11.559935569763184,280763.6876602173,14746.82477760315
1418,86.48687744140625,10.583147048950195,280850.1745376587,14757.4079246521
1419,76.681884765625,10.12179946899414,280926.8564224243,14767.529724121094
1420,107.35494995117188,10.868768692016602,281034.2113723755,14778.39849281311
1421,103.10621643066406,10.444636344909668,281137.31758880615,14788.84312915802
1422,81.15522766113281,10.6361665725708,281218.4728164673,14799.47929573059
1423,117.93730163574219,10.47199535369873,281336.410118103,14809.95129108429
1424,104.61909484863281,10.769859313964844,281441.02921295166,14820.721150398254
1425,89.73707580566406,10.551566123962402,281530.7662887573,14831.272716522217
1426,79.93339538574219,10.772283554077148,281610.69968414307,14842.045000076294
1427,103.56537628173828,10.490585327148438,281714.2650604248,14852.535585403442
1428,85.30410766601562,10.664956092834473,281799.5691680908,14863.200541496277
1429,121.73818969726562,11.734661102294922,281921.3073577881,14874.935202598572
1430,130.85000610351562,11.359878540039062,282052.1573638916,14886.29508113861
1431,105.95687103271484,11.167011260986328,282158.1142349243,14897.462092399597
1432,90.2677001953125,10.401650428771973,282248.3819351196,14907.86374282837
1433,93.17208862304688,10.786603927612305,282341.5540237427,14918.650346755981
1434,103.13017272949219,11.089032173156738,282444.68419647217,14929.739378929138
1435,107.208740234375,10.808384895324707,282551.89293670654,14940.547763824463
1436,114.2060317993164,10.861681938171387,282666.09896850586,14951.409445762634
1437,74.52957916259766,10.850406646728516,282740.62854766846,14962.259852409363
1438,85.46528625488281,10.170943260192871,282826.09383392334,14972.430795669556
1439,104.1661605834961,11.01689624786377,282930.25999450684,14983.44769191742
1440,81.13274383544922,10.936075210571289,283011.3927383423,14994.38376712799
1441,111.49882507324219,10.869569778442383,283122.8915634155,15005.253336906433
1442,106.88301849365234,10.51231575012207,283229.7745819092,15015.765652656555
1443,112.43373107910156,10.647388458251953,283342.2083129883,15026.413041114807
1444,81.38179016113281,10.652909278869629,283423.5901031494,15037.065950393677
1445,108.19637298583984,11.166420936584473,283531.78647613525,15048.232371330261
1446,103.94004821777344,10.659509658813477,283635.726524353,15058.891880989075
1447,125.57496643066406,10.308940887451172,283761.3014907837,15069.200821876526
1448,66.7320327758789,10.748584747314453,283828.03352355957,15079.94940662384
1449,121.99307250976562,10.977033615112305,283950.02659606934,15090.926440238953
1450,90.7867431640625,11.045886993408203,284040.8133392334,15101.97232723236
1451,84.58201599121094,10.895294189453125,284125.3953552246,15112.867621421814
1452,93.52816772460938,11.092470169067383,284218.9235229492,15123.960091590881
1453,98.25048828125,10.564949989318848,284317.17401123047,15134.5250415802
1454,104.82621765136719,10.157506942749023,284422.00022888184,15144.68254852295
1455,93.50624084472656,10.752259254455566,284515.50646972656,15155.434807777405
1456,93.82344818115234,10.830842971801758,284609.3299179077,15166.265650749207
1457,58.830326080322266,10.926288604736328,284668.16024398804,15177.191939353943
1458,85.24295043945312,10.621684074401855,284753.4031944275,15187.813623428345
1459,121.29683685302734,10.894503593444824,284874.7000312805,15198.70812702179
1460,77.65724182128906,11.042640686035156,284952.3572731018,15209.750767707825
1461,90.50072479248047,11.053367614746094,285042.8579978943,15220.80413532257
1462,96.95590209960938,10.42122745513916,285139.8138999939,15231.22536277771
1463,95.92117309570312,10.637673377990723,285235.7350730896,15241.8630361557
1464,100.09967803955078,11.194178581237793,285335.83475112915,15253.057214736938
1465,71.79296875,10.627367973327637,285407.62771987915,15263.684582710266
1466,97.4078369140625,10.283692359924316,285505.0355567932,15273.96827507019
1467,78.14330291748047,10.651094436645508,285583.1788597107,15284.619369506836
1468,99.74962615966797,10.93814468383789,285682.92848587036,15295.557514190674
1469,66.67719268798828,11.10391616821289,285749.60567855835,15306.661430358887
1470,97.0330810546875,11.063319206237793,285846.63875961304,15317.724749565125
1471,98.22819519042969,10.808310508728027,285944.86695480347,15328.533060073853
1472,45.8459587097168,10.099631309509277,285990.7129135132,15338.632691383362
1473,110.2869644165039,10.606465339660645,286100.9998779297,15349.239156723022
1474,91.85890197753906,10.696812629699707,286192.8587799072,15359.935969352722
1475,114.2287368774414,10.96912670135498,286307.08751678467,15370.905096054077
1476,93.83991241455078,10.949026107788086,286400.9274291992,15381.854122161865
1477,118.08140563964844,10.873830795288086,286519.00883483887,15392.727952957153
1478,79.5422592163086,10.680367469787598,286598.5510940552,15403.408320426941
1479,45.62575149536133,10.504603385925293,286644.17684555054,15413.912923812866
1480,92.17938232421875,10.93340015411377,286736.35622787476,15424.84632396698
1481,81.76908874511719,11.034012794494629,286818.1253166199,15435.880336761475
1482,129.0295867919922,10.972262382507324,286947.15490341187,15446.852599143982
1483,65.85549926757812,10.97702693939209,287013.01040267944,15457.829626083374
1484,95.05805969238281,11.118295669555664,287108.0684623718,15468.94792175293
1485,81.84547424316406,11.030560493469238,287189.913936615,15479.978482246399
1486,119.79714965820312,10.79033374786377,287309.7110862732,15490.768815994263
1487,107.21481323242188,10.9329833984375,287416.9258995056,15501.7017993927
1488,77.43843078613281,10.86437702178955,287494.36433029175,15512.56617641449
1489,110.06529998779297,10.866405487060547,287604.42963027954,15523.43258190155
1490,120.69690704345703,10.861462593078613,287725.126537323,15534.294044494629
1491,130.30101013183594,11.314339637756348,287855.42754745483,15545.608384132385
1492,114.92244720458984,10.756187438964844,287970.3499946594,15556.36457157135
1493,50.624916076660156,10.340259552001953,288020.9749107361,15566.704831123352
1494,85.58914184570312,10.43669605255127,288106.5640525818,15577.141527175903
1495,113.36581420898438,10.767695426940918,288219.9298667908,15587.909222602844
1496,84.92288208007812,11.51595687866211,288304.85274887085,15599.425179481506
1497,93.68360900878906,10.722472190856934,288398.53635787964,15610.147651672363
1498,87.69001007080078,11.205201148986816,288486.22636795044,15621.35285282135
1499,86.70988464355469,10.84570598602295,288572.936252594,15632.198558807373
1500,116.16963958740234,11.097809791564941,288689.1058921814,15643.296368598938
1501,100.69949340820312,11.155668258666992,288789.8053855896,15654.452036857605
1502,107.84402465820312,10.880385398864746,288897.6494102478,15665.33242225647
1503,98.51841735839844,10.603515625,288996.1678276062,15675.93593788147
1504,79.01290130615234,10.752618789672852,289075.18072891235,15686.688556671143
1505,111.49943542480469,10.917369842529297,289186.68016433716,15697.605926513672
1506,81.51097106933594,10.35632038116455,289268.1911354065,15707.962246894836
1507,114.44121551513672,10.7534818649292,289382.63235092163,15718.715728759766
1508,106.59425354003906,11.236063003540039,289489.22660446167,15729.951791763306
1509,65.90095520019531,10.515177726745605,289555.12755966187,15740.466969490051
1510,113.2750244140625,10.51480484008789,289668.4025840759,15750.98177433014
1511,84.55957794189453,10.819138526916504,289752.9621620178,15761.800912857056
1512,88.911376953125,10.32414436340332,289841.87353897095,15772.125057220459
1513,106.79682922363281,10.770816802978516,289948.6703681946,15782.895874023438
1514,54.44157409667969,10.534956932067871,290003.11194229126,15793.430830955505
1515,104.2760009765625,10.711832046508789,290107.3879432678,15804.142663002014
1516,87.7267074584961,10.681994438171387,290195.1146507263,15814.824657440186
1517,93.09269714355469,10.90968132019043,290288.2073478699,15825.734338760376
1518,93.47389221191406,11.181197166442871,290381.6812400818,15836.915535926819
1519,74.7143783569336,10.493139266967773,290456.3956184387,15847.408675193787
1520,81.63227081298828,10.873079299926758,290538.0278892517,15858.281754493713
1521,118.60491943359375,10.897934913635254,290656.6328086853,15869.179689407349
1522,90.65753936767578,11.576741218566895,290747.290348053,15880.756430625916
1523,102.55357360839844,11.030075073242188,290849.8439216614,15891.786505699158
1524,63.044403076171875,10.061690330505371,290912.88832473755,15901.848196029663
1525,106.63111877441406,10.863118171691895,291019.51944351196,15912.711314201355
1526,100.00332641601562,10.80695629119873,291119.522769928,15923.518270492554
1527,71.64753723144531,10.415409088134766,291191.1703071594,15933.933679580688
1528,89.89305114746094,11.263692855834961,291281.0633583069,15945.197372436523
1529,71.35450744628906,10.773578643798828,291352.4178657532,15955.970951080322
1530,100.67573547363281,10.788150787353516,291453.0936012268,15966.759101867676
1531,117.0149154663086,10.825057029724121,291570.1085166931,15977.5841588974
1532,100.197265625,10.955041885375977,291670.3057823181,15988.539200782776
1533,122.07203674316406,10.882878303527832,291792.3778190613,15999.422079086304
1534,100.32698822021484,10.257633209228516,291892.7048072815,16009.679712295532
1535,83.01985168457031,10.678808212280273,291975.72465896606,16020.358520507812
1536,115.11918640136719,10.965019226074219,292090.84384536743,16031.323539733887
1537,115.39785766601562,10.970699310302734,292206.24170303345,16042.29423904419
1538,97.44715881347656,10.95969295501709,292303.6888618469,16053.253931999207
1539,87.36466217041016,10.418475151062012,292391.05352401733,16063.672407150269
1540,70.42372131347656,10.812530517578125,292461.4772453308,16074.484937667847
1541,70.033935546875,10.564756393432617,292531.5111808777,16085.04969406128
1542,126.73350524902344,11.207447052001953,292658.2446861267,16096.257141113281
1543,102.68321990966797,10.927526473999023,292760.9279060364,16107.18466758728
1544,112.04449462890625,10.830713272094727,292872.9724006653,16118.015380859375
1545,75.51872253417969,10.849488258361816,292948.49112319946,16128.864869117737
1546,113.86839294433594,10.421403884887695,293062.3595161438,16139.286273002625
1547,77.05358123779297,10.506471633911133,293139.4130973816,16149.792744636536
1548,81.06625366210938,10.716609001159668,293220.4793510437,16160.509353637695
1549,93.2867431640625,11.025629043579102,293313.76609420776,16171.534982681274
1550,77.94060516357422,10.982165336608887,293391.70669937134,16182.517148017883
1551,71.99859619140625,10.789788246154785,293463.70529556274,16193.306936264038
1552,81.39436340332031,10.573543548583984,293545.09965896606,16203.880479812622
1553,89.15961456298828,10.319666862487793,293634.25927352905,16214.20014667511
1554,96.18557739257812,10.653368949890137,293730.44485092163,16224.853515625
1555,83.56678771972656,10.393867492675781,293814.01163864136,16235.247383117676
1556,86.84219360351562,11.310758590698242,293900.8538322449,16246.558141708374
1557,105.99482727050781,10.684663772583008,294006.8486595154,16257.242805480957
1558,105.93576049804688,11.205350875854492,294112.7844200134,16268.448156356812
1559,101.16981506347656,10.34913158416748,294213.9542350769,16278.797287940979
1560,125.93985748291016,10.584674835205078,294339.8940925598,16289.381962776184
1561,112.0496826171875,10.804064750671387,294451.943775177,16300.186027526855
1562,125.30941772460938,10.739519119262695,294577.2531929016,16310.925546646118
1563,82.29751586914062,11.024590492248535,294659.55070877075,16321.950137138367
1564,100.68145751953125,11.198789596557617,294760.2321662903,16333.148926734924
1565,96.41650390625,11.04943561553955,294856.64867019653,16344.198362350464
1566,110.64451599121094,10.75289249420166,294967.29318618774,16354.951254844666
1567,84.62136840820312,10.63810920715332,295051.91455459595,16365.589364051819
1568,116.14956665039062,10.853090286254883,295168.06412124634,16376.442454338074
1569,95.27764129638672,10.531243324279785,295263.3417625427,16386.973697662354
1570,118.70863342285156,10.650898933410645,295382.0503959656,16397.624596595764
1571,82.10558319091797,11.038856506347656,295464.1559791565,16408.66345310211
1572,75.96414184570312,10.824504852294922,295540.1201210022,16419.487957954407
1573,107.58123779296875,11.03786563873291,295647.70135879517,16430.52582359314
1574,79.94129943847656,10.807585716247559,295727.64265823364,16441.333409309387
1575,76.33201599121094,10.778440475463867,295803.97467422485,16452.11184978485
1576,112.96875762939453,10.896262168884277,295916.94343185425,16463.008111953735
1577,68.54755401611328,10.79141902923584,295985.49098587036,16473.79953098297
1578,90.75271606445312,11.079760551452637,296076.2437019348,16484.879291534424
1579,42.585147857666016,10.608663558959961,296118.8288497925,16495.487955093384
1580,97.39501953125,11.083855628967285,296216.22386932373,16506.57181072235
1581,79.78388977050781,10.963683128356934,296296.00775909424,16517.535493850708
1582,86.73316192626953,10.433090209960938,296382.7409210205,16527.96858406067
1583,80.7440185546875,11.009176254272461,296463.4849395752,16538.97776031494
1584,71.57782745361328,10.80813980102539,296535.0627670288,16549.785900115967
1585,96.84306335449219,11.55232048034668,296631.9058303833,16561.338220596313
1586,115.81513214111328,10.096935272216797,296747.7209625244,16571.43515586853
1587,64.5718002319336,10.628576278686523,296812.29276275635,16582.063732147217
1588,93.1103515625,10.83874797821045,296905.40311431885,16592.902480125427
1589,101.39389038085938,10.285776138305664,297006.7970046997,16603.188256263733
1590,70.95889282226562,9.842829704284668,297077.755897522,16613.031085968018
1591,98.72298431396484,10.852762222290039,297176.47888183594,16623.883848190308
1592,100.52413177490234,10.613816261291504,297277.00301361084,16634.4976644516
1593,107.70236206054688,11.123311996459961,297384.7053756714,16645.62097644806
1594,116.24042510986328,11.464799880981445,297500.94580078125,16657.08577632904
1595,87.17894744873047,11.191874504089355,297588.12474823,16668.27765083313
1596,94.76663208007812,10.874959945678711,297682.89138031006,16679.15261077881
1597,82.91849517822266,10.988029479980469,297765.8098754883,16690.14064025879
1598,53.990352630615234,10.5817232131958,297819.8002281189,16700.722363471985
1599,83.49988555908203,10.552424430847168,297903.300113678,16711.274787902832
1600,119.3601303100586,10.929957389831543,298022.66024398804,16722.204745292664
1601,75.49735260009766,10.7835111618042,298098.15759658813,16732.988256454468
1602,97.11370849609375,10.435236930847168,298195.2713050842,16743.423493385315
1603,133.49977111816406,11.173126220703125,298328.7710762024,16754.596619606018
1604,92.94841003417969,11.257200241088867,298421.7194862366,16765.853819847107
1605,89.80323028564453,11.059503555297852,298511.5227165222,16776.913323402405
1606,116.44464874267578,10.708478927612305,298627.9673652649,16787.621802330017
1607,100.36180114746094,11.033466339111328,298728.32916641235,16798.65526866913
1608,116.42770385742188,11.069376945495605,298844.7568702698,16809.724645614624
1609,96.46614074707031,10.84859561920166,298941.22301101685,16820.573241233826
1610,78.85879516601562,10.407675743103027,299020.08180618286,16830.98091697693
1611,77.73394775390625,10.973495483398438,299097.81575393677,16841.954412460327
1612,90.86785888671875,10.818456649780273,299188.6836128235,16852.772869110107
1613,62.26274871826172,10.902318954467773,299250.94636154175,16863.675188064575
1614,105.57781982421875,10.973011016845703,299356.52418136597,16874.64819908142
1615,91.96846008300781,10.809642791748047,299448.492641449,16885.45784187317
1616,96.52980041503906,10.78164005279541,299545.022441864,16896.239481925964
1617,91.10614013671875,10.284150123596191,299636.12858200073,16906.52363204956
1618,105.74569702148438,10.839725494384766,299741.8742790222,16917.363357543945
1619,107.61988067626953,10.704461097717285,299849.4941596985,16928.067818641663
1620,100.54707336425781,11.103374481201172,299950.04123306274,16939.171193122864
1621,104.02456665039062,10.711355209350586,300054.06579971313,16949.882548332214
1622,104.193359375,10.794363975524902,300158.25915908813,16960.67691230774
1623,51.18890380859375,10.445422172546387,300209.4480628967,16971.122334480286
1624,95.24870300292969,10.962039947509766,300304.69676589966,16982.084374427795
1625,83.06980895996094,10.497265815734863,300387.7665748596,16992.58164024353
1626,98.19872283935547,11.029626846313477,300485.965297699,17003.611267089844
1627,108.416015625,10.943244934082031,300594.381313324,17014.554512023926
1628,94.34634399414062,10.580145835876465,300688.7276573181,17025.134657859802
1629,70.72981262207031,11.111411094665527,300759.4574699402,17036.246068954468
1630,79.8106460571289,11.418961524963379,300839.2681159973,17047.66503047943
1631,76.86276245117188,10.90549087524414,300916.1308784485,17058.570521354675
1632,105.54319763183594,10.980220794677734,301021.6740760803,17069.550742149353
1633,95.92758178710938,10.831753730773926,301117.60165786743,17080.382495880127
1634,85.53749084472656,10.806422233581543,301203.13914871216,17091.18891811371
1635,87.64767456054688,10.897117614746094,301290.7868232727,17102.086035728455
1636,61.856666564941406,10.348684310913086,301352.64348983765,17112.434720039368
1637,94.44896697998047,10.42719554901123,301447.0924568176,17122.86191558838
1638,107.18146514892578,10.830036163330078,301554.27392196655,17133.69195175171
1639,109.12625885009766,10.936650276184082,301663.40018081665,17144.628602027893
1640,112.74703979492188,10.984013557434082,301776.1472206116,17155.612615585327
1641,90.5447769165039,10.653074264526367,301866.6919975281,17166.265689849854
1642,85.61851501464844,10.66511058807373,301952.3105125427,17176.930800437927
1643,71.79075622558594,10.810669898986816,302024.1012687683,17187.741470336914
1644,86.905517578125,11.051712036132812,302111.00678634644,17198.793182373047
1645,90.40730285644531,11.183639526367188,302201.4140892029,17209.976821899414
1646,69.25532531738281,11.147473335266113,302270.66941452026,17221.12429523468
1647,88.81022644042969,10.692181587219238,302359.4796409607,17231.8164768219
1648,88.03607940673828,10.743117332458496,302447.51572036743,17242.559594154358
1649,84.91635131835938,10.943578720092773,302532.4320716858,17253.50317287445
1650,83.40145874023438,11.023500442504883,302615.833530426,17264.526673316956
1651,86.29646301269531,11.01740837097168,302702.1299934387,17275.544081687927
1652,82.01008605957031,10.271127700805664,302784.1400794983,17285.815209388733
1653,98.93990325927734,11.011054039001465,302883.07998275757,17296.826263427734
1654,81.75406646728516,10.359033584594727,302964.83404922485,17307.18529701233
1655,90.8642807006836,10.940868377685547,303055.69832992554,17318.126165390015
1656,71.9955062866211,10.311433792114258,303127.69383621216,17328.43759918213
1657,89.9271240234375,10.693943977355957,303217.6209602356,17339.131543159485
1658,91.06169128417969,11.20130443572998,303308.6826515198,17350.332847595215
1659,86.73434448242188,10.178205490112305,303395.4169960022,17360.511053085327
1660,97.73810577392578,10.842301368713379,303493.1551017761,17371.35335445404
1661,79.34056091308594,11.358402252197266,303572.4956626892,17382.711756706238
1662,50.88733673095703,10.750555038452148,303623.38299942017,17393.46231174469
1663,112.51641082763672,11.191950798034668,303735.8994102478,17404.654262542725
1664,62.33857727050781,11.071136474609375,303798.2379875183,17415.725399017334
1665,115.62344360351562,10.116259574890137,303913.8614311218,17425.841658592224
1666,110.70384216308594,10.526917457580566,304024.5652732849,17436.368576049805
1667,96.94773864746094,11.249397277832031,304121.5130119324,17447.617973327637
1668,102.268310546875,11.19863224029541,304223.78132247925,17458.816605567932
1669,69.10337829589844,10.287144660949707,304292.88470077515,17469.103750228882
1670,110.06327819824219,10.943903923034668,304402.9479789734,17480.047654151917
1671,106.91546630859375,10.840611457824707,304509.863445282,17490.88826560974
1672,108.20362091064453,10.717568397521973,304618.0670661926,17501.605834007263
1673,98.76615142822266,11.012826919555664,304716.83321762085,17512.61866092682
1674,91.55653381347656,11.042326927185059,304808.3897514343,17523.660987854004
1675,95.8871078491211,10.834565162658691,304904.27685928345,17534.495553016663
1676,80.39388275146484,10.904284477233887,304984.6707420349,17545.399837493896
1677,71.8407211303711,10.737783432006836,305056.5114631653,17556.137620925903
1678,103.26081085205078,10.989240646362305,305159.77227401733,17567.126861572266
1679,102.28152465820312,10.678362846374512,305262.05379867554,17577.80522441864
1680,69.53886413574219,10.553153991699219,305331.5926628113,17588.35837841034
1681,87.23030090332031,10.730325698852539,305418.8229637146,17599.088704109192
1682,94.59835052490234,10.828496932983398,305513.4213142395,17609.917201042175
1683,87.84989166259766,10.65595817565918,305601.2712059021,17620.573159217834
1684,76.47503662109375,10.983642578125,305677.7462425232,17631.55680179596
1685,79.62283325195312,10.61211109161377,305757.36907577515,17642.168912887573
1686,105.91914367675781,11.2606840133667,305863.2882194519,17653.42959690094
1687,92.81715393066406,11.181000709533691,305956.10537338257,17664.610597610474
1688,123.2430419921875,11.590843200683594,306079.34841537476,17676.201440811157
1689,84.1658706665039,10.55907917022705,306163.51428604126,17686.760519981384
1690,98.52149963378906,10.941763877868652,306262.03578567505,17697.702283859253
1691,92.18916320800781,10.75460147857666,306354.22494888306,17708.45688533783
1692,81.7423095703125,11.26181411743164,306435.96725845337,17719.71869945526
1693,80.12490844726562,10.991514205932617,306516.09216690063,17730.710213661194
1694,92.98710632324219,10.833948135375977,306609.0792732239,17741.54416179657
1695,73.62120056152344,10.424426078796387,306682.7004737854,17751.968587875366
1696,97.89218139648438,11.136496543884277,306780.5926551819,17763.10508441925
1697,107.18704223632812,10.766496658325195,306887.7796974182,17773.871581077576
1698,93.89470672607422,11.31781005859375,306981.6744041443,17785.18939113617
1699,57.598167419433594,10.674117088317871,307039.2725715637,17795.863508224487
1700,82.65091705322266,10.881391525268555,307121.92348861694,17806.744899749756
1701,95.68981170654297,10.814183235168457,307217.6133003235,17817.559082984924
1702,76.61518096923828,10.783885955810547,307294.2284812927,17828.342968940735
1703,86.98866271972656,10.756691932678223,307381.21714401245,17839.099660873413
1704,89.31774139404297,10.99724292755127,307470.5348854065,17850.096903800964
1705,77.73383331298828,10.86764144897461,307548.2687187195,17860.96454524994
1706,108.86638641357422,10.857553482055664,307657.13510513306,17871.822098731995
1707,92.65576934814453,10.908180236816406,307749.7908744812,17882.73027896881
1708,94.125732421875,10.529926300048828,307843.9166069031,17893.26020526886
1709,93.31283569335938,11.023967742919922,307937.22944259644,17904.28417301178
1710,83.81369018554688,10.344278335571289,308021.043132782,17914.62845134735
1711,94.1729736328125,10.774184226989746,308115.2161064148,17925.40263557434
1712,77.30490112304688,11.064784049987793,308192.52100753784,17936.46741962433
1713,88.73091888427734,10.889856338500977,308281.2519264221,17947.35727596283
1714,76.1246109008789,10.673794746398926,308357.376537323,17958.03107070923
1715,112.42461395263672,10.700915336608887,308469.80115127563,17968.731986045837
1716,63.057373046875,10.575343132019043,308532.8585243225,17979.307329177856
1717,103.7629623413086,10.834346771240234,308636.6214866638,17990.141675949097
1718,78.38238525390625,11.523756980895996,308715.0038719177,18001.665432929993
1719,99.15914154052734,10.589497566223145,308814.16301345825,18012.254930496216
1720,107.50923156738281,10.867901802062988,308921.67224502563,18023.12283229828
1721,97.31535339355469,11.30462646484375,309018.9875984192,18034.427458763123
1722,89.77537536621094,11.06572151184082,309108.7629737854,18045.493180274963
1723,65.80682373046875,10.435277938842773,309174.56979751587,18055.928458213806
1724,70.62074279785156,10.530974388122559,309245.1905403137,18066.45943260193
1725,78.26055145263672,11.088129997253418,309323.45109176636,18077.547562599182
1726,100.44293975830078,10.855451583862305,309423.89403152466,18088.403014183044
1727,82.13180541992188,10.94624137878418,309506.0258369446,18099.34925556183
1728,88.91718292236328,10.89069938659668,309594.94301986694,18110.239954948425
1729,97.21089935302734,10.978123664855957,309692.15391921997,18121.21807861328
1730,78.445068359375,10.464119911193848,309770.59898757935,18131.682198524475
1731,82.3663330078125,10.584759712219238,309852.96532058716,18142.266958236694
1732,69.21844482421875,10.66187858581543,309922.1837654114,18152.92883682251
1733,58.455101013183594,10.853010177612305,309980.63886642456,18163.781847000122
1734,57.586517333984375,10.384326934814453,310038.22538375854,18174.166173934937
1735,68.55209350585938,10.8176908493042,310106.7774772644,18184.98386478424
1736,95.72447967529297,10.961705207824707,310202.5019569397,18195.945569992065
1737,87.08055877685547,10.583358764648438,310289.58251571655,18206.528928756714
1738,89.72821044921875,10.976593971252441,310379.3107261658,18217.505522727966
1739,64.7882080078125,10.818617820739746,310444.0989341736,18228.324140548706
1740,87.56787872314453,10.937192916870117,310531.6668128967,18239.261333465576
1741,84.30101013183594,10.973461151123047,310615.96782302856,18250.2347946167
1742,90.43531799316406,11.067502975463867,310706.4031410217,18261.302297592163
1743,77.4194564819336,10.227537155151367,310783.82259750366,18271.529834747314
1744,96.10710144042969,10.748376846313477,310879.9296989441,18282.278211593628
1745,72.19613647460938,10.886801719665527,310952.1258354187,18293.165013313293
1746,61.25557327270508,10.865234375,311013.3814086914,18304.030247688293
1747,95.34545135498047,10.739039421081543,311108.7268600464,18314.769287109375
1748,78.89559936523438,10.0714693069458,311187.6224594116,18324.84075641632
1749,97.38011932373047,10.849739074707031,311285.00257873535,18335.690495491028
1750,78.86915588378906,10.570261001586914,311363.87173461914,18346.260756492615
1751,105.80299377441406,10.821941375732422,311469.67472839355,18357.082697868347
1752,77.7259521484375,10.991775512695312,311547.400680542,18368.074473381042
1753,109.99063110351562,10.990154266357422,311657.3913116455,18379.0646276474
1754,66.90452575683594,10.745793342590332,311724.29583740234,18389.81042098999
1755,99.78817749023438,10.888055801391602,311824.0840148926,18400.698476791382
1756,94.89836883544922,11.277007102966309,311918.982383728,18411.975483894348
1757,99.06598663330078,11.031752586364746,312018.0483703613,18423.007236480713
1758,113.05028533935547,11.064629554748535,312131.0986557007,18434.07186603546
1759,76.70907592773438,11.002150535583496,312207.8077316284,18445.074016571045
1760,89.28369140625,10.96096134185791,312297.09142303467,18456.034977912903
1761,100.18600463867188,11.082961082458496,312397.27742767334,18467.11793899536
1762,91.95442199707031,11.146871566772461,312489.2318496704,18478.264810562134
1763,86.99191284179688,11.047795295715332,312576.2237625122,18489.31260585785
1764,103.91067504882812,10.65802001953125,312680.13443756104,18499.97062587738
1765,91.55074310302734,10.46730899810791,312771.68518066406,18510.43793487549
1766,86.01256561279297,10.724860191345215,312857.69774627686,18521.162795066833
1767,65.79783630371094,9.730389595031738,312923.49558258057,18530.893184661865
1768,83.27354431152344,11.016231536865234,313006.7691268921,18541.90941619873
1769,78.43533325195312,10.98557186126709,313085.20446014404,18552.894988059998
1770,94.55186462402344,10.801176071166992,313179.75632476807,18563.696164131165
1771,63.547889709472656,10.823685646057129,313243.30421447754,18574.51984977722
1772,82.34098052978516,10.502046585083008,313325.6451950073,18585.021896362305
1773,81.18544006347656,10.707855224609375,313406.8306350708,18595.729751586914
1774,87.41304779052734,10.746773719787598,313494.2436828613,18606.4765253067
1775,82.62725067138672,10.882210731506348,313576.8709335327,18617.358736038208
1776,102.36970520019531,10.920960426330566,313679.2406387329,18628.27969646454
1777,83.59566497802734,10.890278816223145,313762.83630371094,18639.16997528076
1778,92.52599334716797,10.78272533416748,313855.3622970581,18649.95270061493
1779,58.76441192626953,10.950746536254883,313914.1267089844,18660.903447151184
1780,76.78954315185547,11.204580307006836,313990.91625213623,18672.10802745819
1781,62.633392333984375,11.238734245300293,314053.5496444702,18683.34676170349
1782,95.38937377929688,10.65693187713623,314148.9390182495,18694.003693580627
1783,92.60980987548828,10.729223251342773,314241.548828125,18704.73291683197
1784,107.81436157226562,10.432585716247559,314349.36318969727,18715.165502548218
1785,85.94612121582031,10.984381675720215,314435.3093109131,18726.149884223938
1786,89.3375015258789,11.227871894836426,314524.64681243896,18737.377756118774
1787,91.73130798339844,11.399022102355957,314616.37812042236,18748.77677822113
1788,107.89143371582031,11.088109016418457,314724.2695541382,18759.86488723755
1789,77.92202758789062,11.052031517028809,314802.1915817261,18770.916918754578
1790,69.25239562988281,10.802482604980469,314871.44397735596,18781.719401359558
1791,52.219085693359375,10.462705612182617,314923.6630630493,18792.18210697174
1792,99.13736724853516,10.721114158630371,315022.80043029785,18802.90322113037
1793,76.90266418457031,10.601712226867676,315099.7030944824,18813.50493335724
1794,32.43656921386719,10.071709632873535,315132.1396636963,18823.576642990112
1795,95.31303405761719,10.707761764526367,315227.4526977539,18834.28440475464
1796,60.18634796142578,10.6925630569458,315287.63904571533,18844.976967811584
1797,97.24360656738281,11.139464378356934,315384.8826522827,18856.11643218994
1798,85.758544921875,10.798500061035156,315470.6411972046,18866.914932250977
1799,100.59654998779297,11.011707305908203,315571.2377471924,18877.926639556885
1800,89.2184066772461,10.702897071838379,315660.4561538696,18888.629536628723
1801,67.99057006835938,10.462030410766602,315728.446723938,18899.09156703949
1802,90.99620056152344,10.987247467041016,315819.4429244995,18910.07881450653
1803,73.2451400756836,10.474923133850098,315892.6880645752,18920.55373764038
1804,100.50886535644531,10.907596588134766,315993.19692993164,18931.461334228516
1805,95.22770690917969,10.907055854797363,316088.4246368408,18942.368390083313
1806,77.89833068847656,10.87938404083252,316166.3229675293,18953.247774124146
1807,77.39125061035156,10.994976997375488,316243.71421813965,18964.24275112152
1808,65.852294921875,10.688390731811523,316309.5665130615,18974.931141853333
1809,89.53938293457031,10.658291816711426,316399.1058959961,18985.589433670044
1810,60.945709228515625,11.17464828491211,316460.0516052246,18996.764081954956
1811,102.3878173828125,10.023504257202148,316562.4394226074,19006.78758621216
1812,96.20287322998047,10.764573097229004,316658.6422958374,19017.552159309387
1813,95.92357635498047,10.932610511779785,316754.5658721924,19028.484769821167
1814,87.801025390625,10.501574516296387,316842.366897583,19038.986344337463
1815,119.3361587524414,11.794130325317383,316961.70305633545,19050.78047466278
1816,112.10824584960938,10.928481101989746,317073.81130218506,19061.70895576477
1817,96.03353881835938,11.505158424377441,317169.8448410034,19073.214114189148
1818,96.48075866699219,11.009982109069824,317266.3255996704,19084.224096298218
1819,72.474609375,10.663507461547852,317338.8002090454,19094.887603759766
1820,69.96585083007812,10.723844528198242,317408.7660598755,19105.611448287964
1821,101.76156616210938,10.466058731079102,317510.5276260376,19116.077507019043
1822,54.615928649902344,10.432801246643066,317565.1435546875,19126.510308265686
1823,90.99429321289062,10.666171073913574,317656.1378479004,19137.1764793396
1824,65.64388275146484,10.70553970336914,317721.78173065186,19147.88201904297
1825,69.03007507324219,11.116545677185059,317790.8118057251,19158.998564720154
1826,97.38321685791016,11.321064949035645,317888.195022583,19170.31962966919
1827,87.02110290527344,10.896024703979492,317975.2161254883,19181.21565437317
1828,89.5312728881836,11.0396728515625,318064.74739837646,19192.25532722473
1829,62.13979721069336,10.41694450378418,318126.88719558716,19202.672271728516
1830,104.5783462524414,10.950117111206055,318231.4655418396,19213.62238883972
1831,59.15140151977539,10.919159889221191,318290.6169433594,19224.541548728943
1832,57.10551452636719,10.667417526245117,318347.72245788574,19235.208966255188
1833,78.88938903808594,10.724142074584961,318426.6118469238,19245.933108329773
1834,88.98489379882812,10.799487113952637,318515.59674072266,19256.732595443726
1835,72.87419128417969,11.186371803283691,318588.47093200684,19267.91896724701
1836,91.97989654541016,10.973057746887207,318680.45082855225,19278.892024993896
1837,83.50093841552734,10.667236328125,318763.9517669678,19289.55926132202
1838,88.25724792480469,10.70511531829834,318852.2090148926,19300.26437664032
1839,80.5377197265625,11.231012344360352,318932.74673461914,19311.49538898468
1840,51.69286346435547,10.798233032226562,318984.4395980835,19322.293622016907
