Step,Distillation Loss,CE Loss,Accumulated Distillation Loss,Accumulated CE Loss
1,1017.1671142578125,11.897577285766602,1017.1671142578125,11.897577285766602
2,1322.697998046875,13.460657119750977,2339.8651123046875,25.358234405517578
3,958.8464965820312,10.681376457214355,3298.7116088867188,36.039610862731934
4,784.5833129882812,9.739612579345703,4083.294921875,45.77922344207764
5,534.3756103515625,9.033583641052246,4617.6705322265625,54.81280708312988
6,661.15869140625,9.028929710388184,5278.8292236328125,63.841736793518066
7,665.45458984375,10.176230430603027,5944.2838134765625,74.0179672241211
8,536.2743530273438,9.258219718933105,6480.558166503906,83.2761869430542
9,493.2383728027344,8.491801261901855,6973.796539306641,91.76798820495605
10,712.97314453125,8.677154541015625,7686.769683837891,100.44514274597168
11,614.3486938476562,8.56209945678711,8301.118377685547,109.00724220275879
12,485.3183898925781,8.601675987243652,8786.436767578125,117.60891819000244
13,477.83575439453125,9.21185302734375,9264.272521972656,126.82077121734619
14,637.994140625,9.245207786560059,9902.266662597656,136.06597900390625
15,391.825439453125,8.314416885375977,10294.092102050781,144.38039588928223
16,555.764892578125,8.446235656738281,10849.856994628906,152.8266315460205
17,651.1741333007812,8.85537338256836,11501.031127929688,161.68200492858887
18,599.7158813476562,8.714051246643066,12100.747009277344,170.39605617523193
19,488.3017578125,8.992114067077637,12589.048767089844,179.38817024230957
20,425.36444091796875,9.500289916992188,13014.413208007812,188.88846015930176
21,520.9166870117188,9.580528259277344,13535.329895019531,198.4689884185791
22,542.730712890625,9.247910499572754,14078.060607910156,207.71689891815186
23,464.4052429199219,8.818046569824219,14542.465850830078,216.53494548797607
24,554.4339599609375,8.759710311889648,15096.899810791016,225.29465579986572
25,420.805908203125,8.590277671813965,15517.70571899414,233.8849334716797
26,525.4432983398438,8.614843368530273,16043.149017333984,242.49977684020996
27,468.85455322265625,8.829187393188477,16512.00357055664,251.32896423339844
28,317.9194030761719,8.276756286621094,16829.922973632812,259.60572052001953
29,356.99951171875,8.658431053161621,17186.922485351562,268.26415157318115
30,567.7844848632812,9.180571556091309,17754.706970214844,277.44472312927246
31,363.6457214355469,8.73643970489502,18118.35269165039,286.1811628341675
32,390.5069580078125,9.053939819335938,18508.859649658203,295.2351026535034
33,514.6702270507812,8.586525917053223,19023.529876708984,303.82162857055664
34,504.3309020996094,9.507684707641602,19527.860778808594,313.32931327819824
35,442.510498046875,8.77490234375,19970.37127685547,322.10421562194824
36,398.05816650390625,8.688787460327148,20368.429443359375,330.7930030822754
37,368.57781982421875,8.956581115722656,20737.007263183594,339.74958419799805
38,266.651611328125,8.369346618652344,21003.65887451172,348.1189308166504
39,541.7809448242188,9.764914512634277,21545.439819335938,357.88384532928467
40,367.567138671875,9.087153434753418,21913.006958007812,366.9709987640381
41,426.1184387207031,8.723616600036621,22339.125396728516,375.6946153640747
42,566.6441650390625,8.895556449890137,22905.769561767578,384.59017181396484
43,433.119873046875,8.845934867858887,23338.889434814453,393.43610668182373
44,327.89910888671875,8.521988868713379,23666.788543701172,401.9580955505371
45,501.4908447265625,9.452378273010254,24168.279388427734,411.41047382354736
46,434.95855712890625,9.290974617004395,24603.23794555664,420.70144844055176
47,504.1532897949219,9.554539680480957,25107.391235351562,430.2559881210327
48,428.86859130859375,9.0723876953125,25536.259826660156,439.3283758163452
49,249.97085571289062,8.308554649353027,25786.230682373047,447.63693046569824
50,429.6566162109375,8.81994915008545,26215.887298583984,456.4568796157837
51,437.63604736328125,8.656848907470703,26653.523345947266,465.1137285232544
52,472.7002868652344,9.17287540435791,27126.2236328125,474.2866039276123
53,403.0183410644531,8.713266372680664,27529.241973876953,482.99987030029297
54,521.8555908203125,9.56974983215332,28051.097564697266,492.5696201324463
55,472.4980773925781,9.139098167419434,28523.595642089844,501.7087182998657
56,423.7340087890625,8.813379287719727,28947.329650878906,510.52209758758545
57,460.0016784667969,9.96374797821045,29407.331329345703,520.4858455657959
58,305.2672424316406,9.027432441711426,29712.598571777344,529.5132780075073
59,406.3358154296875,8.962908744812012,30118.93438720703,538.4761867523193
60,295.6170654296875,8.772257804870605,30414.55145263672,547.2484445571899
61,344.2497253417969,9.122160911560059,30758.801177978516,556.37060546875
62,420.37158203125,9.35241985321045,31179.172760009766,565.7230253219604
63,458.1292724609375,9.287674903869629,31637.302032470703,575.0107002258301
64,508.88238525390625,9.532132148742676,32146.18441772461,584.5428323745728
65,509.8193664550781,9.33737564086914,32656.003784179688,593.8802080154419
66,399.1503601074219,9.021278381347656,33055.15414428711,602.9014863967896
67,476.5683898925781,9.161410331726074,33531.72253417969,612.0628967285156
68,483.1421813964844,9.306286811828613,34014.86471557617,621.3691835403442
69,478.9241943359375,9.418623924255371,34493.78890991211,630.7878074645996
70,426.71197509765625,9.345510482788086,34920.500885009766,640.1333179473877
71,388.4605712890625,9.372660636901855,35308.96145629883,649.5059785842896
72,482.5467224121094,9.31958293914795,35791.50817871094,658.8255615234375
73,395.303466796875,9.219836235046387,36186.81164550781,668.0453977584839
74,445.98077392578125,9.253456115722656,36632.792419433594,677.2988538742065
75,371.8312683105469,9.29531478881836,37004.62368774414,686.5941686630249
76,280.1510009765625,9.256617546081543,37284.7746887207,695.8507862091064
77,443.7684631347656,9.431235313415527,37728.54315185547,705.282021522522
78,375.5843811035156,9.556771278381348,38104.127532958984,714.8387928009033
79,385.72149658203125,9.649112701416016,38489.849029541016,724.4879055023193
80,436.81646728515625,9.670955657958984,38926.66549682617,734.1588611602783
81,361.94281005859375,9.133044242858887,39288.608306884766,743.2919054031372
82,361.0006408691406,9.64095687866211,39649.608947753906,752.9328622817993
83,331.48590087890625,9.632372856140137,39981.09484863281,762.5652351379395
84,262.40582275390625,9.010144233703613,40243.50067138672,771.5753793716431
85,522.11328125,9.506714820861816,40765.61395263672,781.0820941925049
86,291.98095703125,9.34521198272705,41057.59490966797,790.4273061752319
87,272.0211181640625,9.193110466003418,41329.61602783203,799.6204166412354
88,344.83612060546875,8.816437721252441,41674.4521484375,808.4368543624878
89,405.7022705078125,9.44992446899414,42080.15441894531,817.8867788314819
90,242.8492431640625,9.418371200561523,42323.003662109375,827.3051500320435
91,418.8238525390625,9.787775039672852,42741.82751464844,837.0929250717163
92,561.7842407226562,9.541316986083984,43303.611755371094,846.6342420578003
93,301.96820068359375,8.95977783203125,43605.57995605469,855.5940198898315
94,506.9044189453125,9.508231163024902,44112.484375,865.1022510528564
95,405.3298645019531,9.617314338684082,44517.81423950195,874.7195653915405
96,402.1917419433594,9.448343276977539,44920.00598144531,884.1679086685181
97,310.73944091796875,9.410863876342773,45230.74542236328,893.5787725448608
98,357.0448303222656,9.745185852050781,45587.79025268555,903.3239583969116
99,323.634033203125,10.023393630981445,45911.42428588867,913.3473520278931
100,305.14208984375,9.493635177612305,46216.56637573242,922.8409872055054
101,257.8526611328125,9.674513816833496,46474.419036865234,932.5155010223389
102,322.95556640625,9.540985107421875,46797.374603271484,942.0564861297607
103,354.17413330078125,9.83542537689209,47151.548736572266,951.8919115066528
104,468.21807861328125,10.208847045898438,47619.76681518555,962.1007585525513
105,339.8844909667969,9.650697708129883,47959.651306152344,971.7514562606812
106,396.7542419433594,9.738232612609863,48356.4055480957,981.489688873291
107,345.70037841796875,9.664377212524414,48702.10592651367,991.1540660858154
108,348.43682861328125,9.66489028930664,49050.54275512695,1000.8189563751221
109,289.0709228515625,9.525775909423828,49339.613677978516,1010.3447322845459
110,343.111083984375,8.896879196166992,49682.72476196289,1019.2416114807129
111,296.65093994140625,9.64006233215332,49979.3757019043,1028.8816738128662
112,292.1086120605469,9.553019523620605,50271.484313964844,1038.4346933364868
113,401.9832458496094,9.731629371643066,50673.46755981445,1048.1663227081299
114,168.78924560546875,8.890180587768555,50842.25680541992,1057.0565032958984
115,375.93536376953125,9.600350379943848,51218.19216918945,1066.6568536758423
116,402.08709716796875,9.666284561157227,51620.27926635742,1076.3231382369995
117,171.9752655029297,9.012341499328613,51792.25453186035,1085.3354797363281
118,321.572998046875,9.338055610656738,52113.82752990723,1094.6735353469849
119,332.7084655761719,9.564939498901367,52446.5359954834,1104.2384748458862
120,262.3316345214844,9.258014678955078,52708.86763000488,1113.4964895248413
121,453.623291015625,9.467716217041016,53162.49092102051,1122.9642057418823
122,365.6903076171875,9.624570846557617,53528.181228637695,1132.58877658844
123,504.1053161621094,10.070520401000977,54032.286544799805,1142.659296989441
124,482.8990478515625,9.92356014251709,54515.18559265137,1152.582857131958
125,421.1095886230469,10.028446197509766,54936.295181274414,1162.6113033294678
126,352.4236755371094,9.634714126586914,55288.71885681152,1172.2460174560547
127,355.0878601074219,10.189966201782227,55643.806716918945,1182.435983657837
128,373.5672607421875,9.978532791137695,56017.37397766113,1192.4145164489746
129,163.8018798828125,10.049561500549316,56181.175857543945,1202.464077949524
130,350.8218688964844,9.689736366271973,56531.99772644043,1212.153814315796
131,339.0913391113281,9.488332748413086,56871.08906555176,1221.642147064209
132,432.724853515625,9.582245826721191,57303.81391906738,1231.2243928909302
133,520.377685546875,9.554530143737793,57824.19160461426,1240.778923034668
134,308.9998779296875,9.563228607177734,58133.191482543945,1250.3421516418457
135,271.7122497558594,9.49070930480957,58404.903732299805,1259.8328609466553
136,332.23321533203125,9.703450202941895,58737.136947631836,1269.5363111495972
137,208.62493896484375,9.515374183654785,58945.76188659668,1279.051685333252
138,355.64892578125,9.651497840881348,59301.41081237793,1288.7031831741333
139,350.885009765625,9.833765029907227,59652.295822143555,1298.5369482040405
140,314.878662109375,10.156569480895996,59967.17448425293,1308.6935176849365
141,338.993896484375,9.623821258544922,60306.168380737305,1318.3173389434814
142,173.96694946289062,9.471839904785156,60480.135330200195,1327.7891788482666
143,320.98907470703125,9.980100631713867,60801.12440490723,1337.7692794799805
144,388.9603576660156,10.23375129699707,61190.08476257324,1348.0030307769775
145,362.9825744628906,9.588322639465332,61553.06733703613,1357.5913534164429
146,231.3177947998047,9.765972137451172,61784.38513183594,1367.357325553894
147,286.7698974609375,9.650951385498047,62071.155029296875,1377.008276939392
148,354.518798828125,9.931414604187012,62425.673828125,1386.939691543579
149,311.47344970703125,9.48105525970459,62737.14727783203,1396.4207468032837
150,358.416748046875,9.635628700256348,63095.564025878906,1406.05637550354
151,282.84747314453125,9.405783653259277,63378.41149902344,1415.4621591567993
152,301.8534240722656,9.529072761535645,63680.2649230957,1424.991231918335
153,406.965576171875,9.770034790039062,64087.23049926758,1434.761266708374
154,388.01397705078125,9.41783618927002,64475.24447631836,1444.179102897644
155,337.34381103515625,9.914298057556152,64812.588287353516,1454.0934009552002
156,340.6904296875,9.997923851013184,65153.278717041016,1464.0913248062134
157,357.5871887207031,9.554492950439453,65510.86590576172,1473.6458177566528
158,211.54306030273438,9.53194522857666,65722.40896606445,1483.1777629852295
159,406.76019287109375,10.094405174255371,66129.16915893555,1493.2721681594849
160,315.1901550292969,9.849785804748535,66444.35931396484,1503.1219539642334
161,327.6142578125,9.170576095581055,66771.97357177734,1512.2925300598145
162,347.94482421875,10.100285530090332,67119.9183959961,1522.3928155899048
163,258.8919677734375,9.788335800170898,67378.81036376953,1532.1811513900757
164,261.6304626464844,9.664216995239258,67640.44082641602,1541.845368385315
165,332.26953125,10.021445274353027,67972.71035766602,1551.866813659668
166,294.8789367675781,9.97401237487793,68267.5892944336,1561.840826034546
167,287.89739990234375,9.826326370239258,68555.48669433594,1571.6671524047852
168,198.30848693847656,9.968605995178223,68753.79518127441,1581.6357583999634
169,306.987060546875,10.040545463562012,69060.78224182129,1591.6763038635254
170,415.14715576171875,9.783659934997559,69475.92939758301,1601.459963798523
171,307.4072265625,9.871744155883789,69783.33662414551,1611.3317079544067
172,278.17303466796875,9.720643997192383,70061.50965881348,1621.0523519515991
173,289.62762451171875,9.699201583862305,70351.1372833252,1630.7515535354614
174,250.73797607421875,9.53307819366455,70601.87525939941,1640.284631729126
175,163.7686767578125,9.668739318847656,70765.64393615723,1649.9533710479736
176,282.7608947753906,9.506948471069336,71048.40483093262,1659.460319519043
177,416.88037109375,9.617270469665527,71465.28520202637,1669.0775899887085
178,361.3894348144531,9.44232177734375,71826.67463684082,1678.5199117660522
179,209.13064575195312,9.8154935836792,72035.80528259277,1688.3354053497314
180,414.875,9.760480880737305,72450.68028259277,1698.0958862304688
181,445.1649169921875,9.985648155212402,72895.84519958496,1708.0815343856812
182,280.300048828125,9.775297164916992,73176.14524841309,1717.8568315505981
183,244.50538635253906,9.588638305664062,73420.65063476562,1727.4454698562622
184,427.020751953125,9.735302925109863,73847.67138671875,1737.180772781372
185,193.32354736328125,9.660531044006348,74040.99493408203,1746.8413038253784
186,371.0093688964844,9.711950302124023,74412.00430297852,1756.5532541275024
187,177.00811767578125,10.02332592010498,74589.0124206543,1766.5765800476074
188,204.9076385498047,9.623132705688477,74793.9200592041,1776.199712753296
189,267.60870361328125,10.005905151367188,75061.52876281738,1786.205617904663
190,309.2890930175781,9.759069442749023,75370.81785583496,1795.964687347412
191,304.1646728515625,10.072086334228516,75674.98252868652,1806.0367736816406
192,288.0707702636719,9.95617389678955,75963.0532989502,1815.9929475784302
193,182.62652587890625,9.689011573791504,76145.6798248291,1825.6819591522217
194,198.08364868164062,9.577238082885742,76343.76347351074,1835.2591972351074
195,336.8502197265625,10.139790534973145,76680.6136932373,1845.3989877700806
196,265.5789794921875,10.14963150024414,76946.19267272949,1855.5486192703247
197,228.09585571289062,9.780669212341309,77174.28852844238,1865.329288482666
198,326.36297607421875,9.728351593017578,77500.6515045166,1875.0576400756836
199,209.48446655273438,9.696595191955566,77710.13597106934,1884.7542352676392
200,267.7120666503906,9.61359691619873,77977.84803771973,1894.367832183838
201,370.8904724121094,10.165621757507324,78348.73851013184,1904.5334539413452
202,270.01068115234375,9.797011375427246,78618.74919128418,1914.3304653167725
203,299.0151672363281,9.994148254394531,78917.76435852051,1924.324613571167
204,356.9164123535156,10.013212203979492,79274.68077087402,1934.3378257751465
205,267.2718505859375,9.740610122680664,79541.95262145996,1944.0784358978271
206,360.805419921875,9.766307830810547,79902.75804138184,1953.8447437286377
207,304.43597412109375,9.98114013671875,80207.19401550293,1963.8258838653564
208,342.43743896484375,10.062970161437988,80549.63145446777,1973.8888540267944
209,288.5224609375,10.151385307312012,80838.15391540527,1984.0402393341064
210,300.1650390625,10.066154479980469,81138.31895446777,1994.106393814087
211,196.6408233642578,9.61120891571045,81334.95977783203,2003.7176027297974
212,302.75213623046875,10.080649375915527,81637.7119140625,2013.798252105713
213,344.784912109375,9.81945514678955,81982.49682617188,2023.6177072525024
214,243.1231689453125,9.702603340148926,82225.61999511719,2033.3203105926514
215,249.2141571044922,9.825540542602539,82474.83415222168,2043.145851135254
216,205.85897827148438,10.254582405090332,82680.69313049316,2053.4004335403442
217,301.3468322753906,9.84383487701416,82982.03996276855,2063.2442684173584
218,288.4376525878906,9.61584186553955,83270.47761535645,2072.860110282898
219,348.6104431152344,9.553343772888184,83619.08805847168,2082.413454055786
220,261.3141784667969,9.904536247253418,83880.40223693848,2092.3179903030396
221,324.04364013671875,9.043140411376953,84204.4458770752,2101.3611307144165
222,328.20025634765625,10.074872016906738,84532.64613342285,2111.4360027313232
223,310.56219482421875,10.28976058959961,84843.20832824707,2121.725763320923
224,237.61083984375,9.629727363586426,85080.81916809082,2131.3554906845093
225,282.8903503417969,9.584843635559082,85363.70951843262,2140.9403343200684
226,233.53854370117188,9.516687393188477,85597.24806213379,2150.457021713257
227,304.75067138671875,10.226916313171387,85901.99873352051,2160.683938026428
228,272.35614013671875,9.980403900146484,86174.35487365723,2170.6643419265747
229,266.12274169921875,10.23868465423584,86440.47761535645,2180.9030265808105
230,250.01864624023438,9.900851249694824,86690.49626159668,2190.8038778305054
231,226.1234130859375,9.966347694396973,86916.61967468262,2200.7702255249023
232,288.5694274902344,9.532638549804688,87205.18910217285,2210.302864074707
233,155.9033203125,9.79909610748291,87361.09242248535,2220.10196018219
234,249.2891845703125,9.8564453125,87610.38160705566,2229.95840549469
235,296.7550048828125,9.96638298034668,87907.13661193848,2239.9247884750366
236,245.60269165039062,9.827615737915039,88152.73930358887,2249.7524042129517
237,280.931640625,9.969378471374512,88433.67094421387,2259.721782684326
238,339.782470703125,9.576390266418457,88773.45341491699,2269.2981729507446
239,280.3997802734375,10.073493003845215,89053.85319519043,2279.37166595459
240,287.6722412109375,9.838075637817383,89341.52543640137,2289.209741592407
241,210.885009765625,9.946797370910645,89552.41044616699,2299.156538963318
242,321.8049011230469,10.015195846557617,89874.21534729004,2309.1717348098755
243,202.47076416015625,9.980071067810059,90076.6861114502,2319.1518058776855
244,258.2265625,9.056005477905273,90334.9126739502,2328.207811355591
245,262.95294189453125,9.819555282592773,90597.86561584473,2338.0273666381836
246,248.04330444335938,9.838072776794434,90845.90892028809,2347.865439414978
247,320.65203857421875,10.028624534606934,91166.5609588623,2357.894063949585
248,259.5244140625,10.33340835571289,91426.0853729248,2368.227472305298
249,294.5718994140625,10.444074630737305,91720.65727233887,2378.671546936035
250,359.6974792480469,9.838786125183105,92080.35475158691,2388.5103330612183
251,314.13165283203125,9.992164611816406,92394.48640441895,2398.5024976730347
252,231.76895141601562,10.120709419250488,92626.25535583496,2408.623207092285
253,344.2696838378906,9.932304382324219,92970.52503967285,2418.5555114746094
254,297.4211120605469,9.92833137512207,93267.9461517334,2428.4838428497314
255,308.43927001953125,10.019705772399902,93576.38542175293,2438.5035486221313
256,315.0811767578125,9.994245529174805,93891.46659851074,2448.497794151306
257,259.47015380859375,9.761628150939941,94150.93675231934,2458.259422302246
258,180.69346618652344,9.879117965698242,94331.63021850586,2468.1385402679443
259,204.90248107910156,10.244481086730957,94536.53269958496,2478.3830213546753
260,271.82379150390625,9.996967315673828,94808.35649108887,2488.379988670349
261,284.30792236328125,10.280882835388184,95092.66441345215,2498.6608715057373
262,246.36595153808594,9.835150718688965,95339.03036499023,2508.4960222244263
263,396.614990234375,9.867725372314453,95735.64535522461,2518.3637475967407
264,283.9398193359375,10.260019302368164,96019.58517456055,2528.623766899109
265,254.52996826171875,9.89639663696289,96274.11514282227,2538.520163536072
266,298.07562255859375,10.063528060913086,96572.19076538086,2548.583691596985
267,244.0225372314453,9.719074249267578,96816.2133026123,2558.3027658462524
268,268.89776611328125,10.055033683776855,97085.11106872559,2568.3577995300293
269,324.7348937988281,10.157017707824707,97409.84596252441,2578.514817237854
270,204.0802001953125,10.230315208435059,97613.92616271973,2588.745132446289
271,318.7640686035156,10.309040069580078,97932.69023132324,2599.054172515869
272,250.7216796875,9.713411331176758,98183.41191101074,2608.767583847046
273,292.60711669921875,9.820673942565918,98476.01902770996,2618.588257789612
274,316.60748291015625,10.03273868560791,98792.62651062012,2628.6209964752197
275,358.0022277832031,9.893523216247559,99150.62873840332,2638.5145196914673
276,226.39620971679688,9.610529899597168,99377.02494812012,2648.1250495910645
277,237.7672119140625,10.143651008605957,99614.79216003418,2658.2687005996704
278,293.7815246582031,10.197327613830566,99908.57368469238,2668.466028213501
279,258.9913024902344,10.083001136779785,100167.56498718262,2678.5490293502808
280,252.3740692138672,9.908393859863281,100419.93905639648,2688.457423210144
281,234.74240112304688,10.212178230285645,100654.68145751953,2698.6696014404297
282,239.6460418701172,10.249129295349121,100894.32749938965,2708.918730735779
283,212.32325744628906,10.139323234558105,101106.65075683594,2719.058053970337
284,179.66250610351562,10.21185302734375,101286.31326293945,2729.2699069976807
285,264.50439453125,10.328973770141602,101550.8176574707,2739.5988807678223
286,309.7406005859375,10.219228744506836,101860.55825805664,2749.818109512329
287,171.07794189453125,10.002640724182129,102031.63619995117,2759.8207502365112
288,237.22732543945312,9.815681457519531,102268.86352539062,2769.6364316940308
289,213.25668334960938,10.089071273803711,102482.12020874023,2779.7255029678345
290,304.23785400390625,10.228754043579102,102786.35806274414,2789.9542570114136
291,233.8425750732422,10.366890907287598,103020.20063781738,2800.321147918701
292,164.51754760742188,10.092251777648926,103184.7181854248,2810.41339969635
293,255.490966796875,10.074362754821777,103440.20915222168,2820.487762451172
294,240.6124267578125,10.0393648147583,103680.82157897949,2830.52712726593
295,236.89154052734375,10.019996643066406,103917.71311950684,2840.5471239089966
296,246.6928253173828,9.97925853729248,104164.40594482422,2850.526382446289
297,251.45758056640625,9.777562141418457,104415.86352539062,2860.3039445877075
298,183.28878784179688,10.363052368164062,104599.15231323242,2870.6669969558716
299,104.38848876953125,10.071723937988281,104703.54080200195,2880.73872089386
300,255.239990234375,9.926179885864258,104958.78079223633,2890.664900779724
301,157.34523010253906,9.993403434753418,105116.12602233887,2900.6583042144775
302,265.5422058105469,9.913824081420898,105381.66822814941,2910.5721282958984
303,219.15541076660156,9.903938293457031,105600.82363891602,2920.4760665893555
304,224.67376708984375,9.340195655822754,105825.49740600586,2929.816262245178
305,237.26773071289062,10.369586944580078,106062.76513671875,2940.1858491897583
306,231.31932067871094,10.147806167602539,106294.08445739746,2950.333655357361
307,140.07479858398438,9.474634170532227,106434.15925598145,2959.808289527893
308,208.8634490966797,9.872039794921875,106643.02270507812,2969.680329322815
309,260.16729736328125,9.797030448913574,106903.1900024414,2979.4773597717285
310,182.2677764892578,10.190901756286621,107085.45777893066,2989.668261528015
311,210.1895751953125,9.75898551940918,107295.64735412598,2999.4272470474243
312,234.31808471679688,9.937066078186035,107529.96543884277,3009.3643131256104
313,292.4073486328125,10.375693321228027,107822.37278747559,3019.7400064468384
314,216.069091796875,9.753612518310547,108038.44187927246,3029.493618965149
315,349.443359375,9.684221267700195,108387.88523864746,3039.177840232849
316,260.8115234375,9.704365730285645,108648.69676208496,3048.8822059631348
317,273.91351318359375,10.086247444152832,108922.61027526855,3058.9684534072876
318,193.39724731445312,9.830233573913574,109116.00752258301,3068.798686981201
319,277.526611328125,10.666112899780273,109393.53413391113,3079.4647998809814
320,204.19081115722656,10.061023712158203,109597.72494506836,3089.5258235931396
321,212.47601318359375,9.570836067199707,109810.20095825195,3099.0966596603394
322,236.23641967773438,10.09044075012207,110046.43737792969,3109.1871004104614
323,233.01315307617188,9.82116985321045,110279.45053100586,3119.008270263672
324,218.10614013671875,9.934338569641113,110497.55667114258,3128.942608833313
325,268.2635498046875,10.127458572387695,110765.82022094727,3139.0700674057007
326,284.2239685058594,10.41479206085205,111050.04418945312,3149.4848594665527
327,187.19261169433594,10.256136894226074,111237.23680114746,3159.740996360779
328,255.761962890625,10.097406387329102,111492.99876403809,3169.838402748108
329,232.23696899414062,10.092686653137207,111725.23573303223,3179.931089401245
330,228.16815185546875,9.9633150100708,111953.4038848877,3189.894404411316
331,241.745849609375,10.157089233398438,112195.14973449707,3200.0514936447144
332,241.75498962402344,10.36655044555664,112436.9047241211,3210.418044090271
333,162.10482788085938,10.067023277282715,112599.00955200195,3220.4850673675537
334,237.85574340820312,10.025463104248047,112836.86529541016,3230.5105304718018
335,234.21481323242188,9.730359077453613,113071.08010864258,3240.2408895492554
336,236.89254760742188,9.928926467895508,113307.97265625,3250.169816017151
337,193.40936279296875,9.844613075256348,113501.38201904297,3260.014429092407
338,250.54080200195312,9.717550277709961,113751.92282104492,3269.731979370117
339,252.5778045654297,10.081565856933594,114004.50062561035,3279.813545227051
340,159.34329223632812,10.446539878845215,114163.84391784668,3290.260085105896
341,217.04324340820312,9.749624252319336,114380.88716125488,3300.0097093582153
342,288.360107421875,9.997380256652832,114669.24726867676,3310.007089614868
343,196.6453399658203,10.131294250488281,114865.89260864258,3320.1383838653564
344,239.62213134765625,10.009574890136719,115105.51473999023,3330.147958755493
345,229.02464294433594,10.131719589233398,115334.53938293457,3340.2796783447266
346,243.90447998046875,10.522408485412598,115578.44386291504,3350.802086830139
347,228.17254638671875,10.381436347961426,115806.61640930176,3361.1835231781006
348,263.5669250488281,10.189754486083984,116070.18333435059,3371.3732776641846
349,245.64797973632812,9.996821403503418,116315.83131408691,3381.370099067688
350,238.90211486816406,10.019309997558594,116554.73342895508,3391.3894090652466
351,297.3486633300781,10.215020179748535,116852.08209228516,3401.604429244995
352,266.27801513671875,10.341131210327148,117118.36010742188,3411.9455604553223
353,242.58302307128906,10.197158813476562,117360.94313049316,3422.142719268799
354,303.356201171875,10.53785514831543,117664.29933166504,3432.6805744171143
355,217.11709594726562,9.926807403564453,117881.4164276123,3442.6073818206787
356,275.24444580078125,9.772347450256348,118156.66087341309,3452.379729270935
357,128.55545043945312,9.760869979858398,118285.21632385254,3462.1405992507935
358,196.57131958007812,9.99117660522461,118481.78764343262,3472.131775856018
359,362.98858642578125,10.615423202514648,118844.7762298584,3482.7471990585327
360,115.50601196289062,9.746756553649902,118960.28224182129,3492.4939556121826
361,207.87164306640625,9.725418090820312,119168.1538848877,3502.219373703003
362,274.9089050292969,10.085346221923828,119443.06278991699,3512.3047199249268
363,302.14300537109375,10.323530197143555,119745.20579528809,3522.6282501220703
364,201.537353515625,10.076910972595215,119946.74314880371,3532.7051610946655
365,174.85678100585938,10.079482078552246,120121.59992980957,3542.784643173218
366,255.0188751220703,10.57176399230957,120376.61880493164,3553.3564071655273
367,244.03924560546875,10.492725372314453,120620.65805053711,3563.849132537842
368,264.259765625,10.516266822814941,120884.91781616211,3574.3653993606567
369,253.6248016357422,10.236563682556152,121138.54261779785,3584.601963043213
370,174.39614868164062,10.425333976745605,121312.93876647949,3595.0272970199585
371,264.9716491699219,10.375545501708984,121577.91041564941,3605.4028425216675
372,146.00082397460938,9.925572395324707,121723.91123962402,3615.328414916992
373,242.75250244140625,9.940508842468262,121966.66374206543,3625.2689237594604
374,232.3856964111328,10.387557983398438,122199.04943847656,3635.656481742859
375,181.79220581054688,9.808907508850098,122380.84164428711,3645.465389251709
376,178.53155517578125,9.988553047180176,122559.37319946289,3655.453942298889
377,192.94454956054688,10.607749938964844,122752.31774902344,3666.061692237854
378,156.24649047851562,10.110536575317383,122908.56423950195,3676.1722288131714
379,268.4737243652344,10.290969848632812,123177.03796386719,3686.463198661804
380,227.82028198242188,10.591521263122559,123404.85824584961,3697.0547199249268
381,170.68524169921875,10.056127548217773,123575.54348754883,3707.1108474731445
382,102.05593872070312,10.010222434997559,123677.59942626953,3717.121069908142
383,247.00213623046875,10.273268699645996,123924.6015625,3727.394338607788
384,144.51478576660156,9.870333671569824,124069.1163482666,3737.264672279358
385,251.7029571533203,10.252532005310059,124320.81930541992,3747.517204284668
386,206.66500854492188,10.271592140197754,124527.48431396484,3757.7887964248657
387,242.5817413330078,10.276104927062988,124770.06605529785,3768.0649013519287
388,201.27505493164062,10.520962715148926,124971.34111022949,3778.5858640670776
389,227.91586303710938,10.030481338500977,125199.2569732666,3788.6163454055786
390,222.7163848876953,10.491130828857422,125421.9733581543,3799.107476234436
391,226.01976013183594,10.435822486877441,125647.99311828613,3809.5432987213135
392,194.4102020263672,10.200492858886719,125842.4033203125,3819.7437915802
393,250.41421508789062,10.102128028869629,126092.81753540039,3829.84591960907
394,195.24566650390625,9.957904815673828,126288.0632019043,3839.8038244247437
395,236.57064819335938,10.398773193359375,126524.63385009766,3850.202597618103
396,202.4903106689453,10.177523612976074,126727.1241607666,3860.380121231079
397,195.55242919921875,10.340920448303223,126922.67658996582,3870.7210416793823
398,167.21923828125,9.965291976928711,127089.89582824707,3880.686333656311
399,219.6761474609375,10.372191429138184,127309.57197570801,3891.058525085449
400,301.3312683105469,10.418659210205078,127610.90324401855,3901.4771842956543
401,180.84707641601562,9.872156143188477,127791.75032043457,3911.349340438843
402,172.53514099121094,9.814332008361816,127964.28546142578,3921.1636724472046
403,226.76760864257812,10.093195915222168,128191.05307006836,3931.2568683624268
404,195.28536987304688,9.625704765319824,128386.3384399414,3940.8825731277466
405,233.0015869140625,10.823376655578613,128619.34002685547,3951.705949783325
406,170.9180908203125,10.317305564880371,128790.25811767578,3962.0232553482056
407,186.02796936035156,10.277936935424805,128976.28608703613,3972.3011922836304
408,241.46385192871094,10.432591438293457,129217.74993896484,3982.733783721924
409,264.1746826171875,10.381856918334961,129481.92462158203,3993.115640640259
410,260.69744873046875,10.306817054748535,129742.6220703125,4003.4224576950073
411,179.1814727783203,10.51672649383545,129921.80354309082,4013.939184188843
412,226.07391357421875,10.080458641052246,130147.87745666504,4024.019642829895
413,181.93760681152344,9.84979248046875,130329.81506347656,4033.8694353103638
414,183.6999053955078,9.718118667602539,130513.51496887207,4043.5875539779663
415,192.90658569335938,10.128864288330078,130706.42155456543,4053.7164182662964
416,141.1888427734375,10.532374382019043,130847.61039733887,4064.2487926483154
417,220.08444213867188,10.706249237060547,131067.69483947754,4074.955041885376
418,215.6836700439453,10.303945541381836,131283.37850952148,4085.258987426758
419,159.55996704101562,10.162572860717773,131442.9384765625,4095.4215602874756
420,193.94554138183594,10.397485733032227,131636.88401794434,4105.819046020508
421,198.03057861328125,9.938048362731934,131834.91459655762,4115.75709438324
422,157.82875061035156,10.284846305847168,131992.74334716797,4126.041940689087
423,308.10968017578125,10.289902687072754,132300.85302734375,4136.33184337616
424,259.1766052246094,10.014304161071777,132560.02963256836,4146.346147537231
425,179.533935546875,10.121692657470703,132739.56356811523,4156.467840194702
426,208.1839599609375,10.382850646972656,132947.74752807617,4166.850690841675
427,239.05584716796875,10.144405364990234,133186.80337524414,4176.995096206665
428,192.7718963623047,10.217713356018066,133379.57527160645,4187.212809562683
429,207.4864501953125,9.87144660949707,133587.06172180176,4197.08425617218
430,148.81973266601562,10.295846939086914,133735.88145446777,4207.380103111267
431,179.20858764648438,10.19056510925293,133915.09004211426,4217.57066822052
432,207.5836944580078,10.206755638122559,134122.67373657227,4227.777423858643
433,214.20025634765625,10.455927848815918,134336.87399291992,4238.2333517074585
434,199.37615966796875,10.462872505187988,134536.2501525879,4248.6962242126465
435,233.91714477539062,10.159299850463867,134770.16729736328,4258.85552406311
436,229.8699493408203,9.648221015930176,135000.0372467041,4268.5037450790405
437,193.35328674316406,10.28093147277832,135193.39053344727,4278.784676551819
438,219.85263061523438,10.325682640075684,135413.2431640625,4289.1103591918945
439,179.0157470703125,10.325333595275879,135592.2589111328,4299.43569278717
440,204.92843627929688,10.019952774047852,135797.1873474121,4309.455645561218
441,232.58489990234375,10.205248832702637,136029.77224731445,4319.660894393921
442,241.74920654296875,9.838594436645508,136271.52145385742,4329.499488830566
443,201.67568969726562,10.193187713623047,136473.1971435547,4339.692676544189
444,142.39915466308594,10.156810760498047,136615.59629821777,4349.8494873046875
445,218.49058532714844,10.370784759521484,136834.08688354492,4360.220272064209
446,261.9576416015625,10.690336227416992,137096.04452514648,4370.910608291626
447,334.1993408203125,10.45461368560791,137430.2438659668,4381.365221977234
448,179.35205078125,10.090505599975586,137609.59591674805,4391.4557275772095
449,211.65249633789062,9.708575248718262,137821.24841308594,4401.164302825928
450,166.35545349121094,10.16346263885498,137987.60386657715,4411.327765464783
451,180.225341796875,10.035415649414062,138167.82920837402,4421.363181114197
452,184.81268310546875,10.392871856689453,138352.6418914795,4431.756052970886
453,161.45086669921875,10.33883285522461,138514.0927581787,4442.094885826111
454,162.33160400390625,9.245870590209961,138676.42436218262,4451.340756416321
455,274.93927001953125,10.54514217376709,138951.36363220215,4461.885898590088
456,200.6090087890625,10.379531860351562,139151.9726409912,4472.265430450439
457,258.89013671875,9.780889511108398,139410.86277770996,4482.046319961548
458,120.88850402832031,10.254638671875,139531.75128173828,4492.300958633423
459,161.821533203125,10.004752159118652,139693.5728149414,4502.3057107925415
460,243.1466064453125,10.257058143615723,139936.71942138672,4512.562768936157
461,177.35659790039062,10.181621551513672,140114.0760192871,4522.744390487671
462,154.34808349609375,10.075118064880371,140268.4241027832,4532.819508552551
463,250.21128845214844,9.917130470275879,140518.63539123535,4542.736639022827
464,137.20111083984375,10.274691581726074,140655.8365020752,4553.011330604553
465,189.9803009033203,9.832808494567871,140845.81680297852,4562.844139099121
466,164.56446838378906,10.149909973144531,141010.3812713623,4572.994049072266
467,216.7835693359375,9.871491432189941,141227.16484069824,4582.865540504456
468,201.90667724609375,10.208325386047363,141429.07151794434,4593.073865890503
469,141.38243103027344,10.507996559143066,141570.4539489746,4603.581862449646
470,186.55697631835938,10.070259094238281,141757.01092529297,4613.652121543884
471,226.28143310546875,10.381814002990723,141983.29235839844,4624.033935546875
472,171.69195556640625,10.30244255065918,142154.98431396484,4634.336378097534
473,142.26095581054688,9.814798355102539,142297.2452697754,4644.151176452637
474,160.65371704101562,10.18307876586914,142457.8989868164,4654.334255218506
475,217.4911346435547,10.422377586364746,142675.39012145996,4664.756632804871
476,158.6798095703125,10.464417457580566,142834.06993103027,4675.221050262451
477,233.9588165283203,10.53005599975586,143068.0287475586,4685.751106262207
478,187.95005798339844,10.07049560546875,143255.978805542,4695.821601867676
479,131.10546875,10.157502174377441,143387.084274292,4705.979104042053
480,172.66424560546875,10.402863502502441,143559.74851989746,4716.381967544556
481,148.68722534179688,10.046409606933594,143708.43574523926,4726.428377151489
482,168.74032592773438,10.240907669067383,143877.176071167,4736.669284820557
483,203.91522216796875,10.023427963256836,144081.09129333496,4746.6927127838135
484,220.29457092285156,10.248210906982422,144301.3858642578,4756.940923690796
485,131.18246459960938,10.446942329406738,144432.56832885742,4767.387866020203
486,194.94203186035156,10.494125366210938,144627.51036071777,4777.881991386414
487,166.50306701660156,10.038863182067871,144794.01342773438,4787.920854568481
488,229.679443359375,10.761581420898438,145023.69287109375,4798.68243598938
489,219.8636016845703,10.552762985229492,145243.55647277832,4809.235198974609
490,159.2333984375,10.521454811096191,145402.78987121582,4819.756653785706
491,176.76736450195312,10.18463134765625,145579.55723571777,4829.941285133362
492,160.00531005859375,10.164012908935547,145739.56254577637,4840.105298042297
493,219.99301147460938,10.309072494506836,145959.55555725098,4850.414370536804
494,182.24246215820312,10.376320838928223,146141.79801940918,4860.790691375732
495,200.1452178955078,10.661919593811035,146341.9432373047,4871.4526109695435
496,188.16436767578125,10.138814926147461,146530.10760498047,4881.591425895691
497,194.34738159179688,10.034933090209961,146724.45498657227,4891.626358985901
498,203.84402465820312,10.42114543914795,146928.29901123047,4902.047504425049
499,175.53494262695312,10.535039901733398,147103.83395385742,4912.582544326782
500,185.3614959716797,10.41586971282959,147289.1954498291,4922.998414039612
501,109.88819885253906,9.721733093261719,147399.08364868164,4932.7201471328735
502,238.847412109375,9.969377517700195,147637.93106079102,4942.689524650574
503,126.78787231445312,10.101768493652344,147764.71893310547,4952.791293144226
504,161.00645446777344,10.14913272857666,147925.72538757324,4962.940425872803
505,141.83010864257812,10.606622695922852,148067.55549621582,4973.547048568726
506,250.39022827148438,10.561105728149414,148317.9457244873,4984.108154296875
507,147.14451599121094,10.285200119018555,148465.09024047852,4994.393354415894
508,181.59359741210938,10.234556198120117,148646.68383789062,5004.627910614014
509,194.61813354492188,9.990757942199707,148841.30197143555,5014.618668556213
510,169.40966796875,10.173933982849121,149010.7116394043,5024.7926025390625
511,174.12094116210938,10.447310447692871,149184.8325805664,5035.239912986755
512,173.56561279296875,10.653797149658203,149358.39819335938,5045.893710136414
513,186.85301208496094,10.624444961547852,149545.25120544434,5056.518155097961
514,179.16000366210938,10.138165473937988,149724.41120910645,5066.656320571899
515,237.11988830566406,10.709835052490234,149961.5310974121,5077.36615562439
516,155.51193237304688,10.298288345336914,150117.04302978516,5087.664443969727
517,164.4058380126953,10.37204647064209,150281.44886779785,5098.036490440369
518,95.03263854980469,9.553102493286133,150376.48150634766,5107.589592933655
519,214.7810516357422,10.101273536682129,150591.2625579834,5117.690866470337
520,166.38426208496094,10.137092590332031,150757.64682006836,5127.827959060669
521,167.85093688964844,10.571792602539062,150925.497756958,5138.399751663208
522,188.5191650390625,10.69227409362793,151114.01692199707,5149.092025756836
523,211.76165771484375,10.329970359802246,151325.7785797119,5159.421996116638
524,194.84815979003906,10.088909149169922,151520.62673950195,5169.510905265808
525,195.84744262695312,10.243377685546875,151716.4741821289,5179.754282951355
526,160.31893920898438,10.493927955627441,151876.7931213379,5190.248210906982
527,188.34310913085938,10.395233154296875,152065.13623046875,5200.643444061279
528,199.82699584960938,9.953712463378906,152264.96322631836,5210.597156524658
529,198.86026000976562,10.756084442138672,152463.82348632812,5221.353240966797
530,148.3095703125,10.084944725036621,152612.13305664062,5231.4381856918335
531,192.8392333984375,10.377267837524414,152804.97229003906,5241.815453529358
532,229.17489624023438,10.035408020019531,153034.1471862793,5251.850861549377
533,105.02082824707031,10.188985824584961,153139.16801452637,5262.039847373962
534,223.896240234375,10.360199928283691,153363.06425476074,5272.400047302246
535,166.65420532226562,10.469244956970215,153529.718460083,5282.869292259216
536,196.22152709960938,10.259805679321289,153725.93998718262,5293.129097938538
537,182.62310791015625,10.348329544067383,153908.56309509277,5303.477427482605
538,194.5341033935547,10.495238304138184,154103.09719848633,5313.972665786743
539,182.37246704101562,10.580031394958496,154285.46966552734,5324.552697181702
540,155.27191162109375,10.536008834838867,154440.74157714844,5335.0887060165405
541,215.71327209472656,10.486038208007812,154656.45484924316,5345.574744224548
542,180.37826538085938,10.103279113769531,154836.83311462402,5355.678023338318
543,173.49932861328125,10.607108116149902,155010.3324432373,5366.285131454468
544,196.09512329101562,9.821920394897461,155206.42756652832,5376.107051849365
545,192.07138061523438,10.41264533996582,155398.49894714355,5386.519697189331
546,235.46546936035156,10.61169719696045,155633.9644165039,5397.1313943862915
547,240.15878295898438,10.744315147399902,155874.1231994629,5407.875709533691
548,181.52398681640625,10.814908027648926,156055.6471862793,5418.69061756134
549,205.9580078125,10.541670799255371,156261.6051940918,5429.232288360596
550,217.27210998535156,10.41166877746582,156478.87730407715,5439.6439571380615
551,170.69000244140625,10.157188415527344,156649.56730651855,5449.801145553589
552,266.60089111328125,9.863429069519043,156916.16819763184,5459.664574623108
553,245.904541015625,10.447011947631836,157162.07273864746,5470.11158657074
554,133.76419067382812,10.347613334655762,157295.8369293213,5480.4591999053955
555,172.06358337402344,10.593259811401367,157467.9005126953,5491.052459716797
556,167.2275390625,10.72447681427002,157635.1280517578,5501.776936531067
557,143.935791015625,10.498327255249023,157779.06384277344,5512.275263786316
558,202.48948669433594,10.793926239013672,157981.55332946777,5523.06919002533
559,170.59317016601562,10.448205947875977,158152.1464996338,5533.517395973206
560,172.45465087890625,10.486743927001953,158324.6011505127,5544.0041399002075
561,127.96683502197266,9.988417625427246,158452.56798553467,5553.992557525635
562,162.51304626464844,10.427955627441406,158615.08103179932,5564.420513153076
563,146.50942993164062,10.141316413879395,158761.59046173096,5574.561829566956
564,189.50592041015625,9.664252281188965,158951.0963821411,5584.2260818481445
565,200.36676025390625,10.44498062133789,159151.46314239502,5594.671062469482
566,197.13662719726562,10.477599143981934,159348.59976959229,5605.148661613464
567,155.5686492919922,10.083671569824219,159504.16841888428,5615.232333183289
568,166.5754852294922,10.212294578552246,159670.74390411377,5625.444627761841
569,193.6205291748047,10.24330997467041,159864.36443328857,5635.687937736511
570,178.05177307128906,10.688407897949219,160042.41620635986,5646.37634563446
571,164.67453002929688,11.027252197265625,160207.09073638916,5657.403597831726
572,116.12663269042969,10.407087326049805,160323.2173690796,5667.810685157776
573,157.55825805664062,10.708394050598145,160480.77562713623,5678.519079208374
574,189.2511749267578,10.945144653320312,160670.026802063,5689.464223861694
575,140.25355529785156,9.80375862121582,160810.28035736084,5699.26798248291
576,168.36378479003906,9.960592269897461,160978.64414215088,5709.228574752808
577,213.44573974609375,10.492040634155273,161192.08988189697,5719.720615386963
578,143.67031860351562,10.25216007232666,161335.7602005005,5729.97277545929
579,176.17982482910156,9.935883522033691,161511.9400253296,5739.908658981323
580,135.61447143554688,10.37010669708252,161647.55449676514,5750.278765678406
581,150.03526306152344,10.023554801940918,161797.58975982666,5760.302320480347
582,222.13784790039062,11.200394630432129,162019.72760772705,5771.502715110779
583,211.89173889160156,10.2838773727417,162231.61934661865,5781.7865924835205
584,176.9921417236328,10.54206657409668,162408.61148834229,5792.328659057617
585,172.08340454101562,10.257164001464844,162580.6948928833,5802.585823059082
586,109.1427001953125,10.157415390014648,162689.8375930786,5812.743238449097
587,163.86509704589844,10.28911304473877,162853.7026901245,5823.032351493835
588,175.46923828125,10.148423194885254,163029.17192840576,5833.180774688721
589,175.9022216796875,10.421087265014648,163205.07415008545,5843.601861953735
590,153.69459533691406,10.301826477050781,163358.76874542236,5853.903688430786
591,146.39654541015625,10.497757911682129,163505.16529083252,5864.401446342468
592,161.73651123046875,10.190838813781738,163666.901802063,5874.59228515625
593,157.29495239257812,10.607372283935547,163824.19675445557,5885.199657440186
594,198.95001220703125,10.449536323547363,164023.1467666626,5895.649193763733
595,194.70706176757812,10.603018760681152,164217.85382843018,5906.252212524414
596,269.7720947265625,10.851362228393555,164487.62592315674,5917.103574752808
597,198.00094604492188,10.246614456176758,164685.62686920166,5927.350189208984
598,184.80874633789062,10.3152494430542,164870.43561553955,5937.665438652039
599,153.7208709716797,10.005067825317383,165024.15648651123,5947.670506477356
600,144.54420471191406,10.623363494873047,165168.70069122314,5958.293869972229
601,156.41677856445312,10.549736976623535,165325.1174697876,5968.8436069488525
602,216.63912963867188,10.500540733337402,165541.75659942627,5979.34414768219
603,172.388427734375,10.428960800170898,165714.14502716064,5989.773108482361
604,183.72726440429688,10.786092758178711,165897.87229156494,6000.55920124054
605,161.84786987304688,10.369288444519043,166059.720161438,6010.928489685059
606,113.62413024902344,10.187639236450195,166173.344291687,6021.116128921509
607,164.58978271484375,10.26294994354248,166337.93407440186,6031.379078865051
608,164.41555786132812,10.439738273620605,166502.34963226318,6041.818817138672
609,151.585205078125,10.13354206085205,166653.9348373413,6051.952359199524
610,182.21731567382812,10.743267059326172,166836.15215301514,6062.69562625885
611,107.38543701171875,10.143385887145996,166943.53759002686,6072.839012145996
612,96.48001098632812,10.166751861572266,167040.01760101318,6083.005764007568
613,138.796142578125,10.09253215789795,167178.8137435913,6093.098296165466
614,173.366455078125,10.308774948120117,167352.18019866943,6103.407071113586
615,165.4228057861328,9.64222240447998,167517.60300445557,6113.049293518066
616,160.4102783203125,10.378847122192383,167678.01328277588,6123.428140640259
617,196.42434692382812,10.12146282196045,167874.4376296997,6133.549603462219
618,200.53713989257812,10.489226341247559,168074.97476959229,6144.038829803467
619,149.714111328125,10.416872024536133,168224.6888809204,6154.455701828003
620,147.99111938476562,10.143540382385254,168372.68000030518,6164.599242210388
621,189.9156036376953,10.646203994750977,168562.59560394287,6175.245446205139
622,154.15562438964844,10.346399307250977,168716.75122833252,6185.59184551239
623,197.97006225585938,10.357828140258789,168914.72129058838,6195.949673652649
624,149.75975036621094,10.490530967712402,169064.4810409546,6206.440204620361
625,85.85789489746094,9.971632957458496,169150.33893585205,6216.41183757782
626,134.62246704101562,10.425495147705078,169284.96140289307,6226.837332725525
627,185.2840576171875,10.360706329345703,169470.24546051025,6237.198039054871
628,175.05014038085938,10.264777183532715,169645.2956008911,6247.462816238403
629,142.94219970703125,10.690654754638672,169788.23780059814,6258.153470993042
630,170.85403442382812,10.170437812805176,169959.09183502197,6268.323908805847
631,117.76641845703125,10.144623756408691,170076.858253479,6278.468532562256
632,130.6047821044922,10.149324417114258,170207.4630355835,6288.61785697937
633,159.24147033691406,10.671546936035156,170366.7045059204,6299.289403915405
634,131.29461669921875,10.510839462280273,170497.99912261963,6309.800243377686
635,170.99290466308594,10.565842628479004,170668.99202728271,6320.366086006165
636,185.80921936035156,10.13956069946289,170854.80124664307,6330.505646705627
637,182.1365203857422,10.656307220458984,171036.9377670288,6341.161953926086
638,206.17274475097656,10.916789054870605,171243.11051177979,6352.078742980957
639,139.366943359375,10.391406059265137,171382.47745513916,6362.470149040222
640,166.59979248046875,10.637852668762207,171549.07724761963,6373.108001708984
641,158.205322265625,10.412179946899414,171707.28256988525,6383.520181655884
642,179.99481201171875,10.288909912109375,171887.27738189697,6393.809091567993
643,192.61492919921875,10.472691535949707,172079.8923110962,6404.281783103943
644,203.6962890625,10.498668670654297,172283.5886001587,6414.780451774597
645,112.23161315917969,9.918159484863281,172395.82021331787,6424.69861125946
646,126.87590026855469,10.09335994720459,172522.69611358643,6434.791971206665
647,194.60015869140625,10.572671890258789,172717.29627227783,6445.364643096924
648,172.65301513671875,10.695023536682129,172889.94928741455,6456.059666633606
649,160.96148681640625,10.65270709991455,173050.91077423096,6466.7123737335205
650,160.8463134765625,10.47783088684082,173211.75708770752,6477.190204620361
651,156.341064453125,10.192627906799316,173368.09815216064,6487.382832527161
652,166.37611389160156,10.785144805908203,173534.47426605225,6498.167977333069
653,150.4235076904297,10.15479850769043,173684.89777374268,6508.322775840759
654,179.4452362060547,10.223544120788574,173864.34300994873,6518.546319961548
655,134.54104614257812,10.590019226074219,173998.8840560913,6529.136339187622
656,157.919677734375,10.241056442260742,174156.80373382568,6539.377395629883
657,171.065673828125,10.234650611877441,174327.8694076538,6549.61204624176
658,129.2796173095703,10.474574089050293,174457.14902496338,6560.086620330811
659,137.831298828125,10.575697898864746,174594.9803237915,6570.662318229675
660,156.54403686523438,10.606952667236328,174751.52436065674,6581.269270896912
661,210.4714813232422,10.522483825683594,174961.99584197998,6591.791754722595
662,115.26533508300781,10.337079048156738,175077.261177063,6602.128833770752
663,147.18829345703125,10.652398109436035,175224.44947052002,6612.781231880188
664,157.06625366210938,10.643399238586426,175381.51572418213,6623.424631118774
665,164.93399047851562,10.785338401794434,175546.44971466064,6634.209969520569
666,148.75320434570312,10.743133544921875,175695.20291900635,6644.953103065491
667,125.54847717285156,10.626198768615723,175820.7513961792,6655.579301834106
668,133.195068359375,10.416958808898926,175953.94646453857,6665.996260643005
669,243.1578826904297,10.882923126220703,176197.104347229,6676.879183769226
670,144.9896240234375,10.96483039855957,176342.09397125244,6687.844014167786
671,165.22418212890625,10.332939147949219,176507.31815338135,6698.176953315735
672,163.08251953125,10.732731819152832,176670.4006729126,6708.909685134888
673,211.3061981201172,9.575844764709473,176881.70687103271,6718.485529899597
674,134.85289001464844,10.67742919921875,177016.55976104736,6729.162959098816
675,137.30447387695312,10.322895050048828,177153.86423492432,6739.485854148865
676,144.5297393798828,10.770783424377441,177298.3939743042,6750.256637573242
677,144.06761169433594,10.473200798034668,177442.46158599854,6760.729838371277
678,128.6913604736328,10.589954376220703,177571.15294647217,6771.319792747498
679,189.72286987304688,10.29938793182373,177760.87581634521,6781.619180679321
680,140.5379638671875,10.35120677947998,177901.4137802124,6791.970387458801
681,115.82388305664062,10.631546974182129,178017.23766326904,6802.601934432983
682,196.9674072265625,10.434619903564453,178214.2050704956,6813.036554336548
683,162.81878662109375,10.452415466308594,178377.0238571167,6823.488969802856
684,156.45217895507812,10.408285140991211,178533.47603607178,6833.897254943848
685,160.1949462890625,11.194955825805664,178693.67098236084,6845.092210769653
686,116.8407974243164,10.159235954284668,178810.51177978516,6855.251446723938
687,129.54237365722656,10.332544326782227,178940.05415344238,6865.58399105072
688,184.68936157226562,10.515876770019531,179124.74351501465,6876.09986782074
689,165.77975463867188,10.463785171508789,179290.52326965332,6886.5636529922485
690,151.0347900390625,10.191399574279785,179441.55805969238,6896.755052566528
691,130.99710083007812,10.16947078704834,179572.55516052246,6906.924523353577
692,149.76376342773438,10.66443157196045,179722.3189239502,6917.588954925537
693,172.7974853515625,10.268258094787598,179895.11640930176,6927.857213020325
694,172.44898986816406,9.572958946228027,180067.56539916992,6937.430171966553
695,134.88290405273438,10.707137107849121,180202.44830322266,6948.137309074402
696,105.71290588378906,10.610319137573242,180308.16120910645,6958.747628211975
697,129.58592224121094,10.887158393859863,180437.74713134766,6969.634786605835
698,135.66799926757812,10.492528915405273,180573.41513061523,6980.12731552124
699,177.23672485351562,10.208819389343262,180750.65185546875,6990.3361349105835
700,149.27757263183594,10.39122200012207,180899.9294281006,7000.727356910706
701,161.89370727539062,10.497264862060547,181061.82313537598,7011.224621772766
702,138.5521240234375,10.564385414123535,181200.3752593994,7021.78900718689
703,161.28652954101562,10.096619606018066,181361.66178894043,7031.885626792908
704,151.51174926757812,10.695174217224121,181513.173538208,7042.580801010132
705,157.8226776123047,10.372030258178711,181670.9962158203,7052.952831268311
706,148.52352905273438,10.085301399230957,181819.51974487305,7063.0381326675415
707,155.8114013671875,10.531391143798828,181975.33114624023,7073.56952381134
708,169.17550659179688,10.502992630004883,182144.50665283203,7084.072516441345
709,168.2471160888672,10.179964065551758,182312.7537689209,7094.252480506897
710,187.85330200195312,10.146430015563965,182500.60707092285,7104.398910522461
711,161.0108642578125,10.56523609161377,182661.61793518066,7114.964146614075
712,136.47750854492188,10.23169994354248,182798.0954437256,7125.195846557617
713,103.6180419921875,10.86064338684082,182901.71348571777,7136.056489944458
714,110.53825378417969,10.9359712600708,183012.25173950195,7146.992461204529
715,178.29354858398438,10.469968795776367,183190.54528808594,7157.462430000305
716,179.6800537109375,10.158869743347168,183370.22534179688,7167.621299743652
717,111.12284851074219,10.93005657196045,183481.34819030762,7178.551356315613
718,151.95692443847656,10.803372383117676,183633.3051147461,7189.3547286987305
719,135.8995361328125,10.45945930480957,183769.2046508789,7199.81418800354
720,170.16281127929688,10.446409225463867,183939.3674621582,7210.260597229004
721,129.534912109375,10.890286445617676,184068.90237426758,7221.150883674622
722,162.24185180664062,10.395742416381836,184231.14422607422,7231.546626091003
723,156.27537536621094,10.479918479919434,184387.41960144043,7242.026544570923
724,131.66098022460938,10.388252258300781,184519.08058166504,7252.414796829224
725,125.79199981689453,10.172928810119629,184644.87258148193,7262.587725639343
726,205.89381408691406,10.87893295288086,184850.76639556885,7273.466658592224
727,184.5339813232422,10.422135353088379,185035.3003768921,7283.8887939453125
728,121.61717224121094,10.642410278320312,185156.9175491333,7294.531204223633
729,161.48574829101562,10.150278091430664,185318.40329742432,7304.6814823150635
730,133.980712890625,10.154460906982422,185452.38401031494,7314.835943222046
731,156.096435546875,10.180789947509766,185608.48044586182,7325.016733169556
732,176.65748596191406,10.164641380310059,185785.13793182373,7335.181374549866
733,111.31318664550781,10.053671836853027,185896.45111846924,7345.235046386719
734,149.26498413085938,10.527121543884277,186045.7161026001,7355.762167930603
735,128.031982421875,10.628535270690918,186173.74808502197,7366.390703201294
736,216.71517944335938,10.4630765914917,186390.46326446533,7376.853779792786
737,140.96929931640625,10.752233505249023,186531.43256378174,7387.606013298035
738,151.99407958984375,10.606328964233398,186683.42664337158,7398.212342262268
739,146.30084228515625,10.402342796325684,186829.72748565674,7408.614685058594
740,87.95907592773438,10.150033950805664,186917.68656158447,7418.764719009399
741,140.0450439453125,10.582951545715332,187057.73160552979,7429.347670555115
742,145.2156982421875,10.412469863891602,187202.94730377197,7439.760140419006
743,131.04026794433594,10.627588272094727,187333.9875717163,7450.387728691101
744,102.23402404785156,10.324742317199707,187436.22159576416,7460.712471008301
745,104.67369079589844,10.345396041870117,187540.89528656006,7471.057867050171
746,171.72799682617188,10.14555835723877,187712.62328338623,7481.20342540741
747,188.78421020507812,10.618768692016602,187901.4074935913,7491.822194099426
748,169.66183471679688,10.561993598937988,188071.0693283081,7502.384187698364
749,174.28567504882812,10.802309036254883,188245.35500335693,7513.186496734619
750,152.2907257080078,10.212419509887695,188397.64572906494,7523.398916244507
751,173.61007690429688,10.604665756225586,188571.25580596924,7534.003582000732
752,157.86135864257812,10.676158905029297,188729.11716461182,7544.679740905762
753,225.9041748046875,10.382741928100586,188955.0213394165,7555.062482833862
754,165.24374389648438,10.595976829528809,189120.265083313,7565.658459663391
755,129.76499938964844,9.81088638305664,189250.03008270264,7575.469346046448
756,171.29510498046875,10.379178047180176,189421.3251876831,7585.848524093628
757,173.19520568847656,10.940990447998047,189594.52039337158,7596.789514541626
758,150.49691772460938,10.320530891418457,189745.0173110962,7607.110045433044
759,118.47222900390625,10.233781814575195,189863.4895401001,7617.34382724762
760,140.33941650390625,10.556069374084473,190003.828956604,7627.899896621704
761,149.6326904296875,10.566275596618652,190153.4616470337,7638.466172218323
762,150.78887939453125,10.541943550109863,190304.25052642822,7649.008115768433
763,146.29513549804688,10.495155334472656,190450.54566192627,7659.503271102905
764,162.9944305419922,10.250223159790039,190613.54009246826,7669.753494262695
765,141.0017547607422,10.396360397338867,190754.541847229,7680.149854660034
766,191.51580810546875,10.82215690612793,190946.05765533447,7690.972011566162
767,133.48843383789062,10.17169189453125,191079.54608917236,7701.143703460693
768,75.9264907836914,10.308786392211914,191155.47257995605,7711.452489852905
769,131.7506103515625,10.467509269714355,191287.22319030762,7721.91999912262
770,96.66254425048828,9.990087509155273,191383.8857345581,7731.910086631775
771,119.79933166503906,10.68109130859375,191503.68506622314,7742.591177940369
772,131.05947875976562,10.286325454711914,191634.7445449829,7752.877503395081
773,176.72528076171875,10.449777603149414,191811.46982574463,7763.32728099823
774,121.79279327392578,10.302708625793457,191933.26261901855,7773.629989624023
775,139.82882690429688,10.770878791809082,192073.09144592285,7784.4008684158325
776,150.70877075195312,10.316478729248047,192223.8002166748,7794.717347145081
777,124.71365356445312,10.888792991638184,192348.51387023926,7805.606140136719
778,158.64637756347656,10.471760749816895,192507.16024780273,7816.077900886536
779,77.02284240722656,9.89742660522461,192584.18309020996,7825.97532749176
780,123.6380615234375,10.390554428100586,192707.8211517334,7836.365881919861
781,102.14018249511719,9.708755493164062,192809.96133422852,7846.074637413025
782,152.06214904785156,10.305039405822754,192962.02348327637,7856.379676818848
783,119.05250549316406,10.000061988830566,193081.07598876953,7866.379738807678
784,146.19618225097656,10.41122817993164,193227.2721710205,7876.79096698761
785,136.74855041503906,10.495218276977539,193364.02072143555,7887.286185264587
786,136.22897338867188,10.557230949401855,193500.24969482422,7897.843416213989
787,141.56655883789062,10.6289701461792,193641.8162536621,7908.4723863601685
788,122.61756896972656,10.537537574768066,193764.43382263184,7919.0099239349365
789,149.56942749023438,10.644715309143066,193914.00325012207,7929.65463924408
790,156.78036499023438,10.528401374816895,194070.7836151123,7940.1830406188965
791,94.25788879394531,10.488519668579102,194165.04150390625,7950.671560287476
792,111.66100311279297,10.566472053527832,194276.70250701904,7961.238032341003
793,165.9188232421875,10.358354568481445,194442.62133026123,7971.596386909485
794,150.56675720214844,10.244405746459961,194593.18808746338,7981.840792655945
795,141.37860107421875,10.567779541015625,194734.5666885376,7992.40857219696
796,114.17390441894531,10.523539543151855,194848.74059295654,8002.932111740112
797,169.86422729492188,9.930229187011719,195018.60482025146,8012.862340927124
798,156.01219177246094,10.378995895385742,195174.61701202393,8023.24133682251
799,98.88600158691406,10.103063583374023,195273.50301361084,8033.344400405884
800,139.71255493164062,10.48250961303711,195413.21556854248,8043.826910018921
801,148.6495361328125,10.119709968566895,195561.8651046753,8053.946619987488
802,165.35301208496094,10.639386177062988,195727.21811676025,8064.586006164551
803,149.68234252929688,10.404264450073242,195876.90045928955,8074.990270614624
804,120.2777099609375,10.994646072387695,195997.1781692505,8085.984916687012
805,139.52455139160156,10.145453453063965,196136.7027206421,8096.130370140076
806,155.70181274414062,10.845956802368164,196292.40453338623,8106.976326942444
807,138.53599548339844,10.76315975189209,196430.94052886963,8117.739486694336
808,161.40504455566406,10.74437141418457,196592.3455734253,8128.4838581085205
809,179.25732421875,10.778310775756836,196771.60289764404,8139.262168884277
810,119.60325622558594,10.696828842163086,196891.20615386963,8149.95899772644
811,156.814453125,10.660396575927734,197048.02060699463,8160.619394302368
812,166.1537628173828,10.726228713989258,197214.174369812,8171.345623016357
813,119.24370574951172,10.534199714660645,197333.41807556152,8181.879822731018
814,172.35101318359375,10.677556037902832,197505.76908874512,8192.55737876892
815,109.82618713378906,10.34260082244873,197615.5952758789,8202.89997959137
816,144.91256713867188,10.470268249511719,197760.50784301758,8213.370247840881
817,158.0710906982422,10.663420677185059,197918.57893371582,8224.033668518066
818,180.0755615234375,10.83735179901123,198098.65449523926,8234.871020317078
819,156.37057495117188,10.635512351989746,198255.02507019043,8245.506532669067
820,135.5609588623047,9.991049766540527,198390.58602905273,8255.497582435608
821,116.26597595214844,10.915179252624512,198506.85200500488,8266.412761688232
822,151.70782470703125,10.611815452575684,198658.5598297119,8277.024577140808
823,141.13629150390625,10.292462348937988,198799.69612121582,8287.317039489746
824,158.5731201171875,10.646668434143066,198958.269241333,8297.96370792389
825,120.71997833251953,10.595295906066895,199078.98921966553,8308.559003829956
826,100.27818298339844,10.462520599365234,199179.26740264893,8319.021524429321
827,111.63739776611328,10.46418571472168,199290.90480041504,8329.485710144043
828,150.58212280273438,10.390594482421875,199441.48692321777,8339.876304626465
829,170.00572204589844,10.713607788085938,199611.49264526367,8350.58991241455
830,138.65240478515625,10.68140983581543,199750.14505004883,8361.271322250366
831,141.70675659179688,10.498879432678223,199891.85180664062,8371.770201683044
832,150.50711059570312,10.640731811523438,200042.35891723633,8382.410933494568
833,133.39413452148438,10.15725326538086,200175.7530517578,8392.568186759949
834,121.80674743652344,10.268634796142578,200297.55979919434,8402.836821556091
835,148.00360107421875,10.790704727172852,200445.56340026855,8413.627526283264
836,148.541015625,10.086747169494629,200594.10441589355,8423.714273452759
837,151.0072784423828,10.582808494567871,200745.11169433594,8434.297081947327
838,192.93130493164062,11.979909896850586,200938.04299926758,8446.276991844177
839,114.79551696777344,10.372089385986328,201052.83851623535,8456.649081230164
840,98.09283447265625,10.699963569641113,201150.931350708,8467.349044799805
841,141.77005004882812,9.743197441101074,201292.70140075684,8477.092242240906
842,134.99777221679688,10.345270156860352,201427.69917297363,8487.437512397766
843,159.22821044921875,10.869363784790039,201586.92738342285,8498.306876182556
844,92.14781188964844,10.641923904418945,201679.0751953125,8508.948800086975
845,124.92615509033203,10.542332649230957,201804.00135040283,8519.491132736206
846,131.31849670410156,10.93369197845459,201935.31984710693,8530.42482471466
847,138.46385192871094,10.350564002990723,202073.78369903564,8540.775388717651
848,133.75941467285156,10.458171844482422,202207.5431137085,8551.233560562134
849,167.89723205566406,10.643060684204102,202375.44034576416,8561.876621246338
850,109.08602905273438,10.347962379455566,202484.5263748169,8572.224583625793
851,93.192626953125,10.318148612976074,202577.71900177002,8582.54273223877
852,95.69963073730469,10.460062026977539,202673.41863250732,8593.002794265747
853,149.37374877929688,10.651748657226562,202822.79238128662,8603.654542922974
854,155.13571166992188,10.731599807739258,202977.92809295654,8614.386142730713
855,126.48837280273438,10.425065994262695,203104.41646575928,8624.811208724976
856,144.776123046875,10.629240989685059,203249.19258880615,8635.44044971466
857,135.74932861328125,9.988497734069824,203384.94191741943,8645.42894744873
858,113.41807556152344,10.440211296081543,203498.35999298096,8655.869158744812
859,157.0698699951172,10.45211410522461,203655.42986297607,8666.321272850037
860,99.56623840332031,10.941871643066406,203754.9961013794,8677.263144493103
861,154.614501953125,10.569999694824219,203909.61060333252,8687.833144187927
862,138.165283203125,10.515295028686523,204047.77588653564,8698.348439216614
863,135.45388793945312,10.274144172668457,204183.2297744751,8708.622583389282
864,157.06202697753906,10.868021011352539,204340.29180145264,8719.490604400635
865,152.379638671875,10.475834846496582,204492.6714401245,8729.966439247131
866,99.08763122558594,10.484493255615234,204591.7590713501,8740.450932502747
867,93.71875,10.583077430725098,204685.4778213501,8751.034009933472
868,149.88514709472656,10.251740455627441,204835.36296844482,8761.2857503891
869,122.81089782714844,10.628884315490723,204958.17386627197,8771.91463470459
870,146.74468994140625,10.430113792419434,205104.91855621338,8782.34474849701
871,182.72573852539062,10.114120483398438,205287.64429473877,8792.458868980408
872,95.64508056640625,10.145106315612793,205383.28937530518,8802.60397529602
873,142.79257202148438,10.556769371032715,205526.08194732666,8813.160744667053
874,165.0474853515625,10.741316795349121,205691.12943267822,8823.902061462402
875,127.64934539794922,10.241484642028809,205818.77877807617,8834.143546104431
876,114.64924621582031,10.41722297668457,205933.428024292,8844.560769081116
877,164.6205596923828,10.504610061645508,206098.04858398438,8855.065379142761
878,121.35777282714844,10.757549285888672,206219.40635681152,8865.82292842865
879,136.84422302246094,10.353041648864746,206356.25057983398,8876.175970077515
880,161.03616333007812,10.114657402038574,206517.28674316406,8886.290627479553
881,94.59356689453125,10.601367950439453,206611.8803100586,8896.891995429993
882,121.06617736816406,10.554611206054688,206732.94648742676,8907.446606636047
883,101.261474609375,10.254390716552734,206834.20796203613,8917.7009973526
884,134.49020385742188,10.727617263793945,206968.69816589355,8928.428614616394
885,138.65652465820312,10.69350814819336,207107.35469055176,8939.122122764587
886,109.97478485107422,10.751808166503906,207217.32947540283,8949.873930931091
887,150.79110717773438,10.635643005371094,207368.12058258057,8960.509573936462
888,154.71780395507812,10.459349632263184,207522.83838653564,8970.968923568726
889,127.22308349609375,10.581685066223145,207650.06147003174,8981.550608634949
890,86.620849609375,10.364533424377441,207736.6823196411,8991.915142059326
891,109.85896301269531,10.705538749694824,207846.5412826538,9002.620680809021
892,124.95465087890625,11.060380935668945,207971.49593353271,9013.68106174469
893,139.1790771484375,10.524739265441895,208110.67501068115,9024.205801010132
894,138.3305206298828,10.646910667419434,208249.00553131104,9034.852711677551
895,145.64413452148438,10.383058547973633,208394.64966583252,9045.235770225525
896,157.3648681640625,10.540722846984863,208552.01453399658,9055.77649307251
897,119.29198455810547,10.49041748046875,208671.3065185547,9066.266910552979
898,164.91421508789062,10.243334770202637,208836.22073364258,9076.510245323181
899,117.64410400390625,10.496502876281738,208953.86483764648,9087.006748199463
900,86.68385314941406,10.542757987976074,209040.5486907959,9097.549506187439
901,138.553955078125,10.724177360534668,209179.10264587402,9108.273683547974
902,127.39899444580078,10.533167839050293,209306.50164031982,9118.806851387024
903,122.78958892822266,10.767867088317871,209429.29122924805,9129.574718475342
904,161.74676513671875,10.383659362792969,209591.03799438477,9139.958377838135
905,128.61875915527344,10.48920726776123,209719.65675354004,9150.447585105896
906,96.12583923339844,10.435944557189941,209815.78259277344,9160.883529663086
907,128.338134765625,10.782137870788574,209944.12072753906,9171.665667533875
908,83.878173828125,10.702722549438477,210027.9989013672,9182.368390083313
909,164.6875,11.236928939819336,210192.6864013672,9193.605319023132
910,148.33251953125,10.405912399291992,210341.01892089844,9204.011231422424
911,105.40721893310547,10.270658493041992,210446.42613983154,9214.281889915466
912,159.46160888671875,10.463879585266113,210605.88774871826,9224.745769500732
913,116.3667984008789,10.555240631103516,210722.25454711914,9235.301010131836
914,108.02947998046875,10.641098022460938,210830.2840270996,9245.942108154297
915,161.677978515625,10.543235778808594,210991.96200561523,9256.485343933105
916,102.6263198852539,10.766712188720703,211094.5883255005,9267.252056121826
917,140.34689331054688,10.155658721923828,211234.93521881104,9277.40771484375
918,119.51011657714844,10.591222763061523,211354.44533538818,9287.998937606812
919,146.90338134765625,10.733582496643066,211501.34871673584,9298.732520103455
920,136.02532958984375,10.416044235229492,211637.37404632568,9309.148564338684
921,128.63241577148438,10.713546752929688,211766.00646209717,9319.862111091614
922,134.90284729003906,10.962896347045898,211900.9093093872,9330.82500743866
923,96.96173858642578,10.361273765563965,211997.87104797363,9341.186281204224
924,115.2835693359375,10.79310417175293,212113.15461730957,9351.979385375977
925,116.16893005371094,10.541385650634766,212229.32354736328,9362.520771026611
926,115.06265258789062,10.71265697479248,212344.38619995117,9373.233428001404
927,127.54898071289062,10.1725492477417,212471.93518066406,9383.405977249146
928,123.24566650390625,10.723742485046387,212595.18084716797,9394.129719734192
929,128.0924072265625,10.629823684692383,212723.27325439453,9404.759543418884
930,151.59718322753906,10.63187026977539,212874.87043762207,9415.39141368866
931,153.11509704589844,10.822664260864258,213027.98553466797,9426.214077949524
932,114.87577056884766,10.319670677185059,213142.86130523682,9436.533748626709
933,202.8250732421875,10.891984939575195,213345.686378479,9447.425733566284
934,99.75862884521484,9.999202728271484,213445.44500732422,9457.424936294556
935,133.8682861328125,10.271738052368164,213579.31329345703,9467.696674346924
936,149.72430419921875,10.560542106628418,213729.03759765625,9478.257216453552
937,166.05279541015625,10.788359642028809,213895.0903930664,9489.045576095581
938,105.35528564453125,10.481012344360352,214000.44567871094,9499.526588439941
939,83.78974151611328,10.376239776611328,214084.23542022705,9509.902828216553
940,101.57535552978516,10.53309440612793,214185.81077575684,9520.43592262268
941,130.2794647216797,10.842670440673828,214316.09024047852,9531.278593063354
942,106.98580932617188,10.378839492797852,214423.0760498047,9541.657432556152
943,162.46206665039062,10.722856521606445,214585.53811645508,9552.380289077759
944,122.49263000488281,10.623918533325195,214708.03074645996,9563.004207611084
945,135.50547790527344,10.346373558044434,214843.53622436523,9573.350581169128
946,100.10691833496094,10.646157264709473,214943.6431427002,9583.996738433838
947,127.19715881347656,10.738565444946289,215070.84030151367,9594.735303878784
948,95.23652648925781,10.445289611816406,215166.07682800293,9605.1805934906
949,150.29795837402344,10.662931442260742,215316.37478637695,9615.843524932861
950,120.87451171875,10.041221618652344,215437.2492980957,9625.884746551514
951,112.5548095703125,10.449335098266602,215549.80410766602,9636.33408164978
952,103.69540405273438,10.460379600524902,215653.49951171875,9646.794461250305
953,125.21305847167969,10.849152565002441,215778.71257019043,9657.643613815308
954,167.7466278076172,10.361090660095215,215946.45919799805,9668.004704475403
955,143.7516326904297,10.721545219421387,216090.21083068848,9678.726249694824
956,115.0497817993164,10.43509292602539,216205.2606124878,9689.16134262085
957,141.33229064941406,10.444714546203613,216346.5929031372,9699.606057167053
958,140.87399291992188,11.002549171447754,216487.46689605713,9710.608606338501
959,152.62661743164062,11.133893013000488,216640.09351348877,9721.742499351501
960,116.42872619628906,10.714225769042969,216756.52223968506,9732.456725120544
961,118.95281219482422,10.774361610412598,216875.47505187988,9743.231086730957
962,122.80606079101562,10.598040580749512,216998.2811126709,9753.829127311707
963,101.42864990234375,10.72707748413086,217099.70976257324,9764.556204795837
964,117.12183380126953,10.25733470916748,217216.8315963745,9774.813539505005
965,95.23924255371094,10.463726997375488,217312.07083892822,9785.27726650238
966,147.33847045898438,10.306528091430664,217459.4093093872,9795.583794593811
967,114.29927062988281,10.557121276855469,217573.7085800171,9806.140915870667
968,131.03585815429688,11.109484672546387,217704.7444381714,9817.250400543213
969,127.3653335571289,10.631603240966797,217832.10977172852,9827.88200378418
970,106.208251953125,10.560314178466797,217938.31802368164,9838.442317962646
971,113.58170318603516,10.82796573638916,218051.89972686768,9849.270283699036
972,111.75450897216797,10.550440788269043,218163.65423583984,9859.820724487305
973,119.98422241210938,10.416268348693848,218283.63845825195,9870.236992835999
974,132.0194549560547,10.502462387084961,218415.657913208,9880.739455223083
975,112.097412109375,10.44258975982666,218527.75532531738,9891.18204498291
976,110.23119354248047,10.279681205749512,218637.98651885986,9901.46172618866
977,110.704833984375,10.187901496887207,218748.69135284424,9911.649627685547
978,135.22348022460938,11.201689720153809,218883.91483306885,9922.8513174057
979,144.2748260498047,10.930160522460938,219028.18965911865,9933.781477928162
980,148.36546325683594,10.63036823272705,219176.5551223755,9944.411846160889
981,83.84370422363281,10.387199401855469,219260.39882659912,9954.799045562744
982,148.03814697265625,10.565896034240723,219408.43697357178,9965.364941596985
983,125.97533416748047,10.731246948242188,219534.41230773926,9976.096188545227
984,162.2548370361328,10.759174346923828,219696.6671447754,9986.85536289215
985,157.09902954101562,10.954327583312988,219853.7661743164,9997.809690475464
986,107.4326400756836,10.936776161193848,219961.1988143921,10008.746466636658
987,106.00662231445312,10.280465126037598,220067.20543670654,10019.026931762695
988,120.32630920410156,10.425240516662598,220187.53174591064,10029.452172279358
989,99.7713394165039,10.451595306396484,220287.30308532715,10039.903767585754
990,146.51927185058594,10.323090553283691,220433.82235717773,10050.226858139038
991,104.26115417480469,10.321757316589355,220538.08351135254,10060.548615455627
992,91.1745834350586,10.380243301391602,220629.2580947876,10070.928858757019
993,144.22080993652344,10.131454467773438,220773.47890472412,10081.060313224792
994,84.38499450683594,10.408726692199707,220857.86389923096,10091.469039916992
995,120.65731811523438,10.75947380065918,220978.5212173462,10102.228513717651
996,127.73176574707031,10.73656940460205,221106.25298309326,10112.965083122253
997,152.304443359375,10.359363555908203,221258.55742645264,10123.324446678162
998,127.96405792236328,10.321776390075684,221386.521484375,10133.646223068237
999,138.10794067382812,10.24280071258545,221524.62942504883,10143.889023780823
1000,143.53761291503906,10.389700889587402,221668.16703796387,10154.27872467041
1001,168.38328552246094,10.187222480773926,221836.55032348633,10164.465947151184
1002,90.68052673339844,10.404452323913574,221927.23085021973,10174.870399475098
1003,92.76875305175781,11.017285346984863,222019.99960327148,10185.887684822083
1004,114.03608703613281,10.993988990783691,222134.03569030762,10196.881673812866
1005,119.38801574707031,10.517775535583496,222253.4237060547,10207.39944934845
1006,142.14453125,10.68988037109375,222395.5682373047,10218.089329719543
1007,118.95610046386719,10.436799049377441,222514.52433776855,10228.52612876892
1008,113.46243286132812,10.46727180480957,222627.98677062988,10238.99340057373
1009,108.99043273925781,10.934120178222656,222736.97720336914,10249.927520751953
1010,147.93148803710938,9.73660659790039,222884.90869140625,10259.664127349854
1011,107.25275421142578,10.555694580078125,222992.16144561768,10270.219821929932
1012,92.76277160644531,9.953885078430176,223084.92421722412,10280.173707008362
1013,95.405029296875,10.470553398132324,223180.329246521,10290.644260406494
1014,117.69644165039062,10.36008358001709,223298.0256881714,10301.004343986511
1015,123.94943237304688,10.79925537109375,223421.97512054443,10311.803599357605
1016,100.68115234375,10.618267059326172,223522.65627288818,10322.421866416931
1017,94.84837341308594,10.77183723449707,223617.50464630127,10333.193703651428
1018,150.92681884765625,9.94232177734375,223768.43146514893,10343.136025428772
1019,124.41789245605469,10.767889976501465,223892.84935760498,10353.903915405273
1020,157.17929077148438,11.033681869506836,224050.02864837646,10364.93759727478
1021,160.65325927734375,10.858782768249512,224210.6819076538,10375.79638004303
1022,143.97732543945312,10.853028297424316,224354.65923309326,10386.649408340454
1023,112.22372436523438,10.76180362701416,224466.8829574585,10397.411211967468
1024,103.69859313964844,10.535050392150879,224570.58155059814,10407.94626235962
1025,118.40206146240234,10.579924583435059,224688.98361206055,10418.526186943054
1026,131.90570068359375,10.754672050476074,224820.88931274414,10429.28085899353
1027,117.56310272216797,10.751421928405762,224938.4524154663,10440.032280921936
1028,96.86459350585938,10.599881172180176,225035.31700897217,10450.632162094116
1029,102.56838989257812,10.415492057800293,225137.88539886475,10461.047654151917
1030,123.52803039550781,10.416884422302246,225261.41342926025,10471.464538574219
1031,141.257568359375,10.761358261108398,225402.67099761963,10482.225896835327
1032,123.17509460449219,10.685254096984863,225525.84609222412,10492.911150932312
1033,138.9981689453125,10.721108436584473,225664.84426116943,10503.632259368896
1034,116.39701843261719,10.831191062927246,225781.24127960205,10514.463450431824
1035,108.72654724121094,10.394590377807617,225889.96782684326,10524.858040809631
1036,120.97671508789062,10.179915428161621,226010.94454193115,10535.037956237793
1037,106.23167419433594,10.507779121398926,226117.1762161255,10545.545735359192
1038,111.94432830810547,10.707531929016113,226229.1205444336,10556.253267288208
1039,110.03102111816406,11.210636138916016,226339.15156555176,10567.463903427124
1040,111.05108642578125,10.821553230285645,226450.20265197754,10578.28545665741
1041,116.35026550292969,10.376181602478027,226566.55291748047,10588.661638259888
1042,124.1405258178711,10.984572410583496,226690.69344329834,10599.646210670471
1043,123.54696655273438,10.586259841918945,226814.24040985107,10610.23247051239
1044,97.54367065429688,10.537473678588867,226911.78408050537,10620.769944190979
1045,120.74224853515625,11.022819519042969,227032.52632904053,10631.792763710022
1046,90.95512390136719,10.279762268066406,227123.4814529419,10642.072525978088
1047,114.69818115234375,10.341907501220703,227238.17963409424,10652.414433479309
1048,122.2347183227539,10.108790397644043,227360.414352417,10662.523223876953
1049,98.84834289550781,10.23422908782959,227459.2626953125,10672.757452964783
1050,94.31011962890625,10.568370819091797,227553.5728149414,10683.325823783875
1051,134.62124633789062,10.84610366821289,227688.1940612793,10694.171927452087
1052,101.25303649902344,10.373360633850098,227789.44709777832,10704.545288085938
1053,127.91748046875,10.429927825927734,227917.36457824707,10714.975215911865
1054,131.5084228515625,9.95511531829834,228048.87300109863,10724.930331230164
1055,123.50874328613281,10.817418098449707,228172.38174438477,10735.747749328613
1056,125.51832580566406,10.933106422424316,228297.90007019043,10746.680855751038
1057,89.36216735839844,10.478838920593262,228387.26223754883,10757.15969467163
1058,77.66729736328125,10.388837814331055,228464.9295349121,10767.548532485962
1059,99.29570770263672,10.486702919006348,228564.22524261475,10778.035235404968
1060,92.1209716796875,10.515233993530273,228656.34621429443,10788.550469398499
1061,113.59646606445312,10.759263038635254,228769.9426803589,10799.309732437134
1062,120.502685546875,10.432262420654297,228890.44536590576,10809.741994857788
1063,68.75033569335938,10.430036544799805,228959.19570159912,10820.172031402588
1064,143.3435516357422,10.853203773498535,229102.53925323486,10831.025235176086
1065,167.28102111816406,11.075615882873535,229269.82027435303,10842.10085105896
1066,144.82986450195312,10.439587593078613,229414.65013885498,10852.540438652039
1067,113.06771087646484,10.76091194152832,229527.71784973145,10863.301350593567
1068,112.60684204101562,9.911690711975098,229640.32469177246,10873.213041305542
1069,113.35099792480469,10.467341423034668,229753.67568969727,10883.680382728577
1070,134.24578857421875,10.752104759216309,229887.92147827148,10894.432487487793
1071,131.26446533203125,10.33315658569336,230019.18594360352,10904.765644073486
1072,116.0349349975586,10.5243501663208,230135.22087860107,10915.289994239807
1073,129.19760131835938,10.703872680664062,230264.41847991943,10925.993866920471
1074,106.75332641601562,10.445274353027344,230371.17180633545,10936.439141273499
1075,72.39012145996094,10.613187789916992,230443.5619277954,10947.052329063416
1076,111.00576782226562,10.723848342895508,230554.56769561768,10957.776177406311
1077,160.40574645996094,10.978957176208496,230714.97344207764,10968.75513458252
1078,119.47639465332031,10.485809326171875,230834.44983673096,10979.240943908691
1079,73.55607604980469,10.287205696105957,230908.00591278076,10989.528149604797
1080,130.5606689453125,10.385390281677246,231038.56658172607,10999.913539886475
1081,131.15476989746094,10.749092102050781,231169.72135162354,11010.662631988525
1082,114.2313461303711,10.746095657348633,231283.9526977539,11021.408727645874
1083,85.95401000976562,10.71767520904541,231369.90670776367,11032.12640285492
1084,78.01655578613281,10.374852180480957,231447.9232635498,11042.5012550354
1085,128.39837646484375,10.71548843383789,231576.32164001465,11053.216743469238
1086,120.11097717285156,10.726055145263672,231696.4326171875,11063.942798614502
1087,120.71781158447266,9.702892303466797,231817.15042877197,11073.645690917969
1088,107.32772827148438,10.397067070007324,231924.47815704346,11084.042757987976
1089,126.81706237792969,10.837267875671387,232051.2952194214,11094.880025863647
1090,147.559326171875,10.55675220489502,232198.85454559326,11105.436778068542
1091,145.7061767578125,10.592195510864258,232344.56072235107,11116.028973579407
1092,135.3695068359375,10.819116592407227,232479.930229187,11126.848090171814
1093,132.10508728027344,10.30541706085205,232612.03531646729,11137.153507232666
1094,81.20221710205078,10.603158950805664,232693.23753356934,11147.756666183472
1095,129.07191467285156,10.453396797180176,232822.3094482422,11158.210062980652
1096,81.24264526367188,10.450794219970703,232903.55209350586,11168.660857200623
1097,104.51774597167969,10.506131172180176,233008.06983947754,11179.166988372803
1098,96.9103012084961,10.410057067871094,233104.98014068604,11189.577045440674
1099,141.48153686523438,10.633647918701172,233246.46167755127,11200.210693359375
1100,111.41978454589844,10.650365829467773,233357.88146209717,11210.861059188843
1101,196.36624145507812,11.385689735412598,233554.24770355225,11222.246748924255
1102,149.9522247314453,10.749133110046387,233704.1999282837,11232.995882034302
1103,66.40950012207031,10.531729698181152,233770.60942840576,11243.527611732483
1104,117.79061889648438,10.889730453491211,233888.40004730225,11254.417342185974
1105,113.86132049560547,10.461872100830078,234002.26136779785,11264.879214286804
1106,70.91975402832031,10.44504451751709,234073.18112182617,11275.324258804321
1107,201.98989868164062,11.207243919372559,234275.1710205078,11286.531502723694
1108,99.54256439208984,10.404006004333496,234374.7135848999,11296.935508728027
1109,101.4224853515625,10.54306697845459,234476.13607025146,11307.478575706482
1110,124.88648986816406,10.527571678161621,234601.02256011963,11318.006147384644
1111,124.66983795166016,10.642210006713867,234725.6923980713,11328.648357391357
1112,137.6058349609375,11.062273025512695,234863.29823303223,11339.71063041687
1113,93.76560974121094,11.012862205505371,234957.06384277344,11350.723492622375
1114,130.4327850341797,10.534405708312988,235087.49662780762,11361.257898330688
1115,116.16702270507812,10.602117538452148,235203.6636505127,11371.86001586914
1116,78.22891235351562,10.601593971252441,235281.8925628662,11382.461609840393
1117,126.72698974609375,10.700274467468262,235408.6195526123,11393.161884307861
1118,87.4688720703125,11.341259956359863,235496.08842468262,11404.503144264221
1119,153.12167358398438,11.069962501525879,235649.2100982666,11415.573106765747
1120,128.73309326171875,10.810022354125977,235777.94319152832,11426.383129119873
1121,127.33990478515625,10.40658950805664,235905.28309631348,11436.78971862793
1122,156.4197540283203,9.570030212402344,236061.7028503418,11446.359748840332
1123,141.02020263671875,10.807096481323242,236202.72305297852,11457.166845321655
1124,102.68635559082031,10.138843536376953,236305.40940856934,11467.305688858032
1125,95.83151245117188,10.27286434173584,236401.2409210205,11477.578553199768
1126,77.7159423828125,10.163007736206055,236478.95686340332,11487.741560935974
1127,125.50328063964844,10.374367713928223,236604.46014404297,11498.115928649902
1128,85.5384521484375,10.53095531463623,236689.9985961914,11508.646883964539
1129,81.13379669189453,10.293947219848633,236771.1323928833,11518.940831184387
1130,112.2965087890625,10.262328147888184,236883.42890167236,11529.203159332275
1131,148.3710174560547,10.795340538024902,237031.79991912842,11539.9984998703
1132,91.60282135009766,10.386526107788086,237123.40274047852,11550.385025978088
1133,149.97125244140625,10.77175235748291,237273.37399291992,11561.156778335571
1134,130.0374755859375,10.557683944702148,237403.41146850586,11571.714462280273
1135,109.26536560058594,10.690908432006836,237512.67683410645,11582.40537071228
1136,95.38652038574219,11.443317413330078,237608.0633544922,11593.84868812561
1137,97.474365234375,10.396317481994629,237705.53771972656,11604.245005607605
1138,86.88107299804688,10.707026481628418,237792.4187927246,11614.952032089233
1139,148.73715209960938,10.740255355834961,237941.15594482422,11625.692287445068
1140,99.07330322265625,10.406734466552734,238040.22924804688,11636.099021911621
1141,78.88505554199219,10.515256881713867,238119.11430358887,11646.614278793335
1142,89.32920837402344,10.665970802307129,238208.4435119629,11657.280249595642
1143,111.05029296875,10.953777313232422,238319.49380493164,11668.234026908875
1144,105.98191833496094,9.951327323913574,238425.4757232666,11678.185354232788
1145,56.02367401123047,10.318114280700684,238481.49939727783,11688.503468513489
1146,87.33047485351562,10.674915313720703,238568.82987213135,11699.17838382721
1147,127.81757354736328,10.437697410583496,238696.6474456787,11709.616081237793
1148,133.93788146972656,10.772510528564453,238830.58532714844,11720.388591766357
1149,128.30194091796875,10.616703987121582,238958.8872680664,11731.005295753479
1150,107.99668884277344,10.349776268005371,239066.88395690918,11741.355072021484
1151,109.1109390258789,10.751145362854004,239175.99489593506,11752.106217384338
1152,80.64167022705078,10.233869552612305,239256.6365661621,11762.34008693695
1153,114.56188201904297,10.986581802368164,239371.19844818115,11773.326668739319
1154,61.96903991699219,10.613115310668945,239433.16748809814,11783.939784049988
1155,89.22825622558594,11.183476448059082,239522.39574432373,11795.123260498047
1156,121.32229614257812,10.764100074768066,239643.7180404663,11805.887360572815
1157,143.56887817382812,10.710318565368652,239787.28691864014,11816.597679138184
1158,122.99261474609375,11.09083080291748,239910.27953338623,11827.688509941101
1159,92.10359191894531,10.700512886047363,240002.38312530518,11838.389022827148
1160,110.7245864868164,10.426643371582031,240113.107711792,11848.81566619873
1161,123.54940795898438,9.86751937866211,240236.65711975098,11858.683185577393
1162,112.88691711425781,10.34742259979248,240349.54403686523,11869.030608177185
1163,91.80482482910156,10.272978782653809,240441.34886169434,11879.303586959839
1164,121.8233642578125,10.456226348876953,240563.17222595215,11889.759813308716
1165,125.54086303710938,10.495692253112793,240688.71308898926,11900.255505561829
1166,97.13290405273438,10.883334159851074,240785.845993042,11911.13883972168
1167,92.25958251953125,10.303967475891113,240878.10557556152,11921.44280719757
1168,83.93233489990234,10.382068634033203,240962.03791046143,11931.824875831604
1169,101.81183624267578,10.537227630615234,241063.8497467041,11942.36210346222
1170,133.76727294921875,10.471903800964355,241197.61701965332,11952.834007263184
1171,95.61200714111328,10.579437255859375,241293.22902679443,11963.413444519043
1172,122.74555969238281,10.702550888061523,241415.97458648682,11974.115995407104
1173,139.147216796875,10.586052894592285,241555.1218032837,11984.702048301697
1174,148.93905639648438,10.64948844909668,241704.06085968018,11995.351536750793
1175,99.25947570800781,10.913228034973145,241803.32033538818,12006.264764785767
1176,126.79739379882812,10.788908004760742,241930.117729187,12017.053672790527
1177,76.55040740966797,10.546894073486328,242006.66813659668,12027.600566864014
1178,125.87454986572266,10.508913040161133,242132.5426864624,12038.109479904175
1179,125.83273315429688,10.644227027893066,242258.3754196167,12048.753706932068
1180,137.23294067382812,10.417757987976074,242395.60836029053,12059.171464920044
1181,138.99166870117188,10.712590217590332,242534.6000289917,12069.884055137634
1182,77.51222229003906,10.583316802978516,242612.11225128174,12080.467371940613
1183,116.00018310546875,10.615974426269531,242728.1124343872,12091.083346366882
1184,121.00077819824219,10.636363983154297,242849.11321258545,12101.719710350037
1185,121.965576171875,10.735528945922852,242971.07878875732,12112.45523929596
1186,128.76785278320312,10.769497871398926,243099.84664154053,12123.224737167358
1187,127.74072265625,11.176015853881836,243227.58736419678,12134.40075302124
1188,147.40811157226562,10.736811637878418,243374.99547576904,12145.137564659119
1189,105.39181518554688,10.472387313842773,243480.3872909546,12155.609951972961
1190,113.78924560546875,10.629728317260742,243594.17653656006,12166.239680290222
1191,99.20230102539062,10.42777156829834,243693.37883758545,12176.66745185852
1192,111.71891784667969,10.645891189575195,243805.09775543213,12187.313343048096
1193,115.87922668457031,10.600458145141602,243920.9769821167,12197.913801193237
1194,72.85858154296875,10.39864444732666,243993.83556365967,12208.312445640564
1195,105.43147277832031,10.874889373779297,244099.267036438,12219.187335014343
1196,83.5416030883789,10.380642890930176,244182.80863952637,12229.567977905273
1197,134.81150817871094,10.714723587036133,244317.62014770508,12240.28270149231
1198,118.47126770019531,10.513568878173828,244436.09141540527,12250.796270370483
1199,133.23098754882812,10.549266815185547,244569.3224029541,12261.345537185669
1200,72.87666320800781,10.243185997009277,244642.1990661621,12271.588723182678
1201,125.08050537109375,10.942278861999512,244767.2795715332,12282.531002044678
1202,126.04910278320312,10.49287223815918,244893.3286743164,12293.023874282837
1203,107.77812194824219,10.320773124694824,245001.10679626465,12303.344647407532
1204,124.575439453125,10.553842544555664,245125.68223571777,12313.898489952087
1205,101.03936767578125,10.454516410827637,245226.72160339355,12324.353006362915
1206,117.51200866699219,10.709858894348145,245344.23361206055,12335.062865257263
1207,77.3941421508789,10.871048927307129,245421.62775421143,12345.93391418457
1208,104.85279083251953,10.642333030700684,245526.48054504395,12356.576247215271
1209,153.49630737304688,10.687694549560547,245679.976852417,12367.263941764832
1210,95.80435943603516,10.483647346496582,245775.78121185303,12377.747589111328
1211,116.80982971191406,10.616049766540527,245892.59104156494,12388.363638877869
1212,124.0680160522461,10.653237342834473,246016.6590576172,12399.016876220703
1213,74.80242156982422,10.630228042602539,246091.461479187,12409.647104263306
1214,108.17192840576172,10.38725757598877,246199.63340759277,12420.034361839294
1215,108.94218444824219,10.900341987609863,246308.57559204102,12430.934703826904
1216,105.65089416503906,10.735904693603516,246414.22648620605,12441.670608520508
1217,123.00010681152344,10.94542121887207,246537.22659301758,12452.61602973938
1218,116.50186157226562,10.54024600982666,246653.72845458984,12463.156275749207
1219,114.91500854492188,11.115046501159668,246768.64346313477,12474.271322250366
1220,133.25283813476562,10.923871040344238,246901.89630126953,12485.19519329071
1221,91.71009826660156,10.6158447265625,246993.60639953613,12495.811038017273
1222,109.4560546875,10.754406929016113,247103.06245422363,12506.565444946289
1223,86.92768859863281,10.592793464660645,247189.99014282227,12517.15823841095
1224,86.20762634277344,10.495002746582031,247276.19776916504,12527.653241157532
1225,108.88641357421875,10.725839614868164,247385.08418273926,12538.3790807724
1226,137.7879638671875,10.57165813446045,247522.87214660645,12548.95073890686
1227,105.27012634277344,10.62722110748291,247628.14227294922,12559.577960014343
1228,87.99186706542969,10.687108993530273,247716.13414001465,12570.265069007874
1229,125.19827270507812,10.648117065429688,247841.33241271973,12580.913186073303
1230,109.05708312988281,10.996576309204102,247950.3894958496,12591.909762382507
1231,124.37029266357422,10.462477684020996,248074.75978851318,12602.372240066528
1232,108.73129272460938,10.576708793640137,248183.4910812378,12612.948948860168
1233,122.46685791015625,10.56735897064209,248305.95793914795,12623.51630783081
1234,80.47117614746094,10.331366539001465,248386.4291152954,12633.847674369812
1235,122.23854064941406,11.009312629699707,248508.66765594482,12644.856986999512
1236,105.91667938232422,9.514450073242188,248614.58433532715,12654.371437072754
1237,99.67955780029297,10.639952659606934,248714.26389312744,12665.01138973236
1238,94.67041015625,10.849214553833008,248808.9343032837,12675.860604286194
1239,100.7270736694336,10.810983657836914,248909.66137695312,12686.67158794403
1240,97.80536651611328,10.145746231079102,249007.46674346924,12696.81733417511
1241,77.31285858154297,10.348602294921875,249084.77960205078,12707.165936470032
1242,119.51376342773438,10.231856346130371,249204.29336547852,12717.397792816162
1243,104.91300201416016,10.365778923034668,249309.20636749268,12727.763571739197
1244,112.04310607910156,10.45041275024414,249421.24947357178,12738.213984489441
1245,68.01818084716797,10.289176940917969,249489.26765441895,12748.503161430359
1246,111.31477355957031,10.879758834838867,249600.58242797852,12759.382920265198
1247,96.48716735839844,10.705144882202148,249697.0695953369,12770.0880651474
1248,133.194580078125,10.773207664489746,249830.26417541504,12780.86127281189
1249,128.36471557617188,10.836694717407227,249958.6288909912,12791.697967529297
1250,133.22726440429688,10.796245574951172,250091.8561553955,12802.494213104248
1251,114.75358581542969,10.759530067443848,250206.60974121094,12813.253743171692
1252,81.01681518554688,10.286263465881348,250287.62655639648,12823.540006637573
1253,119.96251678466797,10.90620231628418,250407.58907318115,12834.446208953857
1254,71.41462707519531,10.578922271728516,250479.00370025635,12845.025131225586
1255,114.56900024414062,10.517834663391113,250593.5727005005,12855.542965888977
1256,86.17898559570312,10.89546012878418,250679.7516860962,12866.438426017761
1257,102.78433990478516,10.456235885620117,250782.53602600098,12876.894661903381
1258,115.00167083740234,11.1162691116333,250897.53769683838,12888.010931015015
1259,93.50244140625,10.467637062072754,250991.04013824463,12898.478568077087
1260,92.45208740234375,10.70545482635498,251083.49222564697,12909.184022903442
1261,132.11465454101562,10.310218811035156,251215.606880188,12919.494241714478
1262,138.3173828125,10.365653991699219,251353.9242630005,12929.859895706177
1263,87.38873291015625,10.507710456848145,251441.31299591064,12940.367606163025
1264,103.78594970703125,10.564458847045898,251545.09894561768,12950.93206501007
1265,85.25697326660156,11.061544418334961,251630.35591888428,12961.993609428406
1266,102.83621215820312,9.788469314575195,251733.19213104248,12971.782078742981
1267,113.0601806640625,10.827499389648438,251846.25231170654,12982.60957813263
1268,88.96417236328125,10.475616455078125,251935.21648406982,12993.085194587708
1269,100.63664245605469,10.446699142456055,252035.85312652588,13003.531893730164
1270,64.8704833984375,10.538556098937988,252100.72360992432,13014.070449829102
1271,54.979339599609375,10.444814682006836,252155.70294952393,13024.515264511108
1272,120.7886962890625,10.572583198547363,252276.491645813,13035.087847709656
1273,119.12269592285156,10.76525592803955,252395.61434173584,13045.853103637695
1274,87.44284057617188,10.547364234924316,252483.057182312,13056.40046787262
1275,106.96453857421875,10.845973014831543,252590.02172088623,13067.246440887451
1276,121.1440200805664,10.602566719055176,252711.1657409668,13077.849007606506
1277,116.44093322753906,10.412385940551758,252827.60667419434,13088.261393547058
1278,124.697265625,10.984447479248047,252952.30393981934,13099.245841026306
1279,99.53754425048828,10.718269348144531,253051.84148406982,13109.96411037445
1280,99.25753784179688,10.791589736938477,253151.09902191162,13120.75570011139
1281,93.48471069335938,10.597953796386719,253244.58373260498,13131.353653907776
1282,144.48287963867188,10.960647583007812,253389.06661224365,13142.314301490784
1283,113.39382934570312,10.875622749328613,253502.46044158936,13153.189924240112
1284,124.89476013183594,11.253623962402344,253627.3552017212,13164.443548202515
1285,110.35482788085938,10.813599586486816,253737.71002960205,13175.257147789001
1286,75.63856506347656,10.697402954101562,253813.34859466553,13185.954550743103
1287,107.87554931640625,10.492135047912598,253921.22414398193,13196.446685791016
1288,54.88584518432617,9.87956714630127,253976.10998916626,13206.326252937317
1289,102.09939575195312,10.906522750854492,254078.2093849182,13217.232775688171
1290,100.00430297851562,10.242051124572754,254178.21368789673,13227.474826812744
1291,131.96490478515625,10.656477928161621,254310.17859268188,13238.131304740906
1292,102.47399139404297,10.804563522338867,254412.65258407593,13248.935868263245
1293,91.69966888427734,9.927138328552246,254504.3522529602,13258.863006591797
1294,129.83290100097656,10.93403148651123,254634.18515396118,13269.797038078308
1295,116.14472198486328,10.802356719970703,254750.32987594604,13280.599394798279
1296,145.9510040283203,11.013813018798828,254896.28087997437,13291.613207817078
1297,127.68413543701172,10.639505386352539,255023.96501541138,13302.25271320343
1298,131.5377197265625,11.033045768737793,255155.50273513794,13313.285758972168
1299,87.57197570800781,10.836335182189941,255243.07471084595,13324.122094154358
1300,95.93106079101562,10.61848258972168,255339.00577163696,13334.74057674408
1301,78.52439880371094,10.203386306762695,255417.53017044067,13344.943963050842
1302,109.19766235351562,10.844925880432129,255526.7278327942,13355.788888931274
1303,104.97319030761719,10.938287734985352,255631.7010231018,13366.72717666626
1304,127.46723937988281,11.117250442504883,255759.1682624817,13377.844427108765
1305,118.4821548461914,10.841216087341309,255877.65041732788,13388.685643196106
1306,91.8372802734375,10.560750961303711,255969.48769760132,13399.24639415741
1307,158.556884765625,10.128979682922363,256128.04458236694,13409.375373840332
1308,109.21173858642578,10.90644359588623,256237.25632095337,13420.281817436218
1309,102.6052474975586,10.631077766418457,256339.86156845093,13430.912895202637
1310,101.85847473144531,10.765771865844727,256441.72004318237,13441.678667068481
1311,76.57892608642578,10.521401405334473,256518.2989692688,13452.200068473816
1312,118.18033599853516,10.282377243041992,256636.47930526733,13462.482445716858
1313,116.97270202636719,10.907626152038574,256753.4520072937,13473.390071868896
1314,92.3030014038086,10.405527114868164,256845.7550086975,13483.795598983765
1315,148.00100708007812,10.580028533935547,256993.7560157776,13494.3756275177
1316,83.5064926147461,10.462526321411133,257077.26250839233,13504.838153839111
1317,104.17311096191406,10.197190284729004,257181.43561935425,13515.03534412384
1318,112.22357177734375,10.722036361694336,257293.6591911316,13525.757380485535
1319,94.41250610351562,10.965608596801758,257388.0716972351,13536.722989082336
1320,102.50836181640625,10.573138236999512,257490.5800590515,13547.296127319336
1321,67.43197631835938,10.926347732543945,257558.01203536987,13558.22247505188
1322,112.45355224609375,10.54179859161377,257670.46558761597,13568.764273643494
1323,97.01573181152344,10.882874488830566,257767.4813194275,13579.647148132324
1324,84.51422882080078,10.863059997558594,257851.9955482483,13590.510208129883
1325,131.59786987304688,11.036705017089844,257983.59341812134,13601.546913146973
1326,70.93379211425781,10.422714233398438,258054.5272102356,13611.969627380371
1327,127.04299926757812,11.027406692504883,258181.57020950317,13622.997034072876
1328,85.27994537353516,10.641329765319824,258266.8501548767,13633.638363838196
1329,71.84332275390625,10.399886131286621,258338.69347763062,13644.038249969482
1330,110.05754089355469,10.33572006225586,258448.75101852417,13654.373970031738
1331,106.64311218261719,10.77515983581543,258555.3941307068,13665.149129867554
1332,74.25091552734375,10.478096008300781,258629.64504623413,13675.627225875854
1333,95.23400115966797,10.60506534576416,258724.8790473938,13686.232291221619
1334,112.2270278930664,11.122318267822266,258837.10607528687,13697.354609489441
1335,139.95257568359375,10.511262893676758,258977.05865097046,13707.865872383118
1336,78.35856628417969,10.434085845947266,259055.41721725464,13718.299958229065
1337,101.82118225097656,10.770354270935059,259157.23839950562,13729.0703125
1338,116.90184020996094,10.714950561523438,259274.14023971558,13739.785263061523
1339,123.37358856201172,10.596410751342773,259397.5138282776,13750.381673812866
1340,96.82119750976562,10.489362716674805,259494.33502578735,13760.871036529541
1341,105.95215606689453,10.685704231262207,259600.28718185425,13771.556740760803
1342,116.99654388427734,10.503973007202148,259717.28372573853,13782.060713768005
1343,92.8909912109375,10.706482887268066,259810.17471694946,13792.767196655273
1344,89.73576354980469,10.466622352600098,259899.91048049927,13803.233819007874
1345,86.93406677246094,10.275213241577148,259986.84454727173,13813.50903224945
1346,114.67549133300781,10.920814514160156,260101.52003860474,13824.42984676361
1347,68.94293212890625,10.384413719177246,260170.46297073364,13834.814260482788
1348,112.55101013183594,10.50035285949707,260283.01398086548,13845.314613342285
1349,76.93367004394531,10.4058198928833,260359.94765090942,13855.720433235168
1350,119.63224792480469,10.40839958190918,260479.57989883423,13866.128832817078
1351,84.33643341064453,10.574468612670898,260563.91633224487,13876.703301429749
1352,102.73905944824219,10.34714126586914,260666.65539169312,13887.050442695618
1353,94.39047241210938,10.519991874694824,260761.04586410522,13897.570434570312
1354,97.06146240234375,10.419029235839844,260858.10732650757,13907.989463806152
1355,70.21910858154297,10.555939674377441,260928.3264350891,13918.54540348053
1356,115.49015045166016,10.716124534606934,261043.81658554077,13929.261528015137
1357,125.61322784423828,10.775691986083984,261169.429813385,13940.03722000122
1358,96.18888854980469,9.935502052307129,261265.6187019348,13949.972722053528
1359,90.87515258789062,10.186126708984375,261356.4938545227,13960.158848762512
1360,65.89423370361328,10.742230415344238,261422.38808822632,13970.901079177856
1361,143.93106079101562,10.972296714782715,261566.31914901733,13981.87337589264
1362,93.75554656982422,10.459259986877441,261660.07469558716,13992.332635879517
1363,101.49014282226562,10.884001731872559,261761.56483840942,14003.21663761139
1364,93.57192993164062,10.601114273071289,261855.13676834106,14013.81775188446
1365,89.05038452148438,10.500502586364746,261944.18715286255,14024.318254470825
1366,107.64134216308594,10.515832901000977,262051.82849502563,14034.834087371826
1367,100.05583190917969,10.77543830871582,262151.8843269348,14045.609525680542
1368,104.13390350341797,10.824581146240234,262256.01823043823,14056.434106826782
1369,89.55024719238281,10.611900329589844,262345.5684776306,14067.046007156372
1370,119.74977111816406,10.556709289550781,262465.3182487488,14077.602716445923
1371,78.76730346679688,10.4256591796875,262544.0855522156,14088.02837562561
1372,101.47734069824219,10.762833595275879,262645.5628929138,14098.791209220886
1373,68.14836120605469,10.307414054870605,262713.7112541199,14109.098623275757
1374,87.46630859375,10.488896369934082,262801.1775627136,14119.587519645691
1375,103.39098358154297,10.509110450744629,262904.56854629517,14130.096630096436
1376,86.99066162109375,10.529996871948242,262991.55920791626,14140.626626968384
1377,110.05433654785156,10.874665260314941,263101.6135444641,14151.501292228699
1378,96.78553009033203,10.362499237060547,263198.39907455444,14161.86379146576
1379,95.57957458496094,10.564654350280762,263293.9786491394,14172.42844581604
1380,122.82972717285156,11.289393424987793,263416.80837631226,14183.717839241028
1381,99.45867919921875,10.196226119995117,263516.2670555115,14193.914065361023
1382,89.13614654541016,10.882064819335938,263605.4032020569,14204.796130180359
1383,112.26356506347656,10.525681495666504,263717.66676712036,14215.321811676025
1384,85.42263793945312,10.847443580627441,263803.0894050598,14226.169255256653
1385,106.48433685302734,10.8300142288208,263909.57374191284,14236.999269485474
1386,109.36932373046875,10.756513595581055,264018.9430656433,14247.755783081055
1387,94.24606323242188,10.781696319580078,264113.18912887573,14258.537479400635
1388,86.74723815917969,10.850231170654297,264199.9363670349,14269.387710571289
1389,121.88935852050781,10.836896896362305,264321.8257255554,14280.224607467651
1390,83.01864624023438,9.903740882873535,264404.84437179565,14290.128348350525
1391,117.87837219238281,10.396056175231934,264522.72274398804,14300.524404525757
1392,89.17131042480469,10.398710250854492,264611.89405441284,14310.923114776611
1393,105.56703186035156,10.509864807128906,264717.4610862732,14321.43297958374
1394,116.86643981933594,10.833066940307617,264834.32752609253,14332.266046524048
1395,112.57907104492188,10.618969917297363,264946.90659713745,14342.885016441345
1396,114.19379425048828,10.856691360473633,265061.10039138794,14353.741707801819
1397,111.0328369140625,10.920982360839844,265172.133228302,14364.662690162659
1398,115.6302719116211,10.890436172485352,265287.7635002136,14375.553126335144
1399,98.89382934570312,10.801243782043457,265386.6573295593,14386.354370117188
1400,78.86662292480469,11.068802833557129,265465.52395248413,14397.423172950745
1401,99.04539489746094,10.505633354187012,265564.5693473816,14407.928806304932
1402,81.00477600097656,10.397759437561035,265645.57412338257,14418.326565742493
1403,125.52227783203125,10.401073455810547,265771.0964012146,14428.727639198303
1404,112.23069763183594,11.150094985961914,265883.32709884644,14439.877734184265
1405,68.3121337890625,10.494206428527832,265951.6392326355,14450.371940612793
1406,58.95292663574219,10.187806129455566,266010.59215927124,14460.559746742249
1407,83.27554321289062,10.24775218963623,266093.86770248413,14470.807498931885
1408,96.29959106445312,10.422880172729492,266190.1672935486,14481.230379104614
1409,108.39292907714844,10.786508560180664,266298.56022262573,14492.016887664795
1410,90.93323516845703,10.949331283569336,266389.4934577942,14502.966218948364
1411,101.25886535644531,10.768815040588379,266490.75232315063,14513.735033988953
1412,129.83084106445312,10.837977409362793,266620.5831642151,14524.573011398315
1413,98.46891784667969,10.67345905303955,266719.05208206177,14535.246470451355
1414,117.0787353515625,10.70455265045166,266836.13081741333,14545.951023101807
1415,101.60260009765625,10.522918701171875,266937.733417511,14556.473941802979
1416,75.28408813476562,10.282919883728027,267013.01750564575,14566.756861686707
1417,142.91607666015625,11.104419708251953,267155.9335823059,14577.861281394958
1418,112.67121887207031,11.006610870361328,267268.604801178,14588.86789226532
1419,98.30113220214844,10.3367338180542,267366.9059333801,14599.204626083374
1420,106.82841491699219,11.037672996520996,267473.7343482971,14610.242299079895
1421,117.0783462524414,10.844558715820312,267590.81269454956,14621.086857795715
1422,113.88249206542969,10.750907897949219,267704.695186615,14631.837765693665
1423,79.16493225097656,10.822507858276367,267783.86011886597,14642.660273551941
1424,70.5390625,10.634674072265625,267854.39918136597,14653.294947624207
1425,80.13099670410156,10.026226997375488,267934.53017807007,14663.321174621582
1426,96.52742767333984,10.671875953674316,268031.0576057434,14673.993050575256
1427,107.87897491455078,10.695198059082031,268138.93658065796,14684.688248634338
1428,120.31022644042969,10.966523170471191,268259.2468070984,14695.65477180481
1429,74.1659927368164,10.736543655395508,268333.4127998352,14706.391315460205
1430,115.07810974121094,10.719877243041992,268448.4909095764,14717.111192703247
1431,86.01463317871094,10.862812995910645,268534.5055427551,14727.974005699158
1432,108.04989624023438,10.752798080444336,268642.55543899536,14738.726803779602
1433,111.37664794921875,10.841266632080078,268753.9320869446,14749.568070411682
1434,79.92327117919922,10.676675796508789,268833.8553581238,14760.244746208191
1435,117.57365417480469,10.426899909973145,268951.4290122986,14770.671646118164
1436,121.14002990722656,10.565503120422363,269072.5690422058,14781.237149238586
1437,76.51516723632812,10.533225059509277,269149.08420944214,14791.770374298096
1438,133.45425415039062,10.301963806152344,269282.53846359253,14802.072338104248
1439,118.6947021484375,11.10476016998291,269401.23316574097,14813.177098274231
1440,98.69225311279297,10.866419792175293,269499.92541885376,14824.043518066406
1441,103.43830871582031,10.774240493774414,269603.3637275696,14834.81775856018
1442,104.68946838378906,10.415600776672363,269708.05319595337,14845.233359336853
1443,122.6109619140625,10.954933166503906,269830.66415786743,14856.188292503357
1444,83.88388061523438,10.700138092041016,269914.54803848267,14866.888430595398
1445,96.0465316772461,10.795806884765625,270010.5945701599,14877.684237480164
1446,56.50931930541992,10.326610565185547,270067.10388946533,14888.01084804535
1447,93.50454711914062,9.748497009277344,270160.6084365845,14897.759345054626
1448,98.884765625,10.805889129638672,270259.4932022095,14908.565234184265
1449,89.12423706054688,10.525732040405273,270348.61743927,14919.09096622467
1450,75.44564819335938,10.416744232177734,270424.0630874634,14929.507710456848
1451,104.30789184570312,10.775199890136719,270528.3709793091,14940.282910346985
1452,114.78329467773438,10.652618408203125,270643.1542739868,14950.935528755188
1453,94.44768524169922,10.936962127685547,270737.6019592285,14961.872490882874
1454,115.16998291015625,11.209202766418457,270852.7719421387,14973.081693649292
1455,111.21332550048828,10.694008827209473,270963.98526763916,14983.775702476501
1456,114.35630798339844,10.55345344543457,271078.34157562256,14994.329155921936
1457,94.29237365722656,10.981966972351074,271172.6339492798,15005.311122894287
1458,95.3115234375,10.73062801361084,271267.9454727173,15016.041750907898
1459,103.59498596191406,10.479690551757812,271371.5404586792,15026.521441459656
1460,70.00372314453125,10.42919921875,271441.54418182373,15036.950640678406
1461,89.66256713867188,10.556239128112793,271531.2067489624,15047.506879806519
1462,87.41342163085938,10.511423110961914,271618.62017059326,15058.01830291748
1463,72.26358795166016,10.66702938079834,271690.8837585449,15068.685332298279
1464,64.20285034179688,10.576275825500488,271755.0866088867,15079.26160812378
1465,115.84957885742188,10.403624534606934,271870.93618774414,15089.665232658386
1466,96.73918151855469,10.547978401184082,271967.6753692627,15100.21321105957
1467,110.21925354003906,11.013602256774902,272077.89462280273,15111.226813316345
1468,83.13211822509766,10.465240478515625,272161.02674102783,15121.69205379486
1469,88.45465087890625,10.771337509155273,272249.48139190674,15132.463391304016
1470,77.26487731933594,10.969659805297852,272326.7462692261,15143.433051109314
1471,81.21192932128906,10.608922004699707,272407.95819854736,15154.041973114014
1472,62.72703170776367,10.632835388183594,272470.6852302551,15164.674808502197
1473,95.12373352050781,10.857266426086426,272565.80896377563,15175.532074928284
1474,140.96612548828125,10.165287971496582,272706.7750892639,15185.69736289978
1475,112.90209197998047,10.674827575683594,272819.6771812439,15196.372190475464
1476,109.91911315917969,10.381170272827148,272929.5962944031,15206.753360748291
1477,107.25332641601562,10.319829940795898,273036.8496208191,15217.073190689087
1478,88.46349334716797,10.541422843933105,273125.31311416626,15227.61461353302
1479,97.3359603881836,10.408560752868652,273222.64907455444,15238.023174285889
1480,106.11956787109375,11.466907501220703,273328.76864242554,15249.49008178711
1481,123.74948120117188,10.611922264099121,273452.5181236267,15260.102004051208
1482,104.21870422363281,10.273869514465332,273556.73682785034,15270.375873565674
1483,84.63753509521484,10.394582748413086,273641.37436294556,15280.770456314087
1484,111.66975402832031,10.795856475830078,273753.0441169739,15291.566312789917
1485,101.47584533691406,10.537220001220703,273854.5199623108,15302.103532791138
1486,119.70219421386719,10.56443977355957,273974.22215652466,15312.667972564697
1487,86.09025573730469,10.572702407836914,274060.31241226196,15323.240674972534
1488,74.13348388671875,10.615944862365723,274134.4458961487,15333.8566198349
1489,131.84896850585938,10.832743644714355,274266.29486465454,15344.689363479614
1490,70.61068725585938,10.301664352416992,274336.9055519104,15354.991027832031
1491,74.28346252441406,10.742987632751465,274411.1890144348,15365.734015464783
1492,84.13516235351562,10.282233238220215,274495.32417678833,15376.016248703003
1493,73.07218933105469,10.207315444946289,274568.3963661194,15386.22356414795
1494,102.58319091796875,10.362154006958008,274670.97955703735,15396.585718154907
1495,117.85246276855469,10.744152069091797,274788.8320198059,15407.329870223999
1496,59.901268005371094,10.612610816955566,274848.7332878113,15417.942481040955
1497,90.61552429199219,10.78739070892334,274939.3488121033,15428.729871749878
1498,106.08280181884766,10.777883529663086,275045.4316139221,15439.507755279541
1499,106.78601837158203,10.502167701721191,275152.2176322937,15450.009922981262
1500,85.7424545288086,10.633164405822754,275237.9600868225,15460.643087387085
1501,82.9671630859375,10.628195762634277,275320.92724990845,15471.27128314972
1502,90.28732299804688,10.413015365600586,275411.2145729065,15481.68429851532
1503,94.25798797607422,10.680376052856445,275505.47256088257,15492.364674568176
1504,77.06546020507812,10.652165412902832,275582.53802108765,15503.01683998108
1505,92.59217071533203,10.89155387878418,275675.130191803,15513.908393859863
1506,94.24545288085938,11.003753662109375,275769.37564468384,15524.912147521973
1507,88.62232971191406,9.906204223632812,275857.99797439575,15534.818351745605
1508,85.59379577636719,10.387897491455078,275943.5917701721,15545.20624923706
1509,98.1518325805664,10.516766548156738,276041.7436027527,15555.723015785217
1510,68.31980895996094,10.639018058776855,276110.06341171265,15566.362033843994
1511,105.98654174804688,9.996864318847656,276216.0499534607,15576.358898162842
1512,102.16405487060547,10.582074165344238,276318.2140083313,15586.940972328186
1513,76.35391235351562,10.521733283996582,276394.5679206848,15597.462705612183
1514,85.64056396484375,10.770244598388672,276480.20848464966,15608.232950210571
1515,99.59028625488281,10.82896614074707,276579.79877090454,15619.061916351318
1516,111.6773681640625,10.907325744628906,276691.4761390686,15629.969242095947
1517,90.89280700683594,10.92612075805664,276782.36894607544,15640.895362854004
1518,97.01495361328125,10.650854110717773,276879.3838996887,15651.546216964722
1519,109.41397857666016,10.754020690917969,276988.7978782654,15662.30023765564
1520,85.52296447753906,10.67188835144043,277074.3208427429,15672.97212600708
1521,80.33177185058594,10.623204231262207,277154.6526145935,15683.595330238342
1522,108.3322525024414,10.5908203125,277262.98486709595,15694.186150550842
1523,89.4498291015625,10.853080749511719,277352.4346961975,15705.039231300354
1524,101.61012268066406,11.280498504638672,277454.0448188782,15716.319729804993
1525,85.29289245605469,10.800684928894043,277539.3377113342,15727.120414733887
1526,93.71343231201172,11.206424713134766,277633.05114364624,15738.326839447021
1527,115.5234375,11.130692481994629,277748.57458114624,15749.457531929016
1528,75.18077087402344,10.379350662231445,277823.75535202026,15759.836882591248
1529,109.12342071533203,10.659796714782715,277932.8787727356,15770.49667930603
1530,102.66130065917969,10.839393615722656,278035.5400733948,15781.336072921753
1531,63.04533767700195,10.558735847473145,278098.5854110718,15791.894808769226
1532,79.49148559570312,10.454309463500977,278178.0768966675,15802.349118232727
1533,118.78262329101562,10.826079368591309,278296.8595199585,15813.175197601318
1534,119.36162567138672,11.56857681274414,278416.2211456299,15824.743774414062
1535,66.70637512207031,10.14283561706543,278482.92752075195,15834.886610031128
1536,76.4971923828125,10.928077697753906,278559.42471313477,15845.814687728882
1537,77.54000091552734,10.263605117797852,278636.9647140503,15856.07829284668
1538,82.4882583618164,10.736837387084961,278719.4529724121,15866.815130233765
1539,117.11491394042969,11.049483299255371,278836.56788635254,15877.86461353302
1540,75.83876037597656,10.789963722229004,278912.4066467285,15888.654577255249
1541,81.92002868652344,10.10269546508789,278994.32667541504,15898.757272720337
1542,84.03022003173828,10.43809986114502,279078.3568954468,15909.195372581482
1543,83.94076538085938,10.62182331085205,279162.29766082764,15919.817195892334
1544,97.67611694335938,10.651307106018066,279259.973777771,15930.468502998352
1545,88.94609832763672,11.130539894104004,279348.91987609863,15941.599042892456
1546,121.0184555053711,11.013408660888672,279469.938331604,15952.612451553345
1547,105.40941619873047,10.755043029785156,279575.34774780273,15963.36749458313
1548,92.28031921386719,10.727387428283691,279667.6280670166,15974.094882011414
1549,104.92520141601562,11.070024490356445,279772.5532684326,15985.16490650177
1550,85.61550903320312,10.767109870910645,279858.1687774658,15995.93201637268
1551,99.76962280273438,10.488486289978027,279957.93840026855,16006.420502662659
1552,87.17509460449219,10.417699813842773,280045.11349487305,16016.838202476501
1553,90.28272247314453,11.118099212646484,280135.3962173462,16027.956301689148
1554,101.49430084228516,10.717750549316406,280236.8905181885,16038.674052238464
1555,94.49932098388672,10.750589370727539,280331.38983917236,16049.424641609192
1556,91.479248046875,11.14157772064209,280422.86908721924,16060.566219329834
1557,99.89942169189453,10.3853759765625,280522.76850891113,16070.951595306396
1558,101.38877868652344,11.18886947631836,280624.15728759766,16082.140464782715
1559,96.98697662353516,11.111196517944336,280721.1442642212,16093.25166130066
1560,98.33843994140625,10.31019115447998,280819.4827041626,16103.56185245514
1561,87.67196655273438,10.795265197753906,280907.15467071533,16114.357117652893
1562,95.96835327148438,10.753532409667969,281003.1230239868,16125.110650062561
1563,101.92826843261719,10.458782196044922,281105.05129241943,16135.569432258606
1564,123.71282196044922,10.667304992675781,281228.7641143799,16146.236737251282
1565,96.58616638183594,11.062533378601074,281325.3502807617,16157.299270629883
1566,94.92927551269531,10.255374908447266,281420.2795562744,16167.55464553833
1567,57.20307159423828,10.371025085449219,281477.48262786865,16177.92567062378
1568,115.483154296875,10.580035209655762,281592.9657821655,16188.505705833435
1569,110.89569091796875,10.32421875,281703.8614730835,16198.829924583435
1570,115.16666412353516,10.843729972839355,281819.02813720703,16209.673654556274
1571,78.63378143310547,10.724087715148926,281897.66191864014,16220.397742271423
1572,101.28750610351562,10.852951049804688,281998.94942474365,16231.250693321228
1573,54.76508331298828,11.083341598510742,282053.71450805664,16242.334034919739
1574,104.91548156738281,10.586817741394043,282158.629989624,16252.920852661133
1575,89.4512939453125,10.442384719848633,282248.08128356934,16263.363237380981
1576,104.99104309082031,10.885374069213867,282353.07232666016,16274.248611450195
1577,96.70227813720703,10.196459770202637,282449.77460479736,16284.445071220398
1578,114.95598602294922,10.854121208190918,282564.7305908203,16295.299192428589
1579,78.68253326416016,10.832185745239258,282643.4131240845,16306.131378173828
1580,85.74076843261719,10.94612979888916,282729.1538925171,16317.077507972717
1581,85.70256042480469,11.237796783447266,282814.8564529419,16328.315304756165
1582,85.17079162597656,10.266355514526367,282900.0272445679,16338.581660270691
1583,73.947998046875,10.493574142456055,282973.97524261475,16349.075234413147
1584,106.88577270507812,10.820816993713379,283080.8610153198,16359.89605140686
1585,88.2373046875,10.961012840270996,283169.0983200073,16370.857064247131
1586,64.95707702636719,10.066145896911621,283234.0553970337,16380.923210144043
1587,117.20643615722656,10.65518569946289,283351.2618331909,16391.578395843506
1588,106.43486022949219,10.582147598266602,283457.6966934204,16402.160543441772
1589,110.22404479980469,10.516525268554688,283567.9207382202,16412.677068710327
1590,96.99849700927734,10.232165336608887,283664.9192352295,16422.909234046936
1591,101.8028564453125,10.721542358398438,283766.7220916748,16433.630776405334
1592,97.65994262695312,11.286566734313965,283864.38203430176,16444.91734313965
1593,105.08984375,11.255293846130371,283969.47187805176,16456.17263698578
1594,74.74298095703125,10.854658126831055,284044.2148590088,16467.02729511261
1595,109.98301696777344,10.577584266662598,284154.19787597656,16477.604879379272
1596,108.42448425292969,10.747897148132324,284262.6223602295,16488.352776527405
1597,106.07209777832031,10.824921607971191,284368.6944580078,16499.177698135376
1598,85.10311126708984,10.698083877563477,284453.7975692749,16509.87578201294
1599,72.56165313720703,10.756609916687012,284526.3592224121,16520.632391929626
1600,86.88236999511719,10.574789047241211,284613.2415924072,16531.207180976868
1601,123.78996276855469,10.778109550476074,284737.0315551758,16541.985290527344
1602,118.20331573486328,10.81601333618164,284855.23487091064,16552.801303863525
1603,92.43110656738281,10.757811546325684,284947.665977478,16563.55911540985
1604,132.12939453125,10.764823913574219,285079.7953720093,16574.323939323425
1605,83.0571517944336,10.49425220489502,285162.8525238037,16584.81819152832
1606,87.24966430664062,10.779511451721191,285250.10218811035,16595.59770298004
1607,93.93998718261719,10.734987258911133,285344.04217529297,16606.332690238953
1608,61.458656311035156,10.19819450378418,285405.500831604,16616.530884742737
1609,108.13790893554688,10.6520357131958,285513.63874053955,16627.182920455933
1610,116.19953918457031,10.719667434692383,285629.8382797241,16637.902587890625
1611,144.12686157226562,10.373074531555176,285773.9651412964,16648.27566242218
1612,84.782958984375,10.857475280761719,285858.74810028076,16659.133137702942
1613,82.89834594726562,10.31572437286377,285941.646446228,16669.448862075806
1614,93.88374328613281,10.889592170715332,286035.53018951416,16680.33845424652
1615,91.51806640625,10.48570442199707,286127.0482559204,16690.824158668518
1616,112.76911163330078,10.471830368041992,286239.8173675537,16701.29598903656
1617,61.4969596862793,10.467286109924316,286301.31432724,16711.763275146484
1618,67.02808380126953,10.475899696350098,286368.34241104126,16722.239174842834
1619,98.68075561523438,10.203574180603027,286467.0231666565,16732.442749023438
1620,124.45881652832031,11.234615325927734,286591.4819831848,16743.677364349365
1621,71.81853485107422,10.320300102233887,286663.3005180359,16753.9976644516
1622,77.94298553466797,10.674531936645508,286741.24350357056,16764.672196388245
1623,95.35943603515625,10.588786125183105,286836.6029396057,16775.260982513428
1624,83.97309112548828,10.490792274475098,286920.5760307312,16785.751774787903
1625,89.08460998535156,10.428586959838867,287009.66064071655,16796.18036174774
1626,104.9649658203125,10.63491153717041,287114.62560653687,16806.815273284912
1627,113.27617645263672,10.50816822052002,287227.9017829895,16817.323441505432
1628,102.40045166015625,10.770508766174316,287330.30223464966,16828.093950271606
1629,58.15992736816406,10.895798683166504,287388.4621620178,16838.989748954773
1630,113.55245971679688,10.811620712280273,287502.0146217346,16849.801369667053
1631,123.88355255126953,11.216463088989258,287625.8981742859,16861.017832756042
1632,92.608642578125,10.96926212310791,287718.506816864,16871.98709487915
1633,71.75711059570312,10.486576080322266,287790.2639274597,16882.473670959473
1634,77.94172668457031,10.61599349975586,287868.2056541443,16893.08966445923
1635,71.13023376464844,10.438121795654297,287939.33588790894,16903.527786254883
1636,87.359375,10.751043319702148,288026.69526290894,16914.278829574585
1637,111.066650390625,11.2609224319458,288137.76191329956,16925.53975200653
1638,89.90746307373047,10.338577270507812,288227.6693763733,16935.87832927704
1639,89.56989288330078,11.071968078613281,288317.2392692566,16946.950297355652
1640,64.5252685546875,10.21575927734375,288381.7645378113,16957.166056632996
1641,63.900390625,10.642163276672363,288445.6649284363,16967.808219909668
1642,102.24380493164062,11.061193466186523,288547.9087333679,16978.869413375854
1643,93.58917236328125,10.40398120880127,288641.4979057312,16989.273394584656
1644,72.49923706054688,10.609850883483887,288713.99714279175,16999.88324546814
1645,87.628173828125,10.25788402557373,288801.6253166199,17010.141129493713
1646,85.90479278564453,10.481772422790527,288887.5301094055,17020.622901916504
1647,76.91874694824219,10.44945240020752,288964.44885635376,17031.07235431671
1648,55.55763244628906,10.764505386352539,289020.00648880005,17041.836859703064
1649,71.69801330566406,11.03632640838623,289091.7045021057,17052.87318611145
1650,62.72847366333008,10.398660659790039,289154.43297576904,17063.27184677124
1651,96.00936889648438,10.75098705291748,289250.4423446655,17074.022833824158
1652,79.10797119140625,10.931873321533203,289329.55031585693,17084.95470714569
1653,74.68255615234375,10.625221252441406,289404.2328720093,17095.579928398132
1654,93.71068572998047,10.630062103271484,289497.94355773926,17106.209990501404
1655,88.48246002197266,10.955693244934082,289586.42601776123,17117.165683746338
1656,119.86106872558594,10.409058570861816,289706.2870864868,17127.5747423172
1657,99.30506896972656,10.449993133544922,289805.59215545654,17138.024735450745
1658,108.1462173461914,10.12126350402832,289913.73837280273,17148.145998954773
1659,52.0948486328125,10.307358741760254,289965.83322143555,17158.453357696533
1660,93.78117370605469,10.80093765258789,290059.6143951416,17169.25429534912
1661,78.69377899169922,10.921944618225098,290138.3081741333,17180.176239967346
1662,81.70767211914062,10.665998458862305,290220.01584625244,17190.84223842621
1663,55.46684646606445,9.95816707611084,290275.4826927185,17200.80040550232
1664,82.3270263671875,10.664592742919922,290357.8097190857,17211.46499824524
1665,94.51050567626953,11.15704345703125,290452.32022476196,17222.62204170227
1666,77.70970153808594,11.000327110290527,290530.02992630005,17233.62236881256
1667,98.57718658447266,11.144242286682129,290628.6071128845,17244.766611099243
1668,67.37105560302734,10.967931747436523,290695.97816848755,17255.73454284668
1669,111.19047546386719,10.793588638305664,290807.1686439514,17266.528131484985
1670,116.22189331054688,11.376709938049316,290923.39053726196,17277.904841423035
1671,73.36699676513672,10.78600788116455,290996.7575340271,17288.6908493042
1672,93.1604232788086,10.359907150268555,291089.9179573059,17299.050756454468
1673,94.60337829589844,10.947371482849121,291184.5213356018,17309.998127937317
1674,93.37649536132812,10.565354347229004,291277.89783096313,17320.563482284546
1675,71.61326599121094,10.437073707580566,291349.51109695435,17331.000555992126
1676,94.35426330566406,10.91379165649414,291443.86536026,17341.91434764862
1677,107.61077880859375,11.099458694458008,291551.4761390686,17353.01380634308
1678,88.65257263183594,10.654937744140625,291640.12871170044,17363.66874408722
1679,72.3853759765625,10.662203788757324,291712.514087677,17374.330947875977
1680,116.99308776855469,10.753730773925781,291829.50717544556,17385.084678649902
1681,87.71037292480469,11.01435375213623,291917.21754837036,17396.09903240204
1682,82.48567962646484,10.75087833404541,291999.7032279968,17406.849910736084
1683,72.00397491455078,10.670019149780273,292071.7072029114,17417.519929885864
1684,105.13652038574219,10.747074127197266,292176.8437232971,17428.26700401306
1685,102.90727233886719,10.906526565551758,292279.750995636,17439.173530578613
1686,89.11519622802734,10.32712173461914,292368.866191864,17449.500652313232
1687,109.08973693847656,10.806099891662598,292477.9559288025,17460.306752204895
1688,118.512451171875,10.973034858703613,292596.46837997437,17471.2797870636
1689,84.06965637207031,10.784900665283203,292680.53803634644,17482.064687728882
1690,89.90636444091797,10.977949142456055,292770.44440078735,17493.042636871338
1691,77.65222930908203,10.554591178894043,292848.09663009644,17503.597228050232
1692,79.69813537597656,10.361848831176758,292927.7947654724,17513.95907688141
1693,103.77108001708984,10.879101753234863,293031.5658454895,17524.838178634644
1694,90.73257446289062,10.676151275634766,293122.2984199524,17535.51432991028
1695,83.07167053222656,10.581456184387207,293205.3700904846,17546.095786094666
1696,83.89173126220703,11.220526695251465,293289.2618217468,17557.316312789917
1697,87.05506896972656,10.598823547363281,293376.31689071655,17567.91513633728
1698,117.924560546875,10.806395530700684,293494.2414512634,17578.72153186798
1699,72.96543884277344,10.570972442626953,293567.2068901062,17589.292504310608
1700,91.43639373779297,10.806572914123535,293658.643283844,17600.09907722473
1701,81.06192779541016,10.48923397064209,293739.7052116394,17610.588311195374
1702,88.75495910644531,10.947021484375,293828.46017074585,17621.53533267975
1703,81.99501037597656,10.675254821777344,293910.4551811218,17632.210587501526
1704,111.3248062133789,10.380077362060547,294021.7799873352,17642.590664863586
1705,101.68754577636719,10.590624809265137,294123.4675331116,17653.18128967285
1706,90.82118225097656,11.091672897338867,294214.28871536255,17664.27296257019
1707,62.29875946044922,10.593084335327148,294276.587474823,17674.866046905518
1708,92.34027099609375,10.581155776977539,294368.9277458191,17685.447202682495
1709,85.20553588867188,10.61151123046875,294454.13328170776,17696.058713912964
1710,98.60615539550781,10.808623313903809,294552.7394371033,17706.867337226868
1711,97.84344482421875,10.220685005187988,294650.5828819275,17717.088022232056
1712,92.73471069335938,10.196459770202637,294743.31759262085,17727.28448200226
1713,69.24964904785156,11.085697174072266,294812.5672416687,17738.37017917633
1714,50.23395538330078,9.973207473754883,294862.801197052,17748.343386650085
1715,78.98027038574219,10.548394203186035,294941.78146743774,17758.89178085327
1716,44.64075469970703,10.64738655090332,294986.42222213745,17769.539167404175
1717,113.38912963867188,10.376214981079102,295099.8113517761,17779.915382385254
1718,87.57562255859375,10.704388618469238,295187.3869743347,17790.619771003723
1719,107.63116455078125,10.531021118164062,295295.0181388855,17801.150792121887
1720,102.090576171875,10.678177833557129,295397.1087150574,17811.828969955444
1721,92.48155212402344,10.971535682678223,295489.5902671814,17822.800505638123
1722,69.9862060546875,10.789527893066406,295559.5764732361,17833.59003353119
1723,100.19341278076172,11.1589937210083,295659.76988601685,17844.749027252197
1724,78.0734634399414,10.865483283996582,295737.8433494568,17855.614510536194
1725,112.8951416015625,10.607705116271973,295850.73849105835,17866.222215652466
1726,94.43087768554688,10.384747505187988,295945.1693687439,17876.606963157654
1727,67.60287475585938,10.503244400024414,296012.77224349976,17887.11020755768
1728,82.9014663696289,10.79393482208252,296095.6737098694,17897.90414237976
1729,105.60626983642578,10.923816680908203,296201.2799797058,17908.82795906067
1730,103.5109634399414,10.587041854858398,296304.79094314575,17919.415000915527
1731,101.96769714355469,10.493769645690918,296406.7586402893,17929.90877056122
1732,82.56673431396484,10.470977783203125,296489.3253746033,17940.37974834442
1733,113.42999267578125,10.929661750793457,296602.75536727905,17951.309410095215
1734,58.45085906982422,10.778730392456055,296661.2062263489,17962.08814048767
1735,79.9041976928711,10.325236320495605,296741.11042404175,17972.413376808167
1736,77.00520324707031,10.979753494262695,296818.1156272888,17983.39313030243
1737,91.52579498291016,10.787832260131836,296909.6414222717,17994.18096256256
1738,97.67058563232422,10.561540603637695,297007.31200790405,18004.7425031662
1739,87.71212005615234,10.444897651672363,297095.0241279602,18015.18740081787
1740,82.76622009277344,10.873978614807129,297177.790348053,18026.06137943268
1741,103.55158233642578,10.67989730834961,297281.3419303894,18036.741276741028
1742,84.68122863769531,10.235062599182129,297366.0231590271,18046.97633934021
1743,51.1868896484375,10.27105712890625,297417.21004867554,18057.247396469116
1744,85.4478530883789,10.75640869140625,297502.6579017639,18068.003805160522
1745,113.80001831054688,11.002960205078125,297616.45792007446,18079.0067653656
1746,80.28611755371094,10.571252822875977,297696.7440376282,18089.578018188477
1747,117.00992584228516,10.668021202087402,297813.75396347046,18100.246039390564
1748,122.88006591796875,10.785907745361328,297936.6340293884,18111.031947135925
1749,97.1856689453125,10.587067604064941,298033.81969833374,18121.61901473999
1750,103.97822570800781,10.690071105957031,298137.79792404175,18132.309085845947
1751,77.20121002197266,10.58226203918457,298214.9991340637,18142.891347885132
1752,65.11944580078125,10.646230697631836,298280.1185798645,18153.537578582764
1753,127.49957275390625,11.280421257019043,298407.6181526184,18164.817999839783
1754,80.72036743164062,10.561927795410156,298488.33852005005,18175.379927635193
1755,86.94023895263672,10.23941421508789,298575.2787590027,18185.61934185028
1756,76.4659423828125,10.436548233032227,298651.7447013855,18196.055890083313
1757,92.11578369140625,10.112442970275879,298743.8604850769,18206.16833305359
1758,84.18253326416016,10.290327072143555,298828.04301834106,18216.458660125732
1759,117.9924545288086,11.382497787475586,298946.0354728699,18227.841157913208
1760,124.44861602783203,11.156402587890625,299070.4840888977,18238.9975605011
1761,69.9276123046875,10.522266387939453,299140.4117012024,18249.519826889038
1762,85.68257141113281,10.473251342773438,299226.0942726135,18259.99307823181
1763,93.25286102294922,10.775785446166992,299319.3471336365,18270.76886367798
1764,93.9027099609375,10.862732887268066,299413.2498435974,18281.631596565247
1765,69.01673889160156,10.809321403503418,299482.266582489,18292.44091796875
1766,82.93572998046875,10.691712379455566,299565.2023124695,18303.132630348206
1767,89.2616958618164,11.420279502868652,299654.4640083313,18314.552909851074
1768,78.84696960449219,10.779855728149414,299733.3109779358,18325.332765579224
1769,67.26921081542969,10.48572826385498,299800.5801887512,18335.81849384308
1770,91.50939178466797,10.39892292022705,299892.0895805359,18346.217416763306
1771,123.79947662353516,10.585356712341309,300015.8890571594,18356.802773475647
1772,116.71837615966797,9.816587448120117,300132.6074333191,18366.619360923767
1773,108.6898193359375,10.604641914367676,300241.29725265503,18377.224002838135
1774,84.89933776855469,10.510473251342773,300326.1965904236,18387.734476089478
1775,67.28952026367188,11.502706527709961,300393.48611068726,18399.237182617188
1776,103.52153015136719,11.019826889038086,300497.0076408386,18410.257009506226
1777,94.06906127929688,10.895201683044434,300591.0767021179,18421.15221118927
1778,74.31379699707031,11.062880516052246,300665.390499115,18432.215091705322
1779,80.3231430053711,10.599235534667969,300745.71364212036,18442.81432723999
1780,107.8122787475586,11.322636604309082,300853.5259208679,18454.1369638443
1781,71.8883056640625,10.436877250671387,300925.414226532,18464.57384109497
1782,90.27899932861328,10.896920204162598,301015.6932258606,18475.470761299133
1783,69.1669692993164,10.530413627624512,301084.8601951599,18486.001174926758
1784,82.33061981201172,10.640279769897461,301167.1908149719,18496.641454696655
1785,78.63780212402344,10.693108558654785,301245.82861709595,18507.33456325531
1786,116.60997009277344,10.966060638427734,301362.4385871887,18518.300623893738
1787,86.31906127929688,10.625130653381348,301448.757648468,18528.92575454712
1788,61.94491195678711,10.218796730041504,301510.7025604248,18539.14455127716
1789,89.04292297363281,10.400848388671875,301599.74548339844,18549.545399665833
1790,108.95774841308594,11.1319580078125,301708.7032318115,18560.677357673645
1791,112.68708801269531,10.807214736938477,301821.3903198242,18571.484572410583
1792,70.14490509033203,10.738188743591309,301891.53522491455,18582.222761154175
1793,88.38307189941406,10.646644592285156,301979.91829681396,18592.86940574646
1794,81.31461334228516,10.636762619018555,302061.23291015625,18603.50616836548
1795,68.34571838378906,10.293993949890137,302129.57862854004,18613.80016231537
1796,71.29114532470703,10.465801239013672,302200.86977386475,18624.265963554382
1797,87.55978393554688,10.348018646240234,302288.4295578003,18634.613982200623
1798,83.51129150390625,10.365005493164062,302371.9408493042,18644.978987693787
1799,110.6330795288086,10.970590591430664,302482.573928833,18655.949578285217
1800,72.70660400390625,10.651716232299805,302555.2805328369,18666.601294517517
1801,105.97051239013672,10.882241249084473,302661.25104522705,18677.4835357666
1802,100.49247741699219,10.694371223449707,302761.74352264404,18688.17790699005
1803,85.48372650146484,10.648085594177246,302847.2272491455,18698.82599258423
1804,92.58586120605469,10.80911922454834,302939.81311035156,18709.635111808777
1805,111.74931335449219,11.06265640258789,303051.56242370605,18720.697768211365
1806,69.71469116210938,10.486787796020508,303121.27711486816,18731.184556007385
1807,98.96057891845703,11.305831909179688,303220.2376937866,18742.490387916565
1808,81.55474090576172,10.893268585205078,303301.7924346924,18753.38365650177
1809,96.9391098022461,10.670451164245605,303398.7315444946,18764.054107666016
1810,79.05767059326172,10.610433578491211,303477.7892150879,18774.664541244507
1811,68.24406433105469,10.558473587036133,303546.03327941895,18785.223014831543
1812,83.6795425415039,10.553973197937012,303629.71282196045,18795.77698802948
1813,79.74018859863281,11.13479232788086,303709.4530105591,18806.91178035736
1814,100.38916015625,10.612494468688965,303809.84217071533,18817.52427482605
1815,96.93927764892578,10.71653938293457,303906.78144836426,18828.240814208984
1816,78.19673156738281,10.837589263916016,303984.97817993164,18839.0784034729
1817,69.03353118896484,10.863966941833496,304054.0117111206,18849.942370414734
1818,84.871337890625,10.64983081817627,304138.88304901123,18860.59220123291
1819,73.26899719238281,10.777555465698242,304212.1520462036,18871.36975669861
1820,56.82805633544922,10.420568466186523,304268.98010253906,18881.790325164795
1821,81.52517700195312,10.69945240020752,304350.505279541,18892.489777565002
1822,95.75465393066406,11.119016647338867,304446.2599334717,18903.60879421234
1823,77.91622924804688,10.7747802734375,304524.1761627197,18914.38357448578
1824,78.63788604736328,10.480902671813965,304602.8140487671,18924.864477157593
1825,71.72103881835938,10.833059310913086,304674.53508758545,18935.697536468506
1826,96.48815155029297,10.595561981201172,304771.02323913574,18946.293098449707
1827,75.2911376953125,10.498496055603027,304846.31437683105,18956.79159450531
1828,94.36137390136719,10.930030822753906,304940.6757507324,18967.721625328064
1829,67.78247833251953,10.481544494628906,305008.45822906494,18978.203169822693
1830,87.787109375,10.941107749938965,305096.24533843994,18989.144277572632
1831,93.62594604492188,10.606684684753418,305189.87128448486,18999.750962257385
1832,95.2947006225586,11.031083106994629,305285.1659851074,19010.78204536438
1833,78.32614135742188,10.199798583984375,305363.49212646484,19020.981843948364
1834,68.34770202636719,10.669173240661621,305431.8398284912,19031.651017189026
1835,100.50721740722656,10.366779327392578,305532.34704589844,19042.01779651642
1836,54.044532775878906,10.409031867980957,305586.3915786743,19052.4268283844
1837,87.95350646972656,10.490912437438965,305674.34508514404,19062.91774082184
1838,74.95942687988281,10.703740119934082,305749.3045120239,19073.621480941772
1839,82.11791229248047,10.803359985351562,305831.4224243164,19084.424840927124
1840,55.38552474975586,10.696310043334961,305886.80794906616,19095.12115097046
