Step,Distillation Loss,CE Loss,Accumulated Distillation Loss,Accumulated CE Loss
1,915.1906127929688,12.252306938171387,915.1906127929688,12.252306938171387
2,1404.7393798828125,14.33394718170166,2319.9299926757812,26.586254119873047
3,1289.370361328125,14.664220809936523,3609.3003540039062,41.25047492980957
4,937.0957641601562,10.489060401916504,4546.3961181640625,51.739535331726074
5,628.138671875,9.42109203338623,5174.5347900390625,61.160627365112305
6,707.3404541015625,9.319340705871582,5881.875244140625,70.47996807098389
7,719.5970458984375,8.621052742004395,6601.4722900390625,79.10102081298828
8,603.869873046875,8.179878234863281,7205.3421630859375,87.28089904785156
9,570.5281982421875,9.067265510559082,7775.870361328125,96.34816455841064
10,689.2135009765625,9.927102088928223,8465.083862304688,106.27526664733887
11,680.73681640625,9.490415573120117,9145.820678710938,115.76568222045898
12,649.1776733398438,8.752584457397461,9794.998352050781,124.51826667785645
13,545.1153564453125,8.811174392700195,10340.113708496094,133.32944107055664
14,741.3548583984375,9.820769309997559,11081.468566894531,143.1502103805542
15,553.521484375,8.879124641418457,11634.990051269531,152.02933502197266
16,547.7930908203125,8.901185035705566,12182.783142089844,160.93052005767822
17,404.54901123046875,8.25615119934082,12587.332153320312,169.18667125701904
18,494.6700134277344,8.4718599319458,13082.002166748047,177.65853118896484
19,486.17376708984375,8.56077766418457,13568.17593383789,186.2193088531494
20,639.4813232421875,9.055320739746094,14207.657257080078,195.2746295928955
21,457.66217041015625,8.97205924987793,14665.319427490234,204.24668884277344
22,469.61346435546875,9.216973304748535,15134.932891845703,213.46366214752197
23,421.8148498535156,9.024550437927246,15556.747741699219,222.48821258544922
24,446.32757568359375,8.942646980285645,16003.075317382812,231.43085956573486
25,504.9679870605469,8.606886863708496,16508.04330444336,240.03774642944336
26,426.05743408203125,8.526304244995117,16934.10073852539,248.56405067443848
27,426.29742431640625,8.629413604736328,17360.398162841797,257.1934642791748
28,604.981201171875,9.392756462097168,17965.379364013672,266.586220741272
29,453.76019287109375,9.498091697692871,18419.139556884766,276.08431243896484
30,486.7073974609375,9.76842212677002,18905.846954345703,285.85273456573486
31,449.2906494140625,8.85395622253418,19355.137603759766,294.70669078826904
32,363.146728515625,8.437847137451172,19718.28433227539,303.1445379257202
33,408.0806884765625,8.528117179870605,20126.365020751953,311.6726551055908
34,545.7222290039062,9.39707088470459,20672.08724975586,321.0697259902954
35,421.0494689941406,8.94199275970459,21093.13671875,330.01171875
36,300.362548828125,8.383909225463867,21393.499267578125,338.39562797546387
37,404.1078796386719,8.707499504089355,21797.607147216797,347.1031274795532
38,466.72369384765625,8.844322204589844,22264.330841064453,355.94744968414307
39,478.423583984375,8.724095344543457,22742.754425048828,364.6715450286865
40,239.68344116210938,8.178093910217285,22982.437866210938,372.8496389389038
41,352.77166748046875,8.87120532989502,23335.209533691406,381.7208442687988
42,459.4570617675781,9.126385688781738,23794.666595458984,390.84722995758057
43,685.8601684570312,9.247550010681152,24480.526763916016,400.0947799682617
44,548.9364624023438,8.5447359085083,25029.46322631836,408.63951587677
45,338.70404052734375,8.71194076538086,25368.167266845703,417.3514566421509
46,501.14801025390625,9.041668891906738,25869.31527709961,426.3931255340576
47,314.93621826171875,8.81074333190918,26184.251495361328,435.2038688659668
48,419.50604248046875,9.055817604064941,26603.757537841797,444.25968647003174
49,507.8437805175781,8.599803924560547,27111.601318359375,452.8594903945923
50,350.27496337890625,8.569143295288086,27461.87628173828,461.42863368988037
51,326.2303466796875,8.174342155456543,27788.10662841797,469.6029758453369
52,557.1119384765625,8.724153518676758,28345.21856689453,478.3271293640137
53,317.425048828125,8.97640323638916,28662.643615722656,487.30353260040283
54,451.697998046875,8.915946006774902,29114.34161376953,496.21947860717773
55,447.7371826171875,9.00562572479248,29562.07879638672,505.2251043319702
56,237.182373046875,8.480429649353027,29799.261169433594,513.7055339813232
57,313.62982177734375,8.572121620178223,30112.890991210938,522.2776556015015
58,348.4273681640625,8.716487884521484,30461.318359375,530.994143486023
59,441.09979248046875,9.0516939163208,30902.41815185547,540.0458374023438
60,441.92303466796875,9.259000778198242,31344.341186523438,549.304838180542
61,477.62335205078125,9.128955841064453,31821.96453857422,558.4337940216064
62,374.4423828125,8.779315948486328,32196.40692138672,567.2131099700928
63,438.9714660644531,8.794180870056152,32635.378387451172,576.0072908401489
64,329.71026611328125,9.22697925567627,32965.08865356445,585.2342700958252
65,472.95294189453125,8.960650444030762,33438.041595458984,594.194920539856
66,541.820556640625,9.533504486083984,33979.86215209961,603.7284250259399
67,429.951416015625,8.7689847946167,34409.813568115234,612.4974098205566
68,428.58331298828125,9.208428382873535,34838.396881103516,621.7058382034302
69,441.6667785644531,9.607704162597656,35280.06365966797,631.3135423660278
70,292.80670166015625,8.987990379333496,35572.870361328125,640.3015327453613
71,321.4122619628906,8.966278076171875,35894.282623291016,649.2678108215332
72,399.1287536621094,9.31029224395752,36293.411376953125,658.5781030654907
73,245.61529541015625,8.702139854431152,36539.02667236328,667.2802429199219
74,376.32525634765625,9.207850456237793,36915.35192871094,676.4880933761597
75,426.88861083984375,9.211833000183105,37342.24053955078,685.6999263763428
76,391.06634521484375,9.185168266296387,37733.306884765625,694.8850946426392
77,452.16998291015625,9.395855903625488,38185.47686767578,704.2809505462646
78,251.3330078125,8.714488983154297,38436.80987548828,712.995439529419
79,554.2061767578125,9.642679214477539,38991.016052246094,722.6381187438965
80,357.37664794921875,9.180191040039062,39348.39270019531,731.8183097839355
81,340.5696716308594,8.869945526123047,39688.96237182617,740.6882553100586
82,308.48779296875,8.993022918701172,39997.45016479492,749.6812782287598
83,336.3122253417969,9.394928932189941,40333.76239013672,759.0762071609497
84,448.0350646972656,9.778191566467285,40781.797454833984,768.854398727417
85,323.20343017578125,9.159462928771973,41105.000885009766,778.013861656189
86,307.6844787597656,9.37528133392334,41412.68536376953,787.3891429901123
87,466.1409606933594,9.549901962280273,41878.82632446289,796.9390449523926
88,313.58465576171875,9.528404235839844,42192.41098022461,806.4674491882324
89,509.7840576171875,9.53696060180664,42702.1950378418,816.0044097900391
90,318.9850769042969,9.181821823120117,43021.180114746094,825.1862316131592
91,370.31732177734375,8.827132225036621,43391.49743652344,834.0133638381958
92,364.34783935546875,8.927536964416504,43755.845275878906,842.9409008026123
93,431.0596618652344,8.664519309997559,44186.90493774414,851.6054201126099
94,426.2052001953125,9.127367973327637,44613.11013793945,860.7327880859375
95,278.4337158203125,9.295262336730957,44891.543853759766,870.0280504226685
96,372.7835693359375,9.233869552612305,45264.3274230957,879.2619199752808
97,259.46661376953125,9.525845527648926,45523.794036865234,888.7877655029297
98,327.45220947265625,9.351984977722168,45851.24624633789,898.1397504806519
99,311.4305419921875,9.082271575927734,46162.67678833008,907.2220220565796
100,386.3502197265625,9.31082820892334,46549.02700805664,916.5328502655029
101,374.2198791503906,9.967116355895996,46923.24688720703,926.4999666213989
102,363.3635559082031,9.519698143005371,47286.610443115234,936.0196647644043
103,351.547607421875,9.416898727416992,47638.15805053711,945.4365634918213
104,340.5076904296875,9.208218574523926,47978.6657409668,954.6447820663452
105,219.43099975585938,9.147163391113281,48198.096740722656,963.7919454574585
106,325.4467468261719,9.46916389465332,48523.54348754883,973.2611093521118
107,278.60614013671875,9.579789161682129,48802.14962768555,982.840898513794
108,381.80609130859375,9.413244247436523,49183.95571899414,992.2541427612305
109,291.20977783203125,9.280797958374023,49475.16549682617,1001.5349407196045
110,410.58770751953125,9.629891395568848,49885.7532043457,1011.1648321151733
111,499.31390380859375,9.882711410522461,50385.0671081543,1021.0475435256958
112,155.83197021484375,9.104040145874023,50540.89907836914,1030.1515836715698
113,339.78228759765625,9.508783340454102,50880.6813659668,1039.660367012024
114,450.4478759765625,9.740973472595215,51331.12924194336,1049.4013404846191
115,318.24420166015625,9.523946762084961,51649.373443603516,1058.925287246704
116,291.46533203125,9.234551429748535,51940.838775634766,1068.1598386764526
117,364.1796875,9.544106483459473,52305.018463134766,1077.703945159912
118,418.85430908203125,9.728282928466797,52723.8727722168,1087.432228088379
119,312.8075866699219,8.978147506713867,53036.68035888672,1096.4103755950928
120,371.4380187988281,9.376835823059082,53408.11837768555,1105.7872114181519
121,309.05206298828125,9.38994312286377,53717.17044067383,1115.1771545410156
122,312.8897705078125,9.376471519470215,54030.06021118164,1124.5536260604858
123,374.0291748046875,9.364644050598145,54404.08938598633,1133.918270111084
124,284.11077880859375,9.786840438842773,54688.20016479492,1143.7051105499268
125,433.0026550292969,9.815884590148926,55121.20281982422,1153.5209951400757
126,311.5389709472656,9.480286598205566,55432.741790771484,1163.0012817382812
127,414.862060546875,9.509675979614258,55847.60385131836,1172.5109577178955
128,303.56268310546875,9.298627853393555,56151.16653442383,1181.809585571289
129,359.923583984375,9.821059226989746,56511.0901184082,1191.6306447982788
130,181.83004760742188,9.578969955444336,56692.920166015625,1201.2096147537231
131,335.15966796875,9.580035209655762,57028.079833984375,1210.789649963379
132,306.68365478515625,9.528958320617676,57334.76348876953,1220.3186082839966
133,246.8780517578125,9.617511749267578,57581.641540527344,1229.9361200332642
134,328.61883544921875,9.367229461669922,57910.26037597656,1239.303349494934
135,180.5565643310547,9.710111618041992,58090.81694030762,1249.013461112976
136,399.7955322265625,9.708619117736816,58490.61247253418,1258.722080230713
137,339.1767578125,9.806771278381348,58829.78923034668,1268.5288515090942
138,431.73291015625,9.696735382080078,59261.52214050293,1278.2255868911743
139,387.7253112792969,9.767467498779297,59649.24745178223,1287.9930543899536
140,294.101318359375,10.042590141296387,59943.3487701416,1298.03564453125
141,220.0222930908203,10.075484275817871,60163.37106323242,1308.1111288070679
142,295.3326110839844,9.68516731262207,60458.703674316406,1317.79629611969
143,448.89312744140625,9.709600448608398,60907.59680175781,1327.5058965682983
144,342.00689697265625,9.529463768005371,61249.60369873047,1337.0353603363037
145,498.54351806640625,10.084196090698242,61748.147216796875,1347.119556427002
146,353.04888916015625,9.295305252075195,62101.19610595703,1356.4148616790771
147,384.8294677734375,9.522137641906738,62486.02557373047,1365.936999320984
148,367.95257568359375,9.919629096984863,62853.97814941406,1375.8566284179688
149,235.96664428710938,9.447592735290527,63089.94479370117,1385.3042211532593
150,357.00830078125,8.868849754333496,63446.95309448242,1394.1730709075928
151,288.6990966796875,10.041101455688477,63735.65219116211,1404.2141723632812
152,237.99664306640625,9.989278793334961,63973.648834228516,1414.2034511566162
153,294.96551513671875,9.290647506713867,64268.614349365234,1423.49409866333
154,440.302734375,9.964755058288574,64708.917083740234,1433.4588537216187
155,189.0285186767578,9.66488265991211,64897.94560241699,1443.1237363815308
156,366.6972961425781,9.950794219970703,65264.64289855957,1453.0745306015015
157,344.51483154296875,9.882706642150879,65609.15773010254,1462.9572372436523
158,287.8992919921875,9.800835609436035,65897.05702209473,1472.7580728530884
159,442.3669738769531,9.79177474975586,66339.42399597168,1482.5498476028442
160,287.28448486328125,9.845953941345215,66626.70848083496,1492.3958015441895
161,313.31976318359375,9.433921813964844,66940.02824401855,1501.8297233581543
162,249.8052978515625,9.612600326538086,67189.83354187012,1511.4423236846924
163,411.4349365234375,9.941217422485352,67601.26847839355,1521.3835411071777
164,274.3017272949219,9.34182357788086,67875.57020568848,1530.7253646850586
165,410.78961181640625,9.495258331298828,68286.35981750488,1540.2206230163574
166,433.19921875,9.915781021118164,68719.55903625488,1550.1364040374756
167,271.97625732421875,9.724139213562012,68991.5352935791,1559.8605432510376
168,317.3917236328125,9.504362106323242,69308.92701721191,1569.3649053573608
169,375.2616882324219,10.014070510864258,69684.18870544434,1579.378975868225
170,303.57550048828125,9.805524826049805,69987.76420593262,1589.184500694275
171,362.4572448730469,9.928784370422363,70350.22145080566,1599.1132850646973
172,252.09320068359375,9.769035339355469,70602.31465148926,1608.8823204040527
173,408.43060302734375,9.711673736572266,71010.7452545166,1618.593994140625
174,212.12350463867188,9.659012794494629,71222.86875915527,1628.2530069351196
175,411.1226806640625,10.399970054626465,71633.99143981934,1638.652976989746
176,270.9374694824219,10.084725379943848,71904.92890930176,1648.73770236969
177,323.80145263671875,9.931798934936523,72228.73036193848,1658.6695013046265
178,358.58685302734375,9.83903980255127,72587.31721496582,1668.5085411071777
179,438.41082763671875,10.33927059173584,73025.72804260254,1678.8478116989136
180,249.88180541992188,10.025350570678711,73275.60984802246,1688.8731622695923
181,249.96005249023438,9.621355056762695,73525.5699005127,1698.494517326355
182,460.2188415527344,9.954550743103027,73985.78874206543,1708.449068069458
183,283.3184509277344,10.07693862915039,74269.10719299316,1718.5260066986084
184,242.1370086669922,9.77374267578125,74511.24420166016,1728.2997493743896
185,385.3616943359375,9.892148971557617,74896.6058959961,1738.1918983459473
186,338.298583984375,9.815951347351074,75234.90447998047,1748.0078496932983
187,202.1649169921875,9.908051490783691,75437.06939697266,1757.915901184082
188,249.0468292236328,9.453977584838867,75686.11622619629,1767.369878768921
189,272.6767578125,9.788071632385254,75958.79298400879,1777.1579504013062
190,350.5957336425781,10.089590072631836,76309.38871765137,1787.247540473938
191,303.46893310546875,10.504135131835938,76612.85765075684,1797.751675605774
192,281.4588623046875,9.799691200256348,76894.31651306152,1807.5513668060303
193,352.2626953125,9.975732803344727,77246.57920837402,1817.527099609375
194,336.96990966796875,10.258891105651855,77583.54911804199,1827.7859907150269
195,246.6060333251953,9.718623161315918,77830.15515136719,1837.5046138763428
196,324.90130615234375,10.122591972351074,78155.05645751953,1847.6272058486938
197,278.58538818359375,9.933295249938965,78433.64184570312,1857.5605010986328
198,368.89508056640625,9.892484664916992,78802.53692626953,1867.4529857635498
199,321.321044921875,9.818988800048828,79123.8579711914,1877.2719745635986
200,158.45657348632812,10.04401969909668,79282.31454467773,1887.3159942626953
201,344.70416259765625,10.028011322021484,79627.01870727539,1897.3440055847168
202,258.92071533203125,10.30284309387207,79885.93942260742,1907.6468486785889
203,352.7713317871094,10.241643905639648,80238.71075439453,1917.8884925842285
204,223.39419555664062,9.983945846557617,80462.10494995117,1927.8724384307861
205,393.3489685058594,9.900964736938477,80855.45391845703,1937.7734031677246
206,347.74456787109375,9.84443473815918,81203.19848632812,1947.6178379058838
207,155.91455078125,9.688103675842285,81359.11303710938,1957.305941581726
208,270.35552978515625,9.967639923095703,81629.46856689453,1967.2735815048218
209,201.82504272460938,9.618438720703125,81831.29360961914,1976.892020225525
210,218.77146911621094,9.612122535705566,82050.06507873535,1986.5041427612305
211,315.7039794921875,9.954973220825195,82365.76905822754,1996.4591159820557
212,300.75482177734375,10.025055885314941,82666.52388000488,2006.4841718673706
213,187.83953857421875,9.686782836914062,82854.3634185791,2016.1709547042847
214,267.6416015625,9.708052635192871,83122.0050201416,2025.8790073394775
215,300.99456787109375,9.991740226745605,83422.9995880127,2035.8707475662231
216,258.9691162109375,9.97398567199707,83681.96870422363,2045.8447332382202
217,252.84190368652344,10.103190422058105,83934.81060791016,2055.9479236602783
218,273.509033203125,10.223426818847656,84208.31964111328,2066.171350479126
219,297.0684814453125,9.860479354858398,84505.3881225586,2076.0318298339844
220,177.00631713867188,9.988181114196777,84682.39443969727,2086.020010948181
221,252.9362030029297,9.041143417358398,84935.3306427002,2095.0611543655396
222,350.5199890136719,9.943357467651367,85285.85063171387,2105.004511833191
223,336.69451904296875,9.74044418334961,85622.54515075684,2114.7449560165405
224,249.70730590820312,9.44237995147705,85872.25245666504,2124.1873359680176
225,175.43446350097656,10.039368629455566,86047.68692016602,2134.226704597473
226,309.9291076660156,10.06671142578125,86357.61602783203,2144.2934160232544
227,270.0330810546875,10.063053131103516,86627.64910888672,2154.356469154358
228,294.436767578125,10.138070106506348,86922.08587646484,2164.4945392608643
229,246.64657592773438,10.243484497070312,87168.73245239258,2174.7380237579346
230,301.779052734375,10.715999603271484,87470.51150512695,2185.454023361206
231,250.5187225341797,10.162789344787598,87721.03022766113,2195.6168127059937
232,229.91082763671875,9.791053771972656,87950.94105529785,2205.4078664779663
233,302.60662841796875,10.006876945495605,88253.54768371582,2215.414743423462
234,216.89743041992188,9.713582992553711,88470.44511413574,2225.1283264160156
235,293.5732116699219,10.151598930358887,88764.01832580566,2235.2799253463745
236,265.6666259765625,9.957586288452148,89029.68495178223,2245.2375116348267
237,343.43817138671875,9.93525505065918,89373.12312316895,2255.172766685486
238,212.43931579589844,9.740391731262207,89585.56243896484,2264.913158416748
239,350.0121154785156,9.894268989562988,89935.57455444336,2274.807427406311
240,329.13970947265625,9.853974342346191,90264.71426391602,2284.661401748657
241,163.83953857421875,9.642210006713867,90428.55380249023,2294.303611755371
242,283.034912109375,9.554778099060059,90711.58871459961,2303.858389854431
243,259.91009521484375,9.795801162719727,90971.49880981445,2313.654191017151
244,222.501220703125,9.751996040344238,91194.00003051758,2323.406187057495
245,299.84454345703125,9.974431037902832,91493.84457397461,2333.380618095398
246,366.4528503417969,10.0166654586792,91860.2974243164,2343.397283554077
247,276.6488342285156,10.120583534240723,92136.94625854492,2353.517867088318
248,291.030517578125,9.644208908081055,92427.97677612305,2363.162075996399
249,368.065673828125,9.596860885620117,92796.04244995117,2372.758936882019
250,257.64837646484375,9.635944366455078,93053.69082641602,2382.394881248474
251,306.584228515625,10.211215019226074,93360.27505493164,2392.6060962677
252,264.5382080078125,10.319798469543457,93624.81326293945,2402.9258947372437
253,249.62684631347656,9.813460350036621,93874.44010925293,2412.7393550872803
254,358.6744384765625,10.049442291259766,94233.11454772949,2422.78879737854
255,335.129150390625,10.44999885559082,94568.24369812012,2433.238796234131
256,162.67352294921875,10.366941452026367,94730.91722106934,2443.605737686157
257,349.46697998046875,10.24971866607666,95080.3842010498,2453.855456352234
258,311.70562744140625,10.115775108337402,95392.08982849121,2463.9712314605713
259,248.2127685546875,9.805541038513184,95640.3025970459,2473.7767724990845
260,282.6096496582031,9.68179702758789,95922.9122467041,2483.4585695266724
261,279.55712890625,10.020215034484863,96202.46937561035,2493.478784561157
262,321.000732421875,10.187982559204102,96523.47010803223,2503.6667671203613
263,307.1735534667969,10.214381217956543,96830.64366149902,2513.881148338318
264,316.4268798828125,10.015913009643555,97147.07054138184,2523.8970613479614
265,398.09185791015625,9.887801170349121,97545.16239929199,2533.7848625183105
266,235.94357299804688,9.956148147583008,97781.10597229004,2543.7410106658936
267,255.70745849609375,10.04675006866455,98036.81343078613,2553.787760734558
268,277.8628845214844,9.3316650390625,98314.67631530762,2563.1194257736206
269,328.7666320800781,9.894204139709473,98643.4429473877,2573.01362991333
270,152.68429565429688,9.89709758758545,98796.12724304199,2582.9107275009155
271,305.7582702636719,10.09056568145752,99101.88551330566,2593.001293182373
272,240.5437774658203,9.872194290161133,99342.42929077148,2602.873487472534
273,275.41290283203125,10.198070526123047,99617.84219360352,2613.071557998657
274,197.49679565429688,9.7340726852417,99815.33898925781,2622.805630683899
275,292.6055908203125,9.952035903930664,100107.94458007812,2632.7576665878296
276,403.8210144042969,10.34762954711914,100511.76559448242,2643.1052961349487
277,205.01718139648438,9.670753479003906,100716.7827758789,2652.7760496139526
278,225.21315002441406,10.064383506774902,100941.99592590332,2662.8404331207275
279,251.61581420898438,10.069308280944824,101193.6117401123,2672.9097414016724
280,208.32369995117188,10.18389892578125,101401.93544006348,2683.0936403274536
281,284.63946533203125,10.077399253845215,101686.57490539551,2693.171039581299
282,240.26718139648438,10.367176055908203,101926.84208679199,2703.538215637207
283,217.571044921875,10.265543937683105,102144.41313171387,2713.80375957489
284,276.4197998046875,9.930100440979004,102420.83293151855,2723.733860015869
285,182.939453125,9.638002395629883,102603.77238464355,2733.371862411499
286,187.81890869140625,9.982760429382324,102791.59129333496,2743.3546228408813
287,181.66432189941406,10.12086296081543,102973.25561523438,2753.475485801697
288,319.646728515625,10.450058937072754,103292.90234375,2763.9255447387695
289,325.51129150390625,10.175174713134766,103618.4136352539,2774.1007194519043
290,298.16351318359375,9.939802169799805,103916.5771484375,2784.040521621704
291,277.8443908691406,10.050169944763184,104194.42153930664,2794.0906915664673
292,171.97991943359375,9.515873908996582,104366.40145874023,2803.606565475464
293,195.57174682617188,10.186294555664062,104561.9732055664,2813.792860031128
294,204.3641357421875,10.262608528137207,104766.3373413086,2824.055468559265
295,259.3879089355469,10.151878356933594,105025.72525024414,2834.2073469161987
296,182.063720703125,10.060585975646973,105207.78897094727,2844.2679328918457
297,304.41644287109375,10.12771987915039,105512.20541381836,2854.395652770996
298,268.51776123046875,10.321585655212402,105780.72317504883,2864.7172384262085
299,205.80055236816406,10.045494079589844,105986.52372741699,2874.7627325057983
300,234.01596069335938,10.32422161102295,106220.53968811035,2885.0869541168213
301,296.1058349609375,10.34523868560791,106516.64552307129,2895.432192802429
302,194.27174377441406,9.738540649414062,106710.9172668457,2905.1707334518433
303,253.16433715820312,10.030257225036621,106964.0816040039,2915.20099067688
304,307.1072692871094,9.958135604858398,107271.18887329102,2925.1591262817383
305,317.9619140625,10.163739204406738,107589.15078735352,2935.322865486145
306,250.60342407226562,10.145820617675781,107839.75421142578,2945.468686103821
307,202.0441131591797,9.750730514526367,108041.79832458496,2955.219416618347
308,310.83746337890625,10.468422889709473,108352.63578796387,2965.6878395080566
309,238.12667846679688,10.182649612426758,108590.76246643066,2975.8704891204834
310,172.44821166992188,9.879042625427246,108763.21067810059,2985.7495317459106
311,229.97344970703125,10.05317211151123,108993.18412780762,2995.802703857422
312,322.236083984375,10.29978084564209,109315.42021179199,3006.102484703064
313,267.059814453125,10.520414352416992,109582.48002624512,3016.622899055481
314,263.5090637207031,9.795483589172363,109845.98908996582,3026.4183826446533
315,153.18661499023438,10.197896957397461,109999.17570495605,3036.616279602051
316,162.21615600585938,10.155267715454102,110161.39186096191,3046.771547317505
317,238.81695556640625,10.047383308410645,110400.20881652832,3056.8189306259155
318,259.62408447265625,10.037233352661133,110659.83290100098,3066.8561639785767
319,207.8931884765625,10.187981605529785,110867.72608947754,3077.0441455841064
320,239.2735595703125,10.443962097167969,111106.99964904785,3087.4881076812744
321,256.56610107421875,10.116646766662598,111363.56575012207,3097.604754447937
322,262.691162109375,9.849813461303711,111626.25691223145,3107.4545679092407
323,140.6358642578125,10.128782272338867,111766.89277648926,3117.5833501815796
324,175.58351135253906,10.289227485656738,111942.4762878418,3127.8725776672363
325,264.7022705078125,10.624669075012207,112207.17855834961,3138.4972467422485
326,175.05902099609375,10.155784606933594,112382.2375793457,3148.653031349182
327,234.3237762451172,10.46912956237793,112616.56135559082,3159.12216091156
328,246.84628295898438,10.147656440734863,112863.4076385498,3169.269817352295
329,263.10247802734375,10.29647445678711,113126.51011657715,3179.566291809082
330,281.7684020996094,10.03891658782959,113408.27851867676,3189.6052083969116
331,194.7413330078125,9.84796142578125,113603.01985168457,3199.453169822693
332,148.7214813232422,9.728545188903809,113751.74133300781,3209.1817150115967
333,204.5762481689453,10.089183807373047,113956.31758117676,3219.2708988189697
334,273.8609313964844,9.935471534729004,114230.17851257324,3229.2063703536987
335,255.14080810546875,10.289665222167969,114485.31932067871,3239.4960355758667
336,272.41412353515625,10.446662902832031,114757.73344421387,3249.9426984786987
337,267.80596923828125,9.580174446105957,115025.53941345215,3259.5228729248047
338,282.99359130859375,10.037229537963867,115308.53300476074,3269.5601024627686
339,259.87890625,10.097431182861328,115568.41191101074,3279.65753364563
340,238.9822998046875,10.214166641235352,115807.39421081543,3289.8717002868652
341,272.11566162109375,10.311144828796387,116079.50987243652,3300.1828451156616
342,210.70347595214844,10.220279693603516,116290.21334838867,3310.403124809265
343,237.302490234375,10.164931297302246,116527.51583862305,3320.5680561065674
344,282.4342956542969,10.275054931640625,116809.95013427734,3330.843111038208
345,288.59613037109375,9.712747573852539,117098.54626464844,3340.5558586120605
346,252.74545288085938,10.149195671081543,117351.2917175293,3350.705054283142
347,297.5789794921875,10.094456672668457,117648.87069702148,3360.7995109558105
348,120.90069580078125,10.128232955932617,117769.77139282227,3370.927743911743
349,177.5626220703125,10.200023651123047,117947.33401489258,3381.127767562866
350,210.72457885742188,10.496894836425781,118158.05859375,3391.624662399292
351,140.40257263183594,10.587079048156738,118298.46116638184,3402.2117414474487
352,246.357666015625,9.76570987701416,118544.81883239746,3411.977451324463
353,232.22935485839844,9.939775466918945,118777.04818725586,3421.917226791382
354,224.65695190429688,9.980646133422852,119001.70513916016,3431.8978729248047
355,253.69778442382812,10.250142097473145,119255.40292358398,3442.148015022278
356,249.92318725585938,10.344252586364746,119505.32611083984,3452.4922676086426
357,232.2579803466797,10.01978874206543,119737.58409118652,3462.512056350708
358,263.7886657714844,9.621582984924316,120001.37275695801,3472.1336393356323
359,256.671875,10.337385177612305,120258.04463195801,3482.4710245132446
360,270.79986572265625,10.326248168945312,120528.84449768066,3492.79727268219
361,234.27001953125,10.365872383117676,120763.11451721191,3503.1631450653076
362,251.28854370117188,10.581558227539062,121014.40306091309,3513.7447032928467
363,241.41458129882812,10.47057056427002,121255.81764221191,3524.2152738571167
364,251.71444702148438,10.125388145446777,121507.5320892334,3534.3406620025635
365,216.01144409179688,10.004491806030273,121723.5435333252,3544.3451538085938
366,215.00909423828125,9.870914459228516,121938.55262756348,3554.2160682678223
367,138.695556640625,10.034321784973145,122077.2481842041,3564.2503900527954
368,193.12353515625,10.782055854797363,122270.37171936035,3575.032445907593
369,232.01394653320312,10.366320610046387,122502.38566589355,3585.398766517639
370,162.85708618164062,9.19848346710205,122665.2427520752,3594.597249984741
371,168.79685974121094,9.836870193481445,122834.0396118164,3604.4341201782227
372,172.87623596191406,9.99549388885498,123006.91584777832,3614.4296140670776
373,121.66885375976562,9.85946273803711,123128.58470153809,3624.2890768051147
374,207.88743591308594,10.195481300354004,123336.47213745117,3634.4845581054688
375,182.54598999023438,10.338095664978027,123519.0181274414,3644.822653770447
376,197.72755432128906,10.127300262451172,123716.7456817627,3654.949954032898
377,198.2855682373047,10.014469146728516,123915.03125,3664.9644231796265
378,278.6321716308594,10.10757064819336,124193.66342163086,3675.07199382782
379,209.62527465820312,10.471829414367676,124403.28869628906,3685.5438232421875
380,212.74484252929688,10.593908309936523,124616.03353881836,3696.137731552124
381,180.2364501953125,10.061188697814941,124796.26998901367,3706.198920249939
382,207.64862060546875,10.364960670471191,125003.91860961914,3716.56388092041
383,247.1673126220703,10.516383171081543,125251.08592224121,3727.0802640914917
384,204.78587341308594,10.201652526855469,125455.8717956543,3737.281916618347
385,196.60806274414062,10.722124099731445,125652.47985839844,3748.0040407180786
386,150.2246856689453,10.129305839538574,125802.70454406738,3758.133346557617
387,231.1787109375,10.39400577545166,126033.88325500488,3768.527352333069
388,214.77667236328125,10.46200942993164,126248.65992736816,3778.9893617630005
389,216.91331481933594,10.014344215393066,126465.5732421875,3789.0037059783936
390,244.40330505371094,10.060219764709473,126709.97654724121,3799.063925743103
391,197.58709716796875,10.266939163208008,126907.56364440918,3809.330864906311
392,338.19659423828125,10.705107688903809,127245.76023864746,3820.035972595215
393,234.9725341796875,10.359281539916992,127480.73277282715,3830.395254135132
394,159.13514709472656,10.044684410095215,127639.86791992188,3840.439938545227
395,231.33160400390625,9.896249771118164,127871.19952392578,3850.336188316345
396,266.2750549316406,10.517912864685059,128137.47457885742,3860.8541011810303
397,258.80865478515625,10.430426597595215,128396.28323364258,3871.2845277786255
398,227.4295196533203,10.166826248168945,128623.7127532959,3881.4513540267944
399,212.800537109375,10.464614868164062,128836.51329040527,3891.9159688949585
400,208.08680725097656,10.51831340789795,129044.60009765625,3902.4342823028564
401,168.8608856201172,10.332440376281738,129213.46098327637,3912.766722679138
402,274.9580383300781,10.471385955810547,129488.41902160645,3923.2381086349487
403,169.19740295410156,10.291110038757324,129657.61642456055,3933.529218673706
404,187.14891052246094,10.183069229125977,129844.76533508301,3943.712287902832
405,214.37667846679688,10.341765403747559,130059.1420135498,3954.0540533065796
406,229.07391357421875,10.537698745727539,130288.21592712402,3964.591752052307
407,187.60525512695312,10.204691886901855,130475.82118225098,3974.796443939209
408,202.38284301757812,10.182735443115234,130678.20402526855,3984.979179382324
409,219.44883728027344,10.168596267700195,130897.65286254883,3995.1477756500244
410,200.11016845703125,10.497969627380371,131097.76303100586,4005.645745277405
411,104.03346252441406,10.303093910217285,131201.79649353027,4015.948839187622
412,214.9597625732422,10.481331825256348,131416.75625610352,4026.4301710128784
413,232.99844360351562,10.193729400634766,131649.75469970703,4036.623900413513
414,226.47425842285156,10.177543640136719,131876.22895812988,4046.80144405365
415,196.25595092773438,10.161208152770996,132072.48490905762,4056.962652206421
416,164.10360717773438,10.38976764678955,132236.58851623535,4067.3524198532104
417,190.95294189453125,10.315686225891113,132427.54145812988,4077.6681060791016
418,133.6686248779297,9.868619918823242,132561.2100830078,4087.536725997925
419,105.7601318359375,10.077817916870117,132666.97021484375,4097.614543914795
420,229.44931030273438,10.367685317993164,132896.41952514648,4107.982229232788
421,213.5479736328125,10.712610244750977,133109.9674987793,4118.694839477539
422,143.31439208984375,10.108287811279297,133253.28189086914,4128.803127288818
423,127.97740173339844,10.301324844360352,133381.25929260254,4139.104452133179
424,230.0634307861328,10.558725357055664,133611.32272338867,4149.663177490234
425,315.2039794921875,10.554342269897461,133926.52670288086,4160.217519760132
426,201.7960205078125,10.199472427368164,134128.32272338867,4170.4169921875
427,226.7872314453125,10.24044418334961,134355.10995483398,4180.65743637085
428,236.64276123046875,10.213667869567871,134591.75271606445,4190.8711042404175
429,303.68804931640625,9.941436767578125,134895.44076538086,4200.812541007996
430,226.91891479492188,10.07132339477539,135122.35968017578,4210.883864402771
431,220.5692901611328,10.121175765991211,135342.9289703369,4221.005040168762
432,243.3720245361328,10.360268592834473,135586.30099487305,4231.365308761597
433,249.8205108642578,10.940803527832031,135836.1215057373,4242.306112289429
434,215.9239501953125,9.938387870788574,136052.04545593262,4252.244500160217
435,208.42628479003906,10.549619674682617,136260.47174072266,4262.7941198349
436,149.03012084960938,10.796689987182617,136409.50186157227,4273.5908098220825
437,229.0863037109375,10.181160926818848,136638.5881652832,4283.771970748901
438,270.33221435546875,10.296493530273438,136908.92037963867,4294.068464279175
439,263.60430908203125,10.745794296264648,137172.5246887207,4304.814258575439
440,134.38540649414062,10.182134628295898,137306.91009521484,4314.996393203735
441,177.1251220703125,10.573341369628906,137484.03521728516,4325.569734573364
442,131.79391479492188,9.705876350402832,137615.82913208008,4335.275610923767
443,147.27554321289062,9.848100662231445,137763.10467529297,4345.1237115859985
444,202.31900024414062,10.302277565002441,137965.4236755371,4355.425989151001
445,233.34022521972656,10.402766227722168,138198.76390075684,4365.828755378723
446,201.1751708984375,9.853612899780273,138399.93907165527,4375.682368278503
447,161.04965209960938,9.974345207214355,138560.98872375488,4385.656713485718
448,211.47552490234375,10.504112243652344,138772.46424865723,4396.16082572937
449,244.54942321777344,9.806751251220703,139017.013671875,4405.967576980591
450,219.0872802734375,10.501707077026367,139236.10095214844,4416.469284057617
451,236.81581115722656,10.378365516662598,139472.91676330566,4426.84764957428
452,268.018798828125,9.685942649841309,139740.9355621338,4436.533592224121
453,150.11886596679688,9.583871841430664,139891.0544281006,4446.117464065552
454,218.84515380859375,10.4024658203125,140109.89958190918,4456.519929885864
455,167.67623901367188,10.578269004821777,140277.57582092285,4467.098198890686
456,211.6758575439453,10.552736282348633,140489.2516784668,4477.650935173035
457,106.5313720703125,9.693559646606445,140595.7830505371,4487.344494819641
458,190.4212646484375,10.214916229248047,140786.20431518555,4497.559411048889
459,242.4693603515625,10.244938850402832,141028.6736755371,4507.804349899292
460,160.12606811523438,9.7971773147583,141188.79974365234,4517.60152721405
461,150.0313720703125,10.00583267211914,141338.83111572266,4527.607359886169
462,184.92462158203125,10.464618682861328,141523.7557373047,4538.071978569031
463,174.28314208984375,10.54432201385498,141698.03887939453,4548.616300582886
464,178.68716430664062,10.570740699768066,141876.72604370117,4559.187041282654
465,181.1431427001953,9.968802452087402,142057.86918640137,4569.155843734741
466,212.30332946777344,10.343059539794922,142270.17251586914,4579.498903274536
467,223.57070922851562,10.336969375610352,142493.74322509766,4589.8358726501465
468,138.9686279296875,10.651201248168945,142632.71185302734,4600.487073898315
469,171.65478515625,10.180336952209473,142804.3666381836,4610.667410850525
470,134.22317504882812,10.107829093933105,142938.58981323242,4620.775239944458
471,135.62319946289062,10.403473854064941,143074.2130126953,4631.178713798523
472,263.917236328125,10.947125434875488,143338.13024902344,4642.125839233398
473,184.57794189453125,10.619315147399902,143522.70819091797,4652.745154380798
474,180.08291625976562,10.298569679260254,143702.79110717773,4663.043724060059
475,254.7657012939453,10.504402160644531,143957.55680847168,4673.548126220703
476,174.23892211914062,10.088587760925293,144131.79573059082,4683.636713981628
477,201.2796630859375,10.184952735900879,144333.07539367676,4693.821666717529
478,161.00965881347656,10.62912654876709,144494.08505249023,4704.450793266296
479,151.39520263671875,10.69216537475586,144645.48025512695,4715.142958641052
480,138.3544158935547,10.317516326904297,144783.8346710205,4725.4604749679565
481,164.29318237304688,10.35924243927002,144948.12785339355,4735.819717407227
482,216.10049438476562,10.300357818603516,145164.22834777832,4746.12007522583
483,200.73959350585938,10.561622619628906,145364.96794128418,4756.681697845459
484,186.30235290527344,10.409107208251953,145551.27029418945,4767.090805053711
485,153.3579559326172,10.354743957519531,145704.62825012207,4777.4455490112305
486,147.51751708984375,10.347877502441406,145852.1457672119,4787.793426513672
487,232.003662109375,10.7677001953125,146084.1494293213,4798.561126708984
488,143.58023071289062,10.22419548034668,146227.72966003418,4808.785322189331
489,110.36744689941406,10.751279830932617,146338.0971069336,4819.536602020264
490,220.2550811767578,10.260229110717773,146558.35218811035,4829.796831130981
491,186.96401977539062,10.235785484313965,146745.31620788574,4840.032616615295
492,251.63475036621094,10.40835189819336,146996.95095825195,4850.440968513489
493,169.73751831054688,10.104717254638672,147166.6884765625,4860.545685768127
494,185.81846618652344,10.234003067016602,147352.50694274902,4870.779688835144
495,280.6546630859375,10.912263870239258,147633.16160583496,4881.691952705383
496,227.9032440185547,10.26974868774414,147861.06484985352,4891.961701393127
497,128.43797302246094,10.309014320373535,147989.50282287598,4902.270715713501
498,173.6092529296875,10.567294120788574,148163.11207580566,4912.83800983429
499,179.40765380859375,10.445302963256836,148342.51972961426,4923.283312797546
500,187.4857177734375,10.189088821411133,148530.0054473877,4933.4724016189575
501,226.3033447265625,10.20848560333252,148756.30879211426,4943.68088722229
502,210.09564208984375,10.599922180175781,148966.4044342041,4954.280809402466
503,189.77432250976562,10.835466384887695,149156.17875671387,4965.1162757873535
504,187.07464599609375,10.610812187194824,149343.25340270996,4975.727087974548
505,162.13246154785156,10.53424072265625,149505.3858642578,4986.261328697205
506,107.8477783203125,9.994488716125488,149613.23364257812,4996.25581741333
507,181.2593994140625,10.094733238220215,149794.4930419922,5006.35055065155
508,158.8953399658203,9.962737083435059,149953.388381958,5016.313287734985
509,175.26597595214844,9.658602714538574,150128.65435791016,5025.971890449524
510,271.66168212890625,10.039916038513184,150400.31604003906,5036.011806488037
511,185.0016326904297,10.2706937789917,150585.3176727295,5046.282500267029
512,194.84193420410156,10.29432487487793,150780.1596069336,5056.576825141907
513,149.2147216796875,10.072317123413086,150929.37432861328,5066.64914226532
514,108.54206085205078,10.629569053649902,151037.91638946533,5077.27871131897
515,211.8826141357422,10.25083065032959,151249.79900360107,5087.529541969299
516,98.12981414794922,9.664146423339844,151347.92881774902,5097.193688392639
517,206.6680450439453,10.434708595275879,151554.59686279297,5107.628396987915
518,175.72532653808594,10.851934432983398,151730.32218933105,5118.480331420898
519,244.75399780273438,10.47132682800293,151975.0761871338,5128.951658248901
520,159.04380798339844,10.369909286499023,152134.1199951172,5139.3215675354
521,252.47354125976562,10.414776802062988,152386.59353637695,5149.736344337463
522,164.65753173828125,10.211475372314453,152551.25106811523,5159.947819709778
523,179.63873291015625,10.359877586364746,152730.8898010254,5170.307697296143
524,181.00640869140625,10.387093544006348,152911.8962097168,5180.694790840149
525,208.66448974609375,10.264681816101074,153120.5606994629,5190.95947265625
526,180.16665649414062,10.506172180175781,153300.72735595703,5201.465644836426
527,174.68374633789062,10.64517593383789,153475.41110229492,5212.110820770264
528,195.77548217773438,10.426458358764648,153671.18658447266,5222.537279129028
529,192.89215087890625,10.396831512451172,153864.07873535156,5232.9341106414795
530,148.988525390625,10.317869186401367,154013.0672607422,5243.251979827881
531,171.76588439941406,10.489951133728027,154184.8331451416,5253.741930961609
532,209.8994598388672,10.691356658935547,154394.73260498047,5264.433287620544
533,163.71163940429688,10.597763061523438,154558.44424438477,5275.031050682068
534,181.19876098632812,10.547574996948242,154739.6430053711,5285.578625679016
535,168.20297241210938,10.203792572021484,154907.8459777832,5295.782418251038
536,185.14913940429688,10.255280494689941,155092.9951171875,5306.0376987457275
537,247.93780517578125,10.698600769042969,155340.93292236328,5316.7362995147705
538,168.9537353515625,10.259674072265625,155509.88665771484,5326.995973587036
539,204.73297119140625,9.782814025878906,155714.61962890625,5336.778787612915
540,152.91024780273438,10.483410835266113,155867.52987670898,5347.262198448181
541,133.08621215820312,10.734491348266602,156000.6160888672,5357.996689796448
542,198.40167236328125,9.71721363067627,156199.01776123047,5367.713903427124
543,249.47584533691406,10.557064056396484,156448.49360656738,5378.2709674835205
544,246.01449584960938,9.93224811553955,156694.508102417,5388.20321559906
545,220.6317596435547,10.457817077636719,156915.13986206055,5398.661032676697
546,153.40127563476562,10.021177291870117,157068.5411376953,5408.682209968567
547,186.8350067138672,10.363241195678711,157255.37614440918,5419.045451164246
548,145.63906860351562,10.035280227661133,157401.0152130127,5429.080731391907
549,158.07374572753906,10.600008010864258,157559.08895874023,5439.680739402771
550,188.076416015625,10.297659873962402,157747.16537475586,5449.978399276733
551,176.6022491455078,10.381452560424805,157923.76762390137,5460.359851837158
552,186.6984100341797,10.198139190673828,158110.46603393555,5470.557991027832
553,193.46328735351562,10.557771682739258,158303.92932128906,5481.115762710571
554,116.68299102783203,10.197654724121094,158420.6123123169,5491.313417434692
555,126.48857116699219,10.443086624145508,158547.1008834839,5501.756504058838
556,186.23919677734375,10.761534690856934,158733.34008026123,5512.518038749695
557,173.18392944335938,10.401455879211426,158906.5240097046,5522.919494628906
558,191.51998901367188,10.209586143493652,159098.04399871826,5533.1290807724
559,203.09628295898438,10.274666786193848,159301.14028167725,5543.403747558594
560,150.92230224609375,10.334035873413086,159452.06258392334,5553.737783432007
561,155.97378540039062,10.525795936584473,159608.03636932373,5564.263579368591
562,120.50335693359375,10.47291374206543,159728.53972625732,5574.736493110657
563,140.45872497558594,10.535418510437012,159868.9984512329,5585.271911621094
564,114.87802124023438,10.107970237731934,159983.87647247314,5595.379881858826
565,136.7167510986328,10.503791809082031,160120.59322357178,5605.883673667908
566,142.13902282714844,11.123941421508789,160262.73224639893,5617.0076150894165
567,182.57009887695312,10.668696403503418,160445.30234527588,5627.67631149292
568,179.84719848632812,10.83198356628418,160625.1495437622,5638.508295059204
569,165.58824157714844,10.232523918151855,160790.73778533936,5648.740818977356
570,226.55853271484375,10.48918342590332,161017.2963180542,5659.230002403259
571,145.96670532226562,10.300955772399902,161163.26302337646,5669.530958175659
572,152.4185791015625,10.116494178771973,161315.68160247803,5679.647452354431
573,154.70037841796875,10.501944541931152,161470.381980896,5690.149396896362
574,138.9329833984375,10.013973236083984,161609.31496429443,5700.163370132446
575,177.42691040039062,10.772477149963379,161786.74187469482,5710.93584728241
576,176.54977416992188,10.376153945922852,161963.29164886475,5721.3120012283325
577,179.69161987304688,10.645078659057617,162142.9832687378,5731.95707988739
578,132.96530151367188,10.369621276855469,162275.94857025146,5742.326701164246
579,170.97268676757812,10.887432098388672,162446.92125701904,5753.214133262634
580,172.33114624023438,10.467795372009277,162619.25240325928,5763.681928634644
581,107.66908264160156,10.67658519744873,162726.92148590088,5774.358513832092
582,214.3983154296875,10.817520141601562,162941.31980133057,5785.176033973694
583,148.46035766601562,10.78979778289795,163089.78015899658,5795.965831756592
584,128.89248657226562,10.138136863708496,163218.67264556885,5806.1039686203
585,219.54421997070312,10.930129051208496,163438.21686553955,5817.034097671509
586,201.34133911132812,10.729154586791992,163639.55820465088,5827.763252258301
587,178.40399169921875,10.202897071838379,163817.9621963501,5837.966149330139
588,154.06666564941406,10.387466430664062,163972.0288619995,5848.353615760803
589,132.53713989257812,10.694896697998047,164104.5660018921,5859.048512458801
590,232.2166748046875,10.716548919677734,164336.78267669678,5869.765061378479
591,128.07534790039062,10.155315399169922,164464.85802459717,5879.920376777649
592,183.19473266601562,10.678718566894531,164648.05275726318,5890.5990953445435
593,164.3445281982422,10.226434707641602,164812.39728546143,5900.825530052185
594,212.86695861816406,10.484925270080566,165025.2642440796,5911.310455322266
595,134.74951171875,10.50653076171875,165160.01375579834,5921.816986083984
596,199.9871826171875,10.8856840133667,165360.00093841553,5932.702670097351
597,147.656005859375,10.770798683166504,165507.6569442749,5943.473468780518
598,214.72132873535156,10.269464492797852,165722.37827301025,5953.742933273315
599,164.228759765625,10.21528434753418,165886.60703277588,5963.95821762085
600,171.84197998046875,10.300164222717285,166058.44901275635,5974.258381843567
601,188.03689575195312,10.8112211227417,166246.4859085083,5985.069602966309
602,182.52757263183594,10.214479446411133,166429.01348114014,5995.28408241272
603,221.3983154296875,10.70289134979248,166650.41179656982,6005.986973762512
604,183.89682006835938,10.550524711608887,166834.30861663818,6016.537498474121
605,153.84483337402344,9.894927978515625,166988.1534500122,6026.432426452637
606,161.72071838378906,10.349979400634766,167149.874168396,6036.7824058532715
607,188.97349548339844,10.084761619567871,167338.8476638794,6046.867167472839
608,127.12646484375,10.500526428222656,167465.97412872314,6057.367693901062
609,179.472412109375,10.803086280822754,167645.44654083252,6068.170780181885
610,136.2086181640625,10.516043663024902,167781.65515899658,6078.68682384491
611,156.96905517578125,10.293255805969238,167938.62421417236,6088.980079650879
612,178.64022827148438,10.469405174255371,168117.26444244385,6099.449484825134
613,180.79669189453125,10.122206687927246,168298.06113433838,6109.5716915130615
614,173.0041046142578,10.124418258666992,168471.06523895264,6119.6961097717285
615,151.07769775390625,10.640888214111328,168622.14293670654,6130.33699798584
616,159.3886260986328,10.517668724060059,168781.53156280518,6140.8546667099
617,180.32705688476562,10.527523040771484,168961.85861968994,6151.382189750671
618,141.8531951904297,10.637068748474121,169103.71181488037,6162.0192584991455
619,144.82614135742188,10.146252632141113,169248.5379562378,6172.165511131287
620,173.43734741210938,10.548749923706055,169421.9753036499,6182.714261054993
621,173.64947509765625,10.331646919250488,169595.62477874756,6193.045907974243
622,134.55804443359375,10.081995010375977,169730.18282318115,6203.127902984619
623,184.97662353515625,10.393549919128418,169915.1594467163,6213.521452903748
624,219.2147216796875,9.904095649719238,170134.374168396,6223.425548553467
625,138.9597930908203,10.032383918762207,170273.33396148682,6233.457932472229
626,177.40286254882812,10.123191833496094,170450.73682403564,6243.581124305725
627,158.35598754882812,10.841418266296387,170609.09281158447,6254.4225425720215
628,113.76797485351562,10.579361915588379,170722.860786438,6265.00190448761
629,159.38389587402344,10.201102256774902,170882.244682312,6275.203006744385
630,157.89370727539062,10.41930103302002,171040.1383895874,6285.622307777405
631,105.88179779052734,10.266501426696777,171146.02018737793,6295.888809204102
632,173.29373168945312,10.060221672058105,171319.31391906738,6305.94903087616
633,170.88534545898438,10.190484046936035,171490.19926452637,6316.139514923096
634,207.50225830078125,10.897608757019043,171697.70152282715,6327.037123680115
635,200.6473388671875,10.268227577209473,171898.34886169434,6337.305351257324
636,106.08316040039062,9.744417190551758,172004.43202209473,6347.049768447876
637,147.4907684326172,10.591068267822266,172151.92279052734,6357.640836715698
638,168.4871063232422,10.511967658996582,172320.4098968506,6368.152804374695
639,131.29412841796875,10.294424057006836,172451.70402526855,6378.447228431702
640,173.23541259765625,10.66132926940918,172624.9394378662,6389.108557701111
641,176.77920532226562,10.199091911315918,172801.71864318848,6399.307649612427
642,138.43553161621094,10.561284065246582,172940.1541748047,6409.868933677673
643,140.5950164794922,10.321404457092285,173080.74919128418,6420.190338134766
644,180.260009765625,10.573512077331543,173261.0092010498,6430.763850212097
645,140.7828369140625,10.19929027557373,173401.79203796387,6440.963140487671
646,138.37033081054688,10.619782447814941,173540.1623687744,6451.582922935486
647,106.2646484375,10.884759902954102,173646.4270172119,6462.46768283844
648,160.3169403076172,10.862289428710938,173806.74395751953,6473.329972267151
649,63.524024963378906,9.904478073120117,173870.2679824829,6483.234450340271
650,139.13485717773438,10.886646270751953,174009.40283966064,6494.121096611023
651,137.49765014648438,10.683080673217773,174146.90048980713,6504.804177284241
652,192.46536254882812,10.746664047241211,174339.36585235596,6515.550841331482
653,190.20901489257812,10.922533988952637,174529.57486724854,6526.473375320435
654,175.43093872070312,10.693960189819336,174705.00580596924,6537.167335510254
655,144.7781982421875,10.702154159545898,174849.78400421143,6547.8694896698
656,224.27626037597656,10.3695707321167,175074.0602645874,6558.2390604019165
657,125.10212707519531,10.725982666015625,175199.1623916626,6568.965043067932
658,136.62167358398438,10.762558937072754,175335.78406524658,6579.727602005005
659,120.4453125,10.330650329589844,175456.22937774658,6590.058252334595
660,176.82421875,10.581611633300781,175633.05359649658,6600.6398639678955
661,100.18206787109375,10.27379322052002,175733.23566436768,6610.9136571884155
662,158.0562744140625,10.496797561645508,175891.29193878174,6621.410454750061
663,179.14163208007812,10.961313247680664,176070.43357086182,6632.371767997742
664,148.50608825683594,10.211304664611816,176218.93965911865,6642.5830726623535
665,157.25730895996094,10.558717727661133,176376.1969680786,6653.141790390015
666,230.87295532226562,10.469757080078125,176607.06992340088,6663.611547470093
667,106.70771789550781,10.195958137512207,176713.7776412964,6673.807505607605
668,120.78083801269531,10.331903457641602,176834.55847930908,6684.139409065247
669,148.91064453125,10.911415100097656,176983.46912384033,6695.050824165344
670,152.0958251953125,10.356463432312012,177135.56494903564,6705.407287597656
671,198.67926025390625,10.988260269165039,177334.24420928955,6716.395547866821
672,170.115478515625,10.576937675476074,177504.35968780518,6726.972485542297
673,167.692626953125,10.879079818725586,177672.0523147583,6737.851565361023
674,133.16543579101562,10.633655548095703,177805.21775054932,6748.485220909119
675,152.86016845703125,10.151067733764648,177958.07791900635,6758.636288642883
676,129.15687561035156,10.180743217468262,178087.2347946167,6768.817031860352
677,167.20114135742188,10.743277549743652,178254.43593597412,6779.560309410095
678,146.2362060546875,10.07652473449707,178400.6721420288,6789.636834144592
679,112.53849792480469,10.29014778137207,178513.2106399536,6799.926981925964
680,146.79766845703125,10.568175315856934,178660.00830841064,6810.495157241821
681,177.2502899169922,10.521036148071289,178837.25859832764,6821.016193389893
682,119.66847229003906,10.708091735839844,178956.92707061768,6831.724285125732
683,121.93583679199219,10.521594047546387,179078.86290740967,6842.245879173279
684,147.75851440429688,10.237074851989746,179226.62142181396,6852.482954025269
685,129.020751953125,10.54398250579834,179355.6421737671,6863.026936531067
686,148.74679565429688,10.566612243652344,179504.3889694214,6873.593548774719
687,179.5643310546875,10.416169166564941,179683.95330047607,6884.009717941284
688,172.80787658691406,10.220438003540039,179856.761177063,6894.230155944824
689,161.95297241210938,10.692255020141602,180018.7141494751,6904.922410964966
690,175.82022094726562,10.336121559143066,180194.53437042236,6915.258532524109
691,109.77976989746094,10.773531913757324,180304.31414031982,6926.032064437866
692,158.14846801757812,10.442493438720703,180462.4626083374,6936.474557876587
693,111.92276000976562,10.195052146911621,180574.38536834717,6946.6696100234985
694,133.60604858398438,10.558862686157227,180707.99141693115,6957.228472709656
695,132.6512451171875,10.529739379882812,180840.64266204834,6967.758212089539
696,146.01995849609375,10.645814895629883,180986.66262054443,6978.4040269851685
697,133.87017822265625,10.365988731384277,181120.5327987671,6988.770015716553
698,126.9219970703125,10.520210266113281,181247.4547958374,6999.290225982666
699,155.6936798095703,9.785754203796387,181403.14847564697,7009.075980186462
700,146.34701538085938,10.540560722351074,181549.49549102783,7019.6165409088135
701,185.72821044921875,10.631332397460938,181735.22370147705,7030.247873306274
702,193.10177612304688,10.40849494934082,181928.3254776001,7040.656368255615
703,108.67740631103516,10.473892211914062,182037.00288391113,7051.130260467529
704,121.38495635986328,10.155004501342773,182158.387840271,7061.285264968872
705,159.21847534179688,10.437750816345215,182317.6063156128,7071.723015785217
706,196.72706604003906,10.463544845581055,182514.33338165283,7082.186560630798
707,159.52517700195312,10.62153148651123,182673.85855865479,7092.80809211731
708,120.59840393066406,10.4314546585083,182794.45696258545,7103.239546775818
709,126.96210479736328,10.14828872680664,182921.4190673828,7113.3878355026245
710,131.4696807861328,10.69609546661377,183052.88874816895,7124.083930969238
711,169.28150939941406,10.870059967041016,183222.17025756836,7134.953990936279
712,216.16928100585938,10.563429832458496,183438.33953857422,7145.517420768738
713,126.70936584472656,10.05671215057373,183565.04890441895,7155.5741329193115
714,111.31704711914062,10.291979789733887,183676.3659515381,7165.866112709045
715,129.37884521484375,10.609374046325684,183805.74479675293,7176.475486755371
716,147.558837890625,10.755969047546387,183953.30363464355,7187.2314558029175
717,141.1678466796875,10.275527954101562,184094.47148132324,7197.506983757019
718,127.71439361572266,10.21615982055664,184222.18587493896,7207.723143577576
719,161.00933837890625,10.278839111328125,184383.19521331787,7218.001982688904
720,94.99824523925781,10.375370979309082,184478.19345855713,7228.377353668213
721,150.07028198242188,10.718785285949707,184628.26374053955,7239.096138954163
722,153.45724487304688,10.624540328979492,184781.7209854126,7249.720679283142
723,157.15377807617188,10.571948051452637,184938.87476348877,7260.292627334595
724,170.9593505859375,10.576167106628418,185109.8341140747,7270.868794441223
725,109.94219970703125,10.35212516784668,185219.77631378174,7281.22091960907
726,158.49383544921875,10.62000560760498,185378.27014923096,7291.840925216675
727,181.2657470703125,10.334696769714355,185559.53589630127,7302.175621986389
728,184.02316284179688,10.08565902709961,185743.55905914307,7312.261281013489
729,164.09378051757812,10.718453407287598,185907.65283966064,7322.979734420776
730,152.37918090820312,10.547089576721191,186060.03202056885,7333.526823997498
731,164.1063995361328,10.634862899780273,186224.13842010498,7344.161686897278
732,119.82673645019531,10.344193458557129,186343.96515655518,7354.505880355835
733,160.22390747070312,10.729507446289062,186504.18906402588,7365.235387802124
734,171.22756958007812,10.42728042602539,186675.41663360596,7375.662668228149
735,147.79489135742188,10.3928861618042,186823.21152496338,7386.055554389954
736,148.28271484375,10.565459251403809,186971.49423980713,7396.621013641357
737,103.61921691894531,10.606934547424316,187075.11345672607,7407.227948188782
738,147.13677978515625,10.445882797241211,187222.25023651123,7417.673830986023
739,126.03372192382812,10.714277267456055,187348.28395843506,7428.388108253479
740,117.25418090820312,10.515334129333496,187465.53813934326,7438.9034423828125
741,166.4051055908203,10.596696853637695,187631.94324493408,7449.50013923645
742,130.76058959960938,10.510115623474121,187762.7038345337,7460.010254859924
743,113.57573699951172,10.48212718963623,187876.2795715332,7470.492382049561
744,175.49002075195312,10.71760368347168,188051.76959228516,7481.209985733032
745,148.35887145996094,10.255448341369629,188200.12846374512,7491.465434074402
746,102.19551849365234,10.552850723266602,188302.32398223877,7502.0182847976685
747,144.3492431640625,10.446329116821289,188446.67322540283,7512.46461391449
748,169.3895263671875,10.886642456054688,188616.06275177002,7523.351256370544
749,145.85879516601562,10.663017272949219,188761.92154693604,7534.014273643494
750,152.0568084716797,10.485675811767578,188913.97835540771,7544.499949455261
751,158.1317138671875,10.827411651611328,189072.1100692749,7555.327361106873
752,114.72748565673828,10.153841972351074,189186.83755493164,7565.481203079224
753,142.70822143554688,10.379997253417969,189329.5457763672,7575.861200332642
754,135.9559326171875,10.800729751586914,189465.50170898438,7586.6619300842285
755,141.43618774414062,10.7074613571167,189606.93789672852,7597.369391441345
756,134.11502075195312,10.472663879394531,189741.05291748047,7607.84205532074
757,132.3741455078125,9.866353988647461,189873.42706298828,7617.708409309387
758,74.62390899658203,10.159233093261719,189948.05097198486,7627.867642402649
759,132.61660766601562,10.45119571685791,190080.66757965088,7638.318838119507
760,127.28187561035156,10.222860336303711,190207.94945526123,7648.541698455811
761,122.02351379394531,10.906158447265625,190329.97296905518,7659.447856903076
762,146.7349853515625,10.330138206481934,190476.70795440674,7669.777995109558
763,143.16490173339844,10.498000144958496,190619.87285614014,7680.275995254517
764,108.99758911132812,10.509034156799316,190728.87044525146,7690.785029411316
765,160.47476196289062,10.69980525970459,190889.34520721436,7701.4848346710205
766,135.59353637695312,10.329240798950195,191024.9387435913,7711.814075469971
767,137.23800659179688,10.412193298339844,191162.1767501831,7722.226268768311
768,168.97930908203125,11.113917350769043,191331.15605926514,7733.34018611908
769,96.1386947631836,10.606149673461914,191427.29475402832,7743.9463357925415
770,109.5656967163086,10.681199073791504,191536.86045074463,7754.627534866333
771,127.21853637695312,10.669739723205566,191664.07898712158,7765.297274589539
772,124.4428939819336,10.594624519348145,191788.52188110352,7775.891899108887
773,125.60714721679688,10.751606941223145,191914.1290283203,7786.64350605011
774,129.83734130859375,10.655858993530273,192043.9663696289,7797.29936504364
775,154.38729858398438,10.5322265625,192198.3536682129,7807.83159160614
776,115.34756469726562,10.87571907043457,192313.70123291016,7818.707310676575
777,109.46869659423828,10.553722381591797,192423.1699295044,7829.2610330581665
778,117.06439208984375,10.739094734191895,192540.23432159424,7840.000127792358
779,160.30911254882812,10.580680847167969,192700.54343414307,7850.580808639526
780,99.70484924316406,10.63517951965332,192800.24828338623,7861.21598815918
781,93.900390625,10.352059364318848,192894.14867401123,7871.5680475234985
782,158.45362854003906,10.443849563598633,193052.60230255127,7882.011897087097
783,103.76045227050781,9.796814918518066,193156.36275482178,7891.808712005615
784,115.33161926269531,10.873480796813965,193271.69437408447,7902.682192802429
785,107.61766052246094,10.128656387329102,193379.31203460693,7912.810849189758
786,142.33021545410156,10.71074390411377,193521.64225006104,7923.521593093872
787,94.6709976196289,10.218182563781738,193616.31324768066,7933.739775657654
788,147.47962951660156,10.76282024383545,193763.79287719727,7944.502595901489
789,140.1907958984375,10.986559867858887,193903.9836730957,7955.489155769348
790,127.5228500366211,10.322940826416016,194031.50652313232,7965.812096595764
791,93.24736785888672,10.148985862731934,194124.7538909912,7975.961082458496
792,137.60873413085938,11.049064636230469,194262.36262512207,7987.010147094727
793,152.7975616455078,10.778436660766602,194415.16018676758,7997.788583755493
794,110.45231628417969,10.35653018951416,194525.61250305176,8008.145113945007
795,110.73861694335938,10.587906837463379,194636.35111999512,8018.733020782471
796,151.69728088378906,10.017001152038574,194788.0484008789,8028.750021934509
797,143.70248413085938,10.43350601196289,194931.75088500977,8039.183527946472
798,143.20518493652344,10.303729057312012,195074.9560699463,8049.487257003784
799,147.49827575683594,10.758737564086914,195222.45434570312,8060.245994567871
800,125.68048095703125,10.359572410583496,195348.13482666016,8070.605566978455
801,128.16184997558594,10.309762001037598,195476.29667663574,8080.915328979492
802,170.3854217529297,10.907896041870117,195646.68209838867,8091.823225021362
803,215.23519897460938,10.880638122558594,195861.91729736328,8102.703863143921
804,153.6661834716797,10.246101379394531,196015.58348083496,8112.949964523315
805,138.1909942626953,10.769152641296387,196153.77447509766,8123.719117164612
806,189.58447265625,10.77989673614502,196343.3589477539,8134.499013900757
807,142.24240112304688,10.560587882995605,196485.60134887695,8145.059601783752
808,174.71994018554688,10.394078254699707,196660.3212890625,8155.453680038452
809,137.758056640625,10.338438987731934,196798.07934570312,8165.792119026184
810,171.28958129882812,10.729873657226562,196969.36892700195,8176.521992683411
811,194.79022216796875,10.76401138305664,197164.15914916992,8187.286004066467
812,131.14459228515625,10.605746269226074,197295.30374145508,8197.891750335693
813,183.47764587402344,10.518765449523926,197478.7813873291,8208.410515785217
814,169.73770141601562,10.446107864379883,197648.51908874512,8218.856623649597
815,180.41445922851562,10.784058570861816,197828.93354797363,8229.640682220459
816,133.69625854492188,10.33951473236084,197962.62980651855,8239.98019695282
817,73.1162109375,10.002959251403809,198035.74601745605,8249.983156204224
818,151.01226806640625,10.694393157958984,198186.75828552246,8260.677549362183
819,103.2261734008789,10.371854782104492,198289.98445892334,8271.049404144287
820,175.45822143554688,10.720108032226562,198465.4426803589,8281.769512176514
821,107.8564682006836,10.655715942382812,198573.29914855957,8292.425228118896
822,113.9427719116211,10.42583179473877,198687.2419204712,8302.851059913635
823,150.54458618164062,10.595534324645996,198837.78650665283,8313.446594238281
824,105.4051742553711,10.334948539733887,198943.1916809082,8323.781542778015
825,145.11790466308594,10.56698989868164,199088.3095855713,8334.348532676697
826,144.9840545654297,10.476210594177246,199233.29364013672,8344.824743270874
827,180.396240234375,10.387399673461914,199413.6898803711,8355.212142944336
828,36.322837829589844,10.013931274414062,199450.01271820068,8365.22607421875
829,136.67657470703125,10.585886001586914,199586.68929290771,8375.811960220337
830,144.05239868164062,10.831695556640625,199730.74169158936,8386.643655776978
831,142.18728637695312,10.853336334228516,199872.9289779663,8397.496992111206
832,125.13835906982422,10.82053279876709,199998.06733703613,8408.317524909973
833,113.54766845703125,10.752095222473145,200111.61500549316,8419.069620132446
834,187.9233856201172,10.57131576538086,200299.53839111328,8429.640935897827
835,123.78236389160156,10.407010078430176,200423.32075500488,8440.047945976257
836,131.51817321777344,9.656550407409668,200554.83892822266,8449.704496383667
837,123.19524383544922,10.650049209594727,200678.0341720581,8460.354545593262
838,137.16537475585938,10.555350303649902,200815.19954681396,8470.909895896912
839,101.13583374023438,10.326498985290527,200916.3353805542,8481.236394882202
840,170.95755004882812,10.373268127441406,201087.29293060303,8491.609663009644
841,142.05821228027344,10.741998672485352,201229.3511428833,8502.351661682129
842,147.3543701171875,10.859241485595703,201376.7055130005,8513.210903167725
843,154.84779357910156,10.722743034362793,201531.5533065796,8523.933646202087
844,128.42953491210938,10.606313705444336,201659.9828414917,8534.539959907532
845,105.72590637207031,10.730934143066406,201765.70874786377,8545.270894050598
846,96.90040588378906,10.389988899230957,201862.60915374756,8555.66088294983
847,110.71347045898438,11.092560768127441,201973.32262420654,8566.753443717957
848,127.04027557373047,10.313559532165527,202100.36289978027,8577.067003250122
849,133.05484008789062,10.646934509277344,202233.41773986816,8587.7139377594
850,131.81764221191406,10.593376159667969,202365.23538208008,8598.307313919067
851,116.88451385498047,10.256464958190918,202482.11989593506,8608.563778877258
852,139.20657348632812,10.62825870513916,202621.3264694214,8619.192037582397
853,81.3792953491211,10.291448593139648,202702.7057647705,8629.483486175537
854,91.920654296875,10.682343482971191,202794.62641906738,8640.165829658508
855,142.9410858154297,10.701798439025879,202937.5675048828,8650.867628097534
856,104.37104797363281,10.463671684265137,203041.93855285645,8661.3312997818
857,115.61892700195312,10.298501968383789,203157.5574798584,8671.629801750183
858,161.69760131835938,10.669950485229492,203319.25508117676,8682.299752235413
859,122.19395446777344,10.346786499023438,203441.44903564453,8692.646538734436
860,148.79043579101562,10.102753639221191,203590.23947143555,8702.749292373657
861,117.81046295166016,10.623988151550293,203708.0499343872,8713.373280525208
862,106.08844757080078,10.387490272521973,203814.138381958,8723.76077079773
863,162.04539489746094,10.677580833435059,203976.18377685547,8734.438351631165
864,138.6162109375,10.831634521484375,204114.79998779297,8745.269986152649
865,87.67134094238281,10.423927307128906,204202.47132873535,8755.693913459778
866,150.67535400390625,10.559103012084961,204353.14668273926,8766.253016471863
867,125.27291870117188,10.952208518981934,204478.41960144043,8777.205224990845
868,124.00506591796875,10.619791030883789,204602.4246673584,8787.825016021729
869,147.39683532714844,11.003543853759766,204749.82150268555,8798.828559875488
870,133.92608642578125,10.412164688110352,204883.74758911133,8809.240724563599
871,142.14195251464844,10.297699928283691,205025.88954162598,8819.538424491882
872,132.25071716308594,10.800873756408691,205158.14025878906,8830.339298248291
873,104.90147399902344,10.498926162719727,205263.0417327881,8840.83822441101
874,177.74728393554688,10.584619522094727,205440.78901672363,8851.422843933105
875,149.35330200195312,11.02049732208252,205590.1423187256,8862.443341255188
876,67.69853973388672,10.409306526184082,205657.84085845947,8872.852647781372
877,142.7441864013672,10.47978687286377,205800.58504486084,8883.332434654236
878,108.9698257446289,10.062265396118164,205909.55487060547,8893.394700050354
879,110.050048828125,10.584609031677246,206019.6049194336,8903.979309082031
880,169.41551208496094,10.915042877197266,206189.02043151855,8914.894351959229
881,156.41152954101562,10.617475509643555,206345.43196105957,8925.511827468872
882,108.3135757446289,10.557279586791992,206453.7455368042,8936.069107055664
883,90.33716583251953,10.21152114868164,206544.08270263672,8946.280628204346
884,88.88140869140625,10.283218383789062,206632.96411132812,8956.563846588135
885,135.47947692871094,10.362330436706543,206768.44358825684,8966.926177024841
886,85.93850708007812,10.598104476928711,206854.3820953369,8977.52428150177
887,145.3774871826172,10.910962104797363,206999.75958251953,8988.435243606567
888,146.04824829101562,10.594982147216797,207145.80783081055,8999.030225753784
889,118.45732879638672,10.734222412109375,207264.26515960693,9009.764448165894
890,142.21597290039062,10.46174144744873,207406.48113250732,9020.226189613342
891,130.8418426513672,10.572591781616211,207537.3229751587,9030.798781394958
892,105.8804931640625,10.94304084777832,207643.20346832275,9041.741822242737
893,114.36532592773438,10.85333251953125,207757.5687942505,9052.595154762268
894,143.16168212890625,10.91417121887207,207900.7304763794,9063.50932598114
895,127.59495544433594,10.205554962158203,208028.32543182373,9073.714880943298
896,100.11558532714844,10.398117065429688,208128.44101715088,9084.112998008728
897,109.55036926269531,10.175535202026367,208237.99138641357,9094.288533210754
898,154.86753845214844,10.6607084274292,208392.85892486572,9104.949241638184
899,141.40020751953125,10.174442291259766,208534.25913238525,9115.123683929443
900,95.35155487060547,10.505985260009766,208629.61068725586,9125.629669189453
901,169.86932373046875,10.740655899047852,208799.48001098633,9136.370325088501
902,126.06294250488281,10.804205894470215,208925.5429534912,9147.174530982971
903,125.22048950195312,10.559115409851074,209050.76344299316,9157.733646392822
904,114.77659606933594,10.681090354919434,209165.5400390625,9168.414736747742
905,125.84627532958984,10.513609886169434,209291.3863143921,9178.928346633911
906,93.37722778320312,10.291933059692383,209384.7635421753,9189.220279693604
907,129.29586791992188,10.303115844726562,209514.05941009521,9199.52339553833
908,89.1120376586914,10.319206237792969,209603.1714477539,9209.842601776123
909,134.7895050048828,10.588356018066406,209737.9609527588,9220.43095779419
910,98.57342529296875,10.176508903503418,209836.53437805176,9230.607466697693
911,125.00617218017578,10.553369522094727,209961.54055023193,9241.160836219788
912,116.07890319824219,10.751094818115234,210077.61945343018,9251.911931037903
913,108.67741394042969,10.712442398071289,210186.2968673706,9262.624373435974
914,114.35060119628906,10.590559005737305,210300.6474685669,9273.214932441711
915,111.50259399414062,10.592305183410645,210412.15006256104,9283.807237625122
916,142.33848571777344,10.41780948638916,210554.4885482788,9294.225047111511
917,133.53729248046875,10.62132740020752,210688.02584075928,9304.846374511719
918,126.36357879638672,10.861804008483887,210814.38941955566,9315.708178520203
919,132.33316040039062,10.137401580810547,210946.72257995605,9325.845580101013
920,58.777645111083984,9.675905227661133,211005.50022506714,9335.521485328674
921,133.90447998046875,10.071501731872559,211139.4047050476,9345.592987060547
922,117.36042785644531,10.611599922180176,211256.76513290405,9356.204586982727
923,105.53802490234375,10.324508666992188,211362.3031578064,9366.52909564972
924,123.33848571777344,10.692021369934082,211485.64164352417,9377.221117019653
925,152.10873413085938,10.701754570007324,211637.75037765503,9387.92287158966
926,113.39754486083984,10.950222969055176,211751.14792251587,9398.873094558716
927,131.94309997558594,10.60091495513916,211883.09102249146,9409.474009513855
928,153.30218505859375,10.984522819519043,212036.39320755005,9420.458532333374
929,110.88157653808594,10.597609519958496,212147.27478408813,9431.056141853333
930,136.48114013671875,10.858341217041016,212283.75592422485,9441.914483070374
931,152.5516357421875,10.891487121582031,212436.30755996704,9452.805970191956
932,118.33489990234375,9.865447998046875,212554.64245986938,9462.671418190002
933,85.18142700195312,10.834221839904785,212639.82388687134,9473.505640029907
934,88.13845825195312,10.388547897338867,212727.9623451233,9483.894187927246
935,110.99832153320312,10.37368392944336,212838.9606666565,9494.26787185669
936,95.16372680664062,10.905491828918457,212934.12439346313,9505.173363685608
937,129.77923583984375,11.038263320922852,213063.90362930298,9516.21162700653
938,111.7552490234375,10.396851539611816,213175.65887832642,9526.608478546143
939,72.54676055908203,10.49280071258545,213248.2056388855,9537.101279258728
940,119.63603210449219,10.592650413513184,213367.84167099,9547.693929672241
941,102.90361785888672,10.679546356201172,213470.74528884888,9558.373476028442
942,101.64772033691406,10.717743873596191,213572.3930091858,9569.091219902039
943,131.26524353027344,10.33641242980957,213703.65825271606,9579.427632331848
944,94.8055419921875,10.227523803710938,213798.46379470825,9589.655156135559
945,145.2947998046875,9.851089477539062,213943.75859451294,9599.506245613098
946,109.75689697265625,10.513906478881836,214053.5154914856,9610.02015209198
947,116.55054473876953,10.681098937988281,214170.06603622437,9620.701251029968
948,111.23841857910156,10.53059196472168,214281.30445480347,9631.23184299469
949,91.93204498291016,10.531986236572266,214373.23649978638,9641.763829231262
950,114.97067260742188,10.61180591583252,214488.2071723938,9652.375635147095
951,138.12777709960938,10.694878578186035,214626.3349494934,9663.07051372528
952,139.26895141601562,10.692598342895508,214765.60390090942,9673.763112068176
953,114.41551208496094,10.34754753112793,214880.01941299438,9684.110659599304
954,125.54241943359375,10.290918350219727,215005.56183242798,9694.401577949524
955,106.97703552246094,10.684769630432129,215112.53886795044,9705.086347579956
956,87.3909683227539,10.319870948791504,215199.9298362732,9715.406218528748
957,130.34274291992188,10.538844108581543,215330.27257919312,9725.94506263733
958,95.56758117675781,10.862037658691406,215425.84016036987,9736.80710029602
959,107.36543273925781,10.33716106414795,215533.20559310913,9747.144261360168
960,165.46212768554688,10.952938079833984,215698.66772079468,9758.097199440002
961,106.03466033935547,10.589091300964355,215804.70238113403,9768.686290740967
962,134.66085815429688,10.556035995483398,215939.36323928833,9779.24232673645
963,126.23582458496094,10.479683876037598,216065.5990638733,9789.722010612488
964,134.54501342773438,9.962605476379395,216200.14407730103,9799.684616088867
965,104.48694610595703,10.243081092834473,216304.63102340698,9809.927697181702
966,99.27207946777344,10.208483695983887,216403.90310287476,9820.136180877686
967,109.40867614746094,10.651620864868164,216513.31177902222,9830.787801742554
968,106.52950286865234,10.116883277893066,216619.84128189087,9840.904685020447
969,68.8490982055664,10.427526473999023,216688.69038009644,9851.332211494446
970,106.8347396850586,10.452116966247559,216795.5251197815,9861.784328460693
971,127.82859802246094,10.575333595275879,216923.35371780396,9872.35966205597
972,137.731689453125,10.402100563049316,217061.08540725708,9882.761762619019
973,149.28973388671875,10.766829490661621,217210.3751411438,9893.52859210968
974,114.89290618896484,10.387991905212402,217325.26804733276,9903.916584014893
975,114.10161590576172,10.965096473693848,217439.36966323853,9914.881680488586
976,155.4685821533203,10.81942367553711,217594.83824539185,9925.701104164124
977,108.013916015625,10.837053298950195,217702.85216140747,9936.538157463074
978,129.66036987304688,10.94683837890625,217832.51253128052,9947.48499584198
979,137.56826782226562,10.468461990356445,217970.08079910278,9957.953457832336
980,130.5235595703125,10.721823692321777,218100.6043586731,9968.675281524658
981,115.90899658203125,10.293766975402832,218216.51335525513,9978.969048500061
982,119.03688049316406,10.430912971496582,218335.5502357483,9989.399961471558
983,151.07498168945312,10.933138847351074,218486.62521743774,10000.333100318909
984,97.11639404296875,10.54199504852295,218583.7416114807,10010.875095367432
985,145.44390869140625,10.939361572265625,218729.18552017212,10021.814456939697
986,96.280029296875,10.7791748046875,218825.465549469,10032.593631744385
987,77.11856079101562,10.573286056518555,218902.58411026,10043.166917800903
988,150.39820861816406,10.887569427490234,219052.98231887817,10054.054487228394
989,82.514892578125,10.410956382751465,219135.4972114563,10064.465443611145
990,94.13162231445312,10.38761043548584,219229.62883377075,10074.85305404663
991,80.8978271484375,10.18883228302002,219310.5266609192,10085.04188632965
992,132.28741455078125,10.597818374633789,219442.81407546997,10095.639704704285
993,116.1043472290039,10.457528114318848,219558.91842269897,10106.097232818604
994,92.8065414428711,10.669943809509277,219651.72496414185,10116.767176628113
995,95.7073745727539,10.653314590454102,219747.4323387146,10127.420491218567
996,131.61468505859375,10.713761329650879,219879.0470237732,10138.134252548218
997,117.03804016113281,10.589902877807617,219996.08506393433,10148.724155426025
998,138.1226348876953,10.527562141418457,220134.20769882202,10159.251717567444
999,124.2755126953125,10.731709480285645,220258.48321151733,10169.98342704773
1000,103.91493225097656,10.594078063964844,220362.3981437683,10180.577505111694
1001,103.48188018798828,10.888599395751953,220465.8800239563,10191.466104507446
1002,135.34548950195312,10.99043083190918,220601.22551345825,10202.456535339355
1003,119.07174682617188,10.755929946899414,220720.29726028442,10213.212465286255
1004,134.6112060546875,10.658946990966797,220854.9084663391,10223.871412277222
1005,128.165283203125,10.63244342803955,220983.07374954224,10234.503855705261
1006,148.20391845703125,10.757427215576172,221131.27766799927,10245.261282920837
1007,133.40316772460938,10.582365036010742,221264.68083572388,10255.843647956848
1008,112.71475982666016,10.72971248626709,221377.39559555054,10266.573360443115
1009,110.79464721679688,10.751338958740234,221488.19024276733,10277.324699401855
1010,103.63456726074219,10.836088180541992,221591.82481002808,10288.160787582397
1011,136.54666137695312,10.985175132751465,221728.37147140503,10299.145962715149
1012,74.23887634277344,10.530055046081543,221802.6103477478,10309.67601776123
1013,117.61206817626953,10.292106628417969,221920.22241592407,10319.968124389648
1014,96.84516143798828,10.396446228027344,222017.06757736206,10330.364570617676
1015,114.26139831542969,10.044756889343262,222131.3289756775,10340.409327507019
1016,108.42035675048828,10.375422477722168,222239.74933242798,10350.784749984741
1017,97.58586120605469,10.299921035766602,222337.33519363403,10361.084671020508
1018,118.50523376464844,10.65480899810791,222455.84042739868,10371.739480018616
1019,105.00371551513672,10.168506622314453,222560.84414291382,10381.90798664093
1020,190.9417266845703,11.193740844726562,222751.7858695984,10393.101727485657
1021,93.88697814941406,10.792682647705078,222845.6728477478,10403.894410133362
1022,159.81964111328125,10.85809326171875,223005.49248886108,10414.75250339508
1023,98.98109436035156,10.439016342163086,223104.47358322144,10425.191519737244
1024,121.75900268554688,10.359878540039062,223226.23258590698,10435.551398277283
1025,83.2379150390625,10.964608192443848,223309.47050094604,10446.516006469727
1026,131.88021850585938,10.805249214172363,223441.3507194519,10457.321255683899
1027,100.76087951660156,10.437782287597656,223542.1115989685,10467.759037971497
1028,131.41578674316406,10.533332824707031,223673.52738571167,10478.292370796204
1029,138.96514892578125,10.722476959228516,223812.49253463745,10489.014847755432
1030,115.6971664428711,10.750680923461914,223928.18970108032,10499.765528678894
1031,114.79971313476562,10.576372146606445,224042.9894142151,10510.3419008255
1032,81.55865478515625,10.567255020141602,224124.54806900024,10520.909155845642
1033,88.12327575683594,10.420842170715332,224212.67134475708,10531.329998016357
1034,111.63261413574219,10.468819618225098,224324.30395889282,10541.798817634583
1035,115.08779907226562,10.816413879394531,224439.3917579651,10552.615231513977
1036,148.0375518798828,11.155760765075684,224587.42930984497,10563.770992279053
1037,130.74668884277344,10.604778289794922,224718.17599868774,10574.375770568848
1038,80.29415893554688,10.317376136779785,224798.4701576233,10584.693146705627
1039,133.21832275390625,10.390677452087402,224931.6884803772,10595.083824157715
1040,107.3133773803711,10.399420738220215,225039.00185775757,10605.483244895935
1041,104.04319763183594,10.842291831970215,225143.0450553894,10616.325536727905
1042,142.05694580078125,10.429840087890625,225285.1020011902,10626.755376815796
1043,142.37644958496094,10.627376556396484,225427.47845077515,10637.382753372192
1044,128.4767608642578,11.086111068725586,225555.9552116394,10648.468864440918
1045,163.17364501953125,10.081256866455078,225719.12885665894,10658.550121307373
1046,147.56521606445312,10.758167266845703,225866.6940727234,10669.308288574219
1047,114.44955444335938,10.547677040100098,225981.14362716675,10679.855965614319
1048,122.74813079833984,10.297152519226074,226103.8917579651,10690.153118133545
1049,137.49786376953125,10.849160194396973,226241.38962173462,10701.002278327942
1050,86.94496154785156,10.694611549377441,226328.33458328247,10711.69688987732
1051,103.03548431396484,9.99743938446045,226431.37006759644,10721.69432926178
1052,101.21550750732422,11.081554412841797,226532.58557510376,10732.775883674622
1053,110.65009307861328,10.509803771972656,226643.23566818237,10743.285687446594
1054,88.72834777832031,10.486757278442383,226731.9640159607,10753.772444725037
1055,91.1151123046875,10.632255554199219,226823.07912826538,10764.404700279236
1056,90.03751373291016,10.784527778625488,226913.1166419983,10775.189228057861
1057,61.622528076171875,10.519448280334473,226974.73917007446,10785.708676338196
1058,103.55712890625,10.564251899719238,227078.2962989807,10796.272928237915
1059,114.86447143554688,10.509138107299805,227193.16077041626,10806.782066345215
1060,126.62954711914062,10.931927680969238,227319.7903175354,10817.713994026184
1061,102.8851318359375,10.545464515686035,227422.67544937134,10828.25945854187
1062,79.7669906616211,10.424538612365723,227502.44244003296,10838.683997154236
1063,117.31844329833984,10.737751960754395,227619.7608833313,10849.42174911499
1064,106.46942138671875,10.579168319702148,227726.23030471802,10860.000917434692
1065,117.4664306640625,10.433162689208984,227843.69673538208,10870.434080123901
1066,88.75341796875,10.636931419372559,227932.45015335083,10881.071011543274
1067,111.62332916259766,10.314403533935547,228044.07348251343,10891.38541507721
1068,108.90476989746094,10.325495719909668,228152.9782524109,10901.71091079712
1069,122.63741302490234,11.104281425476074,228275.6156654358,10912.815192222595
1070,85.4622802734375,10.912593841552734,228361.07794570923,10923.727786064148
1071,104.28720092773438,10.478388786315918,228465.36514663696,10934.206174850464
1072,119.78328704833984,10.78182601928711,228585.1484336853,10944.988000869751
1073,146.38589477539062,10.719738960266113,228731.5343284607,10955.707739830017
1074,98.87837219238281,10.64566421508789,228830.41270065308,10966.353404045105
1075,72.56535339355469,9.986475944519043,228902.97805404663,10976.339879989624
1076,110.69014739990234,11.256759643554688,229013.66820144653,10987.596639633179
1077,115.13493347167969,10.739766120910645,229128.8031349182,10998.33640575409
1078,117.23078918457031,10.289849281311035,229246.03392410278,11008.6262550354
1079,84.55745697021484,10.389569282531738,229330.591381073,11019.015824317932
1080,99.36006164550781,10.709318161010742,229429.9514427185,11029.725142478943
1081,105.86629486083984,10.897991180419922,229535.81773757935,11040.623133659363
1082,108.66905212402344,10.4647798538208,229644.48678970337,11051.087913513184
1083,94.22757720947266,11.028176307678223,229738.71436691284,11062.116089820862
1084,139.28350830078125,10.795263290405273,229877.99787521362,11072.911353111267
1085,92.85795593261719,10.762207984924316,229970.85583114624,11083.673561096191
1086,132.02066040039062,10.279420852661133,230102.87649154663,11093.952981948853
1087,106.38792419433594,11.027661323547363,230209.26441574097,11104.9806432724
1088,75.35051727294922,10.770843505859375,230284.61493301392,11115.75148677826
1089,160.052001953125,10.080460548400879,230444.66693496704,11125.83194732666
1090,120.94146728515625,11.315301895141602,230565.6084022522,11137.147249221802
1091,113.51347351074219,10.942741394042969,230679.12187576294,11148.089990615845
1092,85.53486633300781,10.602771759033203,230764.65674209595,11158.692762374878
1093,105.14663696289062,10.575860977172852,230869.80337905884,11169.26862335205
1094,102.38200378417969,10.315752983093262,230972.18538284302,11179.584376335144
1095,114.09043884277344,10.527536392211914,231086.2758216858,11190.111912727356
1096,68.11354064941406,10.315119743347168,231154.3893623352,11200.427032470703
1097,87.61984252929688,10.529817581176758,231242.0092048645,11210.95685005188
1098,123.45693969726562,10.851773262023926,231365.46614456177,11221.808623313904
1099,125.58487701416016,10.909998893737793,231491.05102157593,11232.718622207642
1100,132.16195678710938,10.537684440612793,231623.21297836304,11243.256306648254
1101,104.72405242919922,10.846949577331543,231727.93703079224,11254.103256225586
1102,102.91509246826172,10.87240982055664,231830.8521232605,11264.975666046143
1103,58.98500442504883,10.129688262939453,231889.83712768555,11275.105354309082
1104,139.66018676757812,10.926741600036621,232029.49731445312,11286.032095909119
1105,114.27323913574219,10.511829376220703,232143.77055358887,11296.54392528534
1106,106.98753356933594,10.419058799743652,232250.7580871582,11306.962984085083
1107,79.67562103271484,10.7125825881958,232330.43370819092,11317.675566673279
1108,124.30674743652344,10.733335494995117,232454.74045562744,11328.408902168274
1109,113.05611419677734,10.863707542419434,232567.79656982422,11339.272609710693
1110,188.77154541015625,11.163785934448242,232756.56811523438,11350.436395645142
1111,127.33418273925781,10.583088874816895,232883.90229797363,11361.019484519958
1112,105.79362487792969,10.48841381072998,232989.69592285156,11371.507898330688
1113,168.1382293701172,11.197717666625977,233157.83415222168,11382.705615997314
1114,84.12889099121094,10.382676124572754,233241.9630432129,11393.088292121887
1115,101.02009582519531,10.90394115447998,233342.9831390381,11403.992233276367
1116,99.56819152832031,10.322176933288574,233442.5513305664,11414.314410209656
1117,85.54611206054688,10.226069450378418,233528.09744262695,11424.540479660034
1118,96.09146118164062,10.141707420349121,233624.1889038086,11434.682187080383
1119,136.72702026367188,10.481877326965332,233760.91592407227,11445.164064407349
1120,92.68778228759766,10.234781265258789,233853.60370635986,11455.398845672607
1121,114.1695556640625,11.220993041992188,233967.77326202393,11466.6198387146
1122,71.9683837890625,10.555585861206055,234039.741645813,11477.175424575806
1123,102.83499908447266,10.483540534973145,234142.57664489746,11487.658965110779
1124,105.72644805908203,10.455917358398438,234248.30309295654,11498.114882469177
1125,107.30398559570312,10.613361358642578,234355.60707855225,11508.72824382782
1126,98.00013732910156,10.660504341125488,234453.60721588135,11519.388748168945
1127,105.93560791015625,10.844315528869629,234559.5428237915,11530.233063697815
1128,101.22430419921875,10.729264259338379,234660.76712799072,11540.962327957153
1129,92.78079986572266,10.3742094039917,234753.54792785645,11551.336537361145
1130,117.72501373291016,10.701855659484863,234871.27294158936,11562.03839302063
1131,89.01307678222656,10.687830924987793,234960.28601837158,11572.726223945618
1132,113.79537200927734,11.47028923034668,235074.08139038086,11584.196513175964
1133,99.5882568359375,10.593231201171875,235173.6696472168,11594.789744377136
1134,137.74273681640625,10.791702270507812,235311.4123840332,11605.581446647644
1135,79.62260437011719,9.98760986328125,235391.03498840332,11615.569056510925
1136,90.02981567382812,10.656022071838379,235481.06480407715,11626.225078582764
1137,132.54249572753906,10.537090301513672,235613.6072998047,11636.762168884277
1138,100.80899810791016,10.546954154968262,235714.4162979126,11647.309123039246
1139,75.41159057617188,10.089364051818848,235789.82788848877,11657.398487091064
1140,102.00666046142578,10.439876556396484,235891.8345489502,11667.838363647461
1141,115.38249969482422,10.2850923538208,236007.21704864502,11678.123456001282
1142,112.5499496459961,10.774402618408203,236119.76699829102,11688.89785861969
1143,105.86335754394531,10.870214462280273,236225.63035583496,11699.76807308197
1144,91.53996276855469,10.359293937683105,236317.17031860352,11710.127367019653
1145,138.3108673095703,10.946207046508789,236455.4811859131,11721.073574066162
1146,110.44190979003906,10.781767845153809,236565.92309570312,11731.855341911316
1147,100.04142761230469,10.239265441894531,236665.96452331543,11742.09460735321
1148,125.41671752929688,10.157363891601562,236791.38124084473,11752.251971244812
1149,147.57122802734375,9.864587783813477,236938.95246887207,11762.116559028625
1150,114.65213012695312,10.950325012207031,237053.60459899902,11773.066884040833
1151,149.26889038085938,10.795744895935059,237202.87348937988,11783.862628936768
1152,128.4805908203125,10.57164192199707,237331.3540802002,11794.434270858765
1153,113.13371276855469,10.803031921386719,237444.48779296875,11805.237302780151
1154,114.56884002685547,9.71890640258789,237559.0566329956,11814.95620918274
1155,76.72911071777344,10.084686279296875,237635.78574371338,11825.040895462036
1156,95.56281280517578,10.716672897338867,237731.34855651855,11835.757568359375
1157,66.7732925415039,10.375580787658691,237798.12184906006,11846.133149147034
1158,120.89501953125,10.426456451416016,237919.0168685913,11856.55960559845
1159,93.79651641845703,10.495984077453613,238012.81338500977,11867.055589675903
1160,133.3929443359375,10.560078620910645,238146.2063293457,11877.615668296814
1161,132.95396423339844,10.9675874710083,238279.1602935791,11888.583255767822
1162,105.72407531738281,10.976997375488281,238384.88436889648,11899.56025314331
1163,129.73065185546875,10.897708892822266,238514.61502075195,11910.457962036133
1164,89.74363708496094,10.784311294555664,238604.3586578369,11921.242273330688
1165,103.6094970703125,10.61915397644043,238707.96815490723,11931.861427307129
1166,106.10758972167969,10.718671798706055,238814.0757446289,11942.580099105835
1167,79.52743530273438,10.886878967285156,238893.60317993164,11953.46697807312
1168,97.0229263305664,10.76522445678711,238990.6261062622,11964.232202529907
1169,85.1904525756836,10.766292572021484,239075.8165588379,11974.998495101929
1170,98.18075561523438,10.714855194091797,239173.99731445312,11985.71335029602
1171,76.69691467285156,10.473257064819336,239250.69422912598,11996.18660736084
1172,138.1195068359375,10.608867645263672,239388.8137359619,12006.795475006104
1173,101.41934204101562,10.549622535705566,239490.23307800293,12017.345097541809
1174,85.65924072265625,10.421369552612305,239575.8923187256,12027.766467094421
1175,81.15364074707031,10.788508415222168,239657.04595947266,12038.554975509644
1176,84.41526794433594,10.642972946166992,239741.461227417,12049.19794845581
1177,107.32272338867188,10.801424026489258,239848.78395080566,12059.9993724823
1178,73.52296447753906,10.858345031738281,239922.3069152832,12070.857717514038
1179,86.11189270019531,10.403886795043945,240008.4188079834,12081.261604309082
1180,95.14459228515625,10.629987716674805,240103.56340026855,12091.891592025757
1181,111.6824951171875,11.201713562011719,240215.24589538574,12103.093305587769
1182,95.67518615722656,11.143885612487793,240310.92108154297,12114.237191200256
1183,101.4815444946289,10.420369148254395,240412.4026260376,12124.65756034851
1184,142.212646484375,10.784626960754395,240554.61527252197,12135.442187309265
1185,116.03114318847656,10.447035789489746,240670.64641571045,12145.889223098755
1186,107.9375,10.758540153503418,240778.58391571045,12156.647763252258
1187,110.66416931152344,10.72879695892334,240889.24808502197,12167.376560211182
1188,124.87770080566406,10.654511451721191,241014.12578582764,12178.031071662903
1189,115.40266418457031,10.896660804748535,241129.5284500122,12188.927732467651
1190,75.63406372070312,10.630054473876953,241205.1625137329,12199.557786941528
1191,55.3841667175293,10.447854995727539,241260.54668045044,12210.005641937256
1192,101.03619384765625,10.410272598266602,241361.5828742981,12220.415914535522
1193,94.69783020019531,10.191214561462402,241456.2807044983,12230.607129096985
1194,107.94535827636719,10.749086380004883,241564.22606277466,12241.35621547699
1195,107.75682067871094,11.24318790435791,241671.98288345337,12252.599403381348
1196,127.33037567138672,10.91390609741211,241799.31325912476,12263.51330947876
1197,126.15855407714844,10.401765823364258,241925.4718132019,12273.915075302124
1198,109.9371566772461,10.777175903320312,242035.40896987915,12284.692251205444
1199,118.60173797607422,10.436539649963379,242154.01070785522,12295.128790855408
1200,102.2147216796875,11.096879959106445,242256.2254295349,12306.225670814514
1201,112.05580139160156,11.10639476776123,242368.2812309265,12317.332065582275
1202,82.10685729980469,10.247577667236328,242450.38808822632,12327.579643249512
1203,111.69779968261719,10.52060604095459,242562.08588790894,12338.100249290466
1204,90.45069122314453,10.945441246032715,242652.53657913208,12349.045690536499
1205,96.99333190917969,10.642476081848145,242749.52991104126,12359.688166618347
1206,95.29318237304688,10.669210433959961,242844.8230934143,12370.357377052307
1207,101.27394104003906,10.528900146484375,242946.09703445435,12380.886277198792
1208,77.22030639648438,10.596891403198242,243023.31734085083,12391.48316860199
1209,84.23628234863281,10.738189697265625,243107.55362319946,12402.221358299255
1210,92.02513122558594,11.12036418914795,243199.57875442505,12413.341722488403
1211,101.5885238647461,10.558441162109375,243301.1672782898,12423.900163650513
1212,78.18803405761719,10.52548885345459,243379.3553123474,12434.425652503967
1213,122.0429916381836,10.98187255859375,243501.3983039856,12445.407525062561
1214,100.80266571044922,10.595888137817383,243602.20096969604,12456.003413200378
1215,112.33431243896484,10.542672157287598,243714.535282135,12466.546085357666
1216,132.4007568359375,10.88559627532959,243846.93603897095,12477.431681632996
1217,88.69062805175781,10.890413284301758,243935.6266670227,12488.322094917297
1218,79.89710998535156,10.458885192871094,244015.52377700806,12498.780980110168
1219,115.12759399414062,10.776121139526367,244130.6513710022,12509.557101249695
1220,99.91859436035156,10.325604438781738,244230.56996536255,12519.882705688477
1221,116.05650329589844,10.580554008483887,244346.62646865845,12530.46325969696
1222,120.0465316772461,11.121451377868652,244466.6730003357,12541.58471107483
1223,98.86524200439453,10.02943229675293,244565.5382423401,12551.614143371582
1224,111.5486831665039,10.744033813476562,244677.0869255066,12562.358177185059
1225,103.29515075683594,10.805928230285645,244780.38207626343,12573.164105415344
1226,113.37589263916016,10.809036254882812,244893.7579689026,12583.973141670227
1227,96.40298461914062,10.534980773925781,244990.16095352173,12594.508122444153
1228,87.71593475341797,10.500085830688477,245077.87688827515,12605.008208274841
1229,116.57965087890625,10.494952201843262,245194.45653915405,12615.503160476685
1230,112.30894470214844,10.88621997833252,245306.7654838562,12626.389380455017
1231,130.51077270507812,10.153953552246094,245437.27625656128,12636.543334007263
1232,81.90303039550781,10.892065048217773,245519.1792869568,12647.435399055481
1233,111.89213562011719,10.876628875732422,245631.0714225769,12658.312027931213
1234,116.58415985107422,10.403085708618164,245747.65558242798,12668.715113639832
1235,90.17325592041016,10.251724243164062,245837.8288383484,12678.966837882996
1236,68.79207611083984,10.908296585083008,245906.62091445923,12689.875134468079
1237,119.4263916015625,10.844877243041992,246026.0473060608,12700.72001171112
1238,109.64530944824219,10.780165672302246,246135.69261550903,12711.500177383423
1239,107.06110382080078,10.723777770996094,246242.75371932983,12722.223955154419
1240,104.2607421875,11.166854858398438,246347.01446151733,12733.390810012817
1241,97.79964447021484,10.603690147399902,246444.81410598755,12743.994500160217
1242,111.2853775024414,10.834184646606445,246556.09948349,12754.828684806824
1243,122.38420104980469,10.791574478149414,246678.4836845398,12765.620259284973
1244,124.03970336914062,10.760733604431152,246802.52338790894,12776.380992889404
1245,118.23372650146484,10.904645919799805,246920.7571144104,12787.285638809204
1246,99.24954223632812,10.617280960083008,247020.00665664673,12797.902919769287
1247,121.00379943847656,10.015828132629395,247141.0104560852,12807.918747901917
1248,106.52002716064453,10.044780731201172,247247.53048324585,12817.963528633118
1249,123.07215881347656,9.852592468261719,247370.60264205933,12827.81612110138
1250,88.27824401855469,10.83749771118164,247458.88088607788,12838.653618812561
1251,97.14157104492188,10.391800880432129,247556.0224571228,12849.045419692993
1252,78.42237854003906,10.790788650512695,247634.44483566284,12859.836208343506
1253,56.65288543701172,10.420963287353516,247691.09772109985,12870.25717163086
1254,108.77265930175781,10.673243522644043,247799.8703804016,12880.930415153503
1255,109.53875732421875,10.799283981323242,247909.40913772583,12891.729699134827
1256,92.01760864257812,10.82813549041748,248001.4267463684,12902.557834625244
1257,96.67552185058594,10.452279090881348,248098.102268219,12913.010113716125
1258,91.83653259277344,11.0635986328125,248189.93880081177,12924.073712348938
1259,115.63533020019531,11.09061336517334,248305.57413101196,12935.164325714111
1260,97.86734771728516,10.326591491699219,248403.44147872925,12945.49091720581
1261,98.78608703613281,10.887375831604004,248502.22756576538,12956.378293037415
1262,99.7862548828125,10.537641525268555,248602.0138206482,12966.915934562683
1263,119.228759765625,10.508914947509766,248721.24258041382,12977.424849510193
1264,80.9900131225586,10.672118186950684,248802.23259353638,12988.096967697144
1265,129.93301391601562,10.906180381774902,248932.1656074524,12999.003148078918
1266,96.79183959960938,10.508326530456543,249028.957447052,13009.511474609375
1267,92.85209655761719,10.543522834777832,249121.80954360962,13020.054997444153
1268,109.56802368164062,10.56702709197998,249231.37756729126,13030.622024536133
1269,72.12901306152344,10.501727104187012,249303.50658035278,13041.12375164032
1270,102.2186050415039,10.835430145263672,249405.7251853943,13051.959181785583
1271,109.90072631835938,10.63271427154541,249515.62591171265,13062.591896057129
1272,89.95454406738281,10.543733596801758,249605.58045578003,13073.13562965393
1273,105.8305435180664,10.766119956970215,249711.4109992981,13083.9017496109
1274,98.2995376586914,10.715160369873047,249809.7105369568,13094.616909980774
1275,94.58660888671875,10.468889236450195,249904.2971458435,13105.085799217224
1276,102.98851013183594,10.44336986541748,250007.28565597534,13115.529169082642
1277,83.80818176269531,10.872495651245117,250091.09383773804,13126.401664733887
1278,91.25556945800781,10.640915870666504,250182.34940719604,13137.042580604553
1279,86.60957336425781,10.274343490600586,250268.9589805603,13147.316924095154
1280,77.90159606933594,10.852310180664062,250346.86057662964,13158.169234275818
1281,72.55661010742188,10.586357116699219,250419.41718673706,13168.755591392517
1282,110.18284606933594,10.782815933227539,250529.6000328064,13179.538407325745
1283,85.28091430664062,10.529494285583496,250614.88094711304,13190.067901611328
1284,98.94585418701172,10.601082801818848,250713.82680130005,13200.668984413147
1285,98.19683837890625,10.59338092803955,250812.02363967896,13211.262365341187
1286,101.35768127441406,10.714767456054688,250913.38132095337,13221.977132797241
1287,84.56441497802734,10.78901195526123,250997.9457359314,13232.766144752502
1288,36.8075065612793,10.67456340789795,251034.75324249268,13243.4407081604
1289,89.92306518554688,10.087124824523926,251124.67630767822,13253.527832984924
1290,83.27235412597656,10.780145645141602,251207.9486618042,13264.307978630066
1291,114.25437927246094,10.794279098510742,251322.20304107666,13275.102257728577
1292,84.59095764160156,10.719195365905762,251406.79399871826,13285.821453094482
1293,58.576690673828125,10.58536434173584,251465.3706893921,13296.406817436218
1294,70.18214416503906,10.509915351867676,251535.55283355713,13306.916732788086
1295,64.3385009765625,10.800353050231934,251599.8913345337,13317.717085838318
1296,112.28953552246094,10.534096717834473,251712.18087005615,13328.251182556152
1297,73.65045166015625,10.562689781188965,251785.8313217163,13338.813872337341
1298,96.67715454101562,10.98562240600586,251882.50847625732,13349.799494743347
1299,102.91256713867188,10.710872650146484,251985.421043396,13360.510367393494
1300,100.7135009765625,10.783137321472168,252086.13454437256,13371.293504714966
1301,84.91622924804688,10.665728569030762,252171.0507736206,13381.959233283997
1302,122.619140625,10.963850975036621,252293.6699142456,13392.923084259033
1303,60.659149169921875,10.306268692016602,252354.32906341553,13403.22935295105
1304,111.2920913696289,10.755289077758789,252465.62115478516,13413.984642028809
1305,115.02982330322266,10.582008361816406,252580.65097808838,13424.566650390625
1306,97.05502319335938,10.697030067443848,252677.70600128174,13435.263680458069
1307,77.35926818847656,10.082925796508789,252755.06526947021,13445.346606254578
1308,122.42367553710938,10.65996265411377,252877.48894500732,13456.006568908691
1309,91.96083068847656,10.728670120239258,252969.4497756958,13466.73523902893
1310,96.56442260742188,10.526253700256348,253066.01419830322,13477.261492729187
1311,76.24491882324219,10.654870986938477,253142.25911712646,13487.916363716125
1312,104.61732482910156,11.056407928466797,253246.87644195557,13498.972771644592
1313,149.00650024414062,11.218791961669922,253395.8829421997,13510.191563606262
1314,90.76048278808594,10.705970764160156,253486.6434249878,13520.897534370422
1315,87.28643798828125,10.388226509094238,253573.92986297607,13531.285760879517
1316,95.68099975585938,10.958831787109375,253669.61086273193,13542.244592666626
1317,77.57960510253906,10.801318168640137,253747.19046783447,13553.045910835266
1318,75.38867950439453,10.491584777832031,253822.57914733887,13563.537495613098
1319,96.74732208251953,10.171993255615234,253919.3264694214,13573.709488868713
1320,92.65011596679688,10.849431991577148,254011.97658538818,13584.55892086029
1321,93.509033203125,10.612642288208008,254105.4856185913,13595.171563148499
1322,96.11502838134766,10.191988945007324,254201.60064697266,13605.363552093506
1323,109.26689910888672,10.555865287780762,254310.86754608154,13615.919417381287
1324,101.65576934814453,10.508429527282715,254412.5233154297,13626.42784690857
1325,109.5073013305664,11.06402587890625,254522.03061676025,13637.491872787476
1326,81.52934265136719,10.496149063110352,254603.55995941162,13647.988021850586
1327,109.70285034179688,10.706119537353516,254713.26280975342,13658.69414138794
1328,64.13734436035156,10.263500213623047,254777.40015411377,13668.957641601562
1329,79.90947723388672,10.869277954101562,254857.30963134766,13679.826919555664
1330,122.26670837402344,10.599454879760742,254979.57633972168,13690.426374435425
1331,100.28950500488281,10.77147102355957,255079.86584472656,13701.197845458984
1332,94.82318115234375,10.716469764709473,255174.6890258789,13711.914315223694
1333,92.19198608398438,11.12086296081543,255266.8810119629,13723.03517818451
1334,84.21111297607422,10.667464256286621,255351.09212493896,13733.702642440796
1335,95.1194076538086,10.329843521118164,255446.21153259277,13744.032485961914
1336,127.35012817382812,10.916154861450195,255573.5616607666,13754.948640823364
1337,90.7984848022461,10.439847946166992,255664.36014556885,13765.388488769531
1338,100.5753173828125,10.88839340209961,255764.93546295166,13776.27688217163
1339,88.9630355834961,10.457945823669434,255853.89849853516,13786.7348279953
1340,105.443115234375,10.988558769226074,255959.34161376953,13797.723386764526
1341,93.67282104492188,10.772298812866211,256053.01443481445,13808.495685577393
1342,102.35086059570312,10.323183059692383,256155.36529541016,13818.818868637085
1343,84.37017822265625,10.510984420776367,256239.7354736328,13829.329853057861
1344,112.521484375,10.906874656677246,256352.2569580078,13840.236727714539
1345,113.68656921386719,10.57823657989502,256465.94352722168,13850.814964294434
1346,117.43058013916016,11.013727188110352,256583.37410736084,13861.828691482544
1347,99.34518432617188,10.79598617553711,256682.719291687,13872.624677658081
1348,77.02401733398438,11.042191505432129,256759.743309021,13883.666869163513
1349,78.21338653564453,10.841585159301758,256837.95669555664,13894.508454322815
1350,84.23490142822266,10.278003692626953,256922.19159698486,13904.786458015442
1351,101.2625732421875,10.44527816772461,257023.45417022705,13915.231736183167
1352,112.51690673828125,10.718693733215332,257135.97107696533,13925.950429916382
1353,92.03380584716797,10.057206153869629,257228.0048828125,13936.007636070251
1354,81.91143798828125,10.041940689086914,257309.91632080078,13946.049576759338
1355,108.35282897949219,10.819278717041016,257418.26914978027,13956.86885547638
1356,76.66154479980469,10.41734790802002,257494.93069458008,13967.2862033844
1357,62.944801330566406,10.316398620605469,257557.87549591064,13977.602602005005
1358,92.01187896728516,10.609010696411133,257649.88737487793,13988.211612701416
1359,71.61762237548828,10.880680084228516,257721.50499725342,13999.092292785645
1360,99.54316711425781,11.001498222351074,257821.04816436768,14010.093791007996
1361,79.24095153808594,11.035208702087402,257900.28911590576,14021.128999710083
1362,100.77473449707031,11.100521087646484,258001.06385040283,14032.22952079773
1363,84.04275512695312,10.92066478729248,258085.10660552979,14043.150185585022
1364,108.27704620361328,10.746247291564941,258193.3836517334,14053.896432876587
1365,105.02395629882812,10.726874351501465,258298.40760803223,14064.623307228088
1366,89.38124084472656,10.966045379638672,258387.78884887695,14075.589352607727
1367,77.44125366210938,10.566800117492676,258465.23010253906,14086.15615272522
1368,82.25849151611328,10.353808403015137,258547.48859405518,14096.509961128235
1369,130.5382080078125,10.307584762573242,258678.026802063,14106.817545890808
1370,113.23897552490234,11.035361289978027,258791.2657775879,14117.852907180786
1371,95.68135070800781,10.432401657104492,258886.9471282959,14128.28530883789
1372,112.98138427734375,10.46912670135498,258999.92851257324,14138.754435539246
1373,117.27659606933594,10.190447807312012,259117.20510864258,14148.944883346558
1374,97.6639404296875,10.896995544433594,259214.86904907227,14159.841878890991
1375,92.96110534667969,10.694364547729492,259307.83015441895,14170.53624343872
1376,108.1894302368164,10.78972053527832,259416.01958465576,14181.325963973999
1377,90.88684844970703,10.555815696716309,259506.90643310547,14191.881779670715
1378,104.78982543945312,11.052677154541016,259611.69625854492,14202.934456825256
1379,100.87503814697266,10.98720645904541,259712.5712966919,14213.921663284302
1380,105.07276916503906,10.549276351928711,259817.64406585693,14224.47093963623
1381,60.170963287353516,10.5294771194458,259877.8150291443,14235.000416755676
1382,65.11604309082031,10.291117668151855,259942.9310722351,14245.291534423828
1383,99.54608154296875,10.354985237121582,260042.47715377808,14255.64651966095
1384,59.589500427246094,10.53858757019043,260102.06665420532,14266.18510723114
1385,104.78563690185547,10.563590049743652,260206.85229110718,14276.748697280884
1386,95.50800323486328,10.59459114074707,260302.36029434204,14287.34328842163
1387,71.24555206298828,10.44598388671875,260373.60584640503,14297.78927230835
1388,82.21436309814453,10.787005424499512,260455.82020950317,14308.57627773285
1389,90.72166442871094,11.263005256652832,260546.54187393188,14319.839282989502
1390,112.03543090820312,10.570494651794434,260658.5773048401,14330.409777641296
1391,104.13334655761719,10.328348159790039,260762.7106513977,14340.738125801086
1392,98.1924819946289,10.627634048461914,260860.90313339233,14351.365759849548
1393,86.40480041503906,10.804274559020996,260947.30793380737,14362.17003440857
1394,110.43270874023438,10.806962013244629,261057.7406425476,14372.976996421814
1395,67.48646545410156,10.613370895385742,261125.2271080017,14383.5903673172
1396,105.81095123291016,11.201622009277344,261231.03805923462,14394.791989326477
1397,65.5245361328125,10.90521240234375,261296.56259536743,14405.69720172882
1398,70.47295379638672,11.227527618408203,261367.03554916382,14416.924729347229
1399,101.62623596191406,10.542024612426758,261468.66178512573,14427.466753959656
1400,97.51055908203125,10.681075096130371,261566.17234420776,14438.147829055786
1401,74.3357925415039,10.507972717285156,261640.50813674927,14448.655801773071
1402,96.50613403320312,10.578117370605469,261737.01427078247,14459.233919143677
1403,96.6845932006836,10.408198356628418,261833.69886398315,14469.642117500305
1404,77.97642517089844,10.569781303405762,261911.67528915405,14480.211898803711
1405,101.8177719116211,10.674901962280273,262013.49306106567,14490.886800765991
1406,57.151554107666016,10.591753959655762,262070.64461517334,14501.478554725647
1407,113.97997283935547,10.630864143371582,262184.6245880127,14512.109418869019
1408,97.42129516601562,10.825159072875977,262282.0458831787,14522.934577941895
1409,114.78422546386719,10.460029602050781,262396.8301086426,14533.394607543945
1410,89.70155334472656,10.961787223815918,262486.5316619873,14544.356394767761
1411,103.89448547363281,10.184690475463867,262590.42614746094,14554.541085243225
1412,100.26603698730469,10.701207160949707,262690.69218444824,14565.242292404175
1413,85.05137634277344,10.460015296936035,262775.743560791,14575.70230770111
1414,101.08184051513672,10.364797592163086,262876.82540130615,14586.067105293274
1415,91.71192932128906,10.760163307189941,262968.53733062744,14596.827268600464
1416,66.53208923339844,10.231926918029785,263035.06941986084,14607.059195518494
1417,52.40034866333008,10.557098388671875,263087.46976852417,14617.616293907166
1418,93.70523834228516,10.906538009643555,263181.17500686646,14628.522831916809
1419,80.04011535644531,10.61080551147461,263261.2151222229,14639.133637428284
1420,70.43133544921875,10.6581449508667,263331.6464576721,14649.79178237915
1421,91.59886169433594,10.591166496276855,263423.24531936646,14660.382948875427
1422,74.50399780273438,10.484460830688477,263497.7493171692,14670.867409706116
1423,101.22688293457031,10.33474063873291,263598.97620010376,14681.202150344849
1424,126.07833862304688,11.072945594787598,263725.0545387268,14692.275095939636
1425,105.96549987792969,10.960087776184082,263831.02003860474,14703.23518371582
1426,81.45152282714844,10.901557922363281,263912.4715614319,14714.136741638184
1427,99.00101470947266,10.684464454650879,264011.47257614136,14724.821206092834
1428,51.373382568359375,10.317020416259766,264062.8459587097,14735.138226509094
1429,103.23490905761719,10.420010566711426,264166.08086776733,14745.558237075806
1430,86.41925048828125,10.700475692749023,264252.5001182556,14756.258712768555
1431,114.90116882324219,10.837912559509277,264367.40128707886,14767.096625328064
1432,117.14492797851562,10.734301567077637,264484.5462150574,14777.830926895142
1433,81.33110046386719,10.792147636413574,264565.87731552124,14788.623074531555
1434,62.51062774658203,10.852481842041016,264628.3879432678,14799.475556373596
1435,79.9556884765625,11.208534240722656,264708.3436317444,14810.684090614319
1436,82.83187866210938,10.949458122253418,264791.1755104065,14821.633548736572
1437,99.98658752441406,10.70394515991211,264891.1620979309,14832.337493896484
1438,92.033935546875,10.250052452087402,264983.1960334778,14842.587546348572
1439,106.21983337402344,10.694903373718262,265089.4158668518,14853.28244972229
1440,94.74545288085938,10.705148696899414,265184.16131973267,14863.98759841919
1441,60.83565139770508,10.302644729614258,265244.9969711304,14874.290243148804
1442,106.77516174316406,9.98486328125,265351.77213287354,14884.275106430054
1443,79.29888916015625,10.195703506469727,265431.0710220337,14894.470809936523
1444,130.6188507080078,10.64179515838623,265561.6898727417,14905.11260509491
1445,95.84669494628906,10.855297088623047,265657.536567688,14915.967902183533
1446,103.50941467285156,10.82535457611084,265761.04598236084,14926.793256759644
1447,79.06181335449219,10.67459774017334,265840.10779571533,14937.467854499817
1448,83.08718872070312,10.27657413482666,265923.19498443604,14947.744428634644
1449,72.80934143066406,10.37346076965332,265996.0043258667,14958.117889404297
1450,84.77474975585938,10.629121780395508,266080.77907562256,14968.747011184692
1451,105.94465637207031,10.831028938293457,266186.7237319946,14979.578040122986
1452,90.23861694335938,11.091669082641602,266276.962348938,14990.669709205627
1453,80.58341217041016,10.130127906799316,266357.5457611084,15000.799837112427
1454,103.78892517089844,10.819802284240723,266461.3346862793,15011.619639396667
1455,99.994873046875,10.601960182189941,266561.3295593262,15022.221599578857
1456,80.72760009765625,10.44846248626709,266642.0571594238,15032.670062065125
1457,136.81466674804688,10.484904289245605,266778.8718261719,15043.15496635437
1458,92.11642456054688,10.690553665161133,266870.9882507324,15053.845520019531
1459,76.5009536743164,10.680702209472656,266947.48920440674,15064.526222229004
1460,104.1832275390625,10.701482772827148,267051.6724319458,15075.227705001831
1461,92.14926147460938,11.425309181213379,267143.8216934204,15086.653014183044
1462,85.89834594726562,10.770346641540527,267229.7200393677,15097.423360824585
1463,105.62376403808594,11.131004333496094,267335.34380340576,15108.554365158081
1464,101.35606384277344,10.84399700164795,267436.69986724854,15119.398362159729
1465,89.15448760986328,10.873865127563477,267525.8543548584,15130.272227287292
1466,88.39993286132812,10.809417724609375,267614.2542877197,15141.081645011902
1467,86.33248901367188,10.765239715576172,267700.5867767334,15151.846884727478
1468,80.51609802246094,10.231386184692383,267781.10287475586,15162.07827091217
1469,112.50492858886719,11.364816665649414,267893.6078033447,15173.44308757782
1470,105.2425537109375,10.63383674621582,267998.85035705566,15184.076924324036
1471,99.14471435546875,11.23003101348877,268097.99507141113,15195.306955337524
1472,117.7734603881836,11.443195343017578,268215.7685317993,15206.750150680542
1473,89.92527770996094,10.26974868774414,268305.6938095093,15217.019899368286
1474,109.45331573486328,10.787232398986816,268415.14712524414,15227.807131767273
1475,84.93121337890625,10.649066925048828,268500.07833862305,15238.456198692322
1476,90.49417114257812,10.826764106750488,268590.5725097656,15249.282962799072
1477,103.77500915527344,10.254338264465332,268694.3475189209,15259.537301063538
1478,84.30912780761719,9.867204666137695,268778.6566467285,15269.404505729675
1479,101.27728271484375,10.4607572555542,268879.93392944336,15279.86526298523
1480,85.37057495117188,10.86999225616455,268965.30450439453,15290.735255241394
1481,116.77665710449219,11.00818920135498,269082.081161499,15301.743444442749
1482,112.88591766357422,10.989105224609375,269194.9670791626,15312.732549667358
1483,107.8258056640625,10.807347297668457,269302.79288482666,15323.539896965027
1484,104.61549377441406,10.493881225585938,269407.4083786011,15334.033778190613
1485,102.76094818115234,10.97523307800293,269510.1693267822,15345.009011268616
1486,107.6763687133789,10.114571571350098,269617.8456954956,15355.123582839966
1487,75.1332778930664,10.998016357421875,269692.9789733887,15366.121599197388
1488,98.18550109863281,10.878445625305176,269791.1644744873,15377.000044822693
1489,78.09963989257812,10.851792335510254,269869.2641143799,15387.851837158203
1490,101.53501892089844,11.043787002563477,269970.7991333008,15398.895624160767
1491,78.70997619628906,10.45755386352539,270049.50910949707,15409.353178024292
1492,75.30181884765625,10.776710510253906,270124.8109283447,15420.129888534546
1493,93.61034393310547,11.18908405303955,270218.42127227783,15431.318972587585
1494,93.29561614990234,11.087793350219727,270311.71688842773,15442.406765937805
1495,82.26840209960938,10.358633041381836,270393.98529052734,15452.765398979187
1496,84.60931396484375,10.928590774536133,270478.5946044922,15463.693989753723
1497,73.88569641113281,10.503691673278809,270552.4803009033,15474.197681427002
1498,67.47404479980469,10.51121997833252,270619.9543457031,15484.708901405334
1499,93.34512329101562,10.938675880432129,270713.29946899414,15495.647577285767
1500,77.11274719238281,10.23099422454834,270790.4122161865,15505.878571510315
1501,79.43437194824219,10.537971496582031,270869.84658813477,15516.416543006897
1502,90.1973876953125,10.48923397064209,270960.0439758301,15526.905776977539
1503,123.69137573242188,11.335704803466797,271083.7353515625,15538.241481781006
1504,73.72628784179688,10.597466468811035,271157.4616394043,15548.838948249817
1505,104.79537963867188,10.95242691040039,271262.25701904297,15559.791375160217
1506,85.82872009277344,10.57606315612793,271348.08573913574,15570.367438316345
1507,113.47584533691406,10.626405715942383,271461.56158447266,15580.993844032288
1508,115.84071350097656,10.925715446472168,271577.40229797363,15591.91955947876
1509,96.46165466308594,10.714407920837402,271673.8639526367,15602.633967399597
1510,88.85748291015625,10.884822845458984,271762.7214355469,15613.518790245056
1511,93.27105712890625,10.617108345031738,271855.9924926758,15624.135898590088
1512,86.70361328125,10.339898109436035,271942.69610595703,15634.475796699524
1513,55.468833923339844,10.394390106201172,271998.1649398804,15644.870186805725
1514,116.87347412109375,10.707086563110352,272115.03841400146,15655.577273368835
1515,90.46106719970703,9.903871536254883,272205.4994812012,15665.48114490509
1516,97.79893493652344,10.545940399169922,272303.2984161377,15676.02708530426
1517,84.82567596435547,10.695528030395508,272388.12409210205,15686.722613334656
1518,85.33187866210938,10.632987022399902,272473.45597076416,15697.355600357056
1519,58.83747863769531,11.041285514831543,272532.29344940186,15708.396885871887
1520,111.7637939453125,10.926726341247559,272644.05724334717,15719.323612213135
1521,89.5433349609375,10.722845077514648,272733.6005783081,15730.04645729065
1522,93.17619323730469,10.635300636291504,272826.7767715454,15740.681757926941
1523,100.53511047363281,11.068242073059082,272927.31188201904,15751.75
1524,99.43305969238281,10.527042388916016,273026.7449417114,15762.277042388916
1525,63.18674087524414,10.55983829498291,273089.93168258667,15772.836880683899
1526,89.1528549194336,11.161388397216797,273179.0845375061,15783.998269081116
1527,110.05165100097656,10.761629104614258,273289.1361885071,15794.75989818573
1528,83.94867706298828,10.865415573120117,273373.08486557007,15805.62531375885
1529,58.99766540527344,10.0859375,273432.08253097534,15815.71125125885
1530,106.07601928710938,10.469313621520996,273538.15855026245,15826.180564880371
1531,64.05252838134766,10.772374153137207,273602.2110786438,15836.952939033508
1532,60.735260009765625,10.31849479675293,273662.94633865356,15847.271433830261
1533,44.42604064941406,10.45860481262207,273707.372379303,15857.730038642883
1534,103.93148803710938,10.937605857849121,273811.3038673401,15868.667644500732
1535,63.2158088684082,10.610713005065918,273874.5196762085,15879.278357505798
1536,84.79714965820312,10.620217323303223,273959.3168258667,15889.898574829102
1537,60.80085372924805,10.242172241210938,274020.11767959595,15900.140747070312
1538,82.11341094970703,10.713172912597656,274102.23109054565,15910.85391998291
1539,69.56827545166016,10.028736114501953,274171.7993659973,15920.882656097412
1540,108.31553649902344,10.350603103637695,274280.11490249634,15931.23325920105
1541,87.09843444824219,10.826666831970215,274367.2133369446,15942.05992603302
1542,90.13330078125,10.664173126220703,274457.34663772583,15952.72409915924
1543,57.29668426513672,10.63286304473877,274514.64332199097,15963.35696220398
1544,98.06649780273438,10.782024383544922,274612.7098197937,15974.138986587524
1545,87.53260803222656,10.780280113220215,274700.2424278259,15984.919266700745
1546,111.88053894042969,10.537287712097168,274812.12296676636,15995.456554412842
1547,91.95858001708984,10.763762474060059,274904.08154678345,16006.220316886902
1548,87.18812561035156,10.827706336975098,274991.2696723938,16017.048023223877
1549,78.76679992675781,10.478647232055664,275070.03647232056,16027.526670455933
1550,76.08283233642578,10.675589561462402,275146.119304657,16038.202260017395
1551,95.42021179199219,10.897661209106445,275241.539516449,16049.099921226501
1552,103.82371520996094,11.025214195251465,275345.36323165894,16060.125135421753
1553,83.38567352294922,10.54487133026123,275428.7489051819,16070.670006752014
1554,78.51307678222656,10.677099227905273,275507.2619819641,16081.34710597992
1555,85.36605834960938,10.483906745910645,275592.6280403137,16091.83101272583
1556,61.761009216308594,10.513975143432617,275654.38904953003,16102.344987869263
1557,82.69359588623047,10.341734886169434,275737.08264541626,16112.686722755432
1558,94.44341278076172,10.577463150024414,275831.526058197,16123.264185905457
1559,86.40974426269531,11.416749000549316,275917.9358024597,16134.680934906006
1560,102.45907592773438,10.733692169189453,276020.39487838745,16145.414627075195
1561,88.80149841308594,10.725994110107422,276109.19637680054,16156.140621185303
1562,93.97012329101562,10.84623908996582,276203.16650009155,16166.986860275269
1563,63.98303985595703,10.69032096862793,276267.1495399475,16177.677181243896
1564,110.09200286865234,11.31612491607666,276377.24154281616,16188.993306159973
1565,94.09698486328125,10.740488052368164,276471.33852767944,16199.733794212341
1566,82.92925262451172,10.65550422668457,276554.26778030396,16210.389298439026
1567,82.52713775634766,10.80704402923584,276636.7949180603,16221.196342468262
1568,107.02330017089844,10.650854110717773,276743.8182182312,16231.84719657898
1569,84.40928649902344,10.75230884552002,276828.2275047302,16242.5995054245
1570,110.29053497314453,10.802865028381348,276938.51803970337,16253.40237045288
1571,113.49878692626953,10.686251640319824,277052.01682662964,16264.0886220932
1572,82.96519470214844,10.630270004272461,277134.9820213318,16274.718892097473
1573,68.4923095703125,10.628419876098633,277203.4743309021,16285.347311973572
1574,98.88629150390625,10.941407203674316,277302.360622406,16296.288719177246
1575,51.54607391357422,10.311644554138184,277353.9066963196,16306.600363731384
1576,90.79813385009766,10.522529602050781,277444.7048301697,16317.122893333435
1577,86.74433898925781,10.717175483703613,277531.44916915894,16327.840068817139
1578,103.95443725585938,10.72861385345459,277635.4036064148,16338.568682670593
1579,84.348876953125,10.754446029663086,277719.7524833679,16349.323128700256
1580,106.08940887451172,10.650273323059082,277825.84189224243,16359.973402023315
1581,66.36428833007812,10.241029739379883,277892.2061805725,16370.214431762695
1582,81.6751480102539,10.574772834777832,277973.88132858276,16380.789204597473
1583,92.67268371582031,10.829906463623047,278066.5540122986,16391.619111061096
1584,85.29740905761719,10.083656311035156,278151.8514213562,16401.70276737213
1585,94.78813171386719,10.69089412689209,278246.63955307007,16412.393661499023
1586,52.424278259277344,10.774030685424805,278299.06383132935,16423.16769218445
1587,86.59321594238281,10.8927640914917,278385.6570472717,16434.06045627594
1588,88.61439514160156,10.999571800231934,278474.27144241333,16445.060028076172
1589,113.75894165039062,10.596534729003906,278588.0303840637,16455.656562805176
1590,85.44758605957031,11.080639839172363,278673.4779701233,16466.737202644348
1591,63.52061462402344,10.667919158935547,278736.9985847473,16477.405121803284
1592,121.38237762451172,11.132903099060059,278858.3809623718,16488.538024902344
1593,103.47840881347656,9.907699584960938,278961.8593711853,16498.445724487305
1594,70.181884765625,10.278912544250488,279032.0412559509,16508.724637031555
1595,92.11520385742188,10.39229679107666,279124.15645980835,16519.116933822632
1596,116.34141540527344,11.185437202453613,279240.4978752136,16530.302371025085
1597,92.85580444335938,10.066895484924316,279333.353679657,16540.36926651001
1598,85.89846801757812,10.558865547180176,279419.25214767456,16550.92813205719
1599,118.0467529296875,10.730734825134277,279537.29890060425,16561.658866882324
1600,104.97840118408203,10.997303009033203,279642.27730178833,16572.656169891357
1601,70.10249328613281,10.539599418640137,279712.37979507446,16583.195769309998
1602,76.93310546875,11.165761947631836,279789.3129005432,16594.36153125763
1603,107.80863952636719,11.258575439453125,279897.1215400696,16605.620106697083
1604,75.91333770751953,11.23498249053955,279973.0348777771,16616.855089187622
1605,107.16749572753906,10.702617645263672,280080.20237350464,16627.557706832886
1606,99.11428833007812,11.07144546508789,280179.3166618347,16638.629152297974
1607,97.44735717773438,10.722062110900879,280276.76401901245,16649.351214408875
1608,104.70907592773438,10.856073379516602,280381.4730949402,16660.20728778839
1609,64.39387512207031,10.861258506774902,280445.86697006226,16671.068546295166
1610,101.69000244140625,10.670892715454102,280547.55697250366,16681.73943901062
1611,73.42095184326172,10.313088417053223,280620.9779243469,16692.052527427673
1612,70.09712982177734,10.365279197692871,280691.0750541687,16702.417806625366
1613,68.65579223632812,11.003755569458008,280759.73084640503,16713.421562194824
1614,71.82630920410156,10.913575172424316,280831.55715560913,16724.33513736725
1615,71.7303695678711,10.908117294311523,280903.287525177,16735.24325466156
1616,103.44746398925781,10.854752540588379,281006.73498916626,16746.09800720215
1617,73.0562515258789,10.757046699523926,281079.79124069214,16756.855053901672
1618,75.21833038330078,10.678977966308594,281155.00957107544,16767.53403186798
1619,88.15100860595703,10.562747955322266,281243.1605796814,16778.096779823303
1620,78.51065826416016,10.67193603515625,281321.67123794556,16788.76871585846
1621,68.925048828125,10.522117614746094,281390.5962867737,16799.290833473206
1622,95.24174499511719,10.249980926513672,281485.8380317688,16809.54081439972
1623,101.93024444580078,10.94219970703125,281587.7682762146,16820.48301410675
1624,85.02705383300781,11.167376518249512,281672.7953300476,16831.650390625
1625,80.79655456542969,10.497632026672363,281753.59188461304,16842.148022651672
1626,116.81431579589844,9.889513969421387,281870.40620040894,16852.037536621094
1627,78.71047973632812,10.91628360748291,281949.11668014526,16862.953820228577
1628,68.60964965820312,10.54102897644043,282017.72632980347,16873.494849205017
1629,70.3701171875,11.014062881469727,282088.09644699097,16884.508912086487
1630,91.36260223388672,10.654522895812988,282179.45904922485,16895.1634349823
1631,61.47486114501953,10.853719711303711,282240.9339103699,16906.017154693604
1632,80.36456298828125,10.649679183959961,282321.29847335815,16916.666833877563
1633,80.42889404296875,10.564737319946289,282401.7273674011,16927.23157119751
1634,94.26262664794922,10.76433277130127,282495.9899940491,16937.99590396881
1635,86.66150665283203,10.558173179626465,282582.6515007019,16948.554077148438
1636,86.41303253173828,10.546210289001465,282669.06453323364,16959.10028743744
1637,48.91106033325195,10.160099029541016,282717.9755935669,16969.26038646698
1638,63.58762741088867,11.023066520690918,282781.5632209778,16980.28345298767
1639,74.35031127929688,10.898506164550781,282855.9135322571,16991.18195915222
1640,61.218780517578125,10.117146492004395,282917.13231277466,17001.299105644226
1641,90.59978485107422,10.934151649475098,283007.73209762573,17012.2332572937
1642,103.40728759765625,10.881192207336426,283111.1393852234,17023.114449501038
1643,66.4209976196289,10.508384704589844,283177.560382843,17033.622834205627
1644,75.00895690917969,10.783178329467773,283252.5693397522,17044.406012535095
1645,86.03579711914062,10.657173156738281,283338.60513687134,17055.063185691833
1646,87.86827087402344,10.800460815429688,283426.47340774536,17065.863646507263
1647,84.24006652832031,10.538799285888672,283510.7134742737,17076.402445793152
1648,63.99411392211914,10.522972106933594,283574.7075881958,17086.925417900085
1649,102.00508117675781,10.855443954467773,283676.71266937256,17097.780861854553
1650,83.31616973876953,10.738655090332031,283760.0288391113,17108.519516944885
1651,77.66744995117188,10.714305877685547,283837.6962890625,17119.23382282257
1652,88.86320495605469,10.592392921447754,283926.55949401855,17129.82621574402
1653,96.54126739501953,10.979957580566406,284023.1007614136,17140.806173324585
1654,106.72879028320312,10.816595077514648,284129.8295516968,17151.6227684021
1655,63.18503952026367,10.625395774841309,284193.01459121704,17162.24816417694
1656,56.66577911376953,10.818199157714844,284249.6803703308,17173.066363334656
1657,91.56925201416016,10.829877853393555,284341.24962234497,17183.89624118805
1658,80.21060943603516,10.98060131072998,284421.460231781,17194.87684249878
1659,69.16162109375,10.86352825164795,284490.62185287476,17205.740370750427
1660,72.44115447998047,10.798894882202148,284563.06300735474,17216.53926563263
1661,72.45219421386719,10.39393138885498,284635.5152015686,17226.933197021484
1662,79.71434020996094,10.452896118164062,284715.22954177856,17237.38609313965
1663,118.7210693359375,10.81441879272461,284833.9506111145,17248.200511932373
1664,104.8757553100586,11.083467483520508,284938.82636642456,17259.283979415894
1665,83.55812072753906,11.218887329101562,285022.3844871521,17270.502866744995
1666,103.23200988769531,11.220328330993652,285125.6164970398,17281.72319507599
1667,85.49560546875,11.07529354095459,285211.11210250854,17292.798488616943
1668,61.17728805541992,10.659833908081055,285272.28939056396,17303.458322525024
1669,83.05271911621094,10.341401100158691,285355.3421096802,17313.799723625183
1670,96.9510726928711,10.703388214111328,285452.29318237305,17324.503111839294
1671,72.91998291015625,10.420278549194336,285525.2131652832,17334.92339038849
1672,100.63673400878906,10.764892578125,285625.849899292,17345.688282966614
1673,79.33561706542969,10.843722343444824,285705.1855163574,17356.53200531006
1674,84.93299102783203,10.734060287475586,285790.11850738525,17367.266065597534
1675,85.42874145507812,10.767010688781738,285875.54724884033,17378.033076286316
1676,67.5084228515625,10.66797924041748,285943.0556716919,17388.701055526733
1677,82.88975524902344,10.575739860534668,286025.9454269409,17399.276795387268
1678,53.918556213378906,10.295134544372559,286079.8639831543,17409.57192993164
1679,76.875732421875,10.692953109741211,286156.7397155762,17420.264883041382
1680,66.50584411621094,10.631668090820312,286223.2455596924,17430.896551132202
1681,77.65925598144531,10.79269790649414,286300.9048156738,17441.689249038696
1682,100.59083557128906,11.03878402709961,286401.4956512451,17452.728033065796
1683,91.29280090332031,10.945799827575684,286492.78845214844,17463.67383289337
1684,82.13238525390625,10.784392356872559,286574.92083740234,17474.458225250244
1685,122.14628601074219,11.064666748046875,286697.0671234131,17485.52289199829
1686,114.10321044921875,9.99994945526123,286811.1703338623,17495.522841453552
1687,64.8493423461914,10.416728019714355,286876.0196762085,17505.939569473267
1688,63.64927673339844,10.906852722167969,286939.6689529419,17516.846422195435
1689,90.8807373046875,11.083951950073242,287030.5496902466,17527.930374145508
1690,80.95957946777344,10.91115951538086,287111.50926971436,17538.84153366089
1691,88.40478515625,10.990168571472168,287199.9140548706,17549.83170223236
1692,96.7064208984375,10.331454277038574,287296.62047576904,17560.1631565094
1693,73.65190124511719,10.453454971313477,287370.27237701416,17570.616611480713
1694,78.03335571289062,10.516558647155762,287448.30573272705,17581.13317012787
1695,93.64202880859375,11.084013938903809,287541.94776153564,17592.217184066772
1696,107.6588134765625,10.988518714904785,287649.6065750122,17603.205702781677
1697,91.8405532836914,10.767897605895996,287741.4471282959,17613.973600387573
1698,76.51020050048828,11.040504455566406,287817.9573287964,17625.01410484314
1699,81.61262512207031,10.670559883117676,287899.56995391846,17635.684664726257
1700,79.76081848144531,10.547804832458496,287979.3307723999,17646.232469558716
1701,80.27483367919922,10.461621284484863,288059.6056060791,17656.6940908432
1702,98.40845489501953,10.672677040100098,288158.0140609741,17667.3667678833
1703,74.53642272949219,10.863462448120117,288232.5504837036,17678.23023033142
1704,89.75395202636719,10.48552417755127,288322.30443573,17688.715754508972
1705,77.126708984375,10.634725570678711,288399.43114471436,17699.35048007965
1706,78.25092315673828,11.220695495605469,288477.6820678711,17710.571175575256
1707,113.13851928710938,11.50947093963623,288590.8205871582,17722.080646514893
1708,96.3194351196289,10.975541114807129,288687.14002227783,17733.0561876297
1709,78.23153686523438,10.767550468444824,288765.37155914307,17743.823738098145
1710,84.45291137695312,10.612409591674805,288849.82447052,17754.43614768982
1711,92.8591079711914,10.855316162109375,288942.6835784912,17765.29146385193
1712,81.70350646972656,10.34360122680664,289024.38708496094,17775.635065078735
1713,94.54743957519531,10.598294258117676,289118.93452453613,17786.233359336853
1714,90.95936584472656,10.596718788146973,289209.89389038086,17796.830078125
1715,85.2107925415039,10.820570945739746,289295.10468292236,17807.65064907074
1716,73.02332305908203,10.441471099853516,289368.12800598145,17818.092120170593
1717,83.68116760253906,10.642492294311523,289451.809173584,17828.734612464905
1718,83.26393127441406,10.607147216796875,289535.0731048584,17839.3417596817
1719,69.50233459472656,10.434078216552734,289604.5754394531,17849.775837898254
1720,82.755615234375,10.709038734436035,289687.3310546875,17860.48487663269
1721,64.82704162597656,10.609536170959473,289752.1580963135,17871.09441280365
1722,65.1788330078125,10.660377502441406,289817.3369293213,17881.75479030609
1723,46.11836242675781,10.66058349609375,289863.45529174805,17892.415373802185
1724,99.5526351928711,9.859052658081055,289963.0079269409,17902.274426460266
1725,71.5584716796875,10.662068367004395,290034.5663986206,17912.93649482727
1726,69.07847595214844,10.450876235961914,290103.64487457275,17923.387371063232
1727,58.3314208984375,11.178301811218262,290161.9762954712,17934.56567287445
1728,70.58023071289062,10.611777305603027,290232.5565261841,17945.177450180054
1729,111.65957641601562,10.20785140991211,290344.2161026001,17955.385301589966
1730,64.03289031982422,10.458898544311523,290408.2489929199,17965.844200134277
1731,69.69772338867188,9.97180461883545,290477.9467163086,17975.816004753113
1732,74.34530639648438,10.568861961364746,290552.2920227051,17986.384866714478
1733,74.43721008300781,10.248143196105957,290626.7292327881,17996.633009910583
1734,76.38309478759766,11.152443885803223,290703.1123275757,18007.785453796387
1735,86.2635726928711,10.51962661743164,290789.37590026855,18018.30508041382
1736,103.25812530517578,11.153542518615723,290892.63402557373,18029.458622932434
1737,73.52154541015625,10.410018920898438,290966.1555709839,18039.868641853333
1738,77.42488098144531,10.442316055297852,291043.58045196533,18050.31095790863
1739,103.82150268554688,10.648447036743164,291147.4019546509,18060.959404945374
1740,64.87593078613281,10.284802436828613,291212.277885437,18071.244207382202
1741,70.67463684082031,10.937825202941895,291282.95252227783,18082.182032585144
1742,57.31642532348633,10.498247146606445,291340.2689476013,18092.68027973175
1743,70.21670532226562,10.522757530212402,291410.4856529236,18103.203037261963
1744,58.58228302001953,10.589688301086426,291469.0679359436,18113.79272556305
1745,75.16925048828125,10.77957534790039,291544.2371864319,18124.57230091095
1746,76.02058410644531,10.768077850341797,291620.25777053833,18135.34037876129
1747,107.3318862915039,10.610016822814941,291727.58965682983,18145.950395584106
1748,58.14483642578125,10.992284774780273,291785.7344932556,18156.942680358887
1749,83.3476791381836,10.767698287963867,291869.0821723938,18167.71037864685
1750,103.96025085449219,11.038938522338867,291973.0424232483,18178.74931716919
1751,71.92617797851562,10.935675621032715,292044.9686012268,18189.684992790222
1752,85.26026916503906,10.730385780334473,292130.22887039185,18200.415378570557
1753,90.72894287109375,10.839388847351074,292220.95781326294,18211.254767417908
1754,88.50421142578125,10.548452377319336,292309.4620246887,18221.803219795227
1755,91.22098541259766,10.668015480041504,292400.6830101013,18232.47123527527
1756,81.09890747070312,10.70777702331543,292481.781917572,18243.179012298584
1757,74.71432495117188,10.581022262573242,292556.4962425232,18253.760034561157
1758,75.31022644042969,10.887263298034668,292631.8064689636,18264.647297859192
1759,29.34480094909668,10.165327072143555,292661.1512699127,18274.812624931335
1760,71.95256042480469,10.912736892700195,292733.1038303375,18285.725361824036
1761,65.26742553710938,10.711100578308105,292798.37125587463,18296.436462402344
1762,78.14031982421875,10.882389068603516,292876.51157569885,18307.318851470947
1763,81.41438293457031,10.855588912963867,292957.9259586334,18318.17444038391
1764,99.01380920410156,10.42824649810791,293056.9397678375,18328.60268688202
1765,83.8242416381836,10.67237663269043,293140.7640094757,18339.27506351471
1766,91.47699737548828,10.945791244506836,293232.2410068512,18350.220854759216
1767,65.42835998535156,10.810012817382812,293297.66936683655,18361.0308675766
1768,83.15879821777344,10.340413093566895,293380.8281650543,18371.371280670166
1769,54.095848083496094,10.190252304077148,293434.9240131378,18381.561532974243
1770,75.8006820678711,11.158308029174805,293510.7246952057,18392.719841003418
1771,74.49691009521484,10.560701370239258,293585.2216053009,18403.280542373657
1772,80.05984497070312,10.803262710571289,293665.2814502716,18414.08380508423
1773,73.34414672851562,10.570308685302734,293738.6255970001,18424.65411376953
1774,88.36564636230469,10.401664733886719,293826.9912433624,18435.055778503418
1775,61.69019317626953,10.296388626098633,293888.6814365387,18445.352167129517
1776,95.02288818359375,11.049681663513184,293983.7043247223,18456.40184879303
1777,71.85826110839844,10.910293579101562,294055.5625858307,18467.31214237213
1778,124.39844512939453,11.814340591430664,294179.9610309601,18479.126482963562
1779,84.05925750732422,10.735001564025879,294264.0202884674,18489.861484527588
1780,88.9449462890625,10.808341026306152,294352.96523475647,18500.669825553894
1781,73.12940216064453,10.215672492980957,294426.0946369171,18510.885498046875
1782,95.81200408935547,10.920732498168945,294521.90664100647,18521.806230545044
1783,100.33446502685547,10.382025718688965,294622.2411060333,18532.188256263733
1784,87.90560913085938,11.283403396606445,294710.1467151642,18543.47165966034
1785,76.24909973144531,10.812623023986816,294786.39581489563,18554.284282684326
1786,72.31855773925781,10.880705833435059,294858.7143726349,18565.16498851776
1787,71.12809753417969,10.919639587402344,294929.84247016907,18576.084628105164
1788,100.59901428222656,10.921926498413086,295030.4414844513,18587.006554603577
1789,84.97651672363281,10.848148345947266,295115.4180011749,18597.854702949524
1790,88.45660400390625,10.31828784942627,295203.87460517883,18608.17299079895
1791,88.83444213867188,10.729742050170898,295292.7090473175,18618.90273284912
1792,97.61634826660156,10.723280906677246,295390.3253955841,18629.6260137558
1793,49.978702545166016,10.231170654296875,295440.3040981293,18639.857184410095
1794,73.99810028076172,10.534113883972168,295514.30219841003,18650.391298294067
1795,86.13053894042969,10.395427703857422,295600.43273735046,18660.786725997925
1796,75.24642181396484,10.551097869873047,295675.6791591644,18671.337823867798
1797,78.07011413574219,10.491146087646484,295753.7492733002,18681.828969955444
1798,85.91545104980469,10.857810974121094,295839.66472435,18692.686780929565
1799,61.020423889160156,10.57625961303711,295900.68514823914,18703.263040542603
1800,84.835693359375,10.859519958496094,295985.5208415985,18714.1225605011
1801,77.52790832519531,10.868230819702148,296063.0487499237,18724.9907913208
1802,81.66780090332031,10.494758605957031,296144.716550827,18735.485549926758
1803,96.89908599853516,11.054878234863281,296241.61563682556,18746.54042816162
1804,81.57269287109375,10.761223793029785,296323.18832969666,18757.30165195465
1805,76.2530746459961,10.646015167236328,296399.44140434265,18767.947667121887
1806,94.724853515625,10.471598625183105,296494.1662578583,18778.41926574707
1807,82.30485534667969,10.71910285949707,296576.47111320496,18789.138368606567
1808,69.28646087646484,10.309551239013672,296645.7575740814,18799.44791984558
1809,51.78924560546875,10.559835433959961,296697.5468196869,18810.00775527954
1810,61.03022003173828,10.53848648071289,296758.5770397186,18820.546241760254
1811,77.50300598144531,10.747928619384766,296836.0800457001,18831.29417037964
1812,111.0865478515625,10.369489669799805,296947.16659355164,18841.66366004944
1813,77.34078216552734,10.880934715270996,297024.50737571716,18852.54459476471
1814,78.82717895507812,10.662175178527832,297103.33455467224,18863.206769943237
1815,64.19363403320312,10.458929061889648,297167.52818870544,18873.665699005127
1816,82.18922424316406,10.570952415466309,297249.7174129486,18884.236651420593
1817,61.2331428527832,10.839473724365234,297310.9505558014,18895.07612514496
1818,87.13984680175781,10.929496765136719,297398.09040260315,18906.005621910095
1819,56.425262451171875,10.611516952514648,297454.5156650543,18916.61713886261
1820,61.78014373779297,10.742670059204102,297516.2958087921,18927.359808921814
1821,67.3638916015625,10.72966194152832,297583.6597003937,18938.089470863342
1822,80.60265350341797,11.013127326965332,297664.2623538971,18949.102598190308
1823,84.02764892578125,10.800911903381348,297748.2900028229,18959.90351009369
1824,84.49134826660156,10.771710395812988,297832.7813510895,18970.675220489502
1825,53.52155303955078,10.264535903930664,297886.302904129,18980.939756393433
1826,69.66462707519531,10.664267539978027,297955.9675312042,18991.60402393341
1827,58.04127502441406,10.315914154052734,298014.00880622864,19001.919938087463
1828,79.1456298828125,10.416566848754883,298093.15443611145,19012.33650493622
1829,77.89739990234375,10.784368515014648,298171.0518360138,19023.120873451233
1830,67.45374298095703,10.814410209655762,298238.50557899475,19033.93528366089
1831,87.92901611328125,11.088813781738281,298326.43459510803,19045.024097442627
1832,63.19043731689453,10.482942581176758,298389.6250324249,19055.507040023804
1833,101.56262969970703,10.639195442199707,298491.18766212463,19066.146235466003
1834,85.54248046875,10.860336303710938,298576.7301425934,19077.006571769714
1835,71.748046875,11.167162895202637,298648.4781894684,19088.173734664917
1836,68.93421936035156,10.81588077545166,298717.41240882874,19098.98961544037
1837,57.21204376220703,10.925797462463379,298774.62445259094,19109.915412902832
1838,74.01313781738281,10.743795394897461,298848.6375904083,19120.65920829773
1839,99.6702880859375,10.990616798400879,298948.30787849426,19131.64982509613
1840,71.85018157958984,10.707513809204102,299020.15806007385,19142.357338905334
